maintenance_id,equipment_id,date,downtime_hours,cost,hours_at_maint
M_00001,EQ_0066,2024-01-06,41.372372525649254,7267.382648835092,1025.002945016907
M_00002,EQ_0095,2024-01-06,49.9793168515451,8233.348816149555,769.1527248039937
M_00003,EQ_0211,2024-01-06,40.92089357353825,4170.529726352192,700.2778123661077
M_00004,EQ_0258,2024-01-06,30.2636611531198,3709.4127912810136,848.7324331797538
M_00005,EQ_0278,2024-01-06,34.83978025859791,5748.149738975133,1031.041995921282
M_00006,EQ_0053,2024-01-07,59.61989886214807,7641.3154373096495,809.3174261604184
M_00007,EQ_0094,2024-01-07,36.71535767364976,2532.6602582683036,1010.5587528653684
M_00008,EQ_0158,2024-01-07,40.90232879064054,7761.071700172739,821.4363054191659
M_00009,EQ_0173,2024-01-07,49.75200944697965,5288.0116266444575,922.6938332890875
M_00010,EQ_0089,2024-01-08,45.73429157030563,9319.66408645289,688.2799751397367
M_00011,EQ_0106,2024-01-08,53.58178013390216,5536.5533441559355,824.7933202038984
M_00012,EQ_0109,2024-01-08,29.44456324824984,8263.712406328588,903.8312931530882
M_00013,EQ_0214,2024-01-08,37.08646336718529,4035.704480560199,778.6629767952676
M_00014,EQ_0220,2024-01-08,38.835140791176734,1862.7457586349515,827.0037106960311
M_00015,EQ_0097,2024-01-09,47.25487323368913,5466.48708223424,759.6036401013258
M_00016,EQ_0099,2024-01-09,16.75597066099042,6908.773925693675,994.7685096807709
M_00017,EQ_0121,2024-01-09,42.91121753235696,5676.303505008313,1020.8412201784225
M_00018,EQ_0131,2024-01-09,20.579853071726326,7009.279855358243,795.893740187316
M_00019,EQ_0209,2024-01-09,65.66812562852664,5620.678999981056,844.3112388393209
M_00020,EQ_0268,2024-01-09,56.81390011451001,6249.662169490121,850.148129316159
M_00021,EQ_0111,2024-01-10,52.23095062263791,4370.791855781572,1016.4179751446723
M_00022,EQ_0129,2024-01-10,14.322750502023965,3196.3097231720594,780.9718023944195
M_00023,EQ_0213,2024-01-10,22.43546862058362,1257.76676498762,1012.7949084344336
M_00024,EQ_0010,2024-01-11,70.50733711745033,1382.2224575230362,752.8684483429494
M_00025,EQ_0159,2024-01-11,37.76794959397219,2145.658726033844,951.7495633949993
M_00026,EQ_0291,2024-01-11,68.89369999735922,1088.2980724872416,643.7270511784876
M_00027,EQ_0030,2024-01-12,58.84476907592378,5620.122687370613,1018.556076668084
M_00028,EQ_0074,2024-01-12,16.888953710782097,2273.031511710913,691.5130290602084
M_00029,EQ_0189,2024-01-12,35.82415570968213,7027.19127975022,750.4784088297569
M_00030,EQ_0218,2024-01-12,44.87385610194161,7283.467331232897,1043.7217104476222
M_00031,EQ_0237,2024-01-12,71.69407508080286,1418.6003344071964,1063.0719424719791
M_00032,EQ_0117,2024-01-13,52.320461964167606,5921.7219334385645,1101.0349358961864
M_00033,EQ_0135,2024-01-13,26.819268955912023,9148.575826584241,934.0266484473048
M_00034,EQ_0238,2024-01-13,12.377076999659533,5790.10068039028,822.9354321087917
M_00035,EQ_0001,2024-01-14,71.57667121389069,9137.52781701809,725.5362618658689
M_00036,EQ_0141,2024-01-14,26.608872290289703,1804.657878851158,775.3718310937139
M_00037,EQ_0185,2024-01-14,66.36995983879982,6403.226322164851,958.689908345376
M_00038,EQ_0248,2024-01-14,62.534468344542084,8731.07749615472,702.3728101330308
M_00039,EQ_0294,2024-01-14,40.546574176810836,3662.007003904319,1053.350097015732
M_00040,EQ_0041,2024-01-15,43.60191227475519,9500.046121861782,811.3353435113146
M_00041,EQ_0043,2024-01-15,49.48824880348591,1730.9429559954287,665.7687843794217
M_00042,EQ_0254,2024-01-15,63.04800725728924,3057.9445457508914,743.7183931323732
M_00043,EQ_0056,2024-01-16,31.77480409792443,1759.24841425847,577.056344352867
M_00044,EQ_0125,2024-01-16,60.99744932289265,4105.40289074648,1007.2911187697589
M_00045,EQ_0136,2024-01-16,50.20241729224451,1484.9984279129994,892.0408710026217
M_00046,EQ_0207,2024-01-16,29.352138118564486,6954.3589711283785,990.7166591038107
M_00047,EQ_0288,2024-01-16,21.383219906011448,3135.459764423351,897.0873455708828
M_00048,EQ_0004,2024-01-17,44.732457128006,4187.922146873337,647.446381452524
M_00049,EQ_0133,2024-01-17,39.48766343882731,4948.911704406595,1114.167199346137
M_00050,EQ_0032,2024-01-18,34.39127361303473,7016.785574447826,947.8628475250404
M_00051,EQ_0082,2024-01-18,15.358279611710442,2796.600304759286,705.1593751272562
M_00052,EQ_0091,2024-01-18,37.1214249643172,1587.9161678593168,980.0075086111299
M_00053,EQ_0093,2024-01-19,58.52176658007699,3751.3861752390044,940.3034589439857
M_00054,EQ_0026,2024-01-20,63.7545471609572,5990.356094626101,587.5393421605535
M_00055,EQ_0076,2024-01-20,26.82270608942299,3096.8618860631746,744.0546851483974
M_00056,EQ_0166,2024-01-20,40.648889744938046,1974.9348181216158,793.5576537838167
M_00057,EQ_0192,2024-01-20,14.243848659606043,4598.915511845175,832.6043217833227
M_00058,EQ_0233,2024-01-20,14.939838206814361,4988.940595906768,821.1518029151975
M_00059,EQ_0110,2024-01-21,36.33750926777418,7693.428764783304,1098.5805451670196
M_00060,EQ_0245,2024-01-21,60.184656835973506,7826.803799296873,1089.5271837161374
M_00061,EQ_0272,2024-01-21,68.65153642962753,4098.316354757111,912.987821760554
M_00062,EQ_0096,2024-01-22,12.228588149618776,7724.740992750084,806.0034938403139
M_00063,EQ_0139,2024-01-22,58.75209838084029,9695.266597380481,649.2870772982495
M_00064,EQ_0174,2024-01-22,24.589572664368184,8337.39320344636,1066.4438044662304
M_00065,EQ_0215,2024-01-22,22.95104979839717,5587.95086856757,824.0277979774235
M_00066,EQ_0221,2024-01-22,24.241226176667798,8828.637365000333,887.1194248469542
M_00067,EQ_0256,2024-01-22,63.425107903797326,2495.182689165973,662.6998183433151
M_00068,EQ_0007,2024-01-24,52.17882521727549,8353.649361668107,1039.394417462745
M_00069,EQ_0016,2024-01-24,44.44062847486718,9742.385999041882,797.7876019253919
M_00070,EQ_0025,2024-01-24,63.92009964512826,1420.7677582358065,1099.085011994107
M_00071,EQ_0039,2024-01-24,61.17809974319718,1400.5073212624281,658.5997939347417
M_00072,EQ_0065,2024-01-24,14.2356055858671,5321.808045932512,553.532388465595
M_00073,EQ_0112,2024-01-24,16.073881588789575,8997.678061182876,1038.9817056633224
M_00074,EQ_0150,2024-01-24,20.61534931257951,6107.656461485366,860.8587821855693
M_00075,EQ_0235,2024-01-24,29.345853106103707,1947.2162978419483,1107.7685442588981
M_00076,EQ_0281,2024-01-24,37.83740790037169,6140.074555060939,1125.009585814235
M_00077,EQ_0290,2024-01-24,23.298034248787395,5291.387601936739,649.8297406242203
M_00078,EQ_0003,2024-01-25,52.688314516477575,9197.204193663656,985.3805529349368
M_00079,EQ_0013,2024-01-25,59.526600704928256,5820.79185335015,1025.5217210889382
M_00080,EQ_0132,2024-01-25,62.67674538571943,9183.349301700284,736.50547063469
M_00081,EQ_0149,2024-01-25,56.62066551252787,3026.0533142702097,975.3844496617517
M_00082,EQ_0155,2024-01-25,68.53878579072722,5507.816149301144,963.4115493015623
M_00083,EQ_0163,2024-01-25,20.60843138798801,3736.2549942956953,1119.666282857768
M_00084,EQ_0019,2024-01-26,68.58809081817827,9287.001542503363,706.6607859153302
M_00085,EQ_0072,2024-01-26,14.933866999067568,6654.234865698248,724.183612514727
M_00086,EQ_0126,2024-01-26,49.2917290415063,4729.538172006921,898.8856419065689
M_00087,EQ_0197,2024-01-26,56.46984016423539,3287.987108273247,1141.0689826800447
M_00088,EQ_0122,2024-01-27,29.858203742280473,9491.295178550026,765.0301133349882
M_00089,EQ_0127,2024-01-27,63.215650546268435,5666.90620749393,752.7398004537658
M_00090,EQ_0148,2024-01-27,66.37462840340379,6637.347477171077,687.5775317628236
M_00091,EQ_0027,2024-01-28,52.735978199682165,2307.561693680374,889.2783266690017
M_00092,EQ_0208,2024-01-28,18.87320493653396,1002.3512764865279,647.0800963860752
M_00093,EQ_0202,2024-01-29,67.62935901397239,6814.829546449768,686.6120781009228
M_00094,EQ_0240,2024-01-29,65.76394306755768,6832.918063415824,1046.4346438867183
M_00095,EQ_0059,2024-01-30,12.915466119331139,5700.55204321709,702.7671039448766
M_00096,EQ_0181,2024-01-30,39.07602193744593,9749.742434598013,671.5322072273576
M_00097,EQ_0232,2024-01-30,39.94577279561211,8635.878968768382,876.9729131088463
M_00098,EQ_0267,2024-01-30,68.34391723093759,5722.4321405182745,672.1725097828239
M_00099,EQ_0271,2024-01-30,42.46453699474768,6266.229242244229,874.3236991366674
M_00100,EQ_0048,2024-01-31,32.08205310398343,8317.69275819218,841.2083118142817
M_00101,EQ_0061,2024-01-31,44.36744507034919,7835.213902232561,1068.324098294259
M_00102,EQ_0073,2024-01-31,49.63323167081824,3774.8673867480734,587.3252767069498
M_00103,EQ_0182,2024-01-31,35.01696403244831,6214.78268662913,718.6497247190547
M_00104,EQ_0063,2024-02-01,58.2075470965451,3386.446160497033,746.6053981490511
M_00105,EQ_0075,2024-02-01,36.07866762890739,8648.350513230364,622.515405178421
M_00106,EQ_0243,2024-02-01,69.64725433543717,4663.480332215731,744.0138316692027
M_00107,EQ_0104,2024-02-02,27.758706705318772,4834.006814486207,713.9816082322413
M_00108,EQ_0108,2024-02-02,61.10849543830436,3634.481360659649,938.9013621906374
M_00109,EQ_0156,2024-02-02,42.11674626473333,1863.4060106385457,963.0607575999994
M_00110,EQ_0206,2024-02-02,61.342671990994205,1579.405355848187,822.4134283503553
M_00111,EQ_0002,2024-02-03,21.390032084750022,3605.3741508789294,723.6036708336574
M_00112,EQ_0204,2024-02-03,18.675593578403678,3888.4960604144617,657.2316811495156
M_00113,EQ_0128,2024-02-04,54.75960010204334,7844.077397131563,652.2592262600076
M_00114,EQ_0279,2024-02-04,20.845248582218133,8250.962457478576,1002.1378936317061
M_00115,EQ_0167,2024-02-05,65.365870687084,2768.0018085352176,674.2697535724678
M_00116,EQ_0257,2024-02-05,52.78999542598311,4139.501222763032,929.6684213038287
M_00117,EQ_0292,2024-02-05,41.85764210941302,5112.898968033696,982.8052551895818
M_00118,EQ_0160,2024-02-06,60.058931024474035,2127.59899967289,1271.7085969688087
M_00119,EQ_0168,2024-02-06,23.564132062787944,1720.7732261913527,817.4740758568659
M_00120,EQ_0262,2024-02-06,56.921402571342114,8767.882632297717,753.389886054973
M_00121,EQ_0100,2024-02-07,26.40440032852228,8043.376969505996,628.6561559863062
M_00122,EQ_0144,2024-02-08,32.96140056571568,3834.6119438554497,1244.2660522639428
M_00123,EQ_0153,2024-02-08,28.700634673205542,3694.219412550827,754.8433308640515
M_00124,EQ_0295,2024-02-08,44.625649249907696,1945.478016460858,492.81299240902445
M_00125,EQ_0008,2024-02-09,18.458832948236573,1631.7334403464647,813.2832370312983
M_00126,EQ_0011,2024-02-09,32.45633167030371,2217.5669251616127,763.6656491972554
M_00127,EQ_0057,2024-02-09,52.95774785088642,5988.3579332826575,670.5849951940369
M_00128,EQ_0169,2024-02-09,52.910701069355866,5527.934918984302,1014.5775829795012
M_00129,EQ_0005,2024-02-10,60.35560885566682,1069.7427753854067,674.4894739656994
M_00130,EQ_0035,2024-02-10,59.50712721643202,2613.8443524138,751.312492718042
M_00131,EQ_0047,2024-02-10,40.0912040287821,6071.562830622751,921.269258065544
M_00132,EQ_0052,2024-02-10,61.411616097087716,4028.7005000408103,699.9070254316979
M_00133,EQ_0054,2024-02-10,67.47712346648568,3019.447386437347,669.5138727297235
M_00134,EQ_0103,2024-02-10,64.4089241400687,7885.328065475881,828.575808387162
M_00135,EQ_0261,2024-02-10,42.31069295387988,2990.2820130155155,1022.1513962424849
M_00136,EQ_0105,2024-02-11,69.8407362104853,5244.54992918532,670.002603047603
M_00137,EQ_0286,2024-02-11,26.738163798615545,8639.290116402102,1302.60417708051
M_00138,EQ_0293,2024-02-11,26.631469443573028,3409.870608463227,738.662038757829
M_00139,EQ_0020,2024-02-12,71.17029893125125,3233.855305728994,886.2738156703496
M_00140,EQ_0049,2024-02-12,16.36914101099288,7073.542131503682,1033.8175233728455
M_00141,EQ_0244,2024-02-12,51.928002760265784,5694.73932254582,1244.8349621740326
M_00142,EQ_0015,2024-02-13,67.16269063707321,4121.394063904381,775.2915434481597
M_00143,EQ_0038,2024-02-13,12.392499146117295,6826.176993082928,972.772203016634
M_00144,EQ_0087,2024-02-13,22.18701366947751,9372.074480567566,1297.0359034081516
M_00145,EQ_0101,2024-02-13,33.96453225767775,1079.0408056297642,849.5371468315142
M_00146,EQ_0120,2024-02-13,60.18460886598638,8921.82531727356,839.1599147677972
M_00147,EQ_0162,2024-02-13,28.54941103518044,2085.1800863531384,929.514622069049
M_00148,EQ_0179,2024-02-13,48.89206468448104,3561.462113827648,721.2693646523903
M_00149,EQ_0199,2024-02-13,70.012020263958,8363.329757245327,757.4294412360957
M_00150,EQ_0247,2024-02-13,49.281183283314846,1611.0075897682727,995.3059632225667
M_00151,EQ_0260,2024-02-13,31.359945933261628,5269.037821717691,737.5959734154073
M_00152,EQ_0146,2024-02-14,38.23875698916217,5676.023461962369,708.8673043049472
M_00153,EQ_0152,2024-02-14,60.64264635068013,8585.617137029647,752.196038404477
M_00154,EQ_0187,2024-02-14,51.11451819439563,2556.6943974750843,946.1028427982334
M_00155,EQ_0225,2024-02-14,66.84892963700992,8001.608152748941,678.468625096265
M_00156,EQ_0234,2024-02-14,31.813132511693155,5350.829440194875,1122.1434444319016
M_00157,EQ_0259,2024-02-15,13.11458752876575,8793.266947862989,882.8031526323496
M_00158,EQ_0031,2024-02-16,40.38732433019729,6860.725073395797,1357.530060250779
M_00159,EQ_0147,2024-02-16,27.574509281185932,2404.3998358059007,582.427392321778
M_00160,EQ_0198,2024-02-16,53.13967382024535,4158.296645361537,711.911285549573
M_00161,EQ_0046,2024-02-17,48.821072352559405,3362.2254507642847,739.5573356006589
M_00162,EQ_0250,2024-02-17,49.37429848768528,5058.877282243552,791.8120805749116
M_00163,EQ_0280,2024-02-17,29.78118754637838,5637.615911561879,1082.5709917259976
M_00164,EQ_0029,2024-02-18,24.815717571744326,7506.965425956178,592.4781128408974
M_00165,EQ_0151,2024-02-18,33.804277209775336,4832.6257675625275,1174.3983783245371
M_00166,EQ_0239,2024-02-18,29.064641436986147,5643.700483659169,687.3995441342438
M_00167,EQ_0050,2024-02-19,37.12338952312507,4454.547135706955,1157.813790078219
M_00168,EQ_0114,2024-02-19,49.67026770010419,5398.9699605997575,1027.516570948787
M_00169,EQ_0171,2024-02-19,48.869688042544475,7545.982024590851,739.090410484051
M_00170,EQ_0191,2024-02-20,42.49539719914945,5300.888475170122,909.3686158256337
M_00171,EQ_0083,2024-02-22,62.47484662418099,7452.05628083768,1303.8555639580795
M_00172,EQ_0102,2024-02-22,29.210691178253626,1658.6300476785484,765.2890184992002
M_00173,EQ_0172,2024-02-22,28.88488144535316,1404.9473318105288,1019.7587517059914
M_00174,EQ_0222,2024-02-22,28.56795276054833,2539.8281116142443,1054.5774608602494
M_00175,EQ_0223,2024-02-22,38.57549340576243,2888.8628510174044,1164.8359967576557
M_00176,EQ_0236,2024-02-22,56.49564953339062,6616.490260122942,796.4637670801891
M_00177,EQ_0249,2024-02-22,25.749865734622094,3785.7504100893552,1029.6485809343233
M_00178,EQ_0034,2024-02-23,32.16706179658115,9502.857948725476,817.2082856830087
M_00179,EQ_0062,2024-02-23,38.14044440258343,9877.234256364713,846.0119136592824
M_00180,EQ_0068,2024-02-23,33.915333340454026,9801.292498743416,705.8877867677504
M_00181,EQ_0188,2024-02-23,63.94894634193351,1253.545516429998,617.843706589343
M_00182,EQ_0246,2024-02-23,55.99646516386174,5307.740795821073,808.3612285905737
M_00183,EQ_0000,2024-02-24,32.409163233612915,2495.2680984995986,570.2249412938309
M_00184,EQ_0086,2024-02-24,45.769924513561755,5598.202268230345,704.8201568390098
M_00185,EQ_0183,2024-02-24,57.00272500317984,4696.936996969545,530.9265146702081
M_00186,EQ_0200,2024-02-24,39.46848605331532,2328.4827712288366,1167.7468782233047
M_00187,EQ_0022,2024-02-25,68.69469673141649,9705.348481233865,1115.1731607551526
M_00188,EQ_0036,2024-02-26,45.660831864849186,3165.639170734215,697.6839900918043
M_00189,EQ_0070,2024-02-26,71.80428875703576,4595.192094040643,841.9291139340652
M_00190,EQ_0123,2024-02-26,68.90611040055967,4298.107178982611,744.5367861777339
M_00191,EQ_0164,2024-02-26,43.0126750433564,5806.392965930915,1192.5749151709422
M_00192,EQ_0275,2024-02-26,45.01677082512742,8507.145657480096,726.6291111958584
M_00193,EQ_0252,2024-02-27,51.155762286473134,9579.129085871564,612.0933810221927
M_00194,EQ_0021,2024-02-28,20.12117672965233,4279.307948250901,657.5735317900389
M_00195,EQ_0060,2024-02-28,23.720898960552713,3637.627640563921,823.4407404642612
M_00196,EQ_0180,2024-02-28,16.930542863446025,2889.456783429534,783.2155924049706
M_00197,EQ_0107,2024-02-29,62.31961336885535,4944.543351270794,839.7776003929662
M_00198,EQ_0118,2024-02-29,31.65861717018699,6804.797363033887,1115.44994943436
M_00199,EQ_0137,2024-03-01,59.163675899842836,2750.950953927424,571.0566123507731
M_00200,EQ_0055,2024-03-02,38.77550536726166,2227.195121861388,857.2042524883628
M_00201,EQ_0178,2024-03-02,39.19893475902538,8463.459926924694,973.5305532612625
M_00202,EQ_0080,2024-03-03,28.57786224984998,2803.6482116513853,959.6661280621508
M_00203,EQ_0269,2024-03-03,33.962220403580794,8513.994459643241,702.4220369847502
M_00204,EQ_0012,2024-03-04,12.221106971280616,4656.554076493608,484.40114158359063
M_00205,EQ_0084,2024-03-04,34.06131198309535,6273.778187176092,800.9028889379383
M_00206,EQ_0138,2024-03-04,59.31985553394549,8147.927936625281,1033.9309870441346
M_00207,EQ_0175,2024-03-04,32.91694734873848,9944.641043197775,1248.6993002327583
M_00208,EQ_0298,2024-03-04,31.36511581119065,4412.819713906819,723.1069331286395
M_00209,EQ_0113,2024-03-05,46.36798321353824,7936.781334048268,742.7199669903453
M_00210,EQ_0040,2024-03-06,65.73955930198304,1213.8697387066914,803.7138282654868
M_00211,EQ_0045,2024-03-06,61.62543975234282,3209.3005064531635,883.5210656370078
M_00212,EQ_0205,2024-03-06,47.352846490997216,5155.884978678678,690.6275918583893
M_00213,EQ_0227,2024-03-06,22.317122107466453,3743.880738907701,1155.1345834772555
M_00214,EQ_0203,2024-03-07,14.63366896872208,6160.890509512105,898.4670643054332
M_00215,EQ_0058,2024-03-08,16.830432502218574,6998.679530462261,630.3195436397523
M_00216,EQ_0134,2024-03-08,67.37636763127998,1924.4250929135399,712.737611258479
M_00217,EQ_0161,2024-03-08,53.76348097378508,8945.190779119532,580.2345333313762
M_00218,EQ_0264,2024-03-08,68.56216067155647,3526.6843649563116,695.2603035932615
M_00219,EQ_0051,2024-03-09,36.04593257661977,5013.243959971429,723.6470531809899
M_00220,EQ_0299,2024-03-10,23.445562144204498,1217.9568037806068,683.9235005064288
M_00221,EQ_0079,2024-03-11,25.171743457872086,6952.9474758804445,892.389012905117
M_00222,EQ_0145,2024-03-11,62.517209096536526,4740.378307041476,1471.9570389374733
M_00223,EQ_0190,2024-03-11,18.660335605297245,4828.823902465931,847.1220708927965
M_00224,EQ_0226,2024-03-11,50.21086092303804,2288.7486884687,745.485791641299
M_00225,EQ_0037,2024-03-12,35.30685391630982,2336.745722247152,1436.483062515173
M_00226,EQ_0154,2024-03-12,38.592503681995474,3552.8768948490456,827.5465715600374
M_00227,EQ_0263,2024-03-12,22.713486268522207,8904.837338020807,625.6298453531567
M_00228,EQ_0006,2024-03-13,36.10271093147841,6534.0995201988935,714.5565285564924
M_00229,EQ_0078,2024-03-13,45.745723679565835,3518.541029198604,778.9751441170098
M_00230,EQ_0165,2024-03-13,26.507729646502778,7331.595617918041,691.571590060799
M_00231,EQ_0276,2024-03-13,62.36098187926233,8428.121138433704,715.2847415967643
M_00232,EQ_0283,2024-03-13,68.95619840665213,5454.799101083723,889.7878000319746
M_00233,EQ_0053,2024-03-14,52.83278428276996,2762.69903359267,604.9467932059014
M_00234,EQ_0115,2024-03-14,18.55498612712912,7758.7137987512515,1030.2603689953376
M_00235,EQ_0201,2024-03-14,26.04555889780682,4982.117286479934,1174.6840095976713
M_00236,EQ_0081,2024-03-15,54.57095863973617,8461.827742691614,698.3337355850075
M_00237,EQ_0155,2024-03-15,30.569840204337538,4707.624181790918,456.27200302118655
M_00238,EQ_0170,2024-03-15,40.077501497241784,7984.988155457366,1515.6245000541537
M_00239,EQ_0009,2024-03-16,35.6431708866547,2046.4917411639703,1274.9937297708125
M_00240,EQ_0231,2024-03-16,64.8672899458008,5007.976250143609,645.4851755584684
M_00241,EQ_0092,2024-03-17,24.56506011540486,8884.785474575394,626.9796743615955
M_00242,EQ_0241,2024-03-17,50.514698400267676,9642.943478447023,905.7793509847886
M_00243,EQ_0270,2024-03-17,12.316866879624236,2561.166466709433,1494.8002602536342
M_00244,EQ_0274,2024-03-17,42.87102433206602,4069.2382585846713,673.6224127616008
M_00245,EQ_0124,2024-03-18,24.92821225314447,8209.128028672954,729.0623036816812
M_00246,EQ_0284,2024-03-18,34.41440487244218,4695.287361690267,945.9518796818542
M_00247,EQ_0066,2024-03-19,15.617965093371334,6808.89580593714,506.31431597432726
M_00248,EQ_0142,2024-03-19,64.8657637682555,3896.3345126359736,774.07388300798
M_00249,EQ_0266,2024-03-19,23.38739991079763,9388.18674268786,946.857899583092
M_00250,EQ_0024,2024-03-20,41.15294120734178,8259.863350225984,812.3312248752666
M_00251,EQ_0184,2024-03-20,71.40702993946647,7949.367522462487,728.1279946890868
M_00252,EQ_0177,2024-03-21,49.598117210792715,4975.224292678571,673.1381816444908
M_00253,EQ_0251,2024-03-21,37.55157111392088,1905.051432853223,670.204317070455
M_00254,EQ_0265,2024-03-21,31.48542484648944,8756.83073682728,997.2504742230385
M_00255,EQ_0255,2024-03-22,32.354828567573094,3861.7849822865674,1098.0709125118071
M_00256,EQ_0296,2024-03-22,26.811069517143697,3785.5026107391577,757.1527730007085
M_00257,EQ_0217,2024-03-23,17.245950172123244,5520.59401211697,990.8081634717003
M_00258,EQ_0253,2024-03-23,65.19370786589114,5170.344857744648,875.4520065999077
M_00259,EQ_0287,2024-03-23,55.181811495557696,8885.891379430672,1323.3081551610442
M_00260,EQ_0210,2024-03-24,43.60638855247435,6346.199035229868,831.1218858813072
M_00261,EQ_0216,2024-03-24,17.487888890929778,1145.658458571748,876.0094628463582
M_00262,EQ_0277,2024-03-24,16.890249364510986,3616.224119951148,707.4377546405519
M_00263,EQ_0014,2024-03-26,66.99573892147046,9127.05875017295,724.0470912773023
M_00264,EQ_0018,2024-03-26,38.295308367251195,1853.507488332561,985.3900429988319
M_00265,EQ_0125,2024-03-27,27.788163616773122,2710.8697561953686,575.2293121672769
M_00266,EQ_0023,2024-03-28,52.945649967673205,7343.662594312303,960.6223511814997
M_00267,EQ_0090,2024-03-28,48.26885062904057,8797.394464920317,1071.3018432792521
M_00268,EQ_0194,2024-03-28,70.19463453822907,4536.901145933805,929.9646767906814
M_00269,EQ_0219,2024-03-29,24.817601171989395,9454.705852371693,797.1753115657941
M_00270,EQ_0033,2024-03-31,43.82560673104104,7313.337464146084,817.4055589478105
M_00271,EQ_0228,2024-03-31,34.6596985982906,6076.117309411934,1328.643185401683
M_00272,EQ_0130,2024-04-01,67.50032075079551,1240.260046948817,1149.444841840023
M_00273,EQ_0237,2024-04-01,53.42225926878542,4068.077061640226,504.49497317967536
M_00274,EQ_0085,2024-04-02,36.48615217031725,8199.786850608383,877.9800305943415
M_00275,EQ_0098,2024-04-02,33.14523644807504,5162.9148513214805,932.2186626864907
M_00276,EQ_0069,2024-04-03,23.487922017162447,9151.908635811254,889.1319915321681
M_00277,EQ_0143,2024-04-03,20.840822665147236,7550.890091955289,819.0937930357555
M_00278,EQ_0149,2024-04-03,64.49832287148092,3620.3790183834294,609.7592601005294
M_00279,EQ_0159,2024-04-04,43.83499236764874,7242.464172784708,577.7328876691453
M_00280,EQ_0067,2024-04-05,56.25271308003007,8773.10843570115,1408.2598733294758
M_00281,EQ_0096,2024-04-05,21.323686925437862,4387.802434059899,547.6438749494251
M_00282,EQ_0119,2024-04-05,70.73934293826068,6772.926335890176,875.0904826195447
M_00283,EQ_0157,2024-04-05,65.02284376979522,8894.938542929913,785.6771942555733
M_00284,EQ_0176,2024-04-06,71.28157362730803,3583.222631868085,912.8433848240996
M_00285,EQ_0136,2024-04-07,62.18025682115115,4779.948716633483,632.0433649031596
M_00286,EQ_0212,2024-04-07,40.5344601438362,1242.235334178546,864.6891624355457
M_00287,EQ_0041,2024-04-09,39.72129468347971,4192.294844154913,757.801040150782
M_00288,EQ_0116,2024-04-09,25.122842910527464,9619.125238166633,1040.0705884194388
M_00289,EQ_0133,2024-04-09,55.5792659720251,9464.119930676465,657.2995423940665
M_00290,EQ_0162,2024-04-09,26.47706834399793,6886.921061764042,374.42150818503876
M_00291,EQ_0273,2024-04-09,54.40319968433474,4766.900812214117,840.844687474137
M_00292,EQ_0195,2024-04-10,48.893861728998885,2612.8803146658574,852.8095251403878
M_00293,EQ_0196,2024-04-10,34.27898663172455,1470.371731455613,952.9133561314915
M_00294,EQ_0097,2024-04-11,63.67924766911666,5945.590230683941,663.5563913207228
M_00295,EQ_0117,2024-04-11,64.15547687152451,3780.41963494325,665.7959465943939
M_00296,EQ_0139,2024-04-11,67.9542699257612,5258.748680366074,702.8798458879896
M_00297,EQ_0186,2024-04-11,41.412929547551315,9052.592357541078,982.083205083673
M_00298,EQ_0042,2024-04-12,70.57480129788024,9698.713477516067,767.9679006512489
M_00299,EQ_0193,2024-04-12,52.489500316522864,3545.273411726483,1051.3109483104279
M_00300,EQ_0111,2024-04-13,57.289552373698136,2508.12062571234,738.0759599957698
M_00301,EQ_0148,2024-04-13,51.70477581467681,1426.0411605931329,673.7574517097904
M_00302,EQ_0189,2024-04-13,39.9945606639721,6224.050814863565,664.9104936448766
M_00303,EQ_0258,2024-04-13,12.090819304222089,5823.450757829816,815.8374164476567
M_00304,EQ_0044,2024-04-14,48.98805613684739,2500.9836740118626,678.3479363188354
M_00305,EQ_0071,2024-04-14,71.90397435223957,2032.7560564938335,800.863852587582
M_00306,EQ_0256,2024-04-14,34.63864150730043,5155.69840686557,660.7182097877078
M_00307,EQ_0039,2024-04-15,37.91561659667181,7842.053081277416,665.3093703553242
M_00308,EQ_0174,2024-04-15,65.70130149467522,5561.137128667596,616.9429528750327
M_00309,EQ_0233,2024-04-15,58.571744624727145,3479.6826103239837,611.8266793072728
M_00310,EQ_0267,2024-04-15,71.93633385208379,7017.625061217567,586.6528210600624
M_00311,EQ_0286,2024-04-15,40.28306528142741,5999.567416253258,567.4822515179302
M_00312,EQ_0089,2024-04-16,12.311775209308639,3328.05448743381,727.5810201145832
M_00313,EQ_0282,2024-04-16,63.87535263151799,5410.283564802925,964.2368117587652
M_00314,EQ_0289,2024-04-17,70.20533606639374,4444.589657408448,816.0801923144412
M_00315,EQ_0230,2024-04-18,54.55702573510137,3360.117594807362,1036.6501251219315
M_00316,EQ_0238,2024-04-18,24.88875373154034,8292.82278015701,856.9145525378801
M_00317,EQ_0240,2024-04-18,23.71249785226253,5678.463453522615,693.0010821080971
M_00318,EQ_0254,2024-04-18,67.01404343764472,8967.403923109076,757.4351577533295
M_00319,EQ_0272,2024-04-18,32.095746095124866,5365.987982607245,727.8447793784821
M_00320,EQ_0020,2024-04-19,55.74204114139719,9728.765800120098,535.2021650518521
M_00321,EQ_0185,2024-04-19,64.30315835672795,6076.486352366372,842.979116447245
M_00322,EQ_0065,2024-04-20,28.31107220704307,5561.895789079812,657.6010769595881
M_00323,EQ_0075,2024-04-20,16.74034333104079,8636.344185503194,784.5711155931069
M_00324,EQ_0001,2024-04-21,14.498566701828436,4333.242120723206,671.821293883777
M_00325,EQ_0016,2024-04-21,49.533424460614725,1050.1414798208657,632.7883680706652
M_00326,EQ_0104,2024-04-21,51.26793096515876,9026.802702521769,720.3229318250918
M_00327,EQ_0140,2024-04-21,51.11547169113798,7589.088909839486,810.8421843063621
M_00328,EQ_0131,2024-04-22,71.93524309940597,7151.936337420847,749.6234817092475
M_00329,EQ_0214,2024-04-22,61.51619142138281,9028.591444730228,723.5577804825377
M_00330,EQ_0158,2024-04-23,60.81089829134951,4304.031393760479,935.1182741631346
M_00331,EQ_0173,2024-04-23,51.21011767279753,3606.4679213603977,776.2854831416599
M_00332,EQ_0278,2024-04-23,15.731309646481623,3576.7750511815934,767.9815638816034
M_00333,EQ_0028,2024-04-24,53.30449888293423,3578.4599808049,930.5725317174703
M_00334,EQ_0197,2024-04-24,62.34443723095973,9388.219944362954,667.7497717641888
M_00335,EQ_0248,2024-04-24,20.856568006103878,3985.1827975950887,727.4425587924549
M_00336,EQ_0077,2024-04-25,69.32001384302825,5667.431234651208,972.0966590214092
M_00337,EQ_0213,2024-04-25,17.031349613855305,6802.175612896437,793.5802692656073
M_00338,EQ_0221,2024-04-25,16.28759255495613,4551.706018490422,658.4221344369438
M_00339,EQ_0281,2024-04-25,26.395142595908567,8325.845531648545,708.4668578267824
M_00340,EQ_0019,2024-04-26,61.24348554229708,4189.573631143149,636.478736681005
M_00341,EQ_0026,2024-04-26,70.09839212771665,8447.538447067545,689.6311289523317
M_00342,EQ_0027,2024-04-26,22.491516557699352,6239.432194023765,525.4226352415068
M_00343,EQ_0063,2024-04-27,22.626059112086907,8078.743970056019,616.5764847258189
M_00344,EQ_0076,2024-04-27,68.20365030536266,2197.721380125182,789.6041035853547
M_00345,EQ_0166,2024-04-27,27.04824806588961,5935.039198243266,697.0076653184376
M_00346,EQ_0073,2024-04-28,37.9075365201494,9151.734541520822,655.5949042793284
M_00347,EQ_0091,2024-04-28,55.05843469763292,6329.580444382886,818.4092369195065
M_00348,EQ_0271,2024-04-28,59.591323660070955,4181.123165464881,653.633755846055
M_00349,EQ_0013,2024-04-29,55.562702362742975,4276.348723290261,593.3204068037124
M_00350,EQ_0127,2024-04-29,26.525242872533596,3524.6544146611545,828.8013653672496
M_00351,EQ_0224,2024-04-29,14.81695349412282,8343.321584781734,686.1064024981598
M_00352,EQ_0235,2024-04-29,33.619368053263464,8367.617771191184,608.1252223308239
M_00353,EQ_0268,2024-04-29,53.597731454379456,6329.014512635234,886.2813519859242
M_00354,EQ_0082,2024-04-30,35.05951749379856,2992.6975638969257,796.1038321444663
M_00355,EQ_0110,2024-04-30,12.828476328273899,4235.710074772944,944.835819537612
M_00356,EQ_0207,2024-04-30,43.33394066780599,3455.734358505921,792.554137868938
M_00357,EQ_0211,2024-04-30,60.95037738232204,5250.423064728507,765.9448736497906
M_00358,EQ_0011,2024-05-01,21.721433952204045,8266.490672282816,536.293796098438
M_00359,EQ_0047,2024-05-01,26.17712886619945,6041.046766649394,592.8305334446474
M_00360,EQ_0064,2024-05-01,43.235673225887055,1845.5741854248047,1004.1762157387336
M_00361,EQ_0099,2024-05-01,71.11205369110964,4291.477815552133,985.8699210301868
M_00362,EQ_0123,2024-05-01,20.012808405761383,2276.7633611983397,590.3670490520781
M_00363,EQ_0218,2024-05-01,28.496340013101502,5874.265118186563,780.1004782026766
M_00364,EQ_0229,2024-05-01,47.84111010504011,5639.344215553837,1051.8180493632665
M_00365,EQ_0135,2024-05-02,48.72287888687353,5009.969705695186,952.3632609596926
M_00366,EQ_0032,2024-05-03,45.029663761920254,7345.058721799851,931.2503514548646
M_00367,EQ_0250,2024-05-03,71.26611754531919,1038.1761336831566,606.6440803370135
M_00368,EQ_0292,2024-05-03,64.70578848173797,8607.018644013237,816.295218394147
M_00369,EQ_0038,2024-05-04,33.85692395252583,6850.182510582781,675.5079217653899
M_00370,EQ_0048,2024-05-04,55.096818553331886,7918.124562870369,765.0514103682133
M_00371,EQ_0088,2024-05-04,33.58146286098543,2640.07544019379,880.3741699433405
M_00372,EQ_0295,2024-05-04,29.352994062954373,2763.800159479633,660.1883982078235
M_00373,EQ_0025,2024-05-05,70.56767160836286,9267.897219751305,824.478584029035
M_00374,EQ_0000,2024-05-06,31.51691826299445,3853.10467507061,649.1943822634133
M_00375,EQ_0054,2024-05-06,19.452315439234532,1838.0143095327899,580.9021233638136
M_00376,EQ_0128,2024-05-06,12.35059456529438,9252.948443157276,728.1399306422584
M_00377,EQ_0225,2024-05-07,52.22330240896876,4560.39947227219,679.4470854546896
M_00378,EQ_0056,2024-05-08,46.403200371465765,3528.3057849625875,660.2578380950171
M_00379,EQ_0109,2024-05-08,45.91973002760033,2872.648262235008,859.8943896375602
M_00380,EQ_0129,2024-05-09,65.40051264910238,1356.6345627745973,772.2888496349611
M_00381,EQ_0297,2024-05-09,69.59981939708376,4813.909662056363,850.1944070343263
M_00382,EQ_0168,2024-05-10,50.672113181842995,1921.1828363349737,674.0222424852282
M_00383,EQ_0243,2024-05-10,58.950549839266465,8839.630905752158,708.5668664422684
M_00384,EQ_0294,2024-05-10,24.216879730345397,9564.647249824417,789.026355059657
M_00385,EQ_0046,2024-05-11,30.2917600546193,4599.173478375892,665.9951720875963
M_00386,EQ_0095,2024-05-11,33.949831981091,1899.8817860780484,812.9673529966215
M_00387,EQ_0074,2024-05-12,70.86160703215906,6157.52861457795,784.650503434557
M_00388,EQ_0126,2024-05-13,51.096437044712225,2630.7094339031955,789.095172523247
M_00389,EQ_0182,2024-05-13,48.510193646411565,4537.876396055917,581.9859406723671
M_00390,EQ_0192,2024-05-14,68.2110032740823,4104.3697282444045,832.9163081179644
M_00391,EQ_0059,2024-05-15,33.10516425454797,9735.058825839847,924.8629771919942
M_00392,EQ_0094,2024-05-15,21.944542084719288,9107.679100168996,854.8219841633644
M_00393,EQ_0156,2024-05-15,41.007369831159835,9966.41682123613,770.0659305829167
M_00394,EQ_0208,2024-05-15,20.51933085905179,7018.615230503251,795.3453909724722
M_00395,EQ_0215,2024-05-15,39.35454825460129,2273.148544088621,766.9781468116915
M_00396,EQ_0003,2024-05-16,38.90845854356173,7183.102664219055,832.548653647215
M_00397,EQ_0060,2024-05-16,17.534475568456386,5158.563368322895,705.8169307786958
M_00398,EQ_0141,2024-05-16,12.94248668571968,6751.007330840992,784.9440290904422
M_00399,EQ_0179,2024-05-16,67.06076641968855,7761.320571122476,763.056825644534
M_00400,EQ_0150,2024-05-17,27.407614063713094,6353.513556037793,944.9033905455311
M_00401,EQ_0187,2024-05-18,21.759672462157923,8711.824123701434,736.2621462097459
M_00402,EQ_0030,2024-05-19,18.53461005514747,8792.565999587463,820.6565776855748
M_00403,EQ_0043,2024-05-19,43.17742229722778,5209.061280695434,1060.7513125850821
M_00404,EQ_0101,2024-05-19,46.1739146601529,2187.111148178701,892.6276565995972
M_00405,EQ_0146,2024-05-19,25.263337592028037,5567.254136721634,816.8488703920304
M_00406,EQ_0169,2024-05-19,69.0492312589191,2212.0478648463186,881.5439217915074
M_00407,EQ_0191,2024-05-19,35.506566829281866,9063.142738080567,645.9150411564017
M_00408,EQ_0291,2024-05-19,52.15223104644129,9389.318264682,949.3818196054539
M_00409,EQ_0031,2024-05-20,70.67551324200016,9284.70626072941,712.3090668847965
M_00410,EQ_0049,2024-05-20,28.881970525047493,7422.378992238943,651.5273686144767
M_00411,EQ_0100,2024-05-20,69.16233376138734,2444.583256650314,709.0684501936792
M_00412,EQ_0144,2024-05-20,44.50151865381852,5727.620211735858,836.2412063249761
M_00413,EQ_0275,2024-05-20,48.79288491423721,3294.6903868080176,661.5783487524916
M_00414,EQ_0108,2024-05-21,51.127041345254966,9878.751421352263,743.5607930081702
M_00415,EQ_0239,2024-05-21,20.20050031923732,2373.113674257367,734.3269864736989
M_00416,EQ_0259,2024-05-21,31.87717839455144,9660.08264452068,739.7764100465947
M_00417,EQ_0070,2024-05-22,41.94759017854536,5358.83208969733,676.5936150712175
M_00418,EQ_0202,2024-05-22,46.43827643118735,4146.723400933313,866.2164847789039
M_00419,EQ_0244,2024-05-22,56.81187305045438,4028.3987440011406,852.4805519329603
M_00420,EQ_0004,2024-05-23,28.008415493777687,8590.473532015056,972.8568989310263
M_00421,EQ_0122,2024-05-23,56.63181391919807,4004.443573770532,880.3863963317078
M_00422,EQ_0198,2024-05-23,39.136979812862606,9793.404052200707,752.4126633826602
M_00423,EQ_0234,2024-05-23,20.243152897009406,6402.312609303731,601.1476054626388
M_00424,EQ_0007,2024-05-24,48.28529398392635,7202.41274723586,722.776322286318
M_00425,EQ_0050,2024-05-24,43.46953356822121,7419.469545497621,870.2082389300775
M_00426,EQ_0068,2024-05-24,25.080012902719805,8663.51339736883,612.8497057040743
M_00427,EQ_0072,2024-05-24,69.21208406143066,4037.3266174455134,805.2172537918946
M_00428,EQ_0114,2024-05-24,40.971606376414684,1130.9036355535754,634.4037434956622
M_00429,EQ_0167,2024-05-25,24.126970945526136,8586.049437017395,807.9797657049919
M_00430,EQ_0204,2024-05-25,47.44046954428434,7996.895493152981,816.719237998592
M_00431,EQ_0216,2024-05-25,33.961157179185115,6585.108996018717,580.6469532554646
M_00432,EQ_0261,2024-05-25,16.289034500338307,8940.97449994917,708.3930720794551
M_00433,EQ_0017,2024-05-26,32.828009085445956,6279.741395106626,1815.489688777078
M_00434,EQ_0093,2024-05-26,39.268412899104476,5722.119212584598,927.1589729500637
M_00435,EQ_0155,2024-05-26,44.96611647339495,5660.3495419513665,636.5828340184812
M_00436,EQ_0171,2024-05-26,34.73456317431098,8650.078631388811,615.7060144622263
M_00437,EQ_0245,2024-05-26,35.18392164152618,1319.6987724757748,1057.9318294654265
M_00438,EQ_0029,2024-05-27,70.88462774813931,4682.370458494912,774.7435496175252
M_00439,EQ_0040,2024-05-27,62.13548513510793,9495.346272433535,684.2306012063134
M_00440,EQ_0105,2024-05-27,25.8914231523314,5126.701582165234,780.9762213654756
M_00441,EQ_0172,2024-05-27,39.22975109461396,5401.680990462344,760.2990815320481
M_00442,EQ_0203,2024-05-27,60.99255256654605,3931.292800252148,726.2035132337178
M_00443,EQ_0270,2024-05-27,67.11942807817667,3226.0906049824166,624.5878960019796
M_00444,EQ_0057,2024-05-28,39.250860014269804,8551.87507347927,793.6345313701796
M_00445,EQ_0209,2024-05-28,49.14657826672491,1857.19007406025,859.1438359954295
M_00446,EQ_0285,2024-05-28,68.47380140066214,3121.3968039470196,955.7336879040811
M_00447,EQ_0178,2024-05-29,65.25556122378516,4813.4929488467105,687.0525323533701
M_00448,EQ_0288,2024-05-29,62.619755299264796,5358.828935667773,1135.8404161251706
M_00449,EQ_0163,2024-05-30,30.17432777094509,3492.390931560336,1181.2729646968858
M_00450,EQ_0290,2024-05-30,40.398333940322345,6632.183890057601,909.8477296710056
M_00451,EQ_0052,2024-05-31,30.790332142067307,7451.383318289377,885.0030360204782
M_00452,EQ_0079,2024-05-31,12.009294523107142,3166.5480522354983,624.5333972349106
M_00453,EQ_0080,2024-05-31,56.84443239725266,1002.4279808693713,613.8793624530373
M_00454,EQ_0103,2024-05-31,17.837657595076138,6289.04908121335,750.1185546734827
M_00455,EQ_0257,2024-05-31,35.62551352187215,4594.356975287834,716.3217349642698
M_00456,EQ_0022,2024-06-01,59.04901514483249,4309.5706051363995,791.522239484508
M_00457,EQ_0102,2024-06-01,29.99616446228111,3984.304497767262,858.2250139263317
M_00458,EQ_0120,2024-06-01,25.02494002414042,7331.19493793776,688.8919637092572
M_00459,EQ_0170,2024-06-01,39.263341022418764,8022.478819169516,719.0645755797335
M_00460,EQ_0002,2024-06-02,24.175260462660972,4920.457337576065,823.9644670754681
M_00461,EQ_0021,2024-06-02,51.589708580534236,2749.8499271867486,725.7019289420332
M_00462,EQ_0161,2024-06-02,22.81130638703922,7982.261947354564,681.5169800218089
M_00463,EQ_0206,2024-06-02,33.77948938597733,5561.365650019746,646.2017022455136
M_00464,EQ_0008,2024-06-03,47.16311378806432,7823.135856721207,705.4089757357951
M_00465,EQ_0015,2024-06-03,21.31450805438483,2446.144583842535,867.5311516952926
M_00466,EQ_0055,2024-06-04,61.50613865834138,7164.897262423165,756.5615601027467
M_00467,EQ_0066,2024-06-04,68.38047970478121,8597.761530851481,551.844875558277
M_00468,EQ_0125,2024-06-04,63.69752903148949,5068.269471527009,651.6466773175279
M_00469,EQ_0246,2024-06-04,59.61908610995514,2200.1983263663633,823.6653089750885
M_00470,EQ_0134,2024-06-05,28.8124011932876,8987.926092624715,748.9870548219824
M_00471,EQ_0151,2024-06-06,45.36389980238362,8242.259714819174,900.1749186404344
M_00472,EQ_0280,2024-06-06,45.3064854803557,4248.056678880959,626.9558164045916
M_00473,EQ_0034,2024-06-07,32.785121019990406,1042.1360731944847,678.6780414320982
M_00474,EQ_0147,2024-06-07,48.39101390538989,7338.8131887453865,655.3687193858424
M_00475,EQ_0200,2024-06-07,12.592570096706897,7271.327388731852,797.6014483759956
M_00476,EQ_0249,2024-06-07,59.36349614369718,4286.513923930547,797.649768633493
M_00477,EQ_0061,2024-06-08,22.991340643776063,5833.031258114146,807.2534740080895
M_00478,EQ_0181,2024-06-08,15.337743313446193,3307.0429588172183,995.6514655748634
M_00479,EQ_0279,2024-06-08,64.91729653559833,3526.9071760379,909.3092317621863
M_00480,EQ_0183,2024-06-09,31.94316391694661,9840.869284919436,668.8389509765906
M_00481,EQ_0006,2024-06-10,57.230661908158595,1112.3437738015828,773.3315438140045
M_00482,EQ_0236,2024-06-10,40.56882547439964,5774.16639985736,746.7690993375637
M_00483,EQ_0241,2024-06-10,40.82148149889133,7349.657390761654,722.1401659928229
M_00484,EQ_0115,2024-06-11,61.92272829055145,2114.486252260097,742.3148723161678
M_00485,EQ_0137,2024-06-11,32.552715863640316,9316.320294299529,739.0446628090612
M_00486,EQ_0062,2024-06-12,38.62720659279072,3003.128260582839,877.7148868136121
M_00487,EQ_0106,2024-06-12,71.0656018716279,2629.71785666075,1383.808514353767
M_00488,EQ_0231,2024-06-12,31.95006424659605,6991.228639529285,685.9803727128277
M_00489,EQ_0035,2024-06-13,19.929446907366174,2561.4770430690523,673.4674196907582
M_00490,EQ_0087,2024-06-13,33.18121325773018,3919.148304087027,821.3507442520872
M_00491,EQ_0154,2024-06-13,51.31660691857644,1912.3062796756828,678.0823326575578
M_00492,EQ_0223,2024-06-13,17.979621416887817,7436.975252582841,931.3396948726183
M_00493,EQ_0232,2024-06-13,49.511650620777445,9144.88563694114,947.5467977534206
M_00494,EQ_0121,2024-06-14,20.240181449132685,6755.374456418588,1041.792268195228
M_00495,EQ_0242,2024-06-14,17.76018011682585,6555.093414543114,1650.7292572646002
M_00496,EQ_0051,2024-06-15,33.60289302152111,2335.42022551598,705.2575487110932
M_00497,EQ_0222,2024-06-16,68.26720327991075,5743.867533534914,900.5968235245784
M_00498,EQ_0012,2024-06-17,66.31530882431824,7371.599781773731,796.9756816777476
M_00499,EQ_0188,2024-06-17,69.05934019569435,2933.327178776235,998.1644714137146
M_00500,EQ_0247,2024-06-17,40.98508704980247,5383.22509034504,860.4972954949394
M_00501,EQ_0205,2024-06-19,19.23182210443986,8071.1347433020155,749.1651404862444
M_00502,EQ_0263,2024-06-19,71.72662340222192,4819.307110008769,647.5094007068055
M_00503,EQ_0298,2024-06-19,21.424753010868287,9611.025412605662,684.690506950277
M_00504,EQ_0090,2024-06-20,51.21519442982891,4063.630287679,574.125573057765
M_00505,EQ_0284,2024-06-20,24.55336575623854,8444.257637727907,793.5804163825449
M_00506,EQ_0293,2024-06-20,19.56618944494948,9634.460294792903,1004.4427274947526
M_00507,EQ_0005,2024-06-21,67.33154774895483,6611.094482292411,982.1749403285933
M_00508,EQ_0265,2024-06-21,17.02421948896369,9153.864529660243,839.8932293043948
M_00509,EQ_0037,2024-06-22,35.3684271938784,1664.5924742764041,789.8834043821641
M_00510,EQ_0096,2024-06-22,66.17010801997586,2512.586289306886,500.80529034341123
M_00511,EQ_0199,2024-06-22,45.7290245232413,9117.996686556997,932.0981120189397
M_00512,EQ_0274,2024-06-22,68.47052568555098,8323.550897702533,878.2099875877079
M_00513,EQ_0124,2024-06-23,30.084724692501663,7079.544705453101,649.328563841142
M_00514,EQ_0197,2024-06-23,17.106692915945725,1653.1072627235576,439.61307035204817
M_00515,EQ_0226,2024-06-23,49.932764183918714,5548.846735704411,808.4080736606697
M_00516,EQ_0299,2024-06-23,17.630035695835353,5395.2451899975085,780.2790615072628
M_00517,EQ_0014,2024-06-24,15.86496340681781,8763.011158477959,615.8882504402635
M_00518,EQ_0112,2024-06-24,36.74398096218495,9543.939361867031,916.404807880631
M_00519,EQ_0138,2024-06-24,42.39225413987407,5284.870653903347,767.4290351261732
M_00520,EQ_0118,2024-06-25,14.749387257026303,1885.1660521505203,794.1731729412215
M_00521,EQ_0276,2024-06-25,53.50449669816138,8657.999494649499,961.0126153630612
M_00522,EQ_0159,2024-06-26,53.066569859479046,5776.685775512981,622.7875497229568
M_00523,EQ_0190,2024-06-26,25.754848556192847,5751.700415829844,806.5617860300006
M_00524,EQ_0045,2024-06-27,29.57646469222976,2717.458183765416,872.5755417077592
M_00525,EQ_0201,2024-06-27,60.68974405749985,4890.237442220692,722.1943831726726
M_00526,EQ_0069,2024-06-28,26.180666106481723,9048.800761914215,660.877529746668
M_00527,EQ_0084,2024-06-28,62.59829243996343,2513.3137051903705,963.9294341964493
M_00528,EQ_0139,2024-06-28,43.45514943215765,6208.093376823609,627.0404796244935
M_00529,EQ_0165,2024-06-28,63.95260805369856,4037.7950669003812,741.111260272766
M_00530,EQ_0282,2024-06-28,29.72783266756861,6924.570089952412,619.9312269766588
M_00531,EQ_0132,2024-06-29,62.13987814694311,8106.790399535914,1345.1113840543092
M_00532,EQ_0149,2024-06-29,46.9792114203198,9192.649967381556,720.574612726172
M_00533,EQ_0212,2024-06-30,66.88428820329813,5586.789705706889,544.2102831560123
M_00534,EQ_0258,2024-06-30,60.57166953683953,5741.155104525339,627.4724156228227
M_00535,EQ_0142,2024-07-01,16.73869824435675,3319.922049227582,703.5915651535274
M_00536,EQ_0184,2024-07-01,32.66009034220424,2416.8546662531253,873.4994465589475
M_00537,EQ_0240,2024-07-01,59.59074710957544,4874.093600366389,685.9413154971179
M_00538,EQ_0036,2024-07-02,59.033027377165446,8183.971529152657,913.7533270798934
M_00539,EQ_0086,2024-07-02,13.37830280473159,9954.059957592737,825.6239359340244
M_00540,EQ_0260,2024-07-02,32.51681900288655,9728.309147690094,924.1626096942574
M_00541,EQ_0152,2024-07-03,39.90224692071543,6811.896421202345,1001.4611544799075
M_00542,EQ_0164,2024-07-03,51.898236884823454,3953.052738359379,992.4959324131659
M_00543,EQ_0193,2024-07-03,44.23320387137867,6366.691095805311,723.5920465739072
M_00544,EQ_0219,2024-07-03,63.82796046428802,1038.6003412281589,603.7855831888214
M_00545,EQ_0220,2024-07-03,35.49568865674923,4114.462586638041,1504.172822654735
M_00546,EQ_0251,2024-07-03,61.04022389135401,5671.311024034346,710.330334893424
M_00547,EQ_0283,2024-07-03,23.015092055754643,8617.663133258218,670.3149215959861
M_00548,EQ_0010,2024-07-04,19.041375281339654,4727.916892244091,1329.144065406006
M_00549,EQ_0145,2024-07-04,42.03666710290731,2287.7459348855427,929.915304638152
M_00550,EQ_0255,2024-07-05,53.542701441602816,9671.379849130144,870.3123184502393
M_00551,EQ_0024,2024-07-06,42.937548586134554,8716.56793017004,1030.5843199359572
M_00552,EQ_0130,2024-07-06,44.45658307905541,4255.888718623992,627.4966929703592
M_00553,EQ_0194,2024-07-06,25.13141969935827,6007.050796781161,588.5241171651134
M_00554,EQ_0286,2024-07-06,68.86479224017704,7387.917182908561,613.3470394882703
M_00555,EQ_0296,2024-07-07,52.286130984591566,2354.070561200465,704.9354306006306
M_00556,EQ_0020,2024-07-08,25.845477201571953,3723.4803559994293,564.8288751820436
M_00557,EQ_0075,2024-07-08,59.41074549533779,4619.526701043025,707.5586322788278
M_00558,EQ_0116,2024-07-08,48.67711748524468,2368.8872626486273,698.1383579324117
M_00559,EQ_0157,2024-07-08,50.55202481560349,8544.822885392023,716.7110023553039
M_00560,EQ_0160,2024-07-08,20.221213580773316,3731.700478036855,1226.9351443653597
M_00561,EQ_0009,2024-07-09,18.256155733053504,6829.720067851901,912.4175567834451
M_00562,EQ_0018,2024-07-09,36.11582178174862,8117.196142029646,802.272328459461
M_00563,EQ_0092,2024-07-09,33.91376674964289,4707.382055381553,717.805675572957
M_00564,EQ_0113,2024-07-09,58.30326254402011,1833.5573310523864,837.620644285632
M_00565,EQ_0210,2024-07-10,43.16792293497036,6248.948544689801,824.7863220855412
M_00566,EQ_0227,2024-07-10,20.970345358213578,2078.9049409705744,708.5228560560739
M_00567,EQ_0099,2024-07-11,28.73511551867064,1229.7785486305488,638.3892444121979
M_00568,EQ_0127,2024-07-11,31.149735892128557,2060.2619996417206,619.7568687598952
M_00569,EQ_0148,2024-07-11,53.86000222137727,9282.8841060258,713.0652496510926
M_00570,EQ_0213,2024-07-11,57.84527409829817,3886.096467996123,572.8869372957209
M_00571,EQ_0111,2024-07-12,36.44966419792529,4411.538892567936,645.2463565787326
M_00572,EQ_0153,2024-07-12,43.510963467321105,3194.729142486986,1038.633937551556
M_00573,EQ_0185,2024-07-12,43.95410871322771,2929.202582442075,750.2826246588677
M_00574,EQ_0233,2024-07-12,68.15238056141806,3395.076998235716,674.9988512645382
M_00575,EQ_0237,2024-07-12,20.789437083147746,6520.730529070483,683.1390211183983
M_00576,EQ_0081,2024-07-13,32.59086651038377,3869.7524382458855,777.0691067805193
M_00577,EQ_0097,2024-07-14,22.674218012448883,9429.302483587004,692.2555071022006
M_00578,EQ_0107,2024-07-14,37.686664551597666,2785.283480889758,1222.6669647080703
M_00579,EQ_0123,2024-07-14,12.778826140620394,2020.8770202938915,569.6025111922803
M_00580,EQ_0177,2024-07-14,33.77772503831879,4406.02989013964,925.5094198395018
M_00581,EQ_0098,2024-07-15,44.90763662350398,2758.8252679865086,697.430076549572
M_00582,EQ_0048,2024-07-16,30.849204491854778,9293.378097550962,619.1172901974237
M_00583,EQ_0162,2024-07-16,27.5855134487509,2358.3156524702945,730.9586098502461
M_00584,EQ_0196,2024-07-16,20.79608564039657,2661.712107601792,837.8114402742868
M_00585,EQ_0065,2024-07-17,47.65752540946898,5107.841862224159,667.1688240009485
M_00586,EQ_0091,2024-07-17,62.649794206869295,3996.310649611103,644.9515012456826
M_00587,EQ_0186,2024-07-17,25.927948900207326,6749.681660822588,870.6864434493015
M_00588,EQ_0281,2024-07-17,44.87366925908091,5008.462835517748,650.6547605793364
M_00589,EQ_0041,2024-07-18,36.345529825279215,1601.967405519756,818.9697782838906
M_00590,EQ_0273,2024-07-19,53.37589037965836,7582.553013624603,760.2506620851506
M_00591,EQ_0136,2024-07-20,15.24734102467726,2993.462085065459,731.6963298393019
M_00592,EQ_0180,2024-07-20,58.93769323109722,6462.929064563093,867.5846761940987
M_00593,EQ_0225,2024-07-20,64.91918269702998,6728.5472774431,698.8494199287094
M_00594,EQ_0053,2024-07-21,23.521239160227054,5228.217915313688,1118.0180674857456
M_00595,EQ_0058,2024-07-21,55.371629757203266,6301.72588263417,846.354850982891
M_00596,EQ_0253,2024-07-21,15.019138829254347,5742.736514335051,738.1735076009128
M_00597,EQ_0256,2024-07-21,68.52353393182383,3558.1918318076173,844.8520655753407
M_00598,EQ_0207,2024-07-22,16.91887025259335,6803.3966780874225,628.8564659817639
M_00599,EQ_0230,2024-07-22,27.62965501845951,6043.441626809425,691.6242345343326
M_00600,EQ_0027,2024-07-23,70.29653726138656,6797.4365036133995,678.656920725333
M_00601,EQ_0129,2024-07-23,35.58995380708125,7901.98549547805,514.5753196292665
M_00602,EQ_0023,2024-07-24,67.11184787267135,3353.8307656067827,833.1559986044367
M_00603,EQ_0047,2024-07-24,48.54074893205135,4371.226497396892,646.7288645526897
M_00604,EQ_0264,2024-07-24,26.838877280318933,4960.495919548392,1013.5203591203193
M_00605,EQ_0067,2024-07-25,14.5072694716483,8784.73787124976,886.2444220981862
M_00606,EQ_0083,2024-07-25,44.98998534283314,2375.892539798724,1168.5606176606336
M_00607,EQ_0117,2024-07-25,54.782660618357326,3291.1082193309685,769.851378533722
M_00608,EQ_0109,2024-07-26,36.35613096316307,7568.574013150144,601.585876817373
M_00609,EQ_0040,2024-07-27,67.10969642932656,8857.00148220349,461.45941036780744
M_00610,EQ_0059,2024-07-27,55.77971847997178,2330.8102429624723,589.2353957486724
M_00611,EQ_0078,2024-07-27,24.390780006395346,2691.700209288253,1091.913286033213
M_00612,EQ_0224,2024-07-27,17.35549169403261,8940.445420773147,614.5991805642684
M_00613,EQ_0248,2024-07-27,46.587308771435524,4793.4887222172965,701.2854048574968
M_00614,EQ_0211,2024-07-28,47.043693910060114,9333.95182415263,584.7180488882125
M_00615,EQ_0262,2024-07-28,13.559072942487818,9888.149380278348,1195.977476464243
M_00616,EQ_0176,2024-07-29,56.444273893578014,2750.8375241991052,822.4864451075248
M_00617,EQ_0195,2024-07-29,31.659349618036646,5729.691732560654,869.12875996887
M_00618,EQ_0287,2024-07-29,66.37482075218063,9796.050431678468,794.9772974461821
M_00619,EQ_0064,2024-07-30,19.89900411034873,7880.856477206604,627.9484642162611
M_00620,EQ_0228,2024-07-30,51.11302585574094,2804.9121531906103,705.704105091464
M_00621,EQ_0250,2024-07-30,68.96554026454936,2119.749915925976,795.5940936711839
M_00622,EQ_0054,2024-07-31,35.457128382619736,3335.354259993774,586.5178189378951
M_00623,EQ_0025,2024-08-01,47.5185954877092,4069.4124341366746,590.8789281887691
M_00624,EQ_0089,2024-08-01,33.634715129900556,2915.5744660543637,712.9570935765909
M_00625,EQ_0254,2024-08-01,17.858813593253927,9440.860783212684,758.4158012080486
M_00626,EQ_0271,2024-08-01,49.502820169344105,4879.518647341263,766.4403955187353
M_00627,EQ_0275,2024-08-01,35.43130282741934,8261.798214684122,625.7181139322854
M_00628,EQ_0101,2024-08-02,51.32867592290563,3173.5358308665554,696.7138402949829
M_00629,EQ_0272,2024-08-02,66.2194421122523,9659.38557703109,860.8506179300371
M_00630,EQ_0277,2024-08-02,50.096417144086885,6181.272721767417,766.2418889194361
M_00631,EQ_0292,2024-08-02,12.072549663108282,3357.506793501538,745.3303379750482
M_00632,EQ_0295,2024-08-02,29.981096832241438,4455.1582200188695,662.1234677617798
M_00633,EQ_0019,2024-08-03,51.80169531128389,6152.378702090977,698.7627633073995
M_00634,EQ_0191,2024-08-03,24.134841237658822,7350.031583169474,633.4073511820203
M_00635,EQ_0174,2024-08-04,34.688933200304234,7129.833962884121,754.1858207628043
M_00636,EQ_0238,2024-08-04,48.38746749961613,3619.1125361996615,858.1547808907179
M_00637,EQ_0103,2024-08-05,69.64645768579634,6810.433649213727,483.7024063984994
M_00638,EQ_0156,2024-08-05,20.687603970248976,3300.7449225646046,601.4119866988036
M_00639,EQ_0044,2024-08-06,30.105501501251386,7153.124228122612,736.2526285427045
M_00640,EQ_0042,2024-08-07,39.56192578846822,5314.890462873675,647.3195776858171
M_00641,EQ_0289,2024-08-07,36.2715214777027,4473.428256275953,788.1809736546032
M_00642,EQ_0001,2024-08-08,61.20332383574902,2578.7892892297714,679.2452588301127
M_00643,EQ_0166,2024-08-08,56.41541453198498,4433.544452191145,772.6618189914619
M_00644,EQ_0169,2024-08-08,64.03931612970263,8273.84506866967,642.8649352589999
M_00645,EQ_0192,2024-08-08,22.367435931065955,9991.051734115119,606.8607318159447
M_00646,EQ_0209,2024-08-08,64.06049400344958,7878.100426156124,617.7336656644638
M_00647,EQ_0158,2024-08-09,59.249375343187054,1028.951402076156,927.6033411195799
M_00648,EQ_0144,2024-08-10,33.70557592603,5897.434140459484,630.6690293770839
M_00649,EQ_0150,2024-08-10,26.214345505654574,3473.0110263968695,689.4250225934086
M_00650,EQ_0203,2024-08-10,48.87317982383781,2402.6717233566796,551.8227654283647
M_00651,EQ_0243,2024-08-10,53.67806433691687,9447.734939632273,646.2098303838918
M_00652,EQ_0267,2024-08-10,39.018129924950514,1251.1725861768205,930.4963748059182
M_00653,EQ_0131,2024-08-11,43.90598680739343,6483.193699896384,780.9806649930023
M_00654,EQ_0000,2024-08-12,13.646082546614082,6117.553452109941,816.267214647973
M_00655,EQ_0011,2024-08-12,64.59495742727204,9247.09922323808,702.7639161172965
M_00656,EQ_0004,2024-08-13,39.732886489520084,1088.3312471101094,618.3198657339601
M_00657,EQ_0070,2024-08-13,13.146037028660524,8564.117317948478,719.4566955532617
M_00658,EQ_0252,2024-08-13,33.46173397080757,7920.493761396014,1423.578486667809
M_00659,EQ_0028,2024-08-14,24.49988963230542,8986.340413569334,782.7918728262883
M_00660,EQ_0029,2024-08-14,66.40400918173145,1345.6563948341395,648.4516908525392
M_00661,EQ_0071,2024-08-14,32.44489588215027,1774.3094387793258,870.7845193989435
M_00662,EQ_0270,2024-08-14,24.285847766248317,4049.9261122455823,701.964986780078
M_00663,EQ_0095,2024-08-16,62.98343798105136,7826.320561194326,622.4165208839809
M_00664,EQ_0076,2024-08-17,12.192769528691908,9334.31384002676,758.9394074135784
M_00665,EQ_0179,2024-08-17,56.881249106898665,4789.309294498694,745.1996661648873
M_00666,EQ_0245,2024-08-17,55.82116283521173,7916.952935792751,685.4503186669438
M_00667,EQ_0278,2024-08-17,61.98453192110459,8664.969270462225,885.943893472147
M_00668,EQ_0017,2024-08-18,51.25481867816702,6149.991041791453,721.3676830667579
M_00669,EQ_0033,2024-08-18,56.750646793079454,4342.711790439205,1006.1296915246243
M_00670,EQ_0034,2024-08-18,50.395408046389136,4668.791268070379,506.05626592236615
M_00671,EQ_0105,2024-08-18,44.594447870447475,4411.004754988039,534.9257850255501
M_00672,EQ_0217,2024-08-18,26.001252653666647,6105.118936595493,1035.1590757420315
M_00673,EQ_0244,2024-08-18,22.263174348305746,5739.131783508138,677.53177060221
M_00674,EQ_0016,2024-08-19,21.017370383134953,2412.2805015460845,855.1965644926677
M_00675,EQ_0031,2024-08-19,12.24919009721353,9499.87612830198,756.5437320041545
M_00676,EQ_0115,2024-08-19,60.29192359718471,7990.037536078018,529.4912267979878
M_00677,EQ_0133,2024-08-19,36.301020776144895,4519.19590713115,1176.3167785956282
M_00678,EQ_0155,2024-08-20,33.2892653476763,2723.7875081627762,735.9489828585199
M_00679,EQ_0187,2024-08-21,20.361729165521147,3937.4701969003822,839.0993056629579
M_00680,EQ_0198,2024-08-21,68.7503789193119,8781.419614089034,723.8906493677039
M_00681,EQ_0056,2024-08-22,39.116864337126074,4167.129926451071,625.8369558321274
M_00682,EQ_0094,2024-08-22,63.67695646084595,1920.0767324264757,643.4302533679588
M_00683,EQ_0146,2024-08-23,65.53893086285134,8085.259719141328,851.9624945214013
M_00684,EQ_0235,2024-08-23,41.06642571102074,2502.5233286114744,864.8680171503796
M_00685,EQ_0170,2024-08-24,15.43776236896112,6930.277339196896,739.5457674768223
M_00686,EQ_0216,2024-08-24,47.53527717096753,3923.0367447620038,735.2358975236591
M_00687,EQ_0046,2024-08-25,18.005074353665655,5983.889137395483,736.4316432325303
M_00688,EQ_0122,2024-08-25,27.31767491357227,6274.398075711805,705.4763275824685
M_00689,EQ_0163,2024-08-25,45.7195470289492,3635.9224898878024,756.3256869447227
M_00690,EQ_0168,2024-08-25,56.54377333715799,2534.8069789190113,871.1354149926487
M_00691,EQ_0229,2024-08-25,33.07298310354556,3068.1721618566307,737.9412455156248
M_00692,EQ_0050,2024-08-26,16.82675296803689,5485.0070469941,793.9144684955206
M_00693,EQ_0110,2024-08-26,62.605109155838484,6224.512655324295,1062.207189919748
M_00694,EQ_0114,2024-08-26,68.24377007916992,3635.6697723456155,699.3564146104729
M_00695,EQ_0021,2024-08-27,62.51142773436854,5267.1060018796215,779.063825091162
M_00696,EQ_0126,2024-08-27,71.23265731800896,2516.364198851921,836.478572851718
M_00697,EQ_0234,2024-08-27,14.795179609618643,1952.836915742213,717.5277021671457
M_00698,EQ_0280,2024-08-28,61.9768754108817,1674.2066574114674,491.879341271459
M_00699,EQ_0255,2024-08-29,22.809704921953283,5488.765091203001,482.4448412644278
M_00700,EQ_0298,2024-08-29,50.754641280480996,4758.764931851835,551.6737471282856
M_00701,EQ_0039,2024-08-31,47.73741865017146,9837.45918889462,965.2610584075616
M_00702,EQ_0068,2024-08-31,18.84820673547669,1625.1413215123682,728.2073433722275
M_00703,EQ_0082,2024-08-31,22.802593667299995,8055.45336655823,874.5093953037816
M_00704,EQ_0102,2024-08-31,53.41016943160922,4902.793080426811,722.727406387344
M_00705,EQ_0143,2024-08-31,52.77196017299383,6695.1261402358605,961.4721455082858
M_00706,EQ_0279,2024-08-31,16.950575935922622,4068.6074447391425,546.0882372457863
M_00707,EQ_0221,2024-09-01,42.68016841668452,3837.062369821541,843.9581481299541
M_00708,EQ_0259,2024-09-01,54.83185229890951,8418.293141586222,709.9885746023318
M_00709,EQ_0063,2024-09-02,23.975965991268115,5406.789045848409,777.2075633443334
M_00710,EQ_0066,2024-09-02,22.32813793112689,9992.947637288164,699.5782107605561
M_00711,EQ_0223,2024-09-02,16.231645768611724,6585.330446973523,697.8706192918428
M_00712,EQ_0135,2024-09-03,23.865701924402906,8551.431598644938,911.5346376011385
M_00713,EQ_0200,2024-09-03,42.52111699157511,3811.754806813586,632.6436863769079
M_00714,EQ_0202,2024-09-03,28.447798900894373,2849.390176838847,851.911294456027
M_00715,EQ_0208,2024-09-03,18.77053316529634,9435.434350529127,943.6668214584023
M_00716,EQ_0263,2024-09-03,22.93168048483102,5441.960115365637,561.6484818825064
M_00717,EQ_0288,2024-09-03,47.70517150485776,6284.694913959313,773.0460802364479
M_00718,EQ_0189,2024-09-04,20.775595996714348,9813.44643028471,917.7994457125785
M_00719,EQ_0290,2024-09-04,34.35320854538484,1123.1541152978468,692.1524622385074
M_00720,EQ_0119,2024-09-05,16.80819129447825,9246.308981219148,1134.3965390150988
M_00721,EQ_0120,2024-09-05,40.23567116569015,9558.967247331464,588.7235173183692
M_00722,EQ_0140,2024-09-05,64.24245867539074,1779.2945370370994,794.117517370302
M_00723,EQ_0175,2024-09-05,68.56318442048965,7039.508803484654,1435.3953238400065
M_00724,EQ_0178,2024-09-05,68.06009210237156,4899.759664515104,680.9788986906287
M_00725,EQ_0276,2024-09-05,39.257392200945745,5118.254733816452,661.7161914737304
M_00726,EQ_0297,2024-09-05,18.44321130592902,1313.6127873572752,853.2324128615456
M_00727,EQ_0008,2024-09-06,66.16143615742683,8772.803031286167,693.8458848177369
M_00728,EQ_0073,2024-09-06,35.24398290734675,7480.730899439482,885.1163482855817
M_00729,EQ_0118,2024-09-06,45.265144113653285,1662.046426492274,564.4295659273362
M_00730,EQ_0038,2024-09-07,48.39563316080367,7217.5107425337865,1053.2667053600026
M_00731,EQ_0061,2024-09-07,53.90358872704007,9602.180826554739,577.4516905263924
M_00732,EQ_0093,2024-09-07,60.422196908711896,6301.352216387316,714.2904181271751
M_00733,EQ_0159,2024-09-07,70.00303366414039,4395.480849074985,598.2441192985253
M_00734,EQ_0161,2024-09-07,55.217118659091774,4157.628452067271,665.647440928218
M_00735,EQ_0257,2024-09-07,40.30941812509525,3400.686854502809,687.3725069019731
M_00736,EQ_0098,2024-09-08,42.11600347293569,6613.570471981251,488.8840702825151
M_00737,EQ_0171,2024-09-08,38.392803140702284,1470.5458447008473,762.3914965992344
M_00738,EQ_0205,2024-09-08,63.597933460406765,6739.11505550902,546.5874638499155
M_00739,EQ_0247,2024-09-08,55.930039853460926,6766.8212720772835,526.1224150116606
M_00740,EQ_0013,2024-09-09,17.640006657724218,6321.847203866446,851.2691901767273
M_00741,EQ_0074,2024-09-09,51.055784187719816,6851.301744459816,964.7066484495182
M_00742,EQ_0041,2024-09-10,31.34752876471051,3987.5540732044165,436.96181529510017
M_00743,EQ_0173,2024-09-10,54.01352106621297,3480.9041765515763,1057.914480824078
M_00744,EQ_0188,2024-09-10,66.89983568485185,9346.228069809193,762.6585583345249
M_00745,EQ_0043,2024-09-11,12.08109777971974,3721.644078248835,856.5647256996018
M_00746,EQ_0057,2024-09-11,43.77648667610731,9527.029053637414,642.8978446284152
M_00747,EQ_0079,2024-09-11,53.16275311208897,5116.397364737242,839.8523659249272
M_00748,EQ_0294,2024-09-11,39.33859114787697,1085.2943660500596,789.036850005353
M_00749,EQ_0055,2024-09-13,33.09650198181593,7983.903500230613,762.8471989057599
M_00750,EQ_0072,2024-09-13,22.751475646256516,2838.474667940799,606.4991649196402
M_00751,EQ_0087,2024-09-13,49.31215838764727,9052.664554062598,644.737001831886
M_00752,EQ_0104,2024-09-13,15.414407211546134,7687.336472854088,1194.313840287645
M_00753,EQ_0285,2024-09-13,15.326105637156163,2338.6110682767394,700.9062323951144
M_00754,EQ_0080,2024-09-14,35.44494375362825,5975.476642186406,618.0568868613296
M_00755,EQ_0026,2024-09-15,29.05460029671527,8998.079068781817,998.7454005138314
M_00756,EQ_0220,2024-09-15,27.21088022792905,4313.305752993514,647.0747170200199
M_00757,EQ_0231,2024-09-15,42.731684859471784,2347.2203452888125,708.0536318844389
M_00758,EQ_0045,2024-09-16,69.02694754559181,1710.6278319639764,570.5653360926827
M_00759,EQ_0099,2024-09-16,22.970956906051846,4333.289511393443,579.5281733198665
M_00760,EQ_0032,2024-09-17,32.21819378664719,7313.37663932734,1088.1779010814503
M_00761,EQ_0172,2024-09-17,58.80295345813599,8516.405439855589,948.6712033603976
M_00762,EQ_0293,2024-09-17,43.91039863498757,5262.63171902185,654.0479328333591
M_00763,EQ_0003,2024-09-18,56.7588078411211,4180.036170325706,798.7833784129392
M_00764,EQ_0006,2024-09-18,37.12783988115724,2546.862469991669,744.4072954320487
M_00765,EQ_0060,2024-09-18,31.757795305109333,4188.8994097497925,1020.6019104275748
M_00766,EQ_0108,2024-09-18,69.85651414001302,7254.975810796695,845.2519221794589
M_00767,EQ_0215,2024-09-18,47.74658969544349,8257.724075468512,745.2526725233471
M_00768,EQ_0249,2024-09-18,61.8600018947957,3896.6096394462816,855.1589181881518
M_00769,EQ_0014,2024-09-19,37.95198055848921,8478.61550360163,612.0274482178852
M_00770,EQ_0232,2024-09-19,15.73643860112628,3759.0913230648193,684.3245056457536
M_00771,EQ_0137,2024-09-20,42.15741939563296,5114.076676930957,667.2411456575069
M_00772,EQ_0151,2024-09-20,13.054771214044623,7253.491751437816,914.262768384624
M_00773,EQ_0015,2024-09-21,53.83393099073621,9893.900542835978,690.8427135563174
M_00774,EQ_0214,2024-09-21,48.53413608557827,1363.8384221818164,1101.9434893842215
M_00775,EQ_0260,2024-09-21,21.960914822904865,5109.358919865575,574.8477629132308
M_00776,EQ_0090,2024-09-22,29.48617451301214,2372.645063187056,659.3847112518731
M_00777,EQ_0107,2024-09-22,65.29201520249991,4414.624504849664,707.4979708407764
M_00778,EQ_0241,2024-09-22,44.95924098182829,6514.300666175549,830.8915971267304
M_00779,EQ_0007,2024-09-23,38.50050257447461,7690.834757342337,768.6547933141577
M_00780,EQ_0010,2024-09-23,66.55727231727096,8028.10283229115,688.2399311208738
M_00781,EQ_0088,2024-09-23,54.62445618890666,3242.4598483054037,897.5008600371949
M_00782,EQ_0239,2024-09-23,29.24018540563513,7485.10023731937,1031.5543688941366
M_00783,EQ_0141,2024-09-24,29.192960206380373,7387.076387630827,972.1249283926473
M_00784,EQ_0197,2024-09-24,45.39554238150098,6996.98477521681,699.344173086716
M_00785,EQ_0265,2024-09-24,24.443652382702886,7659.41295545487,851.0908855072046
M_00786,EQ_0165,2024-09-25,12.6972253501974,4939.972129057218,649.6859327284259
M_00787,EQ_0284,2024-09-25,31.357482072904673,6951.663020531065,673.2507969919062
M_00788,EQ_0112,2024-09-26,15.362183353890346,8350.262286278445,595.3135767113863
M_00789,EQ_0154,2024-09-26,24.167088809515576,5163.0278373797455,767.1772026243502
M_00790,EQ_0218,2024-09-26,37.77255162059866,5664.003935736091,1080.7502356329276
M_00791,EQ_0062,2024-09-27,43.04950387733274,7128.141166228036,802.651870850498
M_00792,EQ_0291,2024-09-27,46.24866824899225,5428.098531193389,803.7800449449772
M_00793,EQ_0002,2024-09-29,53.73650361670944,4607.985812064726,764.4698072392008
M_00794,EQ_0084,2024-09-29,26.4361269319344,1139.2206143757721,782.5506866558275
M_00795,EQ_0132,2024-09-29,68.15700380591694,4205.504167975332,633.2246764577975
M_00796,EQ_0167,2024-09-29,24.315648114869127,7276.658674901988,803.5346741796488
M_00797,EQ_0206,2024-09-29,39.69604057196292,6144.8126225918195,729.1189839923234
M_00798,EQ_0030,2024-10-01,61.00611128600583,5724.424840533536,949.7729166806595
M_00799,EQ_0037,2024-10-01,61.51362432503705,7387.794407193077,747.6072647166297
M_00800,EQ_0069,2024-10-01,15.688829373940798,6074.770964320121,698.4100353959844
M_00801,EQ_0113,2024-10-01,23.9270321749637,2065.819491485204,681.1665496247386
M_00802,EQ_0149,2024-10-01,67.71246316052432,1322.4207499123531,738.910527274534
M_00803,EQ_0219,2024-10-01,50.08681846589772,1900.5846200635665,677.2925406292853
M_00804,EQ_0052,2024-10-02,12.154566809467484,7986.795831678337,943.9533078713403
M_00805,EQ_0100,2024-10-02,70.6260629531046,2944.33467208969,864.902040056821
M_00806,EQ_0111,2024-10-02,18.581754103755042,3315.6926642463623,645.8503078006478
M_00807,EQ_0269,2024-10-02,42.23424939370789,8866.52132592913,1327.7556419345547
M_00808,EQ_0024,2024-10-03,37.074272607740305,3536.6529643226418,772.100769733478
M_00809,EQ_0051,2024-10-03,16.22683171455908,4789.784402207587,705.1124263799521
M_00810,EQ_0145,2024-10-03,67.47708553542967,3303.685806550921,713.8108143089088
M_00811,EQ_0184,2024-10-03,68.04836530842756,1640.3941371950514,756.9809941389072
M_00812,EQ_0270,2024-10-03,59.32900507102289,1433.1016353167356,377.3287691807156
M_00813,EQ_0020,2024-10-04,12.741850659722674,5721.008142967774,562.90945274506
M_00814,EQ_0181,2024-10-04,41.27121815932581,9748.284991002,890.4701243426999
M_00815,EQ_0222,2024-10-05,26.246569177499403,2724.9463240122514,898.6115026506876
M_00816,EQ_0139,2024-10-06,48.680300455237486,8276.646393297662,746.9301420095294
M_00817,EQ_0176,2024-10-06,63.773645758501615,3682.8227495350525,495.13983780101364
M_00818,EQ_0210,2024-10-07,25.193881670333866,7115.45417049776,679.5587097019743
M_00819,EQ_0266,2024-10-07,55.53395003977214,8665.387399994173,1529.6071287067368
M_00820,EQ_0242,2024-10-08,27.489217610118985,8217.877557986903,876.3167557336122
M_00821,EQ_0286,2024-10-08,21.825431245123934,3905.634430072684,763.922654427324
M_00822,EQ_0025,2024-10-09,16.66902258195974,1071.056652170968,574.7568135466643
M_00823,EQ_0299,2024-10-09,13.819696924948996,3357.081030798944,740.4348837387414
M_00824,EQ_0128,2024-10-10,18.14878366435512,9927.94914738323,1312.774018778231
M_00825,EQ_0117,2024-10-11,26.680063914949933,9436.723867758124,570.5434334497597
M_00826,EQ_0147,2024-10-11,47.43641784410355,6811.985158193807,757.0790284358438
M_00827,EQ_0083,2024-10-13,34.1743345274984,2838.9036711914823,562.6837314786202
M_00828,EQ_0101,2024-10-13,69.32191905116467,3725.398044029774,678.8646591900972
M_00829,EQ_0134,2024-10-13,39.660566187449234,6446.817295705894,1065.7848542900258
M_00830,EQ_0190,2024-10-13,60.252555432462366,4656.5990395713825,863.8421900321074
M_00831,EQ_0053,2024-10-14,52.42356722324218,3360.3406068731433,717.1189913549878
M_00832,EQ_0123,2024-10-14,57.363959557796086,6045.090960486796,630.6841483207036
M_00833,EQ_0296,2024-10-14,50.03951589765818,2000.245694711763,728.8158093898853
M_00834,EQ_0160,2024-10-15,38.056812352755145,1812.1704266908775,786.0025537556794
M_00835,EQ_0186,2024-10-15,19.567133483211723,4410.243591186205,837.8600485089469
M_00836,EQ_0246,2024-10-15,40.77656081342372,7460.261427730728,1154.133882064275
M_00837,EQ_0261,2024-10-15,35.14040027076821,8216.48981423575,969.8892685414725
M_00838,EQ_0036,2024-10-16,51.05414187200767,1500.8630217421992,708.6031238348622
M_00839,EQ_0237,2024-10-16,36.125062196751884,8747.938193465823,740.0692083894007
M_00840,EQ_0005,2024-10-17,39.116666146878686,3118.267035027283,995.3520948924574
M_00841,EQ_0086,2024-10-17,24.636069541773473,5688.734220459554,690.7266433517818
M_00842,EQ_0106,2024-10-17,63.29747966872931,8772.864325161456,1020.2542645855909
M_00843,EQ_0204,2024-10-17,41.79891115162461,6538.574365641216,993.0765263457317
M_00844,EQ_0233,2024-10-17,17.20107895194819,1995.091287294671,789.7585819436957
M_00845,EQ_0085,2024-10-18,67.91675191639575,6026.605635294148,1688.7428546317515
M_00846,EQ_0092,2024-10-18,32.48386958663145,4955.536630323916,670.6724222312403
M_00847,EQ_0096,2024-10-18,12.793218585406288,6130.549968319007,627.2257001623142
M_00848,EQ_0182,2024-10-18,35.616774848617595,6447.781421841164,1066.8171144132143
M_00849,EQ_0283,2024-10-18,25.996027116376368,1804.3129576607378,677.2312544444436
M_00850,EQ_0012,2024-10-19,33.2505970445185,6354.721156655178,851.2059761144606
M_00851,EQ_0048,2024-10-19,68.71349532482823,3411.796969293589,754.1101319546864
M_00852,EQ_0250,2024-10-19,24.89731708642973,8757.277882119517,726.3453078045411
M_00853,EQ_0281,2024-10-19,59.932986506644355,2987.6878385693417,854.6368155996018
M_00854,EQ_0121,2024-10-20,29.337404058361084,2987.998391211051,885.7124301584021
M_00855,EQ_0282,2024-10-20,61.208789836067716,3175.669800670185,987.0013687734634
M_00856,EQ_0164,2024-10-21,57.95775892138436,4756.394301103155,790.9461574669485
M_00857,EQ_0078,2024-10-22,25.93124111457984,2808.1208162074054,785.9934506219267
M_00858,EQ_0225,2024-10-22,35.972557659715896,6357.446569073913,761.138627959036
M_00859,EQ_0162,2024-10-23,17.769861045447286,2561.4521714847233,666.3326148321864
M_00860,EQ_0212,2024-10-23,31.42166544638708,1423.1094134324376,729.1355078965726
M_00861,EQ_0023,2024-10-24,15.970867352894189,8386.440847142901,702.0342270969867
M_00862,EQ_0075,2024-10-24,20.955430878313457,6844.444385146778,956.9877714589527
M_00863,EQ_0124,2024-10-24,46.35441669140839,1741.7419317769866,786.9470124970837
M_00864,EQ_0177,2024-10-24,69.41696954297088,5093.939513204934,676.6397231284309
M_00865,EQ_0226,2024-10-24,17.68589427079884,1704.3764987089603,991.4595745491085
M_00866,EQ_0183,2024-10-25,13.926453213717064,7958.918775168648,900.8851313166925
M_00867,EQ_0195,2024-10-25,27.15910442444157,9304.183006578072,640.4866452485744
M_00868,EQ_0230,2024-10-25,16.616708700938425,5075.624819759205,699.7634650088079
M_00869,EQ_0097,2024-10-26,20.156160637599122,1566.5302858327527,857.2493185607725
M_00870,EQ_0157,2024-10-26,25.284905349236197,3238.5385754805334,868.8413663068162
M_00871,EQ_0067,2024-10-27,35.27893470180344,8737.791756449262,769.2756926542695
M_00872,EQ_0207,2024-10-27,36.149784095229734,9274.013056061523,664.2859249484225
M_00873,EQ_0047,2024-10-28,36.901690361203336,4908.397045669851,724.297786627427
M_00874,EQ_0127,2024-10-29,48.14993572455829,2781.4097701160867,742.2634431533196
M_00875,EQ_0208,2024-10-29,53.51543753756059,5303.480772758589,507.9217364544638
M_00876,EQ_0254,2024-10-29,70.28976683558847,7795.604111472078,619.9436654761311
M_00877,EQ_0001,2024-10-30,48.13077074114397,2175.087467595702,568.6230115921352
M_00878,EQ_0252,2024-10-30,65.47642512903077,3156.0183104743746,581.1193699541294
M_00879,EQ_0116,2024-10-31,29.325937760431685,9001.375357817744,930.8075743647161
M_00880,EQ_0125,2024-10-31,18.18793719936751,6849.60229012748,1116.3067393402719
M_00881,EQ_0192,2024-10-31,66.91910330152308,7960.999499002429,572.4906026377996
M_00882,EQ_0277,2024-10-31,39.528347130158835,1238.2462650887896,709.9325117097035
M_00883,EQ_0042,2024-11-01,36.70013655504415,6386.72257860747,560.4333750830252
M_00884,EQ_0049,2024-11-01,12.403257192989468,3218.7636690604827,1337.8936194989953
M_00885,EQ_0109,2024-11-01,64.14885248730074,2570.4649547992667,768.5305016251713
M_00886,EQ_0142,2024-11-01,26.35823536822734,5837.016960139957,813.0909526242483
M_00887,EQ_0262,2024-11-01,46.68932924584786,1828.6104312650223,532.4401833346567
M_00888,EQ_0174,2024-11-03,63.26928667360316,8255.790816733333,579.7964675916583
M_00889,EQ_0180,2024-11-04,71.16584657668531,4973.165790855548,765.4862500686795
M_00890,EQ_0209,2024-11-04,27.935759560723362,7223.212342047906,676.2205677861738
M_00891,EQ_0236,2024-11-04,57.29989352631309,3645.063064407458,1054.7351591118975
M_00892,EQ_0256,2024-11-04,54.95653698144825,9862.210064600013,881.1423350758184
M_00893,EQ_0203,2024-11-05,12.316244601785511,7762.024294316408,721.4147888377199
M_00894,EQ_0227,2024-11-05,35.839020550665126,6441.582548662505,722.1843443270578
M_00895,EQ_0018,2024-11-06,50.349692142918265,7975.276848808747,883.3175285701623
M_00896,EQ_0022,2024-11-06,46.32372305487041,5430.377250335485,1219.7874370404777
M_00897,EQ_0028,2024-11-06,63.81077044952141,5404.315196209679,557.66253302945
M_00898,EQ_0034,2024-11-06,48.28429276268884,8014.577226345981,552.1011769408625
M_00899,EQ_0138,2024-11-06,18.85685424323686,9449.406619554153,872.3724556956041
M_00900,EQ_0248,2024-11-06,41.58432801139108,5468.361078406406,745.049719413217
M_00901,EQ_0059,2024-11-07,43.599994572748535,7936.919882241969,758.1457530485284
M_00902,EQ_0150,2024-11-07,68.30066161521964,4212.432050740696,761.0177316927011
M_00903,EQ_0185,2024-11-07,13.950839618041131,3522.2336695649656,995.3350240258798
M_00904,EQ_0199,2024-11-07,38.196151719391025,9114.500907499836,898.8411154842787
M_00905,EQ_0258,2024-11-07,12.179953587981371,5023.4267219915455,909.5889533546389
M_00906,EQ_0065,2024-11-08,57.43332420852204,7295.838474101005,724.9477829173086
M_00907,EQ_0091,2024-11-08,66.92508309610062,3964.7683003454304,861.7147010280042
M_00908,EQ_0201,2024-11-08,66.97333431367706,1398.938686774722,868.8941495858602
M_00909,EQ_0275,2024-11-09,38.86531299603844,3689.0527439483003,721.7351147843942
M_00910,EQ_0004,2024-11-10,21.53715770858119,4609.340228013389,640.4026713628547
M_00911,EQ_0077,2024-11-10,30.895524210359344,9270.119847904356,1218.284070509343
M_00912,EQ_0009,2024-11-11,15.481485261358719,5333.397546700896,979.6463321979119
M_00913,EQ_0050,2024-11-11,35.037208210798426,9665.570228322704,667.3621731790918
M_00914,EQ_0064,2024-11-11,69.38687572850887,6282.16447733026,687.015648023212
M_00915,EQ_0191,2024-11-12,33.325480470318986,3152.9536912633716,781.9399254782109
M_00916,EQ_0292,2024-11-12,66.74335232637765,1288.1227558762912,874.9443602513685
M_00917,EQ_0130,2024-11-13,41.00804354406442,4411.040660177274,705.9804544244345
M_00918,EQ_0136,2024-11-13,38.16841223405733,7963.082665544827,882.3430736173343
M_00919,EQ_0156,2024-11-13,49.27769164796478,7237.075402754622,662.2643956374342
M_00920,EQ_0158,2024-11-13,24.86201132430684,1847.2431215587203,831.1478372251396
M_00921,EQ_0175,2024-11-13,57.42015340402581,8266.782394006914,580.1690667680085
M_00922,EQ_0129,2024-11-14,61.36356637514333,4989.403148174204,777.8770348585097
M_00923,EQ_0251,2024-11-15,58.80527857005171,3248.3485133417366,969.2465775293141
M_00924,EQ_0133,2024-11-16,30.870092794681007,6803.142229939695,713.8262891048219
M_00925,EQ_0271,2024-11-16,23.102528312499658,8559.25360785233,844.6576832904576
M_00926,EQ_0110,2024-11-17,71.29929003359368,5913.361926166923,717.2047199422287
M_00927,EQ_0058,2024-11-19,58.52081752423594,8580.809936989896,766.3591271570015
M_00928,EQ_0071,2024-11-19,29.37465982852511,9091.287833886134,694.2733703092916
M_00929,EQ_0274,2024-11-19,35.247655239885674,1203.409084718484,1272.3524241795456
M_00930,EQ_0076,2024-11-20,20.797791882254685,7356.8210296419775,741.507582610956
M_00931,EQ_0264,2024-11-20,64.78231180508197,7715.157351878587,847.3243310194023
M_00932,EQ_0010,2024-11-21,47.81633053054113,2957.923404083297,496.5101185333984
M_00933,EQ_0019,2024-11-21,30.8880566546632,3965.2624516285437,705.5707083863034
M_00934,EQ_0029,2024-11-21,50.21405120482037,5712.757243288344,843.7724944998312
M_00935,EQ_0056,2024-11-21,34.57750008024104,9826.973347605306,556.0569792173403
M_00936,EQ_0131,2024-11-21,66.09764342802072,9224.491803888604,773.4246027984482
M_00937,EQ_0238,2024-11-21,25.58020730231513,5242.291794804728,907.551993531877
M_00938,EQ_0021,2024-11-22,26.859124817689775,8715.452606330846,710.7724352916907
M_00939,EQ_0066,2024-11-22,64.69431064844716,1640.0521150110067,603.8451681910632
M_00940,EQ_0153,2024-11-22,22.645371622464374,6235.184906713855,941.4768007104352
M_00941,EQ_0224,2024-11-22,50.66965991487972,6039.260618991591,814.610232042183
M_00942,EQ_0273,2024-11-22,23.748600777224606,2079.9643593699648,827.1015949549602
M_00943,EQ_0035,2024-11-23,25.961740936893154,8225.839775337588,1042.217984162545
M_00944,EQ_0074,2024-11-23,63.404762778719515,2495.340942501547,634.6115377056657
M_00945,EQ_0166,2024-11-23,33.748233263740346,8451.908268290976,833.4334645907369
M_00946,EQ_0169,2024-11-23,19.63602942279454,1874.067926770287,811.3295691184013
M_00947,EQ_0213,2024-11-23,23.217926052850885,1353.1309181473953,1011.996779477055
M_00948,EQ_0216,2024-11-23,47.12676188116489,2461.384096097989,630.8198185712607
M_00949,EQ_0039,2024-11-24,29.78543108286697,6220.552962255106,661.477043703934
M_00950,EQ_0054,2024-11-24,71.04153332026374,3705.04998476017,815.5653044483606
M_00951,EQ_0095,2024-11-24,14.971928168236035,2291.963539309494,738.7875289823921
M_00952,EQ_0243,2024-11-24,39.24456498896743,3112.8861679078013,664.6673281816815
M_00953,EQ_0263,2024-11-24,47.57436497212489,8280.179937755787,583.8589974803272
M_00954,EQ_0115,2024-11-25,21.321223673551607,9923.359398703013,706.4922838290488
M_00955,EQ_0144,2024-11-25,46.89600922476615,8301.054213067655,780.4729707378312
M_00956,EQ_0135,2024-11-26,43.46891031864743,4642.696104472667,763.1520728792524
M_00957,EQ_0146,2024-11-26,54.1970835813371,1641.1120810266775,756.5025942606965
M_00958,EQ_0268,2024-11-26,43.124176977281714,5939.1466783652095,1894.2435155983965
M_00959,EQ_0016,2024-11-27,28.37683349219767,6756.651010297262,729.47528096872
M_00960,EQ_0193,2024-11-27,46.90746965510786,2294.1222911558016,1113.162533031183
M_00961,EQ_0245,2024-11-27,33.657019875212164,1407.6158452462685,826.6023031219452
M_00962,EQ_0163,2024-11-28,26.70200430084718,2490.9111106134524,800.1958941195563
M_00963,EQ_0194,2024-11-28,40.4498526884835,2883.059981960657,855.0653329438652
M_00964,EQ_0202,2024-11-28,60.082021852033286,8902.116961556356,767.2506539627989
M_00965,EQ_0220,2024-11-28,64.60640524984427,7834.917052159472,623.3046871511427
M_00966,EQ_0240,2024-11-28,65.6585432754803,1136.815454273273,1228.6535971493824
M_00967,EQ_0253,2024-11-28,16.66878395687005,7467.09986005203,770.1622586454605
M_00968,EQ_0288,2024-11-28,33.01255981392437,7108.542879502005,711.6889104583178
M_00969,EQ_0000,2024-11-30,69.94114966492175,5859.97593143004,731.2603917653711
M_00970,EQ_0179,2024-11-30,23.941494771134415,4123.4256341724395,813.3451467322143
M_00971,EQ_0244,2024-11-30,19.05856206634618,5994.4849092238455,857.7187398018732
M_00972,EQ_0040,2024-12-01,17.586620873354885,8396.87053484683,1012.4144623182023
M_00973,EQ_0228,2024-12-01,12.709226160632504,7626.169055125309,715.6511932562379
M_00974,EQ_0148,2024-12-02,38.61561407582734,4632.532295309737,1222.5482935175392
M_00975,EQ_0272,2024-12-02,42.63452798519211,6655.997416128914,991.3915199604246
M_00976,EQ_0143,2024-12-03,21.61768836620318,6680.497132241817,679.074116146576
M_00977,EQ_0188,2024-12-03,45.04746604613539,8088.038558221991,629.2436410411153
M_00978,EQ_0011,2024-12-04,43.03844777729784,6024.286738022639,819.9046160322102
M_00979,EQ_0044,2024-12-04,41.629406042460936,8400.766635986438,827.7362211298259
M_00980,EQ_0119,2024-12-04,59.548611685867186,3550.0898076099675,689.0409005166023
M_00981,EQ_0170,2024-12-04,70.64756014494355,5937.691411954582,878.4892295892342
M_00982,EQ_0211,2024-12-04,43.0129010201563,1861.3255078299185,781.0301450471302
M_00983,EQ_0221,2024-12-04,49.79379760201792,8328.592087086075,545.1229003918447
M_00984,EQ_0249,2024-12-04,57.05784282866835,8840.693500067944,558.2574839567579
M_00985,EQ_0283,2024-12-04,28.24750678035386,8577.952913079676,305.11601877633785
M_00986,EQ_0295,2024-12-04,24.143121811207735,7960.430926653594,884.2856548108844
M_00987,EQ_0196,2024-12-05,17.55856840831212,6946.379269774004,1253.467247411105
M_00988,EQ_0255,2024-12-05,20.73230202745916,5038.78233825968,835.2200813394116
M_00989,EQ_0013,2024-12-06,59.56182323615235,2569.993629314864,672.8111940784854
M_00990,EQ_0079,2024-12-06,22.88679352642042,5263.645040930572,657.1746373776986
M_00991,EQ_0200,2024-12-06,42.55203742612501,2173.76388044919,645.7857603404849
M_00992,EQ_0223,2024-12-06,17.826570061760048,3243.743153317758,844.8398049203721
M_00993,EQ_0105,2024-12-08,26.021683810809385,7108.369807416237,850.6419529962028
M_00994,EQ_0289,2024-12-08,37.672929822164114,1533.688625003917,747.9434799233836
M_00995,EQ_0038,2024-12-09,36.666565653042326,3932.5495980295764,847.491800069014
M_00996,EQ_0178,2024-12-09,39.09274569623021,7379.753945669111,654.1086169630181
M_00997,EQ_0189,2024-12-09,28.98407130790758,7628.762533504437,787.6114046222052
M_00998,EQ_0140,2024-12-10,62.93767588978423,1173.3390169661043,624.9457642688388
M_00999,EQ_0098,2024-12-11,71.43116163117946,9470.6480859866,618.6137109749845
M_01000,EQ_0260,2024-12-11,41.15788056802214,5266.506030799837,541.6673670991365
M_01001,EQ_0006,2024-12-12,40.71185082000409,4053.2987189112437,700.0321884133533
M_01002,EQ_0027,2024-12-12,18.481350366499573,5978.467990826719,1010.2396325034535
M_01003,EQ_0052,2024-12-12,23.363841480122517,4915.149591431731,728.449747368599
M_01004,EQ_0094,2024-12-12,24.207393589701823,2055.6976546378464,753.9257913429733
M_01005,EQ_0171,2024-12-12,65.47558410517314,1920.1024944222395,636.075858302899
M_01006,EQ_0099,2024-12-13,15.359723250288262,5081.328859633342,677.7851430904243
M_01007,EQ_0126,2024-12-13,70.61483325368542,1085.6204607088923,802.7605667646314
M_01008,EQ_0229,2024-12-14,45.39408688115312,1836.3057386572664,887.8369163164904
M_01009,EQ_0151,2024-12-15,65.16433015503276,2751.6859288325686,739.9249338337572
M_01010,EQ_0152,2024-12-15,30.215747596425796,1029.4614900380711,1027.5361438831096
M_01011,EQ_0259,2024-12-15,17.413087074904578,9793.358302185934,733.5423508713886
M_01012,EQ_0070,2024-12-16,20.20003756659058,3281.351781997704,1276.3168710179386
M_01013,EQ_0102,2024-12-16,24.005023450133784,5883.8347611202835,759.715227775959
M_01014,EQ_0122,2024-12-16,63.19771841328872,1822.1865333004082,897.2960666479787
M_01015,EQ_0168,2024-12-16,44.400707684209365,5666.760265228683,788.6675193514411
M_01016,EQ_0278,2024-12-16,19.849633189853524,7783.153411276563,911.842243580757
M_01017,EQ_0087,2024-12-17,17.408924382389305,7298.461809528156,763.5690838721123
M_01018,EQ_0155,2024-12-17,50.20526975479492,9400.475116113956,913.2841501255284
M_01019,EQ_0231,2024-12-18,27.739084715763994,4521.245761353435,776.5257578517773
M_01020,EQ_0161,2024-12-19,71.00832655809427,1501.8788156308287,781.7750792637238
M_01021,EQ_0218,2024-12-19,25.51614718179594,9903.994492733045,648.2482460502873
M_01022,EQ_0232,2024-12-19,35.97420297960818,9099.828468581072,799.4187935959693
M_01023,EQ_0235,2024-12-19,28.04778776214286,9940.699493654656,813.1263862811691
M_01024,EQ_0298,2024-12-19,64.89036268734571,8632.436763330903,842.4829573472344
M_01025,EQ_0008,2024-12-20,28.153514571979674,2700.3466451090153,688.9208651001924
M_01026,EQ_0017,2024-12-20,57.281440363750235,3464.881065883741,1095.2079340821767
M_01027,EQ_0032,2024-12-20,34.069023573092274,8588.771518452717,696.9320607174615
M_01028,EQ_0043,2024-12-20,19.50650784866103,3098.7674969323675,787.0007348477543
M_01029,EQ_0081,2024-12-20,54.55191257559662,6590.999693655396,1040.3115972804003
M_01030,EQ_0003,2024-12-21,45.25458371049888,8342.992075583159,671.6047565800094
M_01031,EQ_0198,2024-12-21,33.11387808742691,7618.777253697034,774.3996670602695
M_01032,EQ_0061,2024-12-22,14.763036209962044,1250.4440859565332,705.4766198001432
M_01033,EQ_0297,2024-12-22,13.094313791868501,2079.4053621232683,753.3567367965842
M_01034,EQ_0088,2024-12-23,30.65585056338332,3243.9791195976964,503.9141431760682
M_01035,EQ_0089,2024-12-23,50.77903724585412,8615.76698725536,911.785669184682
M_01036,EQ_0159,2024-12-23,12.652651214360064,4469.848286001293,865.8838732122792
M_01037,EQ_0173,2024-12-23,15.698546661543858,5205.871606548983,775.4064787026192
M_01038,EQ_0276,2024-12-23,31.78483430630404,7515.945804257986,820.3533126148457
M_01039,EQ_0057,2024-12-24,53.99746894479435,8314.919077181443,665.27058399406
M_01040,EQ_0280,2024-12-24,28.76046543564517,1184.9734266103092,824.0492121531199
M_01041,EQ_0284,2024-12-24,69.99188704237184,6744.601180681383,644.5327838149718
M_01042,EQ_0060,2024-12-25,22.15396214997932,9452.452324445569,729.6880440065328
M_01043,EQ_0073,2024-12-25,27.421810979526573,5543.259631786398,751.7316514106074
M_01044,EQ_0215,2024-12-25,39.519920667791055,9830.952576410842,756.0999846206114
M_01045,EQ_0287,2024-12-25,59.740153784498446,6646.588017855691,886.5536668200893
M_01046,EQ_0068,2024-12-26,57.60068878248825,1853.7565578737995,694.5838539834132
M_01047,EQ_0206,2024-12-26,41.352630150266236,5738.506817735322,449.65312465371466
M_01048,EQ_0286,2024-12-26,58.57446542768511,4396.551213330846,748.9477428205387
M_01049,EQ_0063,2024-12-27,70.51905703294597,1008.0829874119418,827.2313283893053
M_01050,EQ_0114,2024-12-27,58.6950667362259,8303.700845208648,930.1218369152824
M_01051,EQ_0214,2024-12-27,49.38823024928131,7973.001673561157,706.2906774764724
M_01052,EQ_0101,2024-12-28,41.72071285149856,9089.173459956035,669.6230834676874
M_01053,EQ_0205,2024-12-28,33.7900470406326,7280.476372351527,656.1755490158197
M_01054,EQ_0234,2024-12-28,49.65446184796245,4047.734173558768,868.1192860718156
M_01055,EQ_0002,2024-12-29,36.061793783419404,9451.460205429526,522.811901067041
M_01056,EQ_0123,2024-12-29,24.100174736073757,5093.894085942281,562.4576532218423
M_01057,EQ_0015,2024-12-30,57.20755500257307,6699.769947443619,718.232723826573
M_01058,EQ_0090,2024-12-30,29.75651875329509,7352.016157353906,814.0727537423662
M_01059,EQ_0160,2024-12-30,65.75904406472043,9256.989265090655,638.4648759491997
M_01060,EQ_0219,2024-12-30,38.092223666385316,9256.616066509037,645.0619830314859
M_01061,EQ_0291,2024-12-30,57.80800236538662,6799.260371058323,613.4961825381794
M_01062,EQ_0045,2024-12-31,64.87821416189553,6125.3230840170345,586.0653829593929
M_01063,EQ_0120,2024-12-31,26.752650322431954,5055.185464628015,839.7894917569099
M_01064,EQ_0184,2024-12-31,19.593283341390098,5928.804421657597,783.1678323825168
M_01065,EQ_0026,2025-01-01,28.794416436300438,5437.148175651336,722.43072870402
M_01066,EQ_0118,2025-01-01,46.90147265252702,3177.913820023241,889.048935296519
M_01067,EQ_0134,2025-01-01,66.32942227212754,2262.0756990765904,643.9132244666873
M_01068,EQ_0145,2025-01-01,53.265044004990926,8097.398147896854,684.4595910532096
M_01069,EQ_0149,2025-01-01,26.70127661076011,4017.2872924687376,753.8123551520356
M_01070,EQ_0117,2025-01-03,36.928507597858,8415.998153550529,568.626580431475
M_01071,EQ_0285,2025-01-03,36.912880809348394,6297.26775895311,810.0476605152191
M_01072,EQ_0093,2025-01-04,67.24298437329699,1938.323051124619,794.2612418137999
M_01073,EQ_0172,2025-01-04,33.73086302469727,7708.404566917003,986.8626265227726
M_01074,EQ_0181,2025-01-04,66.58987553111373,5812.280766464501,744.8590218513978
M_01075,EQ_0210,2025-01-04,48.08654705951807,8733.36731053676,764.0493857224984
M_01076,EQ_0246,2025-01-04,70.5906412145948,5537.7430019955655,699.0066954049413
M_01077,EQ_0132,2025-01-05,24.33199975468966,5924.055641314544,790.9212366531959
M_01078,EQ_0165,2025-01-05,12.903561383935937,2623.831995477514,730.1663271788415
M_01079,EQ_0217,2025-01-05,16.55060703776953,3264.13555695978,944.9936759611982
M_01080,EQ_0241,2025-01-05,68.10835653200276,1785.8914102459985,796.7504127525862
M_01081,EQ_0116,2025-01-06,29.440566254985278,8300.670494257745,659.4403487342703
M_01082,EQ_0242,2025-01-06,26.13582889274062,8078.172452267667,681.9036699252475
M_01083,EQ_0290,2025-01-06,29.96536648711236,5421.888663226847,944.9456443921244
M_01084,EQ_0041,2025-01-07,41.03662666848967,2503.2891107557607,1004.2584235032723
M_01085,EQ_0103,2025-01-07,49.10833260258818,1768.8135287763598,1249.3641880936113
M_01086,EQ_0293,2025-01-07,66.16874834379519,5484.994945018747,731.630078980681
M_01087,EQ_0025,2025-01-08,44.40661740926034,6965.403128607698,670.6217446825771
M_01088,EQ_0037,2025-01-08,42.87426574112743,5214.326030817852,719.6027967782651
M_01089,EQ_0185,2025-01-08,31.753928952126085,8813.360918081129,601.4295326876709
M_01090,EQ_0222,2025-01-08,13.512032933318759,2546.5448096396885,699.0142008898873
M_01091,EQ_0083,2025-01-09,61.73151123406168,3079.9272632579477,595.3679027693166
M_01092,EQ_0239,2025-01-09,21.619715137768775,7841.795023802263,734.7844424130391
M_01093,EQ_0020,2025-01-10,29.01725790907046,2248.7460786235415,696.2059849680736
M_01094,EQ_0104,2025-01-10,70.15537430057611,5588.539384954523,984.9427070208033
M_01095,EQ_0167,2025-01-10,34.87043696482406,7646.01478130783,606.0435349444459
M_01096,EQ_0267,2025-01-10,46.98235240678563,1788.9965390358138,1125.246787329854
M_01097,EQ_0100,2025-01-11,70.9232216884226,6221.753526964601,823.5024729220934
M_01098,EQ_0279,2025-01-11,23.392269316421952,3670.016664830491,959.5979035002554
M_01099,EQ_0049,2025-01-12,22.891047571429628,4842.474007926714,589.6821554932592
M_01100,EQ_0187,2025-01-12,21.778534800735844,8331.408378139171,1258.7103276822731
M_01101,EQ_0111,2025-01-13,54.133583141780676,5094.58768694751,699.2685514912557
M_01102,EQ_0176,2025-01-13,53.662663072449625,7200.295959503861,790.6634917420602
M_01103,EQ_0092,2025-01-14,39.801069692058576,1288.980290487155,648.445251184819
M_01104,EQ_0204,2025-01-14,17.872942477502846,7741.948271583682,718.0593519799278
M_01105,EQ_0226,2025-01-14,59.29334586307633,7639.733522797777,700.6501470515744
M_01106,EQ_0265,2025-01-14,22.76670246459933,2278.614900909027,973.3955268936502
M_01107,EQ_0266,2025-01-14,12.276976806529925,1332.5268096477628,687.0550170241754
M_01108,EQ_0112,2025-01-15,55.43018229593797,6459.518758962017,660.1096190822022
M_01109,EQ_0197,2025-01-15,40.414289792767825,7980.867845707719,801.5941219624013
M_01110,EQ_0080,2025-01-16,70.2579688160665,5077.573883646588,751.6517880635008
M_01111,EQ_0106,2025-01-16,30.30365073158521,2239.1591239752915,808.6118174003893
M_01112,EQ_0031,2025-01-18,41.1727197023978,6785.721237980631,1373.1106304458003
M_01113,EQ_0107,2025-01-18,32.146313970191216,9960.411790012633,1052.5212574961977
M_01114,EQ_0012,2025-01-19,62.91923699500919,6945.46908426624,685.4165661218075
M_01115,EQ_0261,2025-01-19,16.037576139758855,5146.969223599953,729.5380290252543
M_01116,EQ_0128,2025-01-20,35.794290953915066,5457.269726985017,895.7418517118559
M_01117,EQ_0281,2025-01-20,59.609396594702226,5464.720173453757,592.3835614289302
M_01118,EQ_0282,2025-01-20,39.25600243012238,4370.116320347219,773.5497323234621
M_01119,EQ_0141,2025-01-21,63.14343837541766,5507.251197273717,891.0632496123756
M_01120,EQ_0256,2025-01-21,49.51120431109904,5448.2433354908535,776.9870280260976
M_01121,EQ_0277,2025-01-21,22.493511768668398,7421.777391520766,671.5169472319709
M_01122,EQ_0067,2025-01-22,71.53479380519401,9443.784816331134,722.3702606431925
M_01123,EQ_0113,2025-01-22,20.84150411528293,5510.586250932249,1064.1677053502226
M_01124,EQ_0208,2025-01-22,64.60665695856058,8022.072568216259,711.1332379263717
M_01125,EQ_0299,2025-01-24,28.766493521902316,5783.783408431131,847.8658483036388
M_01126,EQ_0203,2025-01-25,51.782232693240594,7504.7892009134,656.6280284914234
M_01127,EQ_0053,2025-01-26,14.610791494725579,4946.455073300094,833.7744282270282
M_01128,EQ_0069,2025-01-26,27.5609012322573,6820.507736040533,885.5141209182663
M_01129,EQ_0124,2025-01-26,26.3992609530706,6515.540634031749,633.2832917616219
M_01130,EQ_0207,2025-01-26,62.22101566512439,2357.519483995101,609.7401584284795
M_01131,EQ_0005,2025-01-27,58.268700607923776,3666.827955001594,758.0085170358454
M_01132,EQ_0047,2025-01-27,43.06771877528803,9131.776316179577,676.9767249179725
M_01133,EQ_0086,2025-01-27,68.74839257300604,8867.906230486324,723.6928084265326
M_01134,EQ_0270,2025-01-27,61.42107398150544,1277.4596665806062,984.1074917641724
M_01135,EQ_0296,2025-01-27,49.33227620124871,8083.674378642586,837.7223211102585
M_01136,EQ_0294,2025-01-28,59.47126000931285,7442.763497612998,799.0775832505086
M_01137,EQ_0075,2025-01-29,20.793326971156027,1613.2529743691816,810.7667643853478
M_01138,EQ_0084,2025-01-29,59.007521223513585,8102.215716934547,871.6507653073635
M_01139,EQ_0164,2025-01-29,54.242053991190076,7113.071780612003,806.4346538015174
M_01140,EQ_0220,2025-01-29,51.50462662475631,5342.613982209891,547.3224026850821
M_01141,EQ_0233,2025-01-29,47.03577632641882,4871.470419352501,793.1790536495524
M_01142,EQ_0250,2025-01-29,60.28279044931136,4912.667350063875,855.4645562957807
M_01143,EQ_0292,2025-01-29,32.09105640353239,5410.905137201209,663.3427193623825
M_01144,EQ_0174,2025-01-30,38.162466755905186,4596.185871985175,604.7713546295319
M_01145,EQ_0048,2025-01-31,20.380948356307442,7586.653717467467,662.2629734966321
M_01146,EQ_0091,2025-01-31,69.02544804323855,5831.367607833194,701.3236952739242
M_01147,EQ_0078,2025-02-01,22.509340810721767,4437.461291687314,830.1872386578733
M_01148,EQ_0268,2025-02-01,39.0785039175531,2776.039757975316,440.4797993799763
M_01149,EQ_0137,2025-02-02,44.43046334335064,8757.153193977658,1029.3883041687857
M_01150,EQ_0050,2025-02-03,70.41095019574082,2796.402463115217,791.2703624755136
M_01151,EQ_0247,2025-02-03,26.98961617988553,3512.2881580597546,946.149475207148
M_01152,EQ_0023,2025-02-04,50.007997639126344,2891.3090926922005,696.7052682735099
M_01153,EQ_0097,2025-02-04,52.160171725998055,2113.137291893907,721.4126833209515
M_01154,EQ_0014,2025-02-05,45.874845412864154,7484.993394384244,864.9109144874582
M_01155,EQ_0055,2025-02-05,54.50660327464814,4896.244005749367,1200.5471624804632
M_01156,EQ_0186,2025-02-05,36.06122239483126,9993.123002224365,809.5706307060418
M_01157,EQ_0062,2025-02-06,18.584181062301873,7374.6253691849215,898.2639895374508
M_01158,EQ_0248,2025-02-06,35.591214584052,9760.27942058307,758.7403411358541
M_01159,EQ_0254,2025-02-06,38.12898068902468,7186.223039576304,729.8217059559792
M_01160,EQ_0028,2025-02-07,51.50514757324957,3258.3876200291174,616.240279271335
M_01161,EQ_0131,2025-02-08,23.150460463227745,9452.160516075435,614.441786207387
M_01162,EQ_0142,2025-02-08,70.63900038548019,6704.178250208684,645.9021667232623
M_01163,EQ_0154,2025-02-08,37.85411166783097,6732.727440814873,1066.4351918338016
M_01164,EQ_0179,2025-02-08,27.031330079111566,8965.913164759826,478.3903190092691
M_01165,EQ_0191,2025-02-08,26.728441152649836,2929.174461744061,680.5607667942552
M_01166,EQ_0257,2025-02-08,40.73413574666945,5715.248726506544,844.7797071032945
M_01167,EQ_0030,2025-02-09,65.18386422062062,4525.8249979388265,918.0938009598896
M_01168,EQ_0034,2025-02-09,15.380153954911673,8120.689512311063,700.7294084472487
M_01169,EQ_0121,2025-02-09,70.22867281532318,7271.531469614532,770.3365629966687
M_01170,EQ_0212,2025-02-09,13.009241567743612,2158.552029332503,684.82297338914
M_01171,EQ_0162,2025-02-10,18.15478387321596,7843.7058599964,752.8309656228766
M_01172,EQ_0082,2025-02-11,51.79261800438509,1035.381498003836,1197.836561993706
M_01173,EQ_0109,2025-02-11,54.302258990509586,1671.8143998206824,784.4332200358249
M_01174,EQ_0175,2025-02-11,54.00997615203047,9236.943367484839,685.4311791702008
M_01175,EQ_0039,2025-02-12,29.676111049613763,8041.803716264157,588.6158418008757
M_01176,EQ_0150,2025-02-12,70.63288118364042,7927.211989224924,754.375246483702
M_01177,EQ_0236,2025-02-12,39.95783545926822,6208.290551124048,737.281059184159
M_01178,EQ_0237,2025-02-12,66.53399910283734,1448.5842869923083,835.250272536798
M_01179,EQ_0018,2025-02-13,30.113451097185028,6914.687442968667,810.5159037627244
M_01180,EQ_0127,2025-02-13,25.358042333580947,5526.148122980366,957.0302926210978
M_01181,EQ_0163,2025-02-13,22.141494280909424,9989.720189758867,676.6480234558904
M_01182,EQ_0238,2025-02-13,27.398232928998386,7321.413336280879,674.9499421967688
M_01183,EQ_0169,2025-02-14,41.672158889573225,2291.7350761748503,679.3323592320056
M_01184,EQ_0170,2025-02-14,34.46973561396373,2906.5161452717534,586.8322510726849
M_01185,EQ_0085,2025-02-15,25.528764132836276,7149.838132171206,1055.8955605288234
M_01186,EQ_0182,2025-02-15,50.284969788915944,2850.332464032186,834.6517181341352
M_01187,EQ_0195,2025-02-15,46.349129854560275,2759.996648942182,843.1137765965535
M_01188,EQ_0269,2025-02-15,28.8789998075378,3748.5053986248076,984.967088472453
M_01189,EQ_0059,2025-02-16,61.39174937773086,4675.324313934871,818.8683128787825
M_01190,EQ_0061,2025-02-16,66.6944260748426,9463.819170558007,357.56877579176574
M_01191,EQ_0110,2025-02-16,54.61202159840577,6888.034449406552,683.4309584567719
M_01192,EQ_0190,2025-02-16,55.3092459718495,6084.008397475258,1017.0982257325909
M_01193,EQ_0244,2025-02-16,30.696522715284974,2661.097207263493,589.1385611388012
M_01194,EQ_0251,2025-02-16,67.48447122120069,5869.285135118636,669.7003342715885
M_01195,EQ_0253,2025-02-16,71.43857069564822,5680.466644729904,562.4483245540732
M_01196,EQ_0010,2025-02-17,14.864874943799823,1503.5865783182478,790.6892957721275
M_01197,EQ_0046,2025-02-17,58.27561562504018,3240.3975709380725,1233.8778571444695
M_01198,EQ_0223,2025-02-17,49.707063750332,7607.166153287627,655.0860226489951
M_01199,EQ_0288,2025-02-17,61.69025619333382,5098.473876619778,687.3435173274974
M_01200,EQ_0021,2025-02-19,32.818241833744395,3246.824612157875,827.5734321434868
M_01201,EQ_0033,2025-02-19,42.01651495276944,1385.2903652648486,1417.1044670633696
M_01202,EQ_0066,2025-02-19,54.29512417131368,7459.10197642302,660.940968221543
M_01203,EQ_0135,2025-02-19,24.00265302579746,2238.545714929596,671.5954883742174
M_01204,EQ_0001,2025-02-20,33.79973659558921,3879.3411623672027,787.3570304733303
M_01205,EQ_0147,2025-02-20,18.073708551154162,2042.99905000585,882.3677211940949
M_01206,EQ_0180,2025-02-20,49.01723519678483,7215.015287695428,680.8137006725266
M_01207,EQ_0227,2025-02-20,62.06819165695101,1177.8271077645727,783.0666304727828
M_01208,EQ_0245,2025-02-20,60.56895642447878,3437.422956510703,700.428042996996
M_01209,EQ_0252,2025-02-20,29.763649100259983,9583.177207753206,807.4249460104234
M_01210,EQ_0272,2025-02-20,38.004512417841404,5106.252557727764,614.0710609543141
M_01211,EQ_0038,2025-02-21,65.5182754568553,8772.79745973264,646.2050752053195
M_01212,EQ_0138,2025-02-21,28.98457265264418,9573.885978592358,700.3772909228337
M_01213,EQ_0264,2025-02-21,17.250168710486495,7359.962611835277,687.3013132055532
M_01214,EQ_0007,2025-02-22,51.56425681442838,1575.7438494037497,886.5619173981462
M_01215,EQ_0019,2025-02-22,27.524590601076568,2419.547200173124,637.9401520840237
M_01216,EQ_0139,2025-02-22,22.639594360575202,4505.020835933083,1213.6466890666863
M_01217,EQ_0004,2025-02-23,41.94581434190321,6935.410964714548,891.6302591703759
M_01218,EQ_0144,2025-02-23,62.59230668148655,4673.468851737491,710.9859561567049
M_01219,EQ_0158,2025-02-23,24.25670025608925,9476.724831165007,756.6408832205641
M_01220,EQ_0209,2025-02-23,27.351197719223794,9822.636302210713,696.9533403517114
M_01221,EQ_0040,2025-02-24,44.05582676695337,8492.051247458334,667.0344157985047
M_01222,EQ_0108,2025-02-24,37.53382795240249,9693.592768720757,1112.718542577306
M_01223,EQ_0130,2025-02-24,17.303809550619015,9351.662038101349,612.6911702852598
M_01224,EQ_0136,2025-02-24,48.33718272495526,6521.769417892867,767.7684804097627
M_01225,EQ_0230,2025-02-24,47.377813142999656,4108.294452299164,776.8776117887377
M_01226,EQ_0096,2025-02-25,50.88115273710929,1548.6023233359385,862.8080318135342
M_01227,EQ_0079,2025-02-26,15.785365695720856,6307.956280988153,685.0211964432658
M_01228,EQ_0201,2025-02-26,39.75583325858723,1687.17983206928,723.5503207731447
M_01229,EQ_0042,2025-02-27,18.102798464890853,5974.778766067357,700.2939537428316
M_01230,EQ_0054,2025-02-27,36.215110895674606,7685.439424970545,693.8881040113167
M_01231,EQ_0081,2025-02-27,33.23250257780225,4934.5624057438945,554.4846835830624
M_01232,EQ_0153,2025-02-27,32.1888017335203,3113.9880988502614,711.6216203876695
M_01233,EQ_0216,2025-02-27,35.73126827498778,1011.0831891653235,758.9704218589668
M_01234,EQ_0177,2025-02-28,23.694801458566424,5969.302838240549,800.0180810575251
M_01235,EQ_0193,2025-02-28,34.23312487254486,3166.1557110445556,859.6942236032621
M_01236,EQ_0262,2025-02-28,19.246607259408044,7106.618700468782,793.7600710514355
M_01237,EQ_0013,2025-03-01,12.719805019292114,4619.819788754786,616.1597663409048
M_01238,EQ_0188,2025-03-01,25.265615408404447,2976.5905778434335,769.6213870362507
M_01239,EQ_0221,2025-03-01,58.00159709522545,8369.714725721666,676.7212725527472
M_01240,EQ_0044,2025-03-02,50.03301777516236,8400.552554732396,558.4913223811124
M_01241,EQ_0006,2025-03-03,35.76970876287388,6826.726857172031,687.1593857025648
M_01242,EQ_0011,2025-03-04,28.869818714932595,4275.183265690544,698.7031152742999
M_01243,EQ_0074,2025-03-04,29.074450486574154,1932.1677790350968,725.4112361578636
M_01244,EQ_0224,2025-03-05,68.96556244871613,7377.249354078338,637.232659703219
M_01245,EQ_0000,2025-03-06,49.3305976860606,4491.451859589422,811.3916878662967
M_01246,EQ_0146,2025-03-06,29.20943083372861,5193.56924666811,705.5649947461429
M_01247,EQ_0156,2025-03-06,48.30612078487122,3198.7151922451267,779.8761328795088
M_01248,EQ_0065,2025-03-07,18.651620870977162,2767.7171418083044,704.515900093764
M_01249,EQ_0119,2025-03-07,34.07268389062499,9427.651559789107,686.5984170313765
M_01250,EQ_0202,2025-03-07,67.18506561002073,5118.601355343694,685.1283354750555
M_01251,EQ_0213,2025-03-07,68.20806050651183,3422.78890691188,778.9398496369507
M_01252,EQ_0024,2025-03-08,50.56886757089593,3092.705577656932,1298.6626364255658
M_01253,EQ_0077,2025-03-08,39.429026643633065,3794.5690222163503,812.8118715400624
M_01254,EQ_0115,2025-03-08,29.282895768611922,8433.762082953072,876.0993827192705
M_01255,EQ_0240,2025-03-08,62.01286851253161,7929.01472075679,805.300259210272
M_01256,EQ_0263,2025-03-08,57.03375032020354,2736.4680393334393,785.0514284748311
M_01257,EQ_0022,2025-03-09,18.848269811065883,4595.053913670953,1037.3162708665552
M_01258,EQ_0072,2025-03-09,19.25972744733367,2202.094702296923,1089.0605324125945
M_01259,EQ_0076,2025-03-09,49.219546654069106,3687.1206201471955,741.6426032001557
M_01260,EQ_0192,2025-03-09,18.571949961271834,6680.132061992271,854.5164713858984
M_01261,EQ_0196,2025-03-09,28.34867276985719,1409.7618909298294,821.9462775964031
M_01262,EQ_0255,2025-03-09,71.81568442730587,9724.835838115396,848.0934916870906
M_01263,EQ_0275,2025-03-09,19.403296069976278,3028.9253858897696,1045.8203825168928
M_01264,EQ_0051,2025-03-10,57.55841604561438,7318.54053543789,1131.8588697678788
M_01265,EQ_0151,2025-03-10,17.489815081560323,7616.314928946005,651.5769524336246
M_01266,EQ_0271,2025-03-10,17.223236878819186,3588.084959328843,862.5529632621644
M_01267,EQ_0133,2025-03-12,53.00092430731231,7015.87125537093,826.2087866234892
M_01268,EQ_0017,2025-03-13,50.58818860603342,3395.9003737484986,691.7697438435586
M_01269,EQ_0056,2025-03-13,41.386964693902584,9714.217661948653,730.1710502204701
M_01270,EQ_0173,2025-03-13,69.08849316193171,4362.956325043913,564.7913607276419
M_01271,EQ_0211,2025-03-13,13.820791237696795,2153.169207959095,690.4691015932636
M_01272,EQ_0043,2025-03-15,43.17933080952366,8043.971871034778,671.6116081496194
M_01273,EQ_0064,2025-03-15,47.78743263659712,1174.2057869651283,707.4527462757635
M_01274,EQ_0102,2025-03-16,69.24044369557414,5860.562282637603,686.5850880337558
M_01275,EQ_0106,2025-03-16,37.336259289976944,1653.1790194262694,552.5914922138511
M_01276,EQ_0122,2025-03-16,59.61129856995156,9794.578035963028,743.9926410692063
M_01277,EQ_0183,2025-03-16,21.540630183370794,3478.078584582855,896.0010336767041
M_01278,EQ_0199,2025-03-16,43.161597542969346,1534.39536370241,861.1552091945559
M_01279,EQ_0125,2025-03-17,68.5095521966509,4836.774447406004,1032.690542073286
M_01280,EQ_0129,2025-03-17,46.688017494128324,1035.9912327215538,800.1310920458615
M_01281,EQ_0200,2025-03-17,23.280676119166785,3181.9923892018046,650.5423398498389
M_01282,EQ_0295,2025-03-17,60.780025384939684,2341.8169558848017,753.2159884374848
M_01283,EQ_0099,2025-03-18,48.79154357492557,6021.896584910776,772.0327197105792
M_01284,EQ_0260,2025-03-18,49.88036530221657,7359.0789734256405,719.7831522075461
M_01285,EQ_0155,2025-03-20,25.521938253809015,4809.486141843217,816.2267220620885
M_01286,EQ_0161,2025-03-20,28.725984828788448,9183.129685953305,645.2150703764978
M_01287,EQ_0204,2025-03-20,52.55410540439944,8635.321700507782,481.76054481757683
M_01288,EQ_0229,2025-03-20,45.64805906768642,9097.051765240878,722.955951417409
M_01289,EQ_0241,2025-03-20,62.10973823974858,1618.4468776832507,566.2183456922069
M_01290,EQ_0094,2025-03-21,52.451224993298474,5159.72153259232,723.759198206845
M_01291,EQ_0107,2025-03-21,26.995875510620756,3951.8647790423624,590.5004487281951
M_01292,EQ_0273,2025-03-21,13.867365168590787,4983.764337556168,869.4559443775775
M_01293,EQ_0101,2025-03-22,45.23339306682217,4452.49833016657,635.8175190004997
M_01294,EQ_0218,2025-03-22,52.90319555434341,8399.807105195721,780.8690039402998
M_01295,EQ_0222,2025-03-22,70.48055252916589,1449.4301665315143,608.0480739952882
M_01296,EQ_0274,2025-03-22,50.499151657174735,2404.349445624297,1080.64571225342
M_01297,EQ_0016,2025-03-23,47.11799071166997,8326.520162870043,769.4661063086536
M_01298,EQ_0009,2025-03-24,22.888279884604525,4889.123250098494,1027.7885935133568
M_01299,EQ_0249,2025-03-24,40.49376258845697,5893.58224252346,815.464433269343
M_01300,EQ_0282,2025-03-24,30.17706383920338,1402.179066589697,556.6903241729854
M_01301,EQ_0231,2025-03-25,23.69704251290666,3449.4662457467834,767.7950412100454
M_01302,EQ_0090,2025-03-26,55.512944133154136,7204.835951731496,685.9162723264479
M_01303,EQ_0278,2025-03-26,54.587945945380554,8322.697129801716,637.9558364024792
M_01304,EQ_0242,2025-03-27,43.293486635548774,1956.2415046973133,666.2186799912473
M_01305,EQ_0283,2025-03-27,47.1855071800101,1031.6253369366589,724.7804494885391
M_01306,EQ_0105,2025-03-28,50.23478179021779,3443.751086882777,849.9693557867017
M_01307,EQ_0228,2025-03-28,16.866428981345063,4236.205734865247,705.01458509861
M_01308,EQ_0068,2025-03-29,33.386388886986126,4806.021354314056,659.2327331844115
M_01309,EQ_0291,2025-03-29,15.358638261792468,6687.230485042991,599.9607268050165
M_01310,EQ_0143,2025-03-30,30.528896844454145,4410.4565268500355,830.5013286668343
M_01311,EQ_0071,2025-03-31,52.79512411596282,4156.0815584743505,918.8323488475885
M_01312,EQ_0225,2025-03-31,70.31174769883471,3434.87767613984,1352.3490179854878
M_01313,EQ_0235,2025-03-31,57.29871702016283,5106.845669408996,603.8505265676745
M_01314,EQ_0052,2025-04-02,59.87375676322668,3742.8106836239645,851.1247040126286
M_01315,EQ_0058,2025-04-02,66.9918701793335,9916.306924498487,839.8207540632537
M_01316,EQ_0060,2025-04-02,27.129623365735036,9736.767610282897,861.5348649696609
M_01317,EQ_0187,2025-04-02,40.68075047123608,4886.518371268868,765.2140170411546
M_01318,EQ_0246,2025-04-02,41.53422250831912,4092.1435148751066,789.6717006538115
M_01319,EQ_0126,2025-04-03,34.326042943038644,8995.88945750901,798.3929874399369
M_01320,EQ_0157,2025-04-03,18.847275278462703,2435.085226177387,1348.707484512915
M_01321,EQ_0185,2025-04-03,65.40773574976598,4767.248737879625,784.9161668535485
M_01322,EQ_0258,2025-04-03,51.784146261756106,1623.5175789068162,1207.5617894027757
M_01323,EQ_0284,2025-04-04,43.090214464144566,7319.483579776689,794.7112543209591
M_01324,EQ_0027,2025-04-05,53.36314792974925,8245.37645711712,737.3649167824645
M_01325,EQ_0032,2025-04-05,51.66990676391351,6567.021623959186,863.8468603832464
M_01326,EQ_0148,2025-04-05,64.13576540604393,6536.629435653569,1067.422498190811
M_01327,EQ_0219,2025-04-05,53.82128927975536,7834.701311912785,631.2609361188604
M_01328,EQ_0232,2025-04-05,49.70049324269049,6098.404334551193,874.8113515303049
M_01329,EQ_0067,2025-04-06,60.18181610194075,1232.106091616451,650.2861403000895
M_01330,EQ_0111,2025-04-06,16.857057881088267,2311.1310471022953,628.0464700835211
M_01331,EQ_0159,2025-04-06,42.78405504679467,8665.758577408309,784.8962161597507
M_01332,EQ_0234,2025-04-06,49.578627155666794,4674.518285866858,727.527756787257
M_01333,EQ_0265,2025-04-06,65.75625246065314,6222.155271926902,673.7644614233803
M_01334,EQ_0041,2025-04-07,60.160093735584006,9032.44825215255,715.6155446847256
M_01335,EQ_0104,2025-04-07,39.63774578435686,3392.5028288085427,743.8602831577913
M_01336,EQ_0116,2025-04-07,32.54228759361844,5984.151649758349,821.7938807571592
M_01337,EQ_0276,2025-04-07,38.185644562581345,9309.587924854299,909.5060925663266
M_01338,EQ_0015,2025-04-08,61.20666052860929,4844.3453444511415,706.7447727302712
M_01339,EQ_0293,2025-04-08,26.89305876632352,7733.013060034217,690.2208707596158
M_01340,EQ_0093,2025-04-09,45.660651302750765,7055.783984689417,651.1122152535984
M_01341,EQ_0189,2025-04-09,41.44889260385423,4255.091153541969,855.5837831968265
M_01342,EQ_0285,2025-04-09,18.33087918144512,8055.473076830887,649.7924639702063
M_01343,EQ_0289,2025-04-09,21.064557749628293,8852.29485184325,808.9338683582931
M_01344,EQ_0298,2025-04-09,28.71276534569764,7086.331496348691,806.7000455458198
M_01345,EQ_0002,2025-04-10,65.32745624508335,1745.8667478141797,654.4334237918894
M_01346,EQ_0176,2025-04-10,43.23348039915717,4397.709970133619,674.7868153774263
M_01347,EQ_0205,2025-04-10,52.51382270006793,2574.299769993436,794.2760235617217
M_01348,EQ_0003,2025-04-11,54.235421124285324,6234.866891202052,846.2924975464728
M_01349,EQ_0069,2025-04-11,19.49356210796235,9736.91385360288,584.8949835812463
M_01350,EQ_0123,2025-04-11,58.4212768963296,3091.4982118753346,809.9340523735009
M_01351,EQ_0049,2025-04-12,28.15256666010926,7941.991732500716,654.5046394311227
M_01352,EQ_0145,2025-04-12,67.41683183500447,6837.179944002553,957.8728529519749
M_01353,EQ_0160,2025-04-12,63.83373916325331,7684.620462530413,751.1665461249303
M_01354,EQ_0167,2025-04-12,49.27497925251447,3012.5481356579066,647.4811676822851
M_01355,EQ_0259,2025-04-12,62.48692871629762,9637.210119633828,997.1296132480699
M_01356,EQ_0286,2025-04-12,31.39431023132272,5261.357239681158,813.9636957101443
M_01357,EQ_0290,2025-04-12,28.080100029579974,7195.624461341073,748.980696868839
M_01358,EQ_0168,2025-04-14,63.07648469946552,6608.29900365066,875.3080253212137
M_01359,EQ_0220,2025-04-14,21.106338450488625,3272.9458545838083,566.8114727838497
M_01360,EQ_0256,2025-04-14,13.412978248121027,1305.8903815821714,751.9232441147669
M_01361,EQ_0026,2025-04-15,68.78496511242884,2895.1445371954437,667.6510091861952
M_01362,EQ_0036,2025-04-15,13.079660708269722,2176.2135993481743,1139.0169307264955
M_01363,EQ_0087,2025-04-15,48.119922567188944,6589.190724325227,851.0246763184151
M_01364,EQ_0184,2025-04-15,31.9840796517337,5421.290546705782,842.0215783863675
M_01365,EQ_0207,2025-04-15,26.268665576650896,8583.99103615094,620.6331292955648
M_01366,EQ_0117,2025-04-16,69.80425477263616,8687.39705987812,712.4953216548807
M_01367,EQ_0215,2025-04-16,54.54312064809894,6329.372661722552,874.8649902715621
M_01368,EQ_0261,2025-04-16,50.68583372754903,6231.4744208614065,616.7749265290787
M_01369,EQ_0025,2025-04-17,69.74760825566153,9957.989116835817,879.1453156720972
M_01370,EQ_0047,2025-04-17,23.205825316416927,3646.3199142851813,628.3397061245054
M_01371,EQ_0172,2025-04-17,22.556147850820125,6488.579045881388,845.269228279577
M_01372,EQ_0140,2025-04-19,35.554757219074176,2704.9507009537583,696.5154713700163
M_01373,EQ_0165,2025-04-19,43.634236708388556,6272.585107903848,790.321091633898
M_01374,EQ_0181,2025-04-19,15.639777712657812,6388.879710178729,833.7007145545231
M_01375,EQ_0194,2025-04-20,34.56753759323157,4082.501891559429,951.2898066577601
M_01376,EQ_0214,2025-04-20,53.364945313746865,6396.038969987327,785.2788626605723
M_01377,EQ_0149,2025-04-21,66.36253922427986,3691.3630889838764,914.7845073491541
M_01378,EQ_0238,2025-04-21,20.35588470976277,7607.470689007315,514.9498951391096
M_01379,EQ_0277,2025-04-21,67.97813595619027,5275.695805505609,688.8363489583015
M_01380,EQ_0057,2025-04-23,13.348868155600208,7710.570293116308,761.0106458596072
M_01381,EQ_0037,2025-04-24,14.632205703795913,9077.818337489483,782.3720716902491
M_01382,EQ_0050,2025-04-24,59.43442851110032,9835.834568585857,742.3382584167243
M_01383,EQ_0287,2025-04-24,60.81669523009348,9310.361022003866,691.478760259175
M_01384,EQ_0292,2025-04-24,26.351173476558163,4074.4588700241156,753.2121104723057
M_01385,EQ_0297,2025-04-24,44.706276584983186,6629.855081418009,785.879480368332
M_01386,EQ_0118,2025-04-25,14.383802986647245,2759.6898861940467,745.3801862609421
M_01387,EQ_0208,2025-04-25,55.750677460222875,5542.590139757783,672.1653318023149
M_01388,EQ_0031,2025-04-26,61.51527251830668,3045.3281851921492,812.0702256667386
M_01389,EQ_0092,2025-04-26,61.3041389256528,1656.4867356006334,612.6958822699743
M_01390,EQ_0134,2025-04-26,40.35657971618457,4329.990287906343,1056.2815904217455
M_01391,EQ_0020,2025-04-27,62.9476611181193,6026.133411329015,684.6513689043883
M_01392,EQ_0035,2025-04-27,69.60723613894555,8495.113548033782,1072.2994648255615
M_01393,EQ_0150,2025-04-27,34.899891718384396,5944.2403566880685,695.858162791756
M_01394,EQ_0197,2025-04-27,36.58366808669116,1067.1676544457246,710.7583427483046
M_01395,EQ_0226,2025-04-27,30.793860468382768,2687.6456294587124,814.0504065912532
M_01396,EQ_0005,2025-04-28,40.9738851998397,1633.7980259671522,787.6725555421307
M_01397,EQ_0070,2025-04-28,28.260037312122066,6517.452038921072,1213.3990196749012
M_01398,EQ_0266,2025-04-28,42.83498840416428,7000.598748151133,708.6984023042584
M_01399,EQ_0112,2025-04-29,64.00444368491867,4244.781699021056,579.3144210176974
M_01400,EQ_0250,2025-04-29,63.17324651947822,3660.9459241135182,738.4399883430119
M_01401,EQ_0113,2025-04-30,54.78122529199925,7896.549492433767,811.9680568949505
M_01402,EQ_0243,2025-04-30,28.595090162695772,9362.495686536195,950.3184080688962
M_01403,EQ_0164,2025-05-01,58.119644723989126,3342.9872431298386,680.2992048637134
M_01404,EQ_0190,2025-05-01,56.026080568321106,5261.868440076827,676.3713408735807
M_01405,EQ_0299,2025-05-01,57.846323733413925,5278.336915519633,637.481388356932
M_01406,EQ_0000,2025-05-02,23.117737212928766,9096.370863859338,449.01726836877276
M_01407,EQ_0132,2025-05-02,66.54614033126552,7289.858119416589,972.1354697268135
M_01408,EQ_0206,2025-05-02,54.86762477301528,9708.950010568484,802.83230632441
M_01409,EQ_0141,2025-05-03,27.102757418762344,6709.525795211334,734.8370494461233
M_01410,EQ_0281,2025-05-03,37.54368381380844,8061.4017611177005,842.4046036133244
M_01411,EQ_0004,2025-05-04,32.46347055838857,4085.3699554629848,588.0207404091962
M_01412,EQ_0062,2025-05-04,56.596460331050324,9638.973696914292,687.0984926070495
M_01413,EQ_0086,2025-05-04,60.98141506804579,9098.269015239053,649.1030316803364
M_01414,EQ_0170,2025-05-04,66.21545019656779,6851.284476423727,700.4268052526119
M_01415,EQ_0038,2025-05-05,53.37996261764579,6730.8750545291205,523.768260552656
M_01416,EQ_0084,2025-05-05,59.77657426923909,3542.0036068148343,673.3251134334123
M_01417,EQ_0223,2025-05-05,39.7917047069532,3168.782306244445,674.4874143875911
M_01418,EQ_0008,2025-05-06,69.815141595085,4418.046440204407,891.6042450569746
M_01419,EQ_0135,2025-05-06,20.27654954931946,8863.65084924742,666.6408556286449
M_01420,EQ_0217,2025-05-06,57.99756277262955,4207.381247767011,728.1341609111402
M_01421,EQ_0012,2025-05-07,16.758545845887006,3045.0726869813016,654.660649248116
M_01422,EQ_0082,2025-05-07,70.49260722976634,2505.6060223782356,644.4630268157069
M_01423,EQ_0128,2025-05-07,25.44614269877614,3307.9409999702966,1005.9661033677819
M_01424,EQ_0010,2025-05-08,29.190890518116234,9461.444605976742,675.9901444969911
M_01425,EQ_0110,2025-05-08,40.63778664846717,6583.134670791471,799.2887813276333
M_01426,EQ_0120,2025-05-08,16.338202754365778,4450.930403336742,859.5133205698046
M_01427,EQ_0152,2025-05-08,41.65332455556069,8711.898227525586,935.5565385483683
M_01428,EQ_0163,2025-05-08,63.541209539756544,6650.280193011861,720.7064949757342
M_01429,EQ_0059,2025-05-09,46.56346800353454,3549.9979191087577,715.1501802468639
M_01430,EQ_0095,2025-05-09,28.227275563618434,2132.4667618662606,1167.6664819403939
M_01431,EQ_0294,2025-05-09,12.338398149021268,1244.7680902699847,652.6844610376653
M_01432,EQ_0039,2025-05-10,14.63941411970846,9313.265694372383,736.560548536046
M_01433,EQ_0063,2025-05-10,22.49684344868264,8167.702211035836,938.1617845788269
M_01434,EQ_0171,2025-05-10,14.87226566453149,1065.8486545009964,1056.3111657898314
M_01435,EQ_0174,2025-05-10,70.44276890750662,3505.2972058121477,631.1745310398458
M_01436,EQ_0233,2025-05-10,65.37466975630673,4053.8882881519985,738.6342655463812
M_01437,EQ_0269,2025-05-10,61.465721472539414,6402.217456783357,571.8612807111107
M_01438,EQ_0088,2025-05-11,26.525690731385062,5822.300829873901,915.4905619065057
M_01439,EQ_0098,2025-05-11,35.69172495109465,5658.474594839903,1234.158464154255
M_01440,EQ_0078,2025-05-12,22.031332018166374,1342.0264120890242,788.2150789582994
M_01441,EQ_0089,2025-05-12,41.87410552653401,8766.925241198878,975.1951441895922
M_01442,EQ_0198,2025-05-12,40.20833187873161,9212.45645057451,1018.758783492797
M_01443,EQ_0296,2025-05-12,69.82155284018785,9316.498203719877,759.4058250313949
M_01444,EQ_0085,2025-05-13,53.16595202244201,7327.166422324104,682.3202760736774
M_01445,EQ_0191,2025-05-13,33.19116530338597,5038.757697147206,831.0611773038991
M_01446,EQ_0248,2025-05-13,70.75061029519395,3824.4617058200874,738.9200533616598
M_01447,EQ_0142,2025-05-14,46.98109774842885,6168.146082505289,799.3710223199506
M_01448,EQ_0216,2025-05-14,29.175918906020335,5897.950013218195,710.9203518305924
M_01449,EQ_0252,2025-05-14,44.0694804109434,5042.92969440262,720.9261676540394
M_01450,EQ_0075,2025-05-15,68.21510124959445,2329.946478883856,852.1556030907815
M_01451,EQ_0154,2025-05-15,44.941834200194215,8739.218424295594,763.7359415116655
M_01452,EQ_0178,2025-05-15,36.73517978160943,5477.359849708698,1229.6965252505292
M_01453,EQ_0280,2025-05-15,61.28760288630856,4472.752360036184,846.3083353447124
M_01454,EQ_0100,2025-05-16,50.642298723089894,5950.493062775213,782.2635661916519
M_01455,EQ_0182,2025-05-16,19.407813536142715,2499.513208411099,605.2631826486179
M_01456,EQ_0203,2025-05-17,37.09623045203606,8033.807742187297,939.5558497799789
M_01457,EQ_0210,2025-05-17,18.006401657552363,1857.5128916607032,920.189519793946
M_01458,EQ_0270,2025-05-17,15.94283539279825,4756.7209518228265,801.917458616898
M_01459,EQ_0186,2025-05-18,14.720146909146482,4761.576154511535,936.3422131564404
M_01460,EQ_0279,2025-05-18,63.899705396283146,8952.55285332349,961.2515856805778
M_01461,EQ_0055,2025-05-19,43.502664299394276,1334.0020030637118,889.1869859042865
M_01462,EQ_0083,2025-05-19,14.036081594211243,4134.899518445361,867.3954803962184
M_01463,EQ_0091,2025-05-20,51.255848523868295,6106.837240437411,825.0676480866925
M_01464,EQ_0169,2025-05-20,36.3936665123244,8221.744622669816,817.166892661614
M_01465,EQ_0014,2025-05-21,52.34705248188878,9207.872113769343,775.8754513096345
M_01466,EQ_0212,2025-05-21,45.37531144547789,1281.060757554516,690.330828822271
M_01467,EQ_0029,2025-05-22,41.11763270533726,7459.837144882064,1563.4061207302896
M_01468,EQ_0136,2025-05-22,26.90317663631244,2152.7076282933085,624.6643413565953
M_01469,EQ_0236,2025-05-22,69.56535722639018,4547.7900053674975,686.8624424480934
M_01470,EQ_0247,2025-05-22,36.82774695714381,9352.687512905208,684.176788402039
M_01471,EQ_0146,2025-05-23,40.74371958975794,2019.308171087995,628.2633877434099
M_01472,EQ_0043,2025-05-24,46.80816538654324,4223.729992904098,635.8186583949711
M_01473,EQ_0080,2025-05-24,35.122104847021575,8478.985851909838,876.651206387172
M_01474,EQ_0166,2025-05-24,51.5771199624031,4888.371391578017,1448.6470659530985
M_01475,EQ_0103,2025-05-25,57.79395920740229,5915.100503731171,985.9929381835476
M_01476,EQ_0119,2025-05-25,35.105262047304265,1063.5928128043204,615.1958155870358
M_01477,EQ_0139,2025-05-26,44.74883297331232,3552.458930140373,699.2266363268488
M_01478,EQ_0158,2025-05-26,21.427252741279347,6736.415701284364,677.0442060271566
M_01479,EQ_0262,2025-05-26,17.79587222263563,1577.101106036619,564.3089321137572
M_01480,EQ_0268,2025-05-26,54.80077076801908,3425.916117913634,884.2746529854354
M_01481,EQ_0028,2025-05-27,45.86928477303416,4983.094859888208,827.8714846632988
M_01482,EQ_0073,2025-05-28,53.937119147595155,5569.504811971888,1007.2372998540326
M_01483,EQ_0147,2025-05-28,28.058095010720915,8981.436123879284,670.9367459030695
M_01484,EQ_0040,2025-05-29,51.34189297559135,6628.275321480669,760.3791931839176
M_01485,EQ_0051,2025-05-29,19.730178753301473,9203.338315112447,596.3062569473198
M_01486,EQ_0074,2025-05-29,32.89598104340331,7703.310892395703,672.676844768439
M_01487,EQ_0131,2025-05-29,53.79397282907882,9861.91051743145,731.4917935698155
M_01488,EQ_0061,2025-05-30,70.89994789478057,9846.204732549984,697.419067061399
M_01489,EQ_0124,2025-05-30,61.809265339054654,3766.1873026093335,790.0120347079727
M_01490,EQ_0244,2025-05-30,35.592414839230244,6017.0422806758115,806.6305712799083
M_01491,EQ_0001,2025-05-31,69.97849207785751,3531.0007834632715,707.9647409104585
M_01492,EQ_0133,2025-05-31,18.42036235882934,8283.16732972244,719.317057621681
M_01493,EQ_0180,2025-05-31,49.022111286084936,9278.167446782889,727.3117039055843
M_01494,EQ_0188,2025-05-31,58.604871875897686,4940.220588855929,801.4228549742643
M_01495,EQ_0201,2025-06-01,19.85678200514292,4513.961851035272,691.9031852842049
M_01496,EQ_0213,2025-06-01,48.82877900836502,9582.87779322203,629.6375876841996
M_01497,EQ_0264,2025-06-01,27.015173490272886,9751.746277051416,793.736912133417
M_01498,EQ_0018,2025-06-02,64.3652716099526,7372.6963501564405,883.2761270725513
M_01499,EQ_0034,2025-06-02,46.19020123890935,8237.440176336944,812.0508832066757
M_01500,EQ_0109,2025-06-02,14.267433774641642,9929.332707996387,861.6231754934644
M_01501,EQ_0153,2025-06-02,30.92295777490017,8070.395537071536,747.846268010886
M_01502,EQ_0137,2025-06-03,27.024873940507398,3332.2746686911732,728.1037421619882
M_01503,EQ_0173,2025-06-03,17.592363899479345,7910.486172904606,635.5400832486184
M_01504,EQ_0200,2025-06-03,46.7545316867007,1503.7794348248913,581.8984404972485
M_01505,EQ_0267,2025-06-03,47.50929350787697,4409.576181226891,961.9291426947296
M_01506,EQ_0272,2025-06-03,27.039335918677928,5084.356696268645,913.4388558492615
M_01507,EQ_0295,2025-06-03,27.911642727873097,2766.8609194789624,655.5728249451298
M_01508,EQ_0127,2025-06-04,19.556142756464578,9564.964348151787,895.4321782764363
M_01509,EQ_0129,2025-06-04,18.84202448307476,3684.4340072982413,507.44960882709904
M_01510,EQ_0237,2025-06-04,34.137809786141254,2420.1472504038866,807.366641353768
M_01511,EQ_0239,2025-06-04,46.471137798307936,6602.9752001925945,932.3990508231345
M_01512,EQ_0048,2025-06-05,61.644674263362624,5793.239608961613,1036.9924068362636
M_01513,EQ_0106,2025-06-05,13.985180983269458,9175.766287820665,670.158996652083
M_01514,EQ_0030,2025-06-06,14.75571904350678,6677.532412372826,810.4401356612946
M_01515,EQ_0007,2025-06-07,18.975658827253902,7259.02817919784,784.8774361053363
M_01516,EQ_0017,2025-06-07,41.37558002757869,1574.9684563802616,640.7290983168914
M_01517,EQ_0066,2025-06-07,42.21603648294607,2680.8353190178973,832.3078436658664
M_01518,EQ_0054,2025-06-08,20.927211984278465,9275.952395747774,710.3557592761305
M_01519,EQ_0099,2025-06-08,43.80675993937065,8120.392767328385,636.6142232254673
M_01520,EQ_0196,2025-06-08,29.906452796678373,1884.5765281480749,803.5670251171523
M_01521,EQ_0256,2025-06-08,48.68281379536643,8999.35576618633,516.6249594045411
M_01522,EQ_0101,2025-06-09,64.8047196674561,3634.1934273864345,656.8214110626626
M_01523,EQ_0102,2025-06-09,12.70505366150995,9275.165303396874,651.7551433313947
M_01524,EQ_0130,2025-06-09,29.839465614303766,3347.5178286588607,742.2825545866658
M_01525,EQ_0011,2025-06-10,53.537578824675585,6675.513821356964,736.7346025158773
M_01526,EQ_0019,2025-06-10,56.597646187035636,5470.339481210954,731.520313183559
M_01527,EQ_0185,2025-06-10,39.794265894138405,3602.591926927947,628.9396807840606
M_01528,EQ_0097,2025-06-11,32.47372291239812,4719.625711074499,1074.998079642706
M_01529,EQ_0138,2025-06-11,14.414464352278923,3430.21287118807,645.6009544868123
M_01530,EQ_0273,2025-06-11,46.27317401545925,2468.2153917390265,594.6385981171175
M_01531,EQ_0096,2025-06-12,63.342165201962935,5880.012660792708,713.159018971628
M_01532,EQ_0193,2025-06-12,33.70002581480337,5275.721437286677,844.5263090359565
M_01533,EQ_0254,2025-06-12,51.90810080193836,2384.0049265532075,833.5034224180567
M_01534,EQ_0288,2025-06-12,62.72744255525115,5643.57294008451,913.6018971235718
M_01535,EQ_0151,2025-06-13,42.85264870667708,7642.352865194185,694.2710405070555
M_01536,EQ_0227,2025-06-13,39.424716557579984,4146.027479650995,737.7737935710776
M_01537,EQ_0044,2025-06-14,53.6718458318869,1176.0426076907975,659.526403008672
M_01538,EQ_0245,2025-06-14,44.496653264935695,2130.1242184951457,1028.824129915256
M_01539,EQ_0067,2025-06-15,51.95090892134691,2246.3320270001113,561.2261983001258
M_01540,EQ_0079,2025-06-15,19.376995179811104,1248.1734820807299,798.7976677757762
M_01541,EQ_0115,2025-06-15,53.916640602633834,7471.612468697984,914.8297219644221
M_01542,EQ_0144,2025-06-15,58.45925819969604,5362.986277883897,1008.8841713078529
M_01543,EQ_0022,2025-06-16,54.858613357725744,8054.840843940191,799.3770848008076
M_01544,EQ_0060,2025-06-16,17.14535689409912,6062.06683447264,718.0275787281457
M_01545,EQ_0209,2025-06-16,24.869149869292,6564.759846995518,823.1060272368459
M_01546,EQ_0283,2025-06-16,64.62738987976778,2476.6114198293453,654.1619548092515
M_01547,EQ_0206,2025-06-17,62.91784381816567,3821.809735046403,309.4615358365158
M_01548,EQ_0240,2025-06-17,47.61819160126579,7727.597303067895,874.4601594199861
M_01549,EQ_0023,2025-06-18,26.274402143307427,4619.990402645709,843.7825728429577
M_01550,EQ_0253,2025-06-18,70.42365778874239,8379.904494756245,778.2960371421608
M_01551,EQ_0265,2025-06-18,63.62926757024777,6386.36517094067,626.2602027086766
M_01552,EQ_0042,2025-06-19,65.17851159217959,1601.6283618215227,748.2462460413853
M_01553,EQ_0046,2025-06-19,27.959945929239993,6580.125427212837,873.6464645399774
M_01554,EQ_0077,2025-06-19,20.174731988620927,7062.36475885227,633.2607188187657
M_01555,EQ_0202,2025-06-19,24.891912321742716,3326.504323801554,751.8411460463396
M_01556,EQ_0274,2025-06-19,57.71099003644058,1453.4970919942562,778.5770999331451
M_01557,EQ_0072,2025-06-20,69.46357864846756,8782.77383844793,633.8618043625187
M_01558,EQ_0093,2025-06-20,19.812443655996425,7524.995616126007,555.5451446793438
M_01559,EQ_0257,2025-06-20,58.72371010785184,3703.297350921107,785.3341855036947
M_01560,EQ_0024,2025-06-21,68.65324919349456,7541.908362368771,919.5821842386248
M_01561,EQ_0156,2025-06-21,54.35495979776082,9137.726840125499,803.4432984414068
M_01562,EQ_0065,2025-06-22,19.626216360096098,3420.9929198729565,781.7247432932135
M_01563,EQ_0271,2025-06-22,15.328116136947585,7656.767540174121,782.2484751495531
M_01564,EQ_0282,2025-06-22,18.126468354544066,5401.674553329742,774.6883240089144
M_01565,EQ_0249,2025-06-23,24.687827180010583,4166.551104835056,737.7921528340329
M_01566,EQ_0052,2025-06-24,13.09039783745897,3370.674281607172,676.1092493848893
M_01567,EQ_0162,2025-06-24,71.04353606382814,7419.567067211044,958.0932555554073
M_01568,EQ_0179,2025-06-24,46.025224744636546,1521.5435902401305,1071.745139126149
M_01569,EQ_0263,2025-06-24,42.555652270962995,2125.3939811162513,707.2516802805752
M_01570,EQ_0068,2025-06-25,35.77859480048139,5531.659656305973,543.6327522167785
M_01571,EQ_0076,2025-06-25,55.40195414204595,1269.4802428764358,809.0565585865701
M_01572,EQ_0090,2025-06-25,64.88469400164284,1040.2045864275362,689.3412045971113
M_01573,EQ_0232,2025-06-25,54.726691259497166,5189.000129307208,672.0947601603681
M_01574,EQ_0020,2025-06-26,19.61293958608229,9627.154282564354,423.41832374576524
M_01575,EQ_0121,2025-06-26,26.148714763669673,2354.2220636494712,862.7741320612462
M_01576,EQ_0222,2025-06-26,45.171876168209884,4474.306099971965,811.6166768015397
M_01577,EQ_0251,2025-06-26,31.44808927005478,2493.36370021103,794.4354326245841
M_01578,EQ_0231,2025-06-27,32.81904765177751,6670.833786423121,783.8855137280177
M_01579,EQ_0013,2025-06-28,68.46164848000505,8473.703223256722,815.8994380953887
M_01580,EQ_0081,2025-06-28,61.80723300715842,2323.9162404194376,779.9020453325796
M_01581,EQ_0108,2025-06-28,39.26552958606291,9380.7573487001,868.0037423082643
M_01582,EQ_0116,2025-06-29,36.14544318903479,6455.819925322964,740.3208339839346
M_01583,EQ_0145,2025-06-30,70.99850375659352,8720.948343444896,676.438693703215
M_01584,EQ_0205,2025-06-30,39.525924403717866,2854.50068218416,504.28114793684165
M_01585,EQ_0211,2025-06-30,42.09763113940335,9602.938045665225,720.0983512421606
M_01586,EQ_0242,2025-06-30,43.711257606317396,6769.856568047784,701.5877400950008
M_01587,EQ_0161,2025-07-02,19.957923826481604,1022.0498294261575,801.5945453956741
M_01588,EQ_0126,2025-07-03,15.432265585206395,9008.33535377859,757.1267864778946
M_01589,EQ_0003,2025-07-04,60.27254091397684,3265.7344130591964,583.4292346695368
M_01590,EQ_0172,2025-07-04,51.31227331674569,9310.958510738226,739.6051740391738
M_01591,EQ_0002,2025-07-05,22.139588268716906,8192.564531269498,646.4874648747486
M_01592,EQ_0056,2025-07-05,24.041006729776182,7634.402887750872,846.4093931954858
M_01593,EQ_0123,2025-07-05,18.534345132057627,7044.681131142796,694.6911960979428
M_01594,EQ_0159,2025-07-05,44.30418046717605,9400.971025674513,693.206326798122
M_01595,EQ_0224,2025-07-05,38.637394232714655,9265.952719249357,814.7576639658541
M_01596,EQ_0258,2025-07-05,16.697844875333338,6853.5703762719495,719.7188129031741
M_01597,EQ_0032,2025-07-06,36.24774473935084,2913.4884609400615,604.11920501511
M_01598,EQ_0199,2025-07-06,39.29156214529009,9545.86331441371,722.783634648016
M_01599,EQ_0229,2025-07-06,42.592769458810544,2066.193538905582,839.6898620780686
M_01600,EQ_0207,2025-07-07,38.983884994439244,4151.84829222836,657.5924233396846
M_01601,EQ_0225,2025-07-07,26.50248483514083,4013.653322071016,740.1340005951176
M_01602,EQ_0148,2025-07-08,71.97522301888483,8674.453460104402,885.9876619256333
M_01603,EQ_0149,2025-07-08,45.13957954320861,6936.578798389101,705.5396789503725
M_01604,EQ_0276,2025-07-08,13.262212261198986,6206.684631157893,747.1524014133655
M_01605,EQ_0157,2025-07-09,66.13325622749038,5921.602678824661,716.6990063944482
M_01606,EQ_0160,2025-07-10,25.13357369411137,1013.0860980945761,705.9455171096106
M_01607,EQ_0192,2025-07-10,58.428672819087964,4498.678215973338,820.8360806344754
M_01608,EQ_0286,2025-07-10,55.74820342612751,2192.868072780694,748.3762617588701
M_01609,EQ_0027,2025-07-11,54.00212285286625,4840.652641369323,686.7258794629793
M_01610,EQ_0041,2025-07-11,36.71317342420145,1912.8473788914869,754.6291471680264
M_01611,EQ_0071,2025-07-11,51.51407418943992,5290.247642587416,823.3712229546874
M_01612,EQ_0187,2025-07-11,20.634497452372678,5357.623447372983,951.3144393797608
M_01613,EQ_0255,2025-07-11,26.11853706117752,1868.727721963841,1044.507742893889
M_01614,EQ_0299,2025-07-11,22.191114517948414,6711.834146724137,607.4072712253638
M_01615,EQ_0062,2025-07-12,62.98820128456572,1724.703179024611,593.0037815890686
M_01616,EQ_0104,2025-07-12,30.178099355000455,2103.66530260297,725.7360354716262
M_01617,EQ_0125,2025-07-12,45.93535564508303,7422.316752652497,850.458148851553
M_01618,EQ_0113,2025-07-13,50.08270505972937,3265.286941540029,635.1558985270837
M_01619,EQ_0291,2025-07-14,49.65814116918945,1460.3492286959286,744.7353887857457
M_01620,EQ_0045,2025-07-15,37.097203992914096,1938.6899920206324,1383.0208147065778
M_01621,EQ_0059,2025-07-15,15.620514711648271,1719.941435467611,545.9134707720472
M_01622,EQ_0094,2025-07-15,17.2963906858038,9295.200538039044,708.7281029396248
M_01623,EQ_0103,2025-07-15,66.631389908007,4851.832916078198,423.77067516131336
M_01624,EQ_0285,2025-07-16,52.817743146586544,4571.367432337559,661.2061892827824
M_01625,EQ_0290,2025-07-16,70.39399111420445,5903.349291779982,737.8352771579681
M_01626,EQ_0006,2025-07-17,25.998559609095253,3780.2566582568084,1102.0293302495636
M_01627,EQ_0016,2025-07-17,18.980072566553652,9016.29023882587,836.8531558056418
M_01628,EQ_0064,2025-07-17,20.401849482542694,5924.71714666399,722.0281127781781
M_01629,EQ_0069,2025-07-17,39.975226409446705,5741.309876507569,700.4928352874444
M_01630,EQ_0260,2025-07-17,17.12383870429579,6545.610151114069,799.0105999812993
M_01631,EQ_0107,2025-07-19,39.929146022115205,5098.172231158111,1009.164811079233
M_01632,EQ_0175,2025-07-19,32.603211681553915,4381.563018862225,1165.2509742530622
M_01633,EQ_0208,2025-07-19,17.804915673509935,6803.926081536845,626.759488329712
M_01634,EQ_0241,2025-07-19,32.89055047170437,7432.1188001522905,946.7231514498403
M_01635,EQ_0049,2025-07-20,54.72818824877433,7180.724101221243,724.4382838969884
M_01636,EQ_0150,2025-07-20,31.39323146874761,9262.41519393175,711.246003830078
M_01637,EQ_0226,2025-07-20,50.809366326823024,9555.52120614401,706.5701190497515
M_01638,EQ_0009,2025-07-21,42.13737696505886,2833.099039448961,791.2401342823075
M_01639,EQ_0204,2025-07-21,19.996017425253306,9812.536861183911,912.0022431092387
M_01640,EQ_0277,2025-07-21,54.58175797359006,4395.696867195989,754.4857381632586
M_01641,EQ_0177,2025-07-22,57.39335970169217,5932.933631368704,1145.5954261684874
M_01642,EQ_0238,2025-07-22,54.35858443846095,6009.665803512427,764.0920677621754
M_01643,EQ_0010,2025-07-23,15.013214924564993,5161.23528928771,595.0799419007177
M_01644,EQ_0128,2025-07-23,62.318057097684544,1000.0122997910447,574.9617328262023
M_01645,EQ_0143,2025-07-23,67.48528093677217,3324.815893613547,863.9632381698042
M_01646,EQ_0218,2025-07-24,66.43677464628914,3747.6554682696847,898.3058850003823
M_01647,EQ_0234,2025-07-24,56.322858369854366,6591.7231924125645,687.8859518732204
M_01648,EQ_0050,2025-07-25,66.48826029923418,5915.441740838978,848.6327180063456
M_01649,EQ_0058,2025-07-25,46.817679555337286,4094.560150895903,847.6992237394703
M_01650,EQ_0219,2025-07-25,53.65042484628849,8375.494518240052,690.804055046043
M_01651,EQ_0038,2025-07-26,57.27595298025141,6333.872647544229,670.1060220421937
M_01652,EQ_0183,2025-07-26,67.9713053644109,1048.2164527871637,912.3136420817787
M_01653,EQ_0033,2025-07-27,29.003628358181665,3093.8032007271704,1058.9229611293185
M_01654,EQ_0053,2025-07-27,42.25956597898116,5170.491797657902,1585.7617742951497
M_01655,EQ_0169,2025-07-27,57.946457960180105,6153.572749365388,569.0829931923678
M_01656,EQ_0259,2025-07-27,16.722454857948705,8383.093286254176,832.5509384670027
M_01657,EQ_0292,2025-07-27,14.655604059023535,9771.824360518862,800.8250437677472
M_01658,EQ_0000,2025-07-28,15.133726339368,4774.245116772825,618.2693796155887
M_01659,EQ_0084,2025-07-28,27.088341906895778,7595.091450266935,601.4930677747501
M_01660,EQ_0136,2025-07-28,38.16147656703633,7366.42261791517,555.3838157558557
M_01661,EQ_0233,2025-07-28,13.901260445698759,9380.40537926594,709.7664031964937
M_01662,EQ_0171,2025-07-29,48.35067192126505,6686.772959197946,534.7885909084372
M_01663,EQ_0070,2025-07-30,48.60795835462652,9849.554150967435,847.4518469683998
M_01664,EQ_0190,2025-07-30,71.80759875495785,5183.740928741913,809.2073127047985
M_01665,EQ_0037,2025-07-31,64.5640972588326,2445.9419369141924,712.5147552370829
M_01666,EQ_0073,2025-07-31,35.34682903745248,1226.9418117559821,492.16830745591915
M_01667,EQ_0122,2025-07-31,55.67321989612282,6778.88292332829,1027.4381933408742
M_01668,EQ_0214,2025-07-31,51.52518797375586,8178.9235770225205,700.241097070734
M_01669,EQ_0235,2025-07-31,48.63274516309285,6564.6928498021025,866.579405005292
M_01670,EQ_0114,2025-08-01,31.775902709010577,1900.377083737425,1726.3921197368588
M_01671,EQ_0221,2025-08-01,44.979521382220966,1818.1603119461531,1104.8569510847578
M_01672,EQ_0223,2025-08-01,70.8239532602836,4533.229978211573,752.0856733642062
M_01673,EQ_0230,2025-08-01,65.60169677640329,9262.689679520561,1133.4033935695873
M_01674,EQ_0184,2025-08-03,44.78933924747436,6615.548298338373,863.8683557818233
M_01675,EQ_0092,2025-08-05,39.21479677556002,4426.772189716396,629.9151811414987
M_01676,EQ_0105,2025-08-05,66.3038328934834,8007.654153327728,1043.239109505853
M_01677,EQ_0167,2025-08-05,69.03392188148554,1031.2511665295979,770.5212917008351
M_01678,EQ_0215,2025-08-05,22.90885550724088,4258.313215117271,734.9201266611913
M_01679,EQ_0293,2025-08-06,70.43890568169635,3095.352838223922,904.2391194016492
M_01680,EQ_0163,2025-08-07,56.20894638006391,9165.359284232762,752.7274952457442
M_01681,EQ_0228,2025-08-07,17.57234592811364,3091.035756283716,894.5099361408843
M_01682,EQ_0281,2025-08-07,58.0011778412796,4832.5901897939475,697.6491826666979
M_01683,EQ_0008,2025-08-08,57.317063936723116,5118.565123629645,655.0765503534076
M_01684,EQ_0266,2025-08-08,23.54797702585297,4133.352432788934,727.8684408719427
M_01685,EQ_0120,2025-08-09,52.360479471300884,2045.2882526388867,634.3334010452373
M_01686,EQ_0246,2025-08-09,24.581493380923085,4641.752567937538,1074.8787712806622
M_01687,EQ_0028,2025-08-10,59.5501798093826,9253.031753026211,557.8285772616576
M_01688,EQ_0178,2025-08-10,26.059474465751745,3192.027310515182,699.3445036796525
M_01689,EQ_0031,2025-08-11,51.856714733085816,2394.493075156798,802.5112369388759
M_01690,EQ_0087,2025-08-11,15.573790805294195,9162.893752923706,921.6058534231479
M_01691,EQ_0142,2025-08-11,27.671290436263785,1079.6396824352387,657.4452161269702
M_01692,EQ_0155,2025-08-11,13.7598947405122,8871.117467057618,1204.6394781215215
M_01693,EQ_0075,2025-08-12,38.97652420490613,8413.172584719581,806.3982416076745
M_01694,EQ_0119,2025-08-12,20.12049825658551,2582.4765021930334,529.8825417428711
M_01695,EQ_0268,2025-08-12,69.46476309741581,6245.209154759425,669.492477325792
M_01696,EQ_0270,2025-08-12,68.13594301881545,6647.028201564794,684.4792813224905
M_01697,EQ_0278,2025-08-12,58.610591615288115,9903.000833168906,869.6913564073609
M_01698,EQ_0279,2025-08-12,66.68084891715736,4110.486683307383,655.8314625055701
M_01699,EQ_0021,2025-08-13,55.29623884927229,2886.9350651891955,1496.3347880574004
M_01700,EQ_0135,2025-08-13,35.025419728721396,7147.711380090683,725.882234258305
M_01701,EQ_0284,2025-08-13,12.803861389617094,3728.5041320323194,944.9150419546417
M_01702,EQ_0047,2025-08-14,53.83677980536661,2647.808075490904,759.4332992093813
M_01703,EQ_0083,2025-08-14,35.97728694996723,2461.1879872408635,580.3339236155119
M_01704,EQ_0164,2025-08-14,56.566141299182085,1732.515254387275,892.5227932958096
M_01705,EQ_0197,2025-08-14,31.208815656674826,9741.613709290225,749.4226208340198
M_01706,EQ_0029,2025-08-15,60.16311771268216,1217.0589254343327,609.4980119981018
M_01707,EQ_0165,2025-08-15,29.90400739557057,4366.989177211923,707.7689620762873
M_01708,EQ_0198,2025-08-15,62.93709366077536,8853.367485975432,757.8575178675422
M_01709,EQ_0111,2025-08-16,37.926176660949025,2467.276927455775,879.6399822098385
M_01710,EQ_0220,2025-08-16,61.05085807159712,7416.903491551062,1060.423945543295
M_01711,EQ_0015,2025-08-17,17.0018846788938,8576.745426991078,1004.0903577797916
M_01712,EQ_0168,2025-08-17,48.40883103629355,6416.436500741572,824.6977999001068
M_01713,EQ_0181,2025-08-17,59.73384832287423,2367.1216794387606,878.0652984924583
M_01714,EQ_0140,2025-08-18,51.425916887383316,3523.05078142012,761.5517213037654
M_01715,EQ_0201,2025-08-18,13.532166405784023,9550.63895135216,654.6689276502985
M_01716,EQ_0250,2025-08-18,65.03359715192474,9948.183174144831,947.4356162709956
M_01717,EQ_0261,2025-08-18,16.843316818038797,5456.974364471845,830.8327664591964
M_01718,EQ_0139,2025-08-19,39.002839362864876,1083.2067811547133,665.3744646673515
M_01719,EQ_0189,2025-08-19,27.598323415744286,6534.309858838604,948.1049565409214
M_01720,EQ_0275,2025-08-19,31.176837528763414,3459.423858849203,1315.8577578582144
M_01721,EQ_0044,2025-08-20,54.69113290859193,1652.9358318130226,540.9828903754353
M_01722,EQ_0106,2025-08-20,19.911236840545996,8748.79710650986,687.7790950189627
M_01723,EQ_0217,2025-08-20,32.202868645849684,6675.711570779375,717.3987197934797
M_01724,EQ_0236,2025-08-20,71.58857383963996,2280.6554511065606,629.314441942518
M_01725,EQ_0134,2025-08-21,68.65619733795512,9206.919843951595,953.352025949992
M_01726,EQ_0158,2025-08-21,54.38473158395877,9928.660675504449,724.2664382097291
M_01727,EQ_0026,2025-08-22,22.361302340896916,9090.409370221032,907.3475029853823
M_01728,EQ_0194,2025-08-22,50.88581038462631,1292.1883196325866,900.2636389519995
M_01729,EQ_0203,2025-08-22,42.86582062749718,5463.64183721766,804.1809235551365
M_01730,EQ_0004,2025-08-23,68.325490089477,3347.6035339876466,734.5549727981542
M_01731,EQ_0085,2025-08-23,66.44705077977761,2649.8329328496993,766.1530192833407
M_01732,EQ_0098,2025-08-23,14.120550035710306,9226.466047234893,815.6410422395529
M_01733,EQ_0102,2025-08-23,47.23986054231927,9053.147910211386,616.6031390028846
M_01734,EQ_0110,2025-08-24,47.43304455094406,2025.36593027104,849.2355598121276
M_01735,EQ_0051,2025-08-25,23.84737558969404,5464.702603686788,645.9075105706651
M_01736,EQ_0170,2025-08-25,21.89687451685767,3226.290375558427,988.2547487382171
M_01737,EQ_0180,2025-08-25,58.64101040562486,4504.369224267295,612.9997193343933
M_01738,EQ_0272,2025-08-25,48.52740443918076,6918.140952960958,716.3757110687866
M_01739,EQ_0074,2025-08-27,30.67275505708942,8100.7510571747625,675.7489005825885
M_01740,EQ_0095,2025-08-27,51.99505914138429,5112.852579228478,791.0649169319842
M_01741,EQ_0112,2025-08-27,44.99673318216718,8378.074821065244,770.7038768365264
M_01742,EQ_0254,2025-08-27,64.25975365338412,7305.747306250404,516.6099450527811
M_01743,EQ_0265,2025-08-27,41.55289507394676,2125.0491098639277,696.711898277119
M_01744,EQ_0012,2025-08-28,17.65498270582895,6419.5781382260075,920.123608906806
M_01745,EQ_0089,2025-08-28,59.512728289889054,3292.5241337695484,654.5478423854506
M_01746,EQ_0101,2025-08-28,34.584533468642746,6609.467608572817,762.5055753354925
M_01747,EQ_0117,2025-08-28,57.874333884540086,6683.428305267794,1138.036570940676
M_01748,EQ_0133,2025-08-28,14.604758071655894,8841.94596616819,809.4907666426797
M_01749,EQ_0146,2025-08-28,51.428328471326054,4144.586490652418,822.6099149985981
M_01750,EQ_0154,2025-08-28,27.576537574902282,7807.162590771983,898.3765383994094
M_01751,EQ_0280,2025-08-28,44.63090567717182,6364.383076400474,722.7801846007276
M_01752,EQ_0210,2025-08-29,30.31029266637136,1249.3463569218586,751.0548600417579
M_01753,EQ_0296,2025-08-29,70.19566758495762,5184.885441846151,756.5274152723641
M_01754,EQ_0035,2025-08-30,42.49459342889243,3376.7055879487516,843.2160123810653
M_01755,EQ_0060,2025-08-30,54.60011591178483,6381.590681954126,613.657372586746
M_01756,EQ_0088,2025-08-30,62.068759538220995,6130.908399789337,678.9393731504551
M_01757,EQ_0247,2025-08-30,31.602340926447898,3709.28588037667,689.8881817811125
M_01758,EQ_0256,2025-08-30,48.42157555462893,7593.498481048479,618.7901822433689
M_01759,EQ_0182,2025-08-31,71.43751155905285,9341.348629409094,679.3716266493998
M_01760,EQ_0267,2025-08-31,22.153219942585284,3784.451231094788,695.0623176087996
M_01761,EQ_0091,2025-09-01,50.26668636811119,2442.1113487214657,769.0977015201054
M_01762,EQ_0153,2025-09-01,35.26395795033284,9124.813538578557,669.467253897978
M_01763,EQ_0243,2025-09-01,44.28488594997597,1676.9317482015476,712.5253186375511
M_01764,EQ_0082,2025-09-02,36.621167258317925,5077.681667262217,783.2041000256054
M_01765,EQ_0086,2025-09-02,18.63713805621567,8119.949905427273,739.3546431061578
M_01766,EQ_0116,2025-09-02,17.355640611094334,6625.674942168017,627.1064464768381
M_01767,EQ_0166,2025-09-02,50.63809190830736,2643.644410280621,627.1053445397391
M_01768,EQ_0034,2025-09-03,41.613604162251065,9856.893335013814,602.289238189852
M_01769,EQ_0096,2025-09-03,23.3632839375488,7746.068805093391,590.9916423628374
M_01770,EQ_0188,2025-09-03,56.037081908851164,2543.079035447581,867.3328722891554
M_01771,EQ_0248,2025-09-03,50.39000095046769,7489.663475606991,897.6805318054695
M_01772,EQ_0042,2025-09-04,69.71343802411947,5060.099546804991,535.845479410341
M_01773,EQ_0057,2025-09-04,42.60613739050186,2955.91337331658,744.7464434363442
M_01774,EQ_0099,2025-09-04,19.96618970695466,5874.758266210666,728.4507346357045
M_01775,EQ_0186,2025-09-04,58.76173254910586,5281.916537023212,996.1577429957229
M_01776,EQ_0244,2025-09-06,29.164768897867024,4903.319352308993,743.5816999708192
M_01777,EQ_0025,2025-09-07,15.820624587720216,9735.234707834677,1294.9379841203431
M_01778,EQ_0061,2025-09-07,28.286893439345683,6741.332836220703,652.4480680396409
M_01779,EQ_0005,2025-09-08,69.06690879539742,3579.4510918261203,1082.8426553801578
M_01780,EQ_0118,2025-09-08,54.242122592576116,7324.6630403341715,960.2919738454489
M_01781,EQ_0141,2025-09-08,31.434631469272535,9935.614534472505,847.3297917805533
M_01782,EQ_0264,2025-09-08,32.00269911369942,3234.5753319594496,874.7080528618276
M_01783,EQ_0289,2025-09-08,17.05936565178797,7735.067641101771,954.034206673253
M_01784,EQ_0127,2025-09-09,45.41388467747795,5769.656863348943,910.0893114446757
M_01785,EQ_0298,2025-09-09,21.669759081072797,4627.301175027912,1003.0934532779061
M_01786,EQ_0030,2025-09-10,64.39806630516887,9772.336067404634,728.9705662600112
M_01787,EQ_0176,2025-09-11,31.532583421320616,3425.0493923273657,1140.0720600415575
M_01788,EQ_0191,2025-09-11,44.473582826908135,4653.985042599187,1026.3860677329228
M_01789,EQ_0216,2025-09-11,16.09681183044796,8167.952897059109,922.607453866035
M_01790,EQ_0286,2025-09-11,24.257454785671797,6363.125454031411,571.4873753641975
M_01791,EQ_0007,2025-09-13,52.54724151391563,8000.49885765739,563.1274538598421
M_01792,EQ_0131,2025-09-13,60.42397297777722,8658.82931820526,680.1893773452842
M_01793,EQ_0185,2025-09-13,42.18754147385639,9159.47359555227,855.4271354172407
M_01794,EQ_0196,2025-09-13,58.310690346964996,2422.900192746364,780.3675590154506
M_01795,EQ_0200,2025-09-13,36.02529840366164,2938.5848571557367,708.7415659169336
M_01796,EQ_0295,2025-09-13,38.113670033542384,1829.7201247856688,709.5491088325789
M_01797,EQ_0013,2025-09-14,59.782657843269945,4304.560713456428,500.3034063609454
M_01798,EQ_0262,2025-09-14,46.33502742455648,6413.329425544727,706.5201543078175
M_01799,EQ_0297,2025-09-14,25.903944556766284,3363.564030645675,1040.5166797251393
M_01800,EQ_0080,2025-09-15,40.95700959943712,3585.8543419429234,699.5890659945355
M_01801,EQ_0151,2025-09-15,58.96069797684749,9338.87482029272,750.1035907216573
M_01802,EQ_0227,2025-09-15,48.61955723256386,5323.5067321457045,645.0797951550321
M_01803,EQ_0041,2025-09-16,25.280709769658984,9822.112009350061,599.4690710891925
M_01804,EQ_0067,2025-09-16,39.34253630300796,6304.891897916739,702.9197547115601
M_01805,EQ_0079,2025-09-16,71.57632385864797,8404.247872073684,714.6052256906414
M_01806,EQ_0274,2025-09-16,37.75318545038181,7873.881180177262,761.0772046397066
M_01807,EQ_0022,2025-09-17,28.062121063304925,1757.8698268046119,699.4001985469296
M_01808,EQ_0039,2025-09-17,39.77223900052722,6916.417566673386,1143.9506906358993
M_01809,EQ_0144,2025-09-17,21.060508387782246,8760.273477059287,676.3701750185132
M_01810,EQ_0222,2025-09-17,35.39922002950885,3836.645196299405,636.210098325084
M_01811,EQ_0237,2025-09-17,14.502271769294905,9724.233285437316,717.8379902618364
M_01812,EQ_0173,2025-09-18,40.19718323698281,2002.348182002833,822.147466540958
M_01813,EQ_0255,2025-09-18,14.277880041795825,1979.0516798320875,615.6020223563257
M_01814,EQ_0187,2025-09-19,48.69372113078292,1199.1843033737873,518.7963330686398
M_01815,EQ_0209,2025-09-19,19.32622449310886,5681.742059788353,693.3263589585806
M_01816,EQ_0271,2025-09-20,49.124594972422614,2849.7166189039185,742.6623489843466
M_01817,EQ_0062,2025-09-21,38.21284012788598,7630.147731203873,556.2303845779079
M_01818,EQ_0195,2025-09-21,49.86804610586656,6954.542914910934,1647.4830322036023
M_01819,EQ_0001,2025-09-22,64.71481728584263,1891.1641613035436,690.5797110652808
M_01820,EQ_0078,2025-09-23,57.25308659994659,2952.7760209939706,1036.1051322434384
M_01821,EQ_0100,2025-09-23,47.466394178865,1141.40472286659,1006.8691601103571
M_01822,EQ_0263,2025-09-23,30.17949528960479,4792.193931795507,597.573397192021
M_01823,EQ_0115,2025-09-24,21.353176794344414,9620.533885748466,893.880323597291
M_01824,EQ_0287,2025-09-24,68.76611404397772,4838.365913776454,1026.9411223170396
M_01825,EQ_0066,2025-09-25,57.11350027411656,3109.0587796317404,774.5130956249475
M_01826,EQ_0097,2025-09-25,43.91485794736897,5585.572768346551,913.9500545636664
M_01827,EQ_0109,2025-09-25,43.577932525583485,2932.4380837470417,934.9836934897178
M_01828,EQ_0213,2025-09-25,69.93568590325492,8400.207846863232,798.6408990498435
M_01829,EQ_0043,2025-09-26,25.754845633768994,8801.974802993082,1026.6469073130145
M_01830,EQ_0174,2025-09-26,28.708719519589987,2136.7706761085183,843.462473959705
M_01831,EQ_0260,2025-09-26,61.78456362512004,1434.3063964746166,535.2675570861925
M_01832,EQ_0132,2025-09-27,41.932016278839015,9090.36266934943,1026.9962831814257
M_01833,EQ_0156,2025-09-27,29.107698080488568,8099.6806045910525,754.6751584423331
M_01834,EQ_0162,2025-09-27,42.124911904296354,3301.5844710877072,611.4740761251484
M_01835,EQ_0212,2025-09-27,61.720161709964955,6609.023870062859,832.9647484523164
M_01836,EQ_0239,2025-09-27,33.10984503428213,4425.8938840067585,879.0648078522078
M_01837,EQ_0224,2025-09-28,62.4703669683246,8940.266274841937,516.9521234597639
M_01838,EQ_0018,2025-09-29,55.85743753290551,2870.528213474642,984.1085887739847
M_01839,EQ_0055,2025-09-29,62.86472806029505,1718.2971484655009,1074.3377862697037
M_01840,EQ_0138,2025-09-29,46.305858375289134,3373.7079069679367,759.7975839830762
M_01841,EQ_0208,2025-09-29,22.82504274941057,9096.119390509295,552.4964027246795
M_01842,EQ_0282,2025-09-29,61.27514973204769,5644.336008766749,834.1277768386213
M_01843,EQ_0019,2025-09-30,44.950099422976926,4521.499515192108,801.413984622468
M_01844,EQ_0065,2025-09-30,57.17106468913639,1363.461189460739,674.8517665562626
M_01845,EQ_0148,2025-09-30,54.017893264447814,5950.042059152136,735.5043093712798
M_01846,EQ_0175,2025-09-30,43.27639763042107,3635.8555366421715,534.0975378722845
M_01847,EQ_0016,2025-10-01,18.90106358594784,1405.8429224393913,610.3115558543742
M_01848,EQ_0130,2025-10-01,63.23506921795255,5039.346278560922,662.4528228524298
M_01849,EQ_0093,2025-10-02,28.237200156202903,8194.161223102494,796.4563774597353
M_01850,EQ_0172,2025-10-03,24.40549547168338,6720.749262811979,801.6399244812493
M_01851,EQ_0231,2025-10-03,56.20297939079712,1954.6118517380219,711.8997392120423
M_01852,EQ_0081,2025-10-04,51.76667621080886,8217.623084331546,637.9461261498884
M_01853,EQ_0226,2025-10-04,71.41525182517081,2652.4629660104856,644.3159440786944
M_01854,EQ_0249,2025-10-04,34.470181474970275,5378.62765483199,807.250417682445
M_01855,EQ_0054,2025-10-05,50.56560046093099,2476.565345260757,735.6891471403949
M_01856,EQ_0179,2025-10-05,40.963902664366586,4517.332519610545,803.212409077534
M_01857,EQ_0045,2025-10-07,26.336722928825477,4600.312455233745,628.06694580934
M_01858,EQ_0157,2025-10-07,28.843611381874943,2197.6420162619215,739.1259102964568
M_01859,EQ_0251,2025-10-07,52.934474536314355,5020.889127311426,695.9659279954232
M_01860,EQ_0052,2025-10-08,46.64135120925533,6146.712448269692,810.8034615865378
M_01861,EQ_0094,2025-10-08,64.6861572639695,7147.737160507617,595.4327229428908
M_01862,EQ_0123,2025-10-08,71.62294962343589,1982.1341856099339,848.194699676833
M_01863,EQ_0147,2025-10-08,60.33173062396306,3925.907606861807,873.3277942581859
M_01864,EQ_0192,2025-10-08,55.213934420433105,5437.7556603077655,652.4739840605353
M_01865,EQ_0193,2025-10-08,53.490045503268696,9691.980540428262,1037.3397722513296
M_01866,EQ_0253,2025-10-08,38.759011896729085,9050.180829613702,751.2841298110424
M_01867,EQ_0283,2025-10-08,71.06659340780539,9382.223742540904,779.9202355069744
M_01868,EQ_0285,2025-10-08,17.55507939102104,3289.545230769001,581.021691859785
M_01869,EQ_0090,2025-10-10,24.950319474147634,5955.614019439462,853.3091661721721
M_01870,EQ_0006,2025-10-11,66.52810145710603,9748.022257828487,626.7006607439189
M_01871,EQ_0161,2025-10-11,43.79631226194796,7095.423141030268,647.28465194975
M_01872,EQ_0202,2025-10-11,34.34018494549765,6320.159501408187,844.0733174045728
M_01873,EQ_0010,2025-10-12,23.01359153300591,8103.018349991016,647.44403772017
M_01874,EQ_0011,2025-10-12,18.442925629876875,1110.1707030928803,860.4337235327232
M_01875,EQ_0032,2025-10-12,64.28086841273046,7786.47966603623,756.8137324436864
M_01876,EQ_0159,2025-10-13,69.89331522172,3377.876868529864,735.5538511000424
M_01877,EQ_0223,2025-10-13,62.83004840614835,1851.3536516642107,694.3601961668977
M_01878,EQ_0238,2025-10-13,65.88000820965695,3624.7303916736882,725.0504502832114
M_01879,EQ_0129,2025-10-14,41.645275233298094,2075.8636492950727,900.8611817995846
M_01880,EQ_0023,2025-10-15,43.125300688819614,5271.333011923,846.4695424405355
M_01881,EQ_0232,2025-10-15,17.48042320474786,8494.484474191744,951.4699657393675
M_01882,EQ_0242,2025-10-15,59.21703961277047,4415.196731567805,764.1793173841503
M_01883,EQ_0269,2025-10-15,46.989676354844015,7369.909894996008,967.2762203929676
M_01884,EQ_0003,2025-10-16,24.867100226903247,9923.914758026054,748.6230278650528
M_01885,EQ_0072,2025-10-16,57.80623121931591,6177.521856762095,742.2817070790269
M_01886,EQ_0108,2025-10-16,48.805915550722034,4973.528883569672,733.1857489053606
M_01887,EQ_0294,2025-10-16,53.472754564398834,9510.129824950773,897.4697800706816
M_01888,EQ_0076,2025-10-17,36.72260270976972,3002.362398265245,790.566867547919
M_01889,EQ_0107,2025-10-17,28.93335934924769,7860.102019951299,736.8528612373906
M_01890,EQ_0288,2025-10-17,45.69808938079156,1155.2799047635374,1133.3775125723023
M_01891,EQ_0199,2025-10-18,34.734514359210436,7908.158670061889,671.5577650354904
M_01892,EQ_0229,2025-10-18,27.959944442622117,8892.40867737672,746.1897847253024
M_01893,EQ_0069,2025-10-19,17.04256715057307,2172.220618873076,709.6137707208742
M_01894,EQ_0124,2025-10-19,17.07689015873876,2160.2147783523787,910.3550127345449
M_01895,EQ_0206,2025-10-19,18.63213634558158,3403.112457894319,684.2060441979064
M_01896,EQ_0225,2025-10-19,48.780936769936474,1047.4191041575607,972.8915414052643
M_01897,EQ_0241,2025-10-19,31.51115925046143,3925.827274411425,721.6439669191805
M_01898,EQ_0000,2025-10-20,54.547118445831465,1924.3644034157905,691.4965755360283
M_01899,EQ_0009,2025-10-20,38.31230552811462,3539.380469377904,609.9722257737753
M_01900,EQ_0171,2025-10-20,71.6974487859471,5702.008941596995,601.3935727202509
M_01901,EQ_0258,2025-10-21,17.65817208190365,8115.465987687983,804.8803502839835
M_01902,EQ_0205,2025-10-22,26.442548839425214,4159.76511280052,811.5148156906332
M_01903,EQ_0275,2025-10-22,32.16321386989109,3048.520378994596,548.9062300210564
M_01904,EQ_0293,2025-10-22,61.54287377240629,7893.251335891935,567.5438970299944
M_01905,EQ_0155,2025-10-23,27.682837796770944,2100.0009841987176,716.3111242500136
M_01906,EQ_0160,2025-10-23,58.69841794359035,5796.926207172066,755.8792723044252
M_01907,EQ_0246,2025-10-23,38.13016917475359,8070.449262382866,617.073013496439
M_01908,EQ_0128,2025-10-24,56.97181654906543,2306.9401507471784,834.7825486569245
M_01909,EQ_0163,2025-10-24,18.801204155507556,7161.458189270191,693.5909877648626
M_01910,EQ_0063,2025-10-25,63.036209010294534,9651.373629027788,998.3187627878228
M_01911,EQ_0064,2025-10-25,23.003740561934023,2695.3208498276226,590.7471302860016
M_01912,EQ_0040,2025-10-26,70.60746406269806,1289.515093501223,1369.409011048258
M_01913,EQ_0077,2025-10-26,25.129721773564896,1512.2527350234373,930.9000124663834
M_01914,EQ_0190,2025-10-26,36.5185372155524,5408.438973948078,770.0590028762351
M_01915,EQ_0290,2025-10-26,15.110286641121435,1396.2850612456577,762.2090567079878
M_01916,EQ_0046,2025-10-27,44.30278471425654,7182.350892722649,901.594343632781
M_01917,EQ_0150,2025-10-27,30.816265791115605,7515.112073829442,858.6868940273295
M_01918,EQ_0189,2025-10-27,25.280304402930554,8529.606281173912,452.88070668574846
M_01919,EQ_0270,2025-10-27,52.083874614810696,3062.017092013564,701.5319021861061
M_01920,EQ_0137,2025-10-28,20.831368301503435,8221.374535100056,922.8609997281999
M_01921,EQ_0233,2025-10-28,36.194855316603444,1484.3426923089553,679.4412653221002
M_01922,EQ_0266,2025-10-28,59.88918100279855,7851.522480330736,612.8807822227163
M_01923,EQ_0027,2025-10-29,55.96829032428507,7958.304161620219,680.1693489075903
M_01924,EQ_0136,2025-10-29,15.564378399947696,8094.954753209515,666.2270737045774
M_01925,EQ_0142,2025-10-29,59.96211619256222,9041.022599506297,544.7589720794732
M_01926,EQ_0158,2025-10-29,43.527445574532365,3944.2437546564533,541.5190555038829
M_01927,EQ_0273,2025-10-29,48.67377618618474,8976.593674879354,1004.1910683308062
M_01928,EQ_0033,2025-10-30,49.71858807145448,7536.379951045797,699.320306182547
M_01929,EQ_0049,2025-10-30,57.66838116686472,2184.676614588644,800.5062677500234
M_01930,EQ_0168,2025-10-30,66.20279658018728,2444.390546677685,551.5480378310928
M_01931,EQ_0177,2025-10-30,38.22880203961077,2894.294208157662,660.3065552374824
M_01932,EQ_0104,2025-11-01,33.3617855439974,8334.860563544218,788.8922618737029
M_01933,EQ_0146,2025-11-01,48.37562559208512,9071.317198991612,476.9863025499429
M_01934,EQ_0252,2025-11-01,14.359907637633432,3614.1505086580723,1454.5308063610544
M_01935,EQ_0143,2025-11-02,45.30378760081328,1480.2371762493324,580.7297561845593
M_01936,EQ_0178,2025-11-02,71.08350706069378,4706.73116301702,645.7825076019084
M_01937,EQ_0026,2025-11-03,69.91357967552884,5030.644026114748,590.9444326074585
M_01938,EQ_0036,2025-11-03,62.72353071982911,1286.8421942339253,1274.1419731288502
M_01939,EQ_0126,2025-11-03,43.84881941922907,7742.77601939975,857.4963675451974
M_01940,EQ_0145,2025-11-03,67.00973658573818,5968.345779657821,1028.9528122736278
M_01941,EQ_0014,2025-11-04,51.59792798586257,8164.8897199617995,1044.360821998459
M_01942,EQ_0133,2025-11-04,34.207326711796185,2709.5101871520365,579.8015360150933
M_01943,EQ_0169,2025-11-04,26.670205177360003,5545.633574799611,708.6016886418034
M_01944,EQ_0245,2025-11-04,15.238889850158241,2516.1422042283552,1211.9534872212037
M_01945,EQ_0284,2025-11-04,66.32966721557582,3994.228784168617,649.9995623405321
M_01946,EQ_0292,2025-11-04,15.669221239812346,9130.14048033559,804.1349948961583
M_01947,EQ_0149,2025-11-05,69.37125615031522,8626.167838297528,919.2226864956905
M_01948,EQ_0152,2025-11-05,27.834995648867668,4234.767050893546,1285.576327615293
M_01949,EQ_0230,2025-11-05,23.719333194936908,5503.3742909278835,763.9921910891617
M_01950,EQ_0038,2025-11-06,39.82894773275136,8921.979080265064,884.4125732265079
M_01951,EQ_0048,2025-11-06,24.460949916467325,6914.628742147815,1231.6420764569461
M_01952,EQ_0134,2025-11-06,30.850051781135456,7351.87586121067,664.6866885928541
M_01953,EQ_0184,2025-11-06,14.750276283536838,5619.565489608878,685.5552952304663
M_01954,EQ_0234,2025-11-06,30.989723591536197,4269.278379692574,653.1382732968783
M_01955,EQ_0050,2025-11-07,51.85366492753414,4933.751122977814,882.4319403601695
M_01956,EQ_0203,2025-11-07,70.91790397813737,9760.273198649791,578.3063331719376
M_01957,EQ_0259,2025-11-07,45.537549150564324,7136.640119494081,789.6696223345859
M_01958,EQ_0122,2025-11-08,35.91795449577153,5873.766287932111,645.5209297926912
M_01959,EQ_0228,2025-11-08,62.585689614900836,1312.98405386225,705.9571669587101
M_01960,EQ_0272,2025-11-08,29.64524759752114,9621.988447816731,604.1090737401339
M_01961,EQ_0120,2025-11-09,45.27530946987166,6004.61059796276,592.4718551732419
M_01962,EQ_0194,2025-11-09,67.45645269794923,3944.313170164646,615.0844982262394
M_01963,EQ_0218,2025-11-09,23.564773568788723,6236.363231609433,799.011300841702
M_01964,EQ_0047,2025-11-10,70.07568473627497,7974.055408035227,641.1901697721935
M_01965,EQ_0075,2025-11-10,67.13726102311614,5555.1284227220185,662.0763966587336
M_01966,EQ_0121,2025-11-10,55.60029574649353,7878.456871504716,796.3294294420506
M_01967,EQ_0164,2025-11-10,50.54643321416708,2463.906225867998,704.7165930729607
M_01968,EQ_0257,2025-11-10,48.98190069164047,6540.004505979128,993.9613108981239
M_01969,EQ_0279,2025-11-10,55.28375522798021,6258.149219285077,703.4583742541992
M_01970,EQ_0240,2025-11-11,68.94127137666842,7542.506314373672,1293.4250447710624
M_01971,EQ_0028,2025-11-12,18.64536619068464,9175.010668755811,751.4617410928727
M_01972,EQ_0256,2025-11-12,64.73666658027493,6648.522267458786,649.1691308563073
M_01973,EQ_0084,2025-11-13,47.1917531252407,1586.0882735285488,888.2134932154287
M_01974,EQ_0056,2025-11-14,44.09269995500383,3511.8419955868644,807.9911326487306
M_01975,EQ_0188,2025-11-14,31.711074164763826,4501.446555591594,560.381943426042
M_01976,EQ_0085,2025-11-15,40.325028888353444,3982.457673069796,606.5018386797524
M_01977,EQ_0210,2025-11-15,32.33050137457439,2500.540244376662,603.286770812887
M_01978,EQ_0250,2025-11-15,35.73867919076818,5954.243966719145,819.0184488468569
M_01979,EQ_0002,2025-11-17,66.4018558327086,4545.690047222192,861.9217073025969
M_01980,EQ_0037,2025-11-17,63.43288159146797,7897.712566035227,866.7023046436402
M_01981,EQ_0051,2025-11-17,28.190549327375436,5547.929540804616,622.243463462475
M_01982,EQ_0276,2025-11-17,66.30855784640931,4817.140216618579,1101.6944274566802
M_01983,EQ_0004,2025-11-18,38.339956170395126,5048.363632908292,683.1890202090851
M_01984,EQ_0015,2025-11-18,17.599051117389102,8420.775606418381,612.5686410867424
M_01985,EQ_0041,2025-11-18,70.38784275980595,6679.494811036418,501.2852274672446
M_01986,EQ_0053,2025-11-18,40.71772379510621,5766.980575775273,966.578106510522
M_01987,EQ_0102,2025-11-19,71.12321307430732,8496.448328047723,767.371410548026
M_01988,EQ_0059,2025-11-20,65.7439040872423,7443.535026261157,942.77903352122
M_01989,EQ_0106,2025-11-20,18.177102816597603,7401.448574033926,820.4312142484584
M_01990,EQ_0135,2025-11-20,64.67115182258148,8506.376977619904,709.9260149715182
M_01991,EQ_0186,2025-11-20,29.11893217444487,1511.4064724608052,606.7551816399144
M_01992,EQ_0114,2025-11-21,20.446974144225727,6646.682878093449,836.799775952935
M_01993,EQ_0185,2025-11-21,32.981595234657235,9684.615511411343,604.2270470750403
M_01994,EQ_0277,2025-11-21,20.469870080564597,3652.7664058811492,819.3288535491729
M_01995,EQ_0278,2025-11-21,22.003211906907712,1606.0294895507805,628.6558982183919
M_01996,EQ_0020,2025-11-22,17.654401417521832,4839.101645729388,1019.1022042256117
M_01997,EQ_0031,2025-11-22,33.55038622353855,3488.4783153129556,789.3676973360332
M_01998,EQ_0110,2025-11-22,16.924304807267426,7393.663830788542,754.7558802073394
M_01999,EQ_0116,2025-11-22,52.768563428249934,1295.7846898702674,721.4385633295572
M_02000,EQ_0198,2025-11-22,37.335780169024304,5183.116759244026,641.8013252883726
M_02001,EQ_0219,2025-11-22,38.70289396715529,8314.689227085026,831.9448988332771
M_02002,EQ_0236,2025-11-22,21.493490338079738,8897.004611080154,693.7192070033433
M_02003,EQ_0265,2025-11-22,14.225575553720072,2651.2696850070747,722.363646854695
M_02004,EQ_0068,2025-11-23,21.841752158593245,2099.5370444420128,1077.3883086324824
M_02005,EQ_0087,2025-11-23,29.41800177092494,2506.6185091340412,607.488604888412
M_02006,EQ_0103,2025-11-23,37.37908607507866,4910.656488156372,1098.1487859466233
M_02007,EQ_0211,2025-11-23,15.803262858588717,8580.86686515891,863.6465664591489
M_02008,EQ_0092,2025-11-24,52.042514044040836,8635.941257406645,686.9722858602927
M_02009,EQ_0153,2025-11-24,30.462226771383705,7502.246493227103,679.3801179591721
M_02010,EQ_0197,2025-11-24,46.03595403437298,2860.478043572739,781.9777182864606
M_02011,EQ_0221,2025-11-24,24.195266992940788,5611.311220264706,753.3522229671393
M_02012,EQ_0299,2025-11-24,53.234207735977044,3663.4256056818913,1048.2273700741237
M_02013,EQ_0099,2025-11-25,22.051988872061926,3757.255675433443,680.7789545222377
M_02014,EQ_0021,2025-11-28,24.50184485135408,9607.27737111269,847.222765274202
M_02015,EQ_0214,2025-11-28,66.48222766291703,3730.3545967475898,720.8452524875701
M_02016,EQ_0267,2025-11-28,44.17227166518397,3901.7572035517874,698.3302702269975
M_02017,EQ_0022,2025-11-29,70.93852450981542,8901.124874706795,591.307474865182
M_02018,EQ_0113,2025-11-30,24.68211213310495,7721.752330881066,1101.9048987382293
M_02019,EQ_0125,2025-11-30,29.45636458070805,5738.979755288333,1225.0074300237711
M_02020,EQ_0183,2025-11-30,32.42138774134466,2228.568175201086,693.1472256402449
M_02021,EQ_0281,2025-12-01,45.0577497718936,7101.8805855053115,874.9924673059384
M_02022,EQ_0007,2025-12-02,15.809854679242852,5941.273268178008,586.2629333854126
M_02023,EQ_0025,2025-12-02,51.357769488969566,6613.282046575226,660.2126198089679
M_02024,EQ_0079,2025-12-02,15.756440319918026,7565.861040227456,629.7633156508117
M_02025,EQ_0261,2025-12-02,20.765141304864436,7844.446467980736,671.8283061140629
M_02026,EQ_0263,2025-12-02,16.732748771063243,9433.918386591426,449.5608688629146
M_02027,EQ_0034,2025-12-03,69.11790306369882,8803.00102218848,605.5345975928666
M_02028,EQ_0193,2025-12-03,65.24146165006172,7847.048820399692,527.2744851212038
M_02029,EQ_0201,2025-12-03,21.939155087476212,6233.750418497199,716.0502454726605
M_02030,EQ_0095,2025-12-04,69.24078866886694,5147.025483977051,633.591223099601
M_02031,EQ_0008,2025-12-06,60.153616214939206,4526.400461986745,803.8482724281107
M_02032,EQ_0030,2025-12-06,31.708443797178493,6205.17561755118,591.2685852108624
M_02033,EQ_0117,2025-12-06,60.55493406070008,1143.8941838928415,765.5827546602757
M_02034,EQ_0196,2025-12-06,28.94549344023964,4151.875206522973,791.5079959706028
M_02035,EQ_0220,2025-12-06,43.23278584275005,5594.052347189971,878.0832403680794
M_02036,EQ_0243,2025-12-06,45.34807516287618,8393.566483965547,735.9577598122329
M_02037,EQ_0119,2025-12-07,61.50542182529331,7309.45708663965,800.042126692422
M_02038,EQ_0165,2025-12-08,21.172374832693265,2808.927042733766,714.1296180898928
M_02039,EQ_0215,2025-12-08,43.06303249387986,6391.699021427511,851.5443802768802
M_02040,EQ_0140,2025-12-09,63.17379552915874,3570.2576942901965,724.6117075476088
M_02041,EQ_0181,2025-12-09,32.14638489775476,6541.393771751741,898.4774845194044
M_02042,EQ_0295,2025-12-11,62.18931524968616,7767.514934864639,691.379844459202
M_02043,EQ_0089,2025-12-12,43.60513765975526,1500.1110686928062,631.0162917376522
M_02044,EQ_0012,2025-12-13,57.43153095241665,3792.117781484405,652.3546071036053
M_02045,EQ_0071,2025-12-13,34.16536540252631,1189.9000912109977,1264.0958446260886
M_02046,EQ_0086,2025-12-13,32.21146160444793,8548.363679077056,630.5293962104336
M_02047,EQ_0167,2025-12-13,63.491536525364026,2010.8947835508552,860.1225311634338
M_02048,EQ_0217,2025-12-13,30.45850066299723,7198.046784931119,725.5093974372143
M_02049,EQ_0254,2025-12-13,41.7717896720052,2018.7315333970655,764.9855054589729
M_02050,EQ_0083,2025-12-15,45.40573161463299,1545.524669154256,889.1172222748545
M_02051,EQ_0180,2025-12-15,51.08675037994069,2074.7720309650995,673.2966966540498
M_02052,EQ_0005,2025-12-16,23.87648842089055,4429.195452973505,747.9975074966377
M_02053,EQ_0101,2025-12-16,28.82769440823985,5202.457003349727,961.5590469517663
M_02054,EQ_0244,2025-12-16,37.50102498278012,8296.378949994316,743.7576344152651
M_02055,EQ_0282,2025-12-16,44.823183269597294,5203.555543988447,647.8687033028084
M_02056,EQ_0139,2025-12-17,34.70960989932431,7023.064599035967,946.623665033445
M_02057,EQ_0235,2025-12-17,32.31303279974118,8089.278952010583,914.6716309039734
M_02058,EQ_0296,2025-12-17,28.00579090459352,2653.069251411448,800.5338443897028
M_02059,EQ_0151,2025-12-18,37.338190709155775,6818.199033275886,756.9903754142792
M_02060,EQ_0088,2025-12-20,33.15002006881462,2076.0760051622465,764.103791786413
M_02061,EQ_0154,2025-12-20,14.602704874532629,8293.483436460814,706.4480314583915
M_02062,EQ_0231,2025-12-20,63.17724387438199,1812.1906430512963,571.2069420999948
M_02063,EQ_0289,2025-12-20,24.873252786960798,3517.7665948451963,741.845891728413
M_02064,EQ_0200,2025-12-21,26.861919492920187,9248.075394272015,700.8075720159197
M_02065,EQ_0271,2025-12-21,45.793858976268304,2376.1522946487316,793.153488914257
M_02066,EQ_0291,2025-12-21,62.456606830316865,9919.27644439072,931.4720924390205
M_02067,EQ_0062,2025-12-22,19.401781061907307,2911.1435782938565,737.1112760702259
M_02068,EQ_0130,2025-12-22,66.26613779090334,9083.053857856572,573.4317803285238
M_02069,EQ_0255,2025-12-22,58.047540822501965,5754.110565076137,766.4010541824455
M_02070,EQ_0029,2025-12-23,56.91804252313565,8493.4152622534,1092.9097306411243
M_02071,EQ_0035,2025-12-23,42.87745597223541,4811.275386508529,706.2995687492802
M_02072,EQ_0098,2025-12-23,31.089372278015325,2612.255655988658,1119.400346662975
M_02073,EQ_0176,2025-12-23,37.240973478144234,3723.0349480517925,858.6013934147746
M_02074,EQ_0003,2025-12-24,47.49142240826012,8502.936173507806,531.602891409091
M_02075,EQ_0057,2025-12-24,33.7667460257687,9067.968451357065,575.794735384577
M_02076,EQ_0109,2025-12-24,36.651517939806396,3354.0029030043856,631.8205796266955
M_02077,EQ_0112,2025-12-24,43.465212254789606,4367.603446434103,907.833227380091
M_02078,EQ_0074,2025-12-25,45.919606593574265,8980.945885482732,743.3688554139902
M_02079,EQ_0127,2025-12-25,13.3586600051858,1882.2511844007308,904.6771286954913
M_02080,EQ_0222,2025-12-25,43.163092426848095,2830.546653591374,720.6110808909597
M_02081,EQ_0043,2025-12-26,70.28516725729996,7160.483525150728,612.5807892293833
M_02082,EQ_0105,2025-12-26,16.25395426602846,6121.816903010492,1104.1623790732715
M_02083,EQ_0213,2025-12-26,65.83659177415765,6966.411608723262,789.22946336186
M_02084,EQ_0232,2025-12-26,55.6907693250288,4057.3075120472504,606.7394411122551
M_02085,EQ_0006,2025-12-27,68.35081596615757,6454.101502518771,633.2552090623997
M_02086,EQ_0093,2025-12-27,15.88001081945112,2157.4634996199766,577.0240729096549
M_02087,EQ_0187,2025-12-27,61.300973345932086,6226.746411166611,907.6644145542875
M_02088,EQ_0229,2025-12-27,48.03096970092007,7754.2857259545135,590.9975240323096
M_02089,EQ_0239,2025-12-27,60.810792396435225,3642.6828135539954,618.2958440697763
M_02090,EQ_0044,2025-12-28,31.516331353919437,1808.744944484765,901.5291173759872
M_02091,EQ_0262,2025-12-28,14.62915708161282,2569.529771997004,565.0298294447722
M_02092,EQ_0286,2025-12-28,39.416525937488665,7922.926005397531,1005.0748138691932
M_02093,EQ_0024,2025-12-29,66.64326457301556,9525.599314855046,1812.8296366492498
M_02094,EQ_0082,2025-12-29,15.696125964639219,3898.406118120052,897.5984999338505
M_02095,EQ_0096,2025-12-29,58.98614739223933,4699.079827731404,713.1176932245594
M_02096,EQ_0148,2025-12-29,36.50353915705526,4580.49688492795,788.2451420432919
M_02097,EQ_0202,2025-12-29,69.12054311976831,7786.704574125652,591.706174021863
M_02098,EQ_0248,2025-12-29,67.80762686397772,8447.47223595746,829.4368537655698
M_02099,EQ_0251,2025-12-29,19.918566382479952,4140.824453320013,566.5722858346453
