rental_id,equipment_id,site_id,start_date
R_20240101_0001,EQ_0001,S_005,2024-01-01
R_20240101_0002,EQ_0050,S_017,2024-01-01
R_20240101_0003,EQ_0051,S_011,2024-01-01
R_20240101_0004,EQ_0054,S_000,2024-01-01
R_20240101_0005,EQ_0096,S_000,2024-01-01
R_20240101_0006,EQ_0102,S_009,2024-01-01
R_20240101_0007,EQ_0104,S_006,2024-01-01
R_20240101_0008,EQ_0106,S_016,2024-01-01
R_20240101_0009,EQ_0111,S_005,2024-01-01
R_20240101_0010,EQ_0131,S_003,2024-01-01
R_20240101_0011,EQ_0136,S_000,2024-01-01
R_20240101_0012,EQ_0139,S_001,2024-01-01
R_20240101_0013,EQ_0146,S_008,2024-01-01
R_20240101_0014,EQ_0170,S_013,2024-01-01
R_20240101_0015,EQ_0197,S_000,2024-01-01
R_20240101_0016,EQ_0198,S_000,2024-01-01
R_20240101_0017,EQ_0213,S_014,2024-01-01
R_20240101_0018,EQ_0229,S_013,2024-01-01
R_20240101_0019,EQ_0266,S_003,2024-01-01
R_20240101_0020,EQ_0272,S_011,2024-01-01
R_20240101_0021,EQ_0274,S_015,2024-01-01
R_20240101_0022,EQ_0293,S_010,2024-01-01
R_20240101_0023,EQ_0296,S_007,2024-01-01
R_20240102_0024,EQ_0039,S_019,2024-01-02
R_20240102_0025,EQ_0050,S_010,2024-01-02
R_20240102_0026,EQ_0067,S_011,2024-01-02
R_20240102_0027,EQ_0089,S_002,2024-01-02
R_20240102_0028,EQ_0094,S_009,2024-01-02
R_20240102_0029,EQ_0099,S_005,2024-01-02
R_20240102_0030,EQ_0101,S_004,2024-01-02
R_20240102_0031,EQ_0107,S_006,2024-01-02
R_20240102_0032,EQ_0116,S_013,2024-01-02
R_20240102_0033,EQ_0152,S_009,2024-01-02
R_20240102_0034,EQ_0153,S_002,2024-01-02
R_20240102_0035,EQ_0180,S_000,2024-01-02
R_20240102_0036,EQ_0201,S_002,2024-01-02
R_20240102_0037,EQ_0217,S_018,2024-01-02
R_20240102_0038,EQ_0222,S_013,2024-01-02
R_20240103_0039,EQ_0004,S_013,2024-01-03
R_20240103_0040,EQ_0027,S_017,2024-01-03
R_20240103_0041,EQ_0065,S_009,2024-01-03
R_20240103_0042,EQ_0078,S_006,2024-01-03
R_20240103_0043,EQ_0082,S_013,2024-01-03
R_20240103_0044,EQ_0084,S_007,2024-01-03
R_20240103_0045,EQ_0100,S_010,2024-01-03
R_20240103_0046,EQ_0151,S_012,2024-01-03
R_20240103_0047,EQ_0171,S_015,2024-01-03
R_20240103_0048,EQ_0183,S_004,2024-01-03
R_20240103_0049,EQ_0199,S_008,2024-01-03
R_20240103_0050,EQ_0245,S_019,2024-01-03
R_20240103_0051,EQ_0252,S_004,2024-01-03
R_20240103_0052,EQ_0254,S_003,2024-01-03
R_20240103_0053,EQ_0267,S_002,2024-01-03
R_20240103_0054,EQ_0276,S_008,2024-01-03
R_20240103_0055,EQ_0278,S_003,2024-01-03
R_20240103_0056,EQ_0284,S_000,2024-01-03
R_20240103_0057,EQ_0292,S_016,2024-01-03
R_20240104_0058,EQ_0018,S_007,2024-01-04
R_20240104_0059,EQ_0023,S_000,2024-01-04
R_20240104_0060,EQ_0033,S_000,2024-01-04
R_20240104_0061,EQ_0039,S_011,2024-01-04
R_20240104_0062,EQ_0056,S_009,2024-01-04
R_20240104_0063,EQ_0057,S_016,2024-01-04
R_20240104_0064,EQ_0087,S_014,2024-01-04
R_20240104_0065,EQ_0097,S_012,2024-01-04
R_20240104_0066,EQ_0102,S_013,2024-01-04
R_20240104_0067,EQ_0103,S_012,2024-01-04
R_20240104_0068,EQ_0115,S_012,2024-01-04
R_20240104_0069,EQ_0119,S_013,2024-01-04
R_20240104_0070,EQ_0169,S_001,2024-01-04
R_20240104_0071,EQ_0183,S_011,2024-01-04
R_20240104_0072,EQ_0184,S_006,2024-01-04
R_20240104_0073,EQ_0195,S_017,2024-01-04
R_20240104_0074,EQ_0234,S_013,2024-01-04
R_20240104_0075,EQ_0253,S_005,2024-01-04
R_20240105_0076,EQ_0014,S_003,2024-01-05
R_20240105_0077,EQ_0027,S_014,2024-01-05
R_20240105_0078,EQ_0038,S_011,2024-01-05
R_20240105_0079,EQ_0059,S_001,2024-01-05
R_20240105_0080,EQ_0060,S_018,2024-01-05
R_20240105_0081,EQ_0088,S_017,2024-01-05
R_20240105_0082,EQ_0099,S_005,2024-01-05
R_20240105_0083,EQ_0132,S_009,2024-01-05
R_20240105_0084,EQ_0149,S_007,2024-01-05
R_20240105_0085,EQ_0175,S_014,2024-01-05
R_20240105_0086,EQ_0176,S_018,2024-01-05
R_20240105_0087,EQ_0178,S_009,2024-01-05
R_20240105_0088,EQ_0186,S_019,2024-01-05
R_20240105_0089,EQ_0227,S_019,2024-01-05
R_20240105_0090,EQ_0240,S_009,2024-01-05
R_20240105_0091,EQ_0275,S_010,2024-01-05
R_20240105_0092,EQ_0289,S_013,2024-01-05
R_20240105_0093,EQ_0290,S_005,2024-01-05
R_20240106_0094,EQ_0014,S_002,2024-01-06
R_20240106_0095,EQ_0019,S_001,2024-01-06
R_20240106_0096,EQ_0029,S_015,2024-01-06
R_20240106_0097,EQ_0048,S_010,2024-01-06
R_20240106_0098,EQ_0057,S_011,2024-01-06
R_20240106_0099,EQ_0076,S_007,2024-01-06
R_20240106_0100,EQ_0093,S_004,2024-01-06
R_20240106_0101,EQ_0129,S_016,2024-01-06
R_20240106_0102,EQ_0175,S_016,2024-01-06
R_20240106_0103,EQ_0183,S_011,2024-01-06
R_20240106_0104,EQ_0189,S_002,2024-01-06
R_20240106_0105,EQ_0202,S_012,2024-01-06
R_20240106_0106,EQ_0227,S_018,2024-01-06
R_20240106_0107,EQ_0230,S_003,2024-01-06
R_20240106_0108,EQ_0233,S_019,2024-01-06
R_20240106_0109,EQ_0268,S_013,2024-01-06
R_20240106_0110,EQ_0269,S_010,2024-01-06
R_20240106_0111,EQ_0279,S_018,2024-01-06
R_20240106_0112,EQ_0282,S_014,2024-01-06
R_20240106_0113,EQ_0283,S_014,2024-01-06
R_20240107_0114,EQ_0018,S_006,2024-01-07
R_20240107_0115,EQ_0027,S_004,2024-01-07
R_20240107_0116,EQ_0091,S_008,2024-01-07
R_20240107_0117,EQ_0095,S_010,2024-01-07
R_20240107_0118,EQ_0112,S_003,2024-01-07
R_20240107_0119,EQ_0216,S_000,2024-01-07
R_20240107_0120,EQ_0221,S_009,2024-01-07
R_20240107_0121,EQ_0249,S_006,2024-01-07
R_20240107_0122,EQ_0272,S_015,2024-01-07
R_20240107_0123,EQ_0284,S_018,2024-01-07
R_20240108_0124,EQ_0004,S_007,2024-01-08
R_20240108_0125,EQ_0022,S_001,2024-01-08
R_20240108_0126,EQ_0039,S_018,2024-01-08
R_20240108_0127,EQ_0047,S_013,2024-01-08
R_20240108_0128,EQ_0061,S_005,2024-01-08
R_20240108_0129,EQ_0067,S_012,2024-01-08
R_20240108_0130,EQ_0113,S_001,2024-01-08
R_20240108_0131,EQ_0171,S_007,2024-01-08
R_20240108_0132,EQ_0179,S_000,2024-01-08
R_20240108_0133,EQ_0208,S_007,2024-01-08
R_20240108_0134,EQ_0213,S_017,2024-01-08
R_20240108_0135,EQ_0223,S_010,2024-01-08
R_20240108_0136,EQ_0230,S_003,2024-01-08
R_20240108_0137,EQ_0247,S_003,2024-01-08
R_20240109_0138,EQ_0028,S_018,2024-01-09
R_20240109_0139,EQ_0046,S_008,2024-01-09
R_20240109_0140,EQ_0066,S_006,2024-01-09
R_20240109_0141,EQ_0068,S_004,2024-01-09
R_20240109_0142,EQ_0083,S_001,2024-01-09
R_20240109_0143,EQ_0084,S_004,2024-01-09
R_20240109_0144,EQ_0090,S_017,2024-01-09
R_20240109_0145,EQ_0105,S_009,2024-01-09
R_20240109_0146,EQ_0117,S_004,2024-01-09
R_20240109_0147,EQ_0134,S_001,2024-01-09
R_20240109_0148,EQ_0151,S_005,2024-01-09
R_20240109_0149,EQ_0157,S_006,2024-01-09
R_20240109_0150,EQ_0177,S_004,2024-01-09
R_20240109_0151,EQ_0202,S_007,2024-01-09
R_20240109_0152,EQ_0233,S_017,2024-01-09
R_20240109_0153,EQ_0250,S_005,2024-01-09
R_20240109_0154,EQ_0263,S_008,2024-01-09
R_20240110_0155,EQ_0034,S_009,2024-01-10
R_20240110_0156,EQ_0050,S_018,2024-01-10
R_20240110_0157,EQ_0057,S_018,2024-01-10
R_20240110_0158,EQ_0065,S_019,2024-01-10
R_20240110_0159,EQ_0080,S_016,2024-01-10
R_20240110_0160,EQ_0083,S_009,2024-01-10
R_20240110_0161,EQ_0093,S_019,2024-01-10
R_20240110_0162,EQ_0110,S_007,2024-01-10
R_20240110_0163,EQ_0169,S_000,2024-01-10
R_20240110_0164,EQ_0173,S_006,2024-01-10
R_20240110_0165,EQ_0207,S_018,2024-01-10
R_20240111_0166,EQ_0007,S_016,2024-01-11
R_20240111_0167,EQ_0026,S_000,2024-01-11
R_20240111_0168,EQ_0046,S_010,2024-01-11
R_20240111_0169,EQ_0086,S_013,2024-01-11
R_20240111_0170,EQ_0119,S_006,2024-01-11
R_20240111_0171,EQ_0130,S_015,2024-01-11
R_20240111_0172,EQ_0158,S_008,2024-01-11
R_20240111_0173,EQ_0166,S_010,2024-01-11
R_20240111_0174,EQ_0180,S_015,2024-01-11
R_20240111_0175,EQ_0216,S_014,2024-01-11
R_20240111_0176,EQ_0260,S_016,2024-01-11
R_20240111_0177,EQ_0266,S_008,2024-01-11
R_20240111_0178,EQ_0287,S_018,2024-01-11
R_20240111_0179,EQ_0295,S_006,2024-01-11
R_20240112_0180,EQ_0003,S_013,2024-01-12
R_20240112_0181,EQ_0005,S_019,2024-01-12
R_20240112_0182,EQ_0024,S_001,2024-01-12
R_20240112_0183,EQ_0029,S_019,2024-01-12
R_20240112_0184,EQ_0056,S_000,2024-01-12
R_20240112_0185,EQ_0142,S_000,2024-01-12
R_20240112_0186,EQ_0159,S_005,2024-01-12
R_20240112_0187,EQ_0167,S_017,2024-01-12
R_20240112_0188,EQ_0180,S_001,2024-01-12
R_20240112_0189,EQ_0202,S_005,2024-01-12
R_20240112_0190,EQ_0217,S_019,2024-01-12
R_20240112_0191,EQ_0229,S_003,2024-01-12
R_20240112_0192,EQ_0235,S_007,2024-01-12
R_20240112_0193,EQ_0262,S_014,2024-01-12
R_20240112_0194,EQ_0269,S_010,2024-01-12
R_20240112_0195,EQ_0291,S_007,2024-01-12
R_20240112_0196,EQ_0293,S_017,2024-01-12
R_20240113_0197,EQ_0002,S_012,2024-01-13
R_20240113_0198,EQ_0005,S_010,2024-01-13
R_20240113_0199,EQ_0033,S_011,2024-01-13
R_20240113_0200,EQ_0046,S_019,2024-01-13
R_20240113_0201,EQ_0069,S_007,2024-01-13
R_20240113_0202,EQ_0099,S_003,2024-01-13
R_20240113_0203,EQ_0100,S_003,2024-01-13
R_20240113_0204,EQ_0104,S_006,2024-01-13
R_20240113_0205,EQ_0105,S_009,2024-01-13
R_20240113_0206,EQ_0108,S_014,2024-01-13
R_20240113_0207,EQ_0129,S_006,2024-01-13
R_20240113_0208,EQ_0136,S_013,2024-01-13
R_20240113_0209,EQ_0152,S_002,2024-01-13
R_20240113_0210,EQ_0216,S_006,2024-01-13
R_20240113_0211,EQ_0237,S_004,2024-01-13
R_20240113_0212,EQ_0243,S_011,2024-01-13
R_20240113_0213,EQ_0266,S_012,2024-01-13
R_20240113_0214,EQ_0287,S_015,2024-01-13
R_20240113_0215,EQ_0299,S_002,2024-01-13
R_20240114_0216,EQ_0005,S_001,2024-01-14
R_20240114_0217,EQ_0007,S_003,2024-01-14
R_20240114_0218,EQ_0016,S_019,2024-01-14
R_20240114_0219,EQ_0021,S_018,2024-01-14
R_20240114_0220,EQ_0048,S_019,2024-01-14
R_20240114_0221,EQ_0064,S_009,2024-01-14
R_20240114_0222,EQ_0083,S_002,2024-01-14
R_20240114_0223,EQ_0127,S_012,2024-01-14
R_20240114_0224,EQ_0138,S_013,2024-01-14
R_20240114_0225,EQ_0160,S_003,2024-01-14
R_20240114_0226,EQ_0182,S_002,2024-01-14
R_20240114_0227,EQ_0193,S_000,2024-01-14
R_20240114_0228,EQ_0209,S_012,2024-01-14
R_20240114_0229,EQ_0222,S_017,2024-01-14
R_20240114_0230,EQ_0233,S_011,2024-01-14
R_20240114_0231,EQ_0239,S_003,2024-01-14
R_20240114_0232,EQ_0243,S_002,2024-01-14
R_20240114_0233,EQ_0255,S_010,2024-01-14
R_20240115_0234,EQ_0002,S_007,2024-01-15
R_20240115_0235,EQ_0078,S_008,2024-01-15
R_20240115_0236,EQ_0083,S_015,2024-01-15
R_20240115_0237,EQ_0099,S_019,2024-01-15
R_20240115_0238,EQ_0105,S_016,2024-01-15
R_20240115_0239,EQ_0135,S_009,2024-01-15
R_20240115_0240,EQ_0143,S_019,2024-01-15
R_20240115_0241,EQ_0162,S_009,2024-01-15
R_20240115_0242,EQ_0170,S_006,2024-01-15
R_20240115_0243,EQ_0171,S_013,2024-01-15
R_20240115_0244,EQ_0201,S_014,2024-01-15
R_20240115_0245,EQ_0207,S_006,2024-01-15
R_20240115_0246,EQ_0209,S_016,2024-01-15
R_20240115_0247,EQ_0225,S_006,2024-01-15
R_20240115_0248,EQ_0262,S_008,2024-01-15
R_20240116_0249,EQ_0006,S_000,2024-01-16
R_20240116_0250,EQ_0053,S_001,2024-01-16
R_20240116_0251,EQ_0055,S_000,2024-01-16
R_20240116_0252,EQ_0091,S_019,2024-01-16
R_20240116_0253,EQ_0102,S_012,2024-01-16
R_20240116_0254,EQ_0103,S_000,2024-01-16
R_20240116_0255,EQ_0121,S_013,2024-01-16
R_20240116_0256,EQ_0127,S_004,2024-01-16
R_20240116_0257,EQ_0132,S_000,2024-01-16
R_20240116_0258,EQ_0138,S_005,2024-01-16
R_20240116_0259,EQ_0164,S_015,2024-01-16
R_20240116_0260,EQ_0174,S_000,2024-01-16
R_20240116_0261,EQ_0181,S_011,2024-01-16
R_20240116_0262,EQ_0184,S_003,2024-01-16
R_20240116_0263,EQ_0188,S_004,2024-01-16
R_20240116_0264,EQ_0196,S_012,2024-01-16
R_20240116_0265,EQ_0206,S_018,2024-01-16
R_20240116_0266,EQ_0209,S_017,2024-01-16
R_20240116_0267,EQ_0235,S_002,2024-01-16
R_20240116_0268,EQ_0243,S_012,2024-01-16
R_20240116_0269,EQ_0249,S_015,2024-01-16
R_20240116_0270,EQ_0270,S_003,2024-01-16
R_20240117_0271,EQ_0013,S_001,2024-01-17
R_20240117_0272,EQ_0022,S_008,2024-01-17
R_20240117_0273,EQ_0031,S_008,2024-01-17
R_20240117_0274,EQ_0038,S_007,2024-01-17
R_20240117_0275,EQ_0055,S_000,2024-01-17
R_20240117_0276,EQ_0057,S_001,2024-01-17
R_20240117_0277,EQ_0109,S_005,2024-01-17
R_20240117_0278,EQ_0125,S_002,2024-01-17
R_20240117_0279,EQ_0140,S_011,2024-01-17
R_20240117_0280,EQ_0152,S_006,2024-01-17
R_20240117_0281,EQ_0162,S_003,2024-01-17
R_20240117_0282,EQ_0177,S_006,2024-01-17
R_20240117_0283,EQ_0249,S_016,2024-01-17
R_20240118_0284,EQ_0017,S_003,2024-01-18
R_20240118_0285,EQ_0018,S_004,2024-01-18
R_20240118_0286,EQ_0023,S_005,2024-01-18
R_20240118_0287,EQ_0037,S_018,2024-01-18
R_20240118_0288,EQ_0050,S_000,2024-01-18
R_20240118_0289,EQ_0059,S_013,2024-01-18
R_20240118_0290,EQ_0074,S_012,2024-01-18
R_20240118_0291,EQ_0103,S_016,2024-01-18
R_20240118_0292,EQ_0110,S_019,2024-01-18
R_20240118_0293,EQ_0144,S_004,2024-01-18
R_20240118_0294,EQ_0161,S_006,2024-01-18
R_20240118_0295,EQ_0165,S_015,2024-01-18
R_20240118_0296,EQ_0194,S_007,2024-01-18
R_20240118_0297,EQ_0230,S_000,2024-01-18
R_20240118_0298,EQ_0270,S_007,2024-01-18
R_20240118_0299,EQ_0277,S_018,2024-01-18
R_20240118_0300,EQ_0279,S_006,2024-01-18
R_20240118_0301,EQ_0294,S_011,2024-01-18
R_20240119_0302,EQ_0003,S_012,2024-01-19
R_20240119_0303,EQ_0054,S_005,2024-01-19
R_20240119_0304,EQ_0065,S_006,2024-01-19
R_20240119_0305,EQ_0089,S_013,2024-01-19
R_20240119_0306,EQ_0098,S_003,2024-01-19
R_20240119_0307,EQ_0118,S_006,2024-01-19
R_20240119_0308,EQ_0175,S_004,2024-01-19
R_20240119_0309,EQ_0176,S_001,2024-01-19
R_20240119_0310,EQ_0207,S_019,2024-01-19
R_20240119_0311,EQ_0208,S_003,2024-01-19
R_20240119_0312,EQ_0250,S_013,2024-01-19
R_20240119_0313,EQ_0271,S_018,2024-01-19
R_20240120_0314,EQ_0074,S_010,2024-01-20
R_20240120_0315,EQ_0161,S_003,2024-01-20
R_20240120_0316,EQ_0172,S_019,2024-01-20
R_20240120_0317,EQ_0175,S_015,2024-01-20
R_20240120_0318,EQ_0223,S_009,2024-01-20
R_20240120_0319,EQ_0232,S_014,2024-01-20
R_20240120_0320,EQ_0271,S_014,2024-01-20
R_20240120_0321,EQ_0292,S_016,2024-01-20
R_20240121_0322,EQ_0013,S_006,2024-01-21
R_20240121_0323,EQ_0040,S_005,2024-01-21
R_20240121_0324,EQ_0066,S_003,2024-01-21
R_20240121_0325,EQ_0086,S_017,2024-01-21
R_20240121_0326,EQ_0087,S_014,2024-01-21
R_20240121_0327,EQ_0102,S_005,2024-01-21
R_20240121_0328,EQ_0122,S_013,2024-01-21
R_20240121_0329,EQ_0134,S_008,2024-01-21
R_20240121_0330,EQ_0195,S_004,2024-01-21
R_20240121_0331,EQ_0197,S_000,2024-01-21
R_20240121_0332,EQ_0222,S_018,2024-01-21
R_20240121_0333,EQ_0230,S_015,2024-01-21
R_20240121_0334,EQ_0233,S_014,2024-01-21
R_20240121_0335,EQ_0235,S_010,2024-01-21
R_20240121_0336,EQ_0243,S_001,2024-01-21
R_20240121_0337,EQ_0275,S_016,2024-01-21
R_20240121_0338,EQ_0276,S_009,2024-01-21
R_20240121_0339,EQ_0295,S_012,2024-01-21
R_20240122_0340,EQ_0079,S_009,2024-01-22
R_20240122_0341,EQ_0080,S_012,2024-01-22
R_20240122_0342,EQ_0088,S_003,2024-01-22
R_20240122_0343,EQ_0096,S_019,2024-01-22
R_20240122_0344,EQ_0106,S_014,2024-01-22
R_20240122_0345,EQ_0110,S_000,2024-01-22
R_20240122_0346,EQ_0124,S_006,2024-01-22
R_20240122_0347,EQ_0135,S_001,2024-01-22
R_20240122_0348,EQ_0182,S_017,2024-01-22
R_20240122_0349,EQ_0185,S_015,2024-01-22
R_20240122_0350,EQ_0218,S_017,2024-01-22
R_20240122_0351,EQ_0224,S_005,2024-01-22
R_20240122_0352,EQ_0226,S_013,2024-01-22
R_20240122_0353,EQ_0239,S_013,2024-01-22
R_20240122_0354,EQ_0243,S_012,2024-01-22
R_20240122_0355,EQ_0255,S_004,2024-01-22
R_20240122_0356,EQ_0276,S_018,2024-01-22
R_20240123_0357,EQ_0006,S_003,2024-01-23
R_20240123_0358,EQ_0049,S_018,2024-01-23
R_20240123_0359,EQ_0098,S_008,2024-01-23
R_20240123_0360,EQ_0108,S_001,2024-01-23
R_20240123_0361,EQ_0121,S_008,2024-01-23
R_20240123_0362,EQ_0122,S_000,2024-01-23
R_20240123_0363,EQ_0161,S_008,2024-01-23
R_20240123_0364,EQ_0203,S_012,2024-01-23
R_20240123_0365,EQ_0236,S_010,2024-01-23
R_20240123_0366,EQ_0291,S_014,2024-01-23
R_20240123_0367,EQ_0297,S_003,2024-01-23
R_20240123_0368,EQ_0298,S_001,2024-01-23
R_20240124_0369,EQ_0038,S_011,2024-01-24
R_20240124_0370,EQ_0070,S_003,2024-01-24
R_20240124_0371,EQ_0071,S_014,2024-01-24
R_20240124_0372,EQ_0073,S_019,2024-01-24
R_20240124_0373,EQ_0099,S_007,2024-01-24
R_20240124_0374,EQ_0118,S_009,2024-01-24
R_20240124_0375,EQ_0158,S_017,2024-01-24
R_20240124_0376,EQ_0172,S_008,2024-01-24
R_20240124_0377,EQ_0217,S_005,2024-01-24
R_20240124_0378,EQ_0218,S_009,2024-01-24
R_20240124_0379,EQ_0257,S_007,2024-01-24
R_20240124_0380,EQ_0259,S_011,2024-01-24
R_20240124_0381,EQ_0261,S_005,2024-01-24
R_20240124_0382,EQ_0285,S_007,2024-01-24
R_20240124_0383,EQ_0286,S_007,2024-01-24
R_20240124_0384,EQ_0290,S_002,2024-01-24
R_20240125_0385,EQ_0001,S_009,2024-01-25
R_20240125_0386,EQ_0008,S_011,2024-01-25
R_20240125_0387,EQ_0068,S_002,2024-01-25
R_20240125_0388,EQ_0087,S_009,2024-01-25
R_20240125_0389,EQ_0142,S_016,2024-01-25
R_20240125_0390,EQ_0186,S_004,2024-01-25
R_20240125_0391,EQ_0191,S_019,2024-01-25
R_20240125_0392,EQ_0196,S_000,2024-01-25
R_20240125_0393,EQ_0199,S_007,2024-01-25
R_20240125_0394,EQ_0213,S_015,2024-01-25
R_20240125_0395,EQ_0237,S_009,2024-01-25
R_20240125_0396,EQ_0259,S_009,2024-01-25
R_20240125_0397,EQ_0270,S_016,2024-01-25
R_20240125_0398,EQ_0277,S_006,2024-01-25
R_20240126_0399,EQ_0019,S_014,2024-01-26
R_20240126_0400,EQ_0033,S_001,2024-01-26
R_20240126_0401,EQ_0050,S_013,2024-01-26
R_20240126_0402,EQ_0053,S_011,2024-01-26
R_20240126_0403,EQ_0060,S_006,2024-01-26
R_20240126_0404,EQ_0061,S_004,2024-01-26
R_20240126_0405,EQ_0078,S_003,2024-01-26
R_20240126_0406,EQ_0080,S_013,2024-01-26
R_20240126_0407,EQ_0087,S_001,2024-01-26
R_20240126_0408,EQ_0106,S_005,2024-01-26
R_20240126_0409,EQ_0133,S_010,2024-01-26
R_20240126_0410,EQ_0142,S_019,2024-01-26
R_20240126_0411,EQ_0148,S_008,2024-01-26
R_20240126_0412,EQ_0188,S_017,2024-01-26
R_20240126_0413,EQ_0200,S_013,2024-01-26
R_20240126_0414,EQ_0220,S_018,2024-01-26
R_20240126_0415,EQ_0240,S_012,2024-01-26
R_20240126_0416,EQ_0256,S_011,2024-01-26
R_20240126_0417,EQ_0263,S_002,2024-01-26
R_20240126_0418,EQ_0265,S_000,2024-01-26
R_20240126_0419,EQ_0295,S_001,2024-01-26
R_20240127_0420,EQ_0056,S_019,2024-01-27
R_20240127_0421,EQ_0097,S_003,2024-01-27
R_20240127_0422,EQ_0122,S_010,2024-01-27
R_20240127_0423,EQ_0127,S_006,2024-01-27
R_20240127_0424,EQ_0143,S_007,2024-01-27
R_20240127_0425,EQ_0166,S_015,2024-01-27
R_20240127_0426,EQ_0209,S_016,2024-01-27
R_20240127_0427,EQ_0216,S_001,2024-01-27
R_20240127_0428,EQ_0233,S_010,2024-01-27
R_20240127_0429,EQ_0235,S_003,2024-01-27
R_20240127_0430,EQ_0280,S_000,2024-01-27
R_20240128_0431,EQ_0003,S_017,2024-01-28
R_20240128_0432,EQ_0008,S_002,2024-01-28
R_20240128_0433,EQ_0009,S_011,2024-01-28
R_20240128_0434,EQ_0020,S_000,2024-01-28
R_20240128_0435,EQ_0032,S_009,2024-01-28
R_20240128_0436,EQ_0062,S_012,2024-01-28
R_20240128_0437,EQ_0079,S_008,2024-01-28
R_20240128_0438,EQ_0132,S_014,2024-01-28
R_20240128_0439,EQ_0249,S_010,2024-01-28
R_20240128_0440,EQ_0277,S_009,2024-01-28
R_20240128_0441,EQ_0292,S_012,2024-01-28
R_20240128_0442,EQ_0296,S_010,2024-01-28
R_20240129_0443,EQ_0050,S_014,2024-01-29
R_20240129_0444,EQ_0057,S_009,2024-01-29
R_20240129_0445,EQ_0084,S_004,2024-01-29
R_20240129_0446,EQ_0122,S_019,2024-01-29
R_20240129_0447,EQ_0123,S_006,2024-01-29
R_20240129_0448,EQ_0140,S_013,2024-01-29
R_20240129_0449,EQ_0171,S_019,2024-01-29
R_20240129_0450,EQ_0176,S_019,2024-01-29
R_20240129_0451,EQ_0188,S_014,2024-01-29
R_20240129_0452,EQ_0206,S_019,2024-01-29
R_20240129_0453,EQ_0232,S_011,2024-01-29
R_20240129_0454,EQ_0237,S_017,2024-01-29
R_20240129_0455,EQ_0238,S_006,2024-01-29
R_20240129_0456,EQ_0264,S_010,2024-01-29
R_20240129_0457,EQ_0271,S_003,2024-01-29
R_20240129_0458,EQ_0276,S_018,2024-01-29
R_20240129_0459,EQ_0288,S_005,2024-01-29
R_20240130_0460,EQ_0003,S_003,2024-01-30
R_20240130_0461,EQ_0018,S_018,2024-01-30
R_20240130_0462,EQ_0025,S_011,2024-01-30
R_20240130_0463,EQ_0146,S_000,2024-01-30
R_20240130_0464,EQ_0147,S_010,2024-01-30
R_20240130_0465,EQ_0161,S_000,2024-01-30
R_20240130_0466,EQ_0220,S_000,2024-01-30
R_20240130_0467,EQ_0238,S_015,2024-01-30
R_20240130_0468,EQ_0250,S_011,2024-01-30
R_20240130_0469,EQ_0254,S_008,2024-01-30
R_20240130_0470,EQ_0261,S_017,2024-01-30
R_20240130_0471,EQ_0269,S_001,2024-01-30
R_20240131_0472,EQ_0022,S_000,2024-01-31
R_20240131_0473,EQ_0026,S_011,2024-01-31
R_20240131_0474,EQ_0028,S_000,2024-01-31
R_20240131_0475,EQ_0043,S_005,2024-01-31
R_20240131_0476,EQ_0047,S_001,2024-01-31
R_20240131_0477,EQ_0057,S_003,2024-01-31
R_20240131_0478,EQ_0068,S_012,2024-01-31
R_20240131_0479,EQ_0084,S_017,2024-01-31
R_20240131_0480,EQ_0102,S_002,2024-01-31
R_20240131_0481,EQ_0107,S_010,2024-01-31
R_20240131_0482,EQ_0126,S_002,2024-01-31
R_20240131_0483,EQ_0188,S_002,2024-01-31
R_20240131_0484,EQ_0196,S_003,2024-01-31
R_20240131_0485,EQ_0200,S_007,2024-01-31
R_20240131_0486,EQ_0232,S_004,2024-01-31
R_20240131_0487,EQ_0233,S_019,2024-01-31
R_20240131_0488,EQ_0274,S_016,2024-01-31
R_20240131_0489,EQ_0281,S_016,2024-01-31
R_20240201_0490,EQ_0000,S_010,2024-02-01
R_20240201_0491,EQ_0003,S_018,2024-02-01
R_20240201_0492,EQ_0005,S_011,2024-02-01
R_20240201_0493,EQ_0013,S_001,2024-02-01
R_20240201_0494,EQ_0054,S_009,2024-02-01
R_20240201_0495,EQ_0092,S_018,2024-02-01
R_20240201_0496,EQ_0101,S_019,2024-02-01
R_20240201_0497,EQ_0113,S_002,2024-02-01
R_20240201_0498,EQ_0122,S_005,2024-02-01
R_20240201_0499,EQ_0131,S_016,2024-02-01
R_20240201_0500,EQ_0144,S_004,2024-02-01
R_20240201_0501,EQ_0155,S_006,2024-02-01
R_20240201_0502,EQ_0174,S_011,2024-02-01
R_20240201_0503,EQ_0189,S_005,2024-02-01
R_20240201_0504,EQ_0195,S_000,2024-02-01
R_20240201_0505,EQ_0202,S_019,2024-02-01
R_20240201_0506,EQ_0241,S_007,2024-02-01
R_20240201_0507,EQ_0280,S_017,2024-02-01
R_20240201_0508,EQ_0289,S_005,2024-02-01
R_20240202_0509,EQ_0013,S_018,2024-02-02
R_20240202_0510,EQ_0049,S_016,2024-02-02
R_20240202_0511,EQ_0071,S_018,2024-02-02
R_20240202_0512,EQ_0091,S_006,2024-02-02
R_20240202_0513,EQ_0093,S_006,2024-02-02
R_20240202_0514,EQ_0109,S_011,2024-02-02
R_20240202_0515,EQ_0135,S_000,2024-02-02
R_20240202_0516,EQ_0221,S_014,2024-02-02
R_20240202_0517,EQ_0228,S_018,2024-02-02
R_20240202_0518,EQ_0238,S_015,2024-02-02
R_20240202_0519,EQ_0252,S_006,2024-02-02
R_20240203_0520,EQ_0021,S_000,2024-02-03
R_20240203_0521,EQ_0024,S_004,2024-02-03
R_20240203_0522,EQ_0054,S_015,2024-02-03
R_20240203_0523,EQ_0069,S_003,2024-02-03
R_20240203_0524,EQ_0075,S_006,2024-02-03
R_20240203_0525,EQ_0080,S_008,2024-02-03
R_20240203_0526,EQ_0210,S_004,2024-02-03
R_20240203_0527,EQ_0219,S_018,2024-02-03
R_20240203_0528,EQ_0255,S_017,2024-02-03
R_20240203_0529,EQ_0286,S_000,2024-02-03
R_20240204_0530,EQ_0051,S_019,2024-02-04
R_20240204_0531,EQ_0072,S_009,2024-02-04
R_20240204_0532,EQ_0106,S_018,2024-02-04
R_20240204_0533,EQ_0107,S_010,2024-02-04
R_20240204_0534,EQ_0131,S_001,2024-02-04
R_20240204_0535,EQ_0174,S_006,2024-02-04
R_20240204_0536,EQ_0181,S_003,2024-02-04
R_20240204_0537,EQ_0206,S_011,2024-02-04
R_20240204_0538,EQ_0228,S_014,2024-02-04
R_20240205_0539,EQ_0011,S_017,2024-02-05
R_20240205_0540,EQ_0013,S_012,2024-02-05
R_20240205_0541,EQ_0035,S_006,2024-02-05
R_20240205_0542,EQ_0053,S_011,2024-02-05
R_20240205_0543,EQ_0126,S_003,2024-02-05
R_20240205_0544,EQ_0151,S_003,2024-02-05
R_20240205_0545,EQ_0160,S_019,2024-02-05
R_20240205_0546,EQ_0172,S_013,2024-02-05
R_20240205_0547,EQ_0180,S_007,2024-02-05
R_20240205_0548,EQ_0238,S_004,2024-02-05
R_20240205_0549,EQ_0248,S_003,2024-02-05
R_20240205_0550,EQ_0270,S_015,2024-02-05
R_20240205_0551,EQ_0284,S_004,2024-02-05
R_20240206_0552,EQ_0012,S_019,2024-02-06
R_20240206_0553,EQ_0023,S_008,2024-02-06
R_20240206_0554,EQ_0040,S_010,2024-02-06
R_20240206_0555,EQ_0048,S_012,2024-02-06
R_20240206_0556,EQ_0051,S_007,2024-02-06
R_20240206_0557,EQ_0092,S_004,2024-02-06
R_20240206_0558,EQ_0115,S_011,2024-02-06
R_20240206_0559,EQ_0142,S_018,2024-02-06
R_20240206_0560,EQ_0150,S_002,2024-02-06
R_20240206_0561,EQ_0152,S_008,2024-02-06
R_20240206_0562,EQ_0183,S_017,2024-02-06
R_20240206_0563,EQ_0201,S_010,2024-02-06
R_20240206_0564,EQ_0241,S_000,2024-02-06
R_20240206_0565,EQ_0265,S_012,2024-02-06
R_20240207_0566,EQ_0045,S_002,2024-02-07
R_20240207_0567,EQ_0116,S_013,2024-02-07
R_20240207_0568,EQ_0146,S_007,2024-02-07
R_20240207_0569,EQ_0149,S_007,2024-02-07
R_20240207_0570,EQ_0161,S_009,2024-02-07
R_20240207_0571,EQ_0230,S_013,2024-02-07
R_20240207_0572,EQ_0249,S_001,2024-02-07
R_20240207_0573,EQ_0263,S_003,2024-02-07
R_20240207_0574,EQ_0268,S_005,2024-02-07
R_20240208_0575,EQ_0021,S_014,2024-02-08
R_20240208_0576,EQ_0029,S_008,2024-02-08
R_20240208_0577,EQ_0113,S_012,2024-02-08
R_20240208_0578,EQ_0124,S_018,2024-02-08
R_20240208_0579,EQ_0137,S_019,2024-02-08
R_20240208_0580,EQ_0167,S_018,2024-02-08
R_20240208_0581,EQ_0205,S_007,2024-02-08
R_20240208_0582,EQ_0218,S_007,2024-02-08
R_20240208_0583,EQ_0229,S_003,2024-02-08
R_20240208_0584,EQ_0253,S_014,2024-02-08
R_20240208_0585,EQ_0263,S_017,2024-02-08
R_20240208_0586,EQ_0266,S_002,2024-02-08
R_20240208_0587,EQ_0274,S_010,2024-02-08
R_20240208_0588,EQ_0282,S_016,2024-02-08
R_20240208_0589,EQ_0287,S_018,2024-02-08
R_20240208_0590,EQ_0289,S_006,2024-02-08
R_20240208_0591,EQ_0290,S_018,2024-02-08
R_20240208_0592,EQ_0299,S_001,2024-02-08
R_20240209_0593,EQ_0091,S_010,2024-02-09
R_20240209_0594,EQ_0107,S_001,2024-02-09
R_20240209_0595,EQ_0159,S_007,2024-02-09
R_20240209_0596,EQ_0163,S_014,2024-02-09
R_20240209_0597,EQ_0178,S_011,2024-02-09
R_20240209_0598,EQ_0187,S_009,2024-02-09
R_20240209_0599,EQ_0224,S_010,2024-02-09
R_20240209_0600,EQ_0272,S_019,2024-02-09
R_20240209_0601,EQ_0284,S_014,2024-02-09
R_20240209_0602,EQ_0293,S_015,2024-02-09
R_20240210_0603,EQ_0007,S_000,2024-02-10
R_20240210_0604,EQ_0009,S_000,2024-02-10
R_20240210_0605,EQ_0021,S_005,2024-02-10
R_20240210_0606,EQ_0062,S_010,2024-02-10
R_20240210_0607,EQ_0065,S_014,2024-02-10
R_20240210_0608,EQ_0073,S_007,2024-02-10
R_20240210_0609,EQ_0108,S_017,2024-02-10
R_20240210_0610,EQ_0119,S_010,2024-02-10
R_20240210_0611,EQ_0142,S_006,2024-02-10
R_20240210_0612,EQ_0148,S_002,2024-02-10
R_20240210_0613,EQ_0167,S_001,2024-02-10
R_20240210_0614,EQ_0171,S_018,2024-02-10
R_20240210_0615,EQ_0224,S_009,2024-02-10
R_20240210_0616,EQ_0230,S_007,2024-02-10
R_20240210_0617,EQ_0246,S_011,2024-02-10
R_20240210_0618,EQ_0264,S_013,2024-02-10
R_20240211_0619,EQ_0000,S_019,2024-02-11
R_20240211_0620,EQ_0043,S_010,2024-02-11
R_20240211_0621,EQ_0061,S_018,2024-02-11
R_20240211_0622,EQ_0064,S_011,2024-02-11
R_20240211_0623,EQ_0107,S_019,2024-02-11
R_20240211_0624,EQ_0109,S_009,2024-02-11
R_20240211_0625,EQ_0123,S_003,2024-02-11
R_20240211_0626,EQ_0146,S_014,2024-02-11
R_20240211_0627,EQ_0161,S_010,2024-02-11
R_20240211_0628,EQ_0162,S_015,2024-02-11
R_20240211_0629,EQ_0215,S_014,2024-02-11
R_20240211_0630,EQ_0273,S_005,2024-02-11
R_20240211_0631,EQ_0279,S_001,2024-02-11
R_20240211_0632,EQ_0293,S_005,2024-02-11
R_20240211_0633,EQ_0297,S_016,2024-02-11
R_20240212_0634,EQ_0013,S_000,2024-02-12
R_20240212_0635,EQ_0021,S_016,2024-02-12
R_20240212_0636,EQ_0068,S_008,2024-02-12
R_20240212_0637,EQ_0088,S_004,2024-02-12
R_20240212_0638,EQ_0116,S_018,2024-02-12
R_20240212_0639,EQ_0124,S_016,2024-02-12
R_20240212_0640,EQ_0173,S_014,2024-02-12
R_20240212_0641,EQ_0176,S_015,2024-02-12
R_20240212_0642,EQ_0177,S_003,2024-02-12
R_20240212_0643,EQ_0180,S_000,2024-02-12
R_20240212_0644,EQ_0181,S_014,2024-02-12
R_20240212_0645,EQ_0184,S_008,2024-02-12
R_20240212_0646,EQ_0193,S_019,2024-02-12
R_20240212_0647,EQ_0200,S_018,2024-02-12
R_20240212_0648,EQ_0221,S_019,2024-02-12
R_20240212_0649,EQ_0233,S_003,2024-02-12
R_20240212_0650,EQ_0238,S_010,2024-02-12
R_20240212_0651,EQ_0248,S_005,2024-02-12
R_20240212_0652,EQ_0249,S_013,2024-02-12
R_20240213_0653,EQ_0031,S_013,2024-02-13
R_20240213_0654,EQ_0096,S_001,2024-02-13
R_20240213_0655,EQ_0137,S_004,2024-02-13
R_20240213_0656,EQ_0167,S_002,2024-02-13
R_20240213_0657,EQ_0172,S_016,2024-02-13
R_20240213_0658,EQ_0195,S_013,2024-02-13
R_20240213_0659,EQ_0273,S_011,2024-02-13
R_20240214_0660,EQ_0042,S_001,2024-02-14
R_20240214_0661,EQ_0055,S_017,2024-02-14
R_20240214_0662,EQ_0095,S_003,2024-02-14
R_20240214_0663,EQ_0102,S_017,2024-02-14
R_20240214_0664,EQ_0103,S_013,2024-02-14
R_20240214_0665,EQ_0116,S_018,2024-02-14
R_20240214_0666,EQ_0121,S_010,2024-02-14
R_20240214_0667,EQ_0143,S_002,2024-02-14
R_20240214_0668,EQ_0144,S_007,2024-02-14
R_20240214_0669,EQ_0160,S_009,2024-02-14
R_20240214_0670,EQ_0163,S_019,2024-02-14
R_20240214_0671,EQ_0167,S_015,2024-02-14
R_20240214_0672,EQ_0185,S_006,2024-02-14
R_20240214_0673,EQ_0187,S_014,2024-02-14
R_20240214_0674,EQ_0255,S_002,2024-02-14
R_20240214_0675,EQ_0260,S_016,2024-02-14
R_20240214_0676,EQ_0270,S_002,2024-02-14
R_20240214_0677,EQ_0296,S_016,2024-02-14
R_20240214_0678,EQ_0298,S_019,2024-02-14
R_20240215_0679,EQ_0004,S_003,2024-02-15
R_20240215_0680,EQ_0058,S_000,2024-02-15
R_20240215_0681,EQ_0109,S_016,2024-02-15
R_20240215_0682,EQ_0120,S_004,2024-02-15
R_20240215_0683,EQ_0166,S_000,2024-02-15
R_20240215_0684,EQ_0177,S_019,2024-02-15
R_20240215_0685,EQ_0178,S_001,2024-02-15
R_20240215_0686,EQ_0181,S_004,2024-02-15
R_20240215_0687,EQ_0187,S_016,2024-02-15
R_20240215_0688,EQ_0198,S_018,2024-02-15
R_20240215_0689,EQ_0215,S_011,2024-02-15
R_20240215_0690,EQ_0226,S_016,2024-02-15
R_20240215_0691,EQ_0231,S_014,2024-02-15
R_20240216_0692,EQ_0015,S_008,2024-02-16
R_20240216_0693,EQ_0039,S_019,2024-02-16
R_20240216_0694,EQ_0044,S_006,2024-02-16
R_20240216_0695,EQ_0052,S_009,2024-02-16
R_20240216_0696,EQ_0056,S_012,2024-02-16
R_20240216_0697,EQ_0078,S_011,2024-02-16
R_20240216_0698,EQ_0083,S_010,2024-02-16
R_20240216_0699,EQ_0158,S_007,2024-02-16
R_20240216_0700,EQ_0165,S_017,2024-02-16
R_20240216_0701,EQ_0171,S_011,2024-02-16
R_20240216_0702,EQ_0219,S_015,2024-02-16
R_20240216_0703,EQ_0232,S_004,2024-02-16
R_20240216_0704,EQ_0265,S_006,2024-02-16
R_20240217_0705,EQ_0000,S_006,2024-02-17
R_20240217_0706,EQ_0016,S_008,2024-02-17
R_20240217_0707,EQ_0035,S_015,2024-02-17
R_20240217_0708,EQ_0055,S_017,2024-02-17
R_20240217_0709,EQ_0064,S_016,2024-02-17
R_20240217_0710,EQ_0077,S_010,2024-02-17
R_20240217_0711,EQ_0117,S_000,2024-02-17
R_20240217_0712,EQ_0126,S_014,2024-02-17
R_20240217_0713,EQ_0220,S_014,2024-02-17
R_20240217_0714,EQ_0228,S_009,2024-02-17
R_20240217_0715,EQ_0238,S_009,2024-02-17
R_20240217_0716,EQ_0247,S_003,2024-02-17
R_20240217_0717,EQ_0252,S_016,2024-02-17
R_20240217_0718,EQ_0260,S_009,2024-02-17
R_20240217_0719,EQ_0272,S_019,2024-02-17
R_20240218_0720,EQ_0001,S_019,2024-02-18
R_20240218_0721,EQ_0016,S_010,2024-02-18
R_20240218_0722,EQ_0032,S_019,2024-02-18
R_20240218_0723,EQ_0054,S_002,2024-02-18
R_20240218_0724,EQ_0056,S_003,2024-02-18
R_20240218_0725,EQ_0072,S_006,2024-02-18
R_20240218_0726,EQ_0099,S_016,2024-02-18
R_20240218_0727,EQ_0134,S_018,2024-02-18
R_20240218_0728,EQ_0160,S_017,2024-02-18
R_20240218_0729,EQ_0216,S_016,2024-02-18
R_20240218_0730,EQ_0218,S_015,2024-02-18
R_20240218_0731,EQ_0236,S_011,2024-02-18
R_20240218_0732,EQ_0259,S_017,2024-02-18
R_20240219_0733,EQ_0006,S_006,2024-02-19
R_20240219_0734,EQ_0033,S_010,2024-02-19
R_20240219_0735,EQ_0036,S_005,2024-02-19
R_20240219_0736,EQ_0069,S_001,2024-02-19
R_20240219_0737,EQ_0106,S_004,2024-02-19
R_20240219_0738,EQ_0127,S_000,2024-02-19
R_20240219_0739,EQ_0140,S_011,2024-02-19
R_20240219_0740,EQ_0152,S_001,2024-02-19
R_20240220_0741,EQ_0017,S_017,2024-02-20
R_20240220_0742,EQ_0041,S_006,2024-02-20
R_20240220_0743,EQ_0101,S_007,2024-02-20
R_20240220_0744,EQ_0106,S_018,2024-02-20
R_20240220_0745,EQ_0113,S_010,2024-02-20
R_20240220_0746,EQ_0131,S_009,2024-02-20
R_20240220_0747,EQ_0170,S_005,2024-02-20
R_20240220_0748,EQ_0199,S_010,2024-02-20
R_20240220_0749,EQ_0208,S_013,2024-02-20
R_20240220_0750,EQ_0212,S_011,2024-02-20
R_20240220_0751,EQ_0244,S_000,2024-02-20
R_20240220_0752,EQ_0249,S_008,2024-02-20
R_20240220_0753,EQ_0252,S_003,2024-02-20
R_20240220_0754,EQ_0260,S_017,2024-02-20
R_20240220_0755,EQ_0264,S_002,2024-02-20
R_20240220_0756,EQ_0287,S_008,2024-02-20
R_20240220_0757,EQ_0288,S_017,2024-02-20
R_20240220_0758,EQ_0298,S_010,2024-02-20
R_20240221_0759,EQ_0024,S_004,2024-02-21
R_20240221_0760,EQ_0026,S_010,2024-02-21
R_20240221_0761,EQ_0044,S_009,2024-02-21
R_20240221_0762,EQ_0059,S_000,2024-02-21
R_20240221_0763,EQ_0089,S_018,2024-02-21
R_20240221_0764,EQ_0140,S_008,2024-02-21
R_20240221_0765,EQ_0141,S_013,2024-02-21
R_20240221_0766,EQ_0149,S_014,2024-02-21
R_20240221_0767,EQ_0152,S_007,2024-02-21
R_20240221_0768,EQ_0187,S_015,2024-02-21
R_20240221_0769,EQ_0213,S_009,2024-02-21
R_20240221_0770,EQ_0269,S_004,2024-02-21
R_20240221_0771,EQ_0278,S_005,2024-02-21
R_20240222_0772,EQ_0005,S_011,2024-02-22
R_20240222_0773,EQ_0018,S_007,2024-02-22
R_20240222_0774,EQ_0040,S_009,2024-02-22
R_20240222_0775,EQ_0041,S_013,2024-02-22
R_20240222_0776,EQ_0070,S_004,2024-02-22
R_20240222_0777,EQ_0096,S_013,2024-02-22
R_20240222_0778,EQ_0105,S_003,2024-02-22
R_20240222_0779,EQ_0125,S_003,2024-02-22
R_20240222_0780,EQ_0146,S_001,2024-02-22
R_20240222_0781,EQ_0160,S_001,2024-02-22
R_20240222_0782,EQ_0272,S_004,2024-02-22
R_20240222_0783,EQ_0278,S_018,2024-02-22
R_20240223_0784,EQ_0004,S_017,2024-02-23
R_20240223_0785,EQ_0039,S_016,2024-02-23
R_20240223_0786,EQ_0067,S_013,2024-02-23
R_20240223_0787,EQ_0089,S_008,2024-02-23
R_20240223_0788,EQ_0095,S_015,2024-02-23
R_20240223_0789,EQ_0167,S_007,2024-02-23
R_20240223_0790,EQ_0174,S_005,2024-02-23
R_20240223_0791,EQ_0199,S_002,2024-02-23
R_20240223_0792,EQ_0202,S_015,2024-02-23
R_20240223_0793,EQ_0243,S_002,2024-02-23
R_20240224_0794,EQ_0024,S_011,2024-02-24
R_20240224_0795,EQ_0026,S_007,2024-02-24
R_20240224_0796,EQ_0029,S_003,2024-02-24
R_20240224_0797,EQ_0103,S_016,2024-02-24
R_20240224_0798,EQ_0121,S_018,2024-02-24
R_20240224_0799,EQ_0195,S_007,2024-02-24
R_20240224_0800,EQ_0211,S_007,2024-02-24
R_20240224_0801,EQ_0228,S_005,2024-02-24
R_20240224_0802,EQ_0234,S_015,2024-02-24
R_20240224_0803,EQ_0270,S_007,2024-02-24
R_20240224_0804,EQ_0274,S_014,2024-02-24
R_20240224_0805,EQ_0282,S_019,2024-02-24
R_20240224_0806,EQ_0289,S_010,2024-02-24
R_20240225_0807,EQ_0001,S_003,2024-02-25
R_20240225_0808,EQ_0030,S_017,2024-02-25
R_20240225_0809,EQ_0053,S_006,2024-02-25
R_20240225_0810,EQ_0063,S_011,2024-02-25
R_20240225_0811,EQ_0071,S_000,2024-02-25
R_20240225_0812,EQ_0092,S_002,2024-02-25
R_20240225_0813,EQ_0104,S_013,2024-02-25
R_20240225_0814,EQ_0110,S_019,2024-02-25
R_20240225_0815,EQ_0206,S_017,2024-02-25
R_20240225_0816,EQ_0229,S_003,2024-02-25
R_20240225_0817,EQ_0236,S_002,2024-02-25
R_20240225_0818,EQ_0267,S_007,2024-02-25
R_20240226_0819,EQ_0007,S_011,2024-02-26
R_20240226_0820,EQ_0010,S_006,2024-02-26
R_20240226_0821,EQ_0031,S_003,2024-02-26
R_20240226_0822,EQ_0038,S_001,2024-02-26
R_20240226_0823,EQ_0057,S_013,2024-02-26
R_20240226_0824,EQ_0072,S_019,2024-02-26
R_20240226_0825,EQ_0091,S_017,2024-02-26
R_20240226_0826,EQ_0105,S_007,2024-02-26
R_20240226_0827,EQ_0116,S_007,2024-02-26
R_20240226_0828,EQ_0130,S_015,2024-02-26
R_20240226_0829,EQ_0146,S_019,2024-02-26
R_20240226_0830,EQ_0149,S_015,2024-02-26
R_20240226_0831,EQ_0202,S_010,2024-02-26
R_20240226_0832,EQ_0205,S_002,2024-02-26
R_20240226_0833,EQ_0289,S_016,2024-02-26
R_20240226_0834,EQ_0293,S_008,2024-02-26
R_20240227_0835,EQ_0013,S_003,2024-02-27
R_20240227_0836,EQ_0023,S_017,2024-02-27
R_20240227_0837,EQ_0055,S_016,2024-02-27
R_20240227_0838,EQ_0091,S_017,2024-02-27
R_20240227_0839,EQ_0095,S_006,2024-02-27
R_20240227_0840,EQ_0097,S_015,2024-02-27
R_20240227_0841,EQ_0103,S_002,2024-02-27
R_20240227_0842,EQ_0107,S_008,2024-02-27
R_20240227_0843,EQ_0116,S_014,2024-02-27
R_20240227_0844,EQ_0133,S_007,2024-02-27
R_20240227_0845,EQ_0165,S_002,2024-02-27
R_20240227_0846,EQ_0174,S_019,2024-02-27
R_20240227_0847,EQ_0209,S_004,2024-02-27
R_20240227_0848,EQ_0216,S_014,2024-02-27
R_20240227_0849,EQ_0221,S_008,2024-02-27
R_20240227_0850,EQ_0231,S_004,2024-02-27
R_20240227_0851,EQ_0239,S_015,2024-02-27
R_20240227_0852,EQ_0261,S_004,2024-02-27
R_20240227_0853,EQ_0283,S_006,2024-02-27
R_20240227_0854,EQ_0285,S_007,2024-02-27
R_20240228_0855,EQ_0078,S_003,2024-02-28
R_20240228_0856,EQ_0085,S_014,2024-02-28
R_20240228_0857,EQ_0101,S_007,2024-02-28
R_20240228_0858,EQ_0109,S_019,2024-02-28
R_20240228_0859,EQ_0114,S_004,2024-02-28
R_20240228_0860,EQ_0148,S_003,2024-02-28
R_20240228_0861,EQ_0191,S_004,2024-02-28
R_20240228_0862,EQ_0211,S_016,2024-02-28
R_20240228_0863,EQ_0257,S_003,2024-02-28
R_20240228_0864,EQ_0277,S_004,2024-02-28
R_20240228_0865,EQ_0295,S_006,2024-02-28
R_20240229_0866,EQ_0022,S_008,2024-02-29
R_20240229_0867,EQ_0026,S_007,2024-02-29
R_20240229_0868,EQ_0028,S_011,2024-02-29
R_20240229_0869,EQ_0037,S_016,2024-02-29
R_20240229_0870,EQ_0053,S_013,2024-02-29
R_20240229_0871,EQ_0063,S_004,2024-02-29
R_20240229_0872,EQ_0071,S_018,2024-02-29
R_20240229_0873,EQ_0107,S_016,2024-02-29
R_20240229_0874,EQ_0126,S_015,2024-02-29
R_20240229_0875,EQ_0132,S_018,2024-02-29
R_20240229_0876,EQ_0146,S_012,2024-02-29
R_20240229_0877,EQ_0164,S_002,2024-02-29
R_20240229_0878,EQ_0169,S_009,2024-02-29
R_20240229_0879,EQ_0200,S_012,2024-02-29
R_20240229_0880,EQ_0203,S_019,2024-02-29
R_20240229_0881,EQ_0242,S_004,2024-02-29
R_20240229_0882,EQ_0254,S_019,2024-02-29
R_20240229_0883,EQ_0270,S_004,2024-02-29
R_20240229_0884,EQ_0272,S_013,2024-02-29
R_20240229_0885,EQ_0293,S_017,2024-02-29
R_20240301_0886,EQ_0039,S_007,2024-03-01
R_20240301_0887,EQ_0087,S_017,2024-03-01
R_20240301_0888,EQ_0126,S_016,2024-03-01
R_20240301_0889,EQ_0134,S_009,2024-03-01
R_20240301_0890,EQ_0144,S_004,2024-03-01
R_20240301_0891,EQ_0155,S_014,2024-03-01
R_20240301_0892,EQ_0227,S_017,2024-03-01
R_20240301_0893,EQ_0251,S_003,2024-03-01
R_20240301_0894,EQ_0269,S_012,2024-03-01
R_20240302_0895,EQ_0009,S_012,2024-03-02
R_20240302_0896,EQ_0077,S_018,2024-03-02
R_20240302_0897,EQ_0141,S_018,2024-03-02
R_20240302_0898,EQ_0165,S_002,2024-03-02
R_20240302_0899,EQ_0215,S_000,2024-03-02
R_20240302_0900,EQ_0240,S_001,2024-03-02
R_20240302_0901,EQ_0254,S_019,2024-03-02
R_20240302_0902,EQ_0261,S_012,2024-03-02
R_20240302_0903,EQ_0278,S_002,2024-03-02
R_20240302_0904,EQ_0282,S_007,2024-03-02
R_20240303_0905,EQ_0007,S_018,2024-03-03
R_20240303_0906,EQ_0036,S_014,2024-03-03
R_20240303_0907,EQ_0074,S_015,2024-03-03
R_20240303_0908,EQ_0089,S_004,2024-03-03
R_20240303_0909,EQ_0122,S_001,2024-03-03
R_20240303_0910,EQ_0123,S_018,2024-03-03
R_20240303_0911,EQ_0240,S_007,2024-03-03
R_20240303_0912,EQ_0250,S_016,2024-03-03
R_20240303_0913,EQ_0263,S_016,2024-03-03
R_20240303_0914,EQ_0289,S_007,2024-03-03
R_20240304_0915,EQ_0033,S_017,2024-03-04
R_20240304_0916,EQ_0061,S_010,2024-03-04
R_20240304_0917,EQ_0065,S_004,2024-03-04
R_20240304_0918,EQ_0135,S_013,2024-03-04
R_20240304_0919,EQ_0146,S_000,2024-03-04
R_20240304_0920,EQ_0166,S_006,2024-03-04
R_20240304_0921,EQ_0173,S_002,2024-03-04
R_20240304_0922,EQ_0188,S_018,2024-03-04
R_20240304_0923,EQ_0204,S_001,2024-03-04
R_20240304_0924,EQ_0221,S_013,2024-03-04
R_20240304_0925,EQ_0235,S_003,2024-03-04
R_20240304_0926,EQ_0281,S_002,2024-03-04
R_20240304_0927,EQ_0288,S_003,2024-03-04
R_20240304_0928,EQ_0295,S_009,2024-03-04
R_20240305_0929,EQ_0007,S_009,2024-03-05
R_20240305_0930,EQ_0030,S_011,2024-03-05
R_20240305_0931,EQ_0032,S_018,2024-03-05
R_20240305_0932,EQ_0042,S_004,2024-03-05
R_20240305_0933,EQ_0061,S_009,2024-03-05
R_20240305_0934,EQ_0088,S_010,2024-03-05
R_20240305_0935,EQ_0091,S_004,2024-03-05
R_20240305_0936,EQ_0129,S_007,2024-03-05
R_20240305_0937,EQ_0146,S_019,2024-03-05
R_20240305_0938,EQ_0163,S_001,2024-03-05
R_20240305_0939,EQ_0184,S_001,2024-03-05
R_20240305_0940,EQ_0195,S_017,2024-03-05
R_20240306_0941,EQ_0004,S_006,2024-03-06
R_20240306_0942,EQ_0015,S_014,2024-03-06
R_20240306_0943,EQ_0077,S_017,2024-03-06
R_20240306_0944,EQ_0085,S_012,2024-03-06
R_20240306_0945,EQ_0131,S_013,2024-03-06
R_20240306_0946,EQ_0155,S_007,2024-03-06
R_20240306_0947,EQ_0185,S_001,2024-03-06
R_20240306_0948,EQ_0194,S_000,2024-03-06
R_20240306_0949,EQ_0218,S_014,2024-03-06
R_20240306_0950,EQ_0278,S_003,2024-03-06
R_20240306_0951,EQ_0283,S_011,2024-03-06
R_20240306_0952,EQ_0286,S_002,2024-03-06
R_20240307_0953,EQ_0007,S_015,2024-03-07
R_20240307_0954,EQ_0065,S_006,2024-03-07
R_20240307_0955,EQ_0071,S_010,2024-03-07
R_20240307_0956,EQ_0076,S_011,2024-03-07
R_20240307_0957,EQ_0095,S_015,2024-03-07
R_20240307_0958,EQ_0118,S_018,2024-03-07
R_20240307_0959,EQ_0154,S_003,2024-03-07
R_20240307_0960,EQ_0159,S_019,2024-03-07
R_20240307_0961,EQ_0175,S_014,2024-03-07
R_20240307_0962,EQ_0179,S_013,2024-03-07
R_20240307_0963,EQ_0198,S_015,2024-03-07
R_20240307_0964,EQ_0202,S_016,2024-03-07
R_20240307_0965,EQ_0215,S_004,2024-03-07
R_20240307_0966,EQ_0225,S_010,2024-03-07
R_20240307_0967,EQ_0232,S_017,2024-03-07
R_20240307_0968,EQ_0249,S_011,2024-03-07
R_20240307_0969,EQ_0272,S_016,2024-03-07
R_20240307_0970,EQ_0298,S_004,2024-03-07
R_20240308_0971,EQ_0010,S_002,2024-03-08
R_20240308_0972,EQ_0039,S_009,2024-03-08
R_20240308_0973,EQ_0056,S_001,2024-03-08
R_20240308_0974,EQ_0074,S_005,2024-03-08
R_20240308_0975,EQ_0131,S_005,2024-03-08
R_20240308_0976,EQ_0158,S_015,2024-03-08
R_20240308_0977,EQ_0173,S_012,2024-03-08
R_20240308_0978,EQ_0178,S_018,2024-03-08
R_20240308_0979,EQ_0237,S_013,2024-03-08
R_20240308_0980,EQ_0270,S_015,2024-03-08
R_20240308_0981,EQ_0285,S_013,2024-03-08
R_20240309_0982,EQ_0019,S_000,2024-03-09
R_20240309_0983,EQ_0029,S_010,2024-03-09
R_20240309_0984,EQ_0053,S_008,2024-03-09
R_20240309_0985,EQ_0063,S_001,2024-03-09
R_20240309_0986,EQ_0106,S_002,2024-03-09
R_20240309_0987,EQ_0118,S_002,2024-03-09
R_20240309_0988,EQ_0127,S_006,2024-03-09
R_20240309_0989,EQ_0141,S_004,2024-03-09
R_20240309_0990,EQ_0156,S_016,2024-03-09
R_20240309_0991,EQ_0170,S_006,2024-03-09
R_20240309_0992,EQ_0173,S_011,2024-03-09
R_20240309_0993,EQ_0183,S_013,2024-03-09
R_20240309_0994,EQ_0208,S_004,2024-03-09
R_20240309_0995,EQ_0238,S_013,2024-03-09
R_20240309_0996,EQ_0252,S_010,2024-03-09
R_20240309_0997,EQ_0268,S_011,2024-03-09
R_20240309_0998,EQ_0276,S_000,2024-03-09
R_20240309_0999,EQ_0278,S_007,2024-03-09
R_20240309_1000,EQ_0287,S_019,2024-03-09
R_20240309_1001,EQ_0288,S_011,2024-03-09
R_20240310_1002,EQ_0032,S_007,2024-03-10
R_20240310_1003,EQ_0039,S_005,2024-03-10
R_20240310_1004,EQ_0095,S_013,2024-03-10
R_20240310_1005,EQ_0103,S_017,2024-03-10
R_20240310_1006,EQ_0109,S_008,2024-03-10
R_20240310_1007,EQ_0111,S_019,2024-03-10
R_20240310_1008,EQ_0138,S_000,2024-03-10
R_20240310_1009,EQ_0157,S_014,2024-03-10
R_20240310_1010,EQ_0172,S_000,2024-03-10
R_20240310_1011,EQ_0178,S_017,2024-03-10
R_20240310_1012,EQ_0191,S_009,2024-03-10
R_20240310_1013,EQ_0207,S_010,2024-03-10
R_20240310_1014,EQ_0230,S_001,2024-03-10
R_20240310_1015,EQ_0239,S_008,2024-03-10
R_20240310_1016,EQ_0255,S_017,2024-03-10
R_20240311_1017,EQ_0003,S_009,2024-03-11
R_20240311_1018,EQ_0014,S_005,2024-03-11
R_20240311_1019,EQ_0017,S_019,2024-03-11
R_20240311_1020,EQ_0023,S_010,2024-03-11
R_20240311_1021,EQ_0028,S_006,2024-03-11
R_20240311_1022,EQ_0031,S_000,2024-03-11
R_20240311_1023,EQ_0037,S_019,2024-03-11
R_20240311_1024,EQ_0045,S_012,2024-03-11
R_20240311_1025,EQ_0046,S_016,2024-03-11
R_20240311_1026,EQ_0070,S_002,2024-03-11
R_20240311_1027,EQ_0072,S_008,2024-03-11
R_20240311_1028,EQ_0074,S_004,2024-03-11
R_20240311_1029,EQ_0137,S_009,2024-03-11
R_20240311_1030,EQ_0159,S_004,2024-03-11
R_20240311_1031,EQ_0197,S_006,2024-03-11
R_20240311_1032,EQ_0217,S_017,2024-03-11
R_20240311_1033,EQ_0230,S_011,2024-03-11
R_20240311_1034,EQ_0251,S_012,2024-03-11
R_20240311_1035,EQ_0263,S_018,2024-03-11
R_20240311_1036,EQ_0264,S_005,2024-03-11
R_20240311_1037,EQ_0280,S_002,2024-03-11
R_20240312_1038,EQ_0008,S_017,2024-03-12
R_20240312_1039,EQ_0016,S_019,2024-03-12
R_20240312_1040,EQ_0034,S_011,2024-03-12
R_20240312_1041,EQ_0049,S_012,2024-03-12
R_20240312_1042,EQ_0054,S_003,2024-03-12
R_20240312_1043,EQ_0095,S_014,2024-03-12
R_20240312_1044,EQ_0103,S_004,2024-03-12
R_20240312_1045,EQ_0129,S_011,2024-03-12
R_20240312_1046,EQ_0130,S_004,2024-03-12
R_20240312_1047,EQ_0135,S_001,2024-03-12
R_20240312_1048,EQ_0166,S_009,2024-03-12
R_20240312_1049,EQ_0175,S_015,2024-03-12
R_20240312_1050,EQ_0202,S_002,2024-03-12
R_20240312_1051,EQ_0207,S_009,2024-03-12
R_20240312_1052,EQ_0216,S_012,2024-03-12
R_20240312_1053,EQ_0220,S_014,2024-03-12
R_20240312_1054,EQ_0238,S_014,2024-03-12
R_20240312_1055,EQ_0243,S_010,2024-03-12
R_20240312_1056,EQ_0274,S_006,2024-03-12
R_20240312_1057,EQ_0276,S_018,2024-03-12
R_20240312_1058,EQ_0293,S_001,2024-03-12
R_20240313_1059,EQ_0001,S_019,2024-03-13
R_20240313_1060,EQ_0003,S_016,2024-03-13
R_20240313_1061,EQ_0010,S_007,2024-03-13
R_20240313_1062,EQ_0062,S_002,2024-03-13
R_20240313_1063,EQ_0086,S_003,2024-03-13
R_20240313_1064,EQ_0095,S_017,2024-03-13
R_20240313_1065,EQ_0096,S_006,2024-03-13
R_20240313_1066,EQ_0107,S_005,2024-03-13
R_20240313_1067,EQ_0122,S_000,2024-03-13
R_20240313_1068,EQ_0214,S_016,2024-03-13
R_20240313_1069,EQ_0223,S_012,2024-03-13
R_20240313_1070,EQ_0225,S_014,2024-03-13
R_20240313_1071,EQ_0265,S_018,2024-03-13
R_20240313_1072,EQ_0266,S_003,2024-03-13
R_20240313_1073,EQ_0290,S_000,2024-03-13
R_20240313_1074,EQ_0296,S_004,2024-03-13
R_20240314_1075,EQ_0088,S_010,2024-03-14
R_20240314_1076,EQ_0091,S_011,2024-03-14
R_20240314_1077,EQ_0102,S_000,2024-03-14
R_20240314_1078,EQ_0103,S_016,2024-03-14
R_20240314_1079,EQ_0131,S_001,2024-03-14
R_20240314_1080,EQ_0138,S_010,2024-03-14
R_20240314_1081,EQ_0142,S_018,2024-03-14
R_20240314_1082,EQ_0152,S_011,2024-03-14
R_20240314_1083,EQ_0160,S_003,2024-03-14
R_20240314_1084,EQ_0161,S_005,2024-03-14
R_20240314_1085,EQ_0171,S_019,2024-03-14
R_20240314_1086,EQ_0197,S_002,2024-03-14
R_20240314_1087,EQ_0229,S_000,2024-03-14
R_20240314_1088,EQ_0239,S_012,2024-03-14
R_20240314_1089,EQ_0243,S_019,2024-03-14
R_20240314_1090,EQ_0272,S_010,2024-03-14
R_20240314_1091,EQ_0274,S_002,2024-03-14
R_20240314_1092,EQ_0277,S_009,2024-03-14
R_20240314_1093,EQ_0286,S_005,2024-03-14
R_20240314_1094,EQ_0287,S_008,2024-03-14
R_20240315_1095,EQ_0017,S_015,2024-03-15
R_20240315_1096,EQ_0022,S_018,2024-03-15
R_20240315_1097,EQ_0030,S_014,2024-03-15
R_20240315_1098,EQ_0033,S_011,2024-03-15
R_20240315_1099,EQ_0040,S_005,2024-03-15
R_20240315_1100,EQ_0067,S_007,2024-03-15
R_20240315_1101,EQ_0091,S_001,2024-03-15
R_20240315_1102,EQ_0100,S_016,2024-03-15
R_20240315_1103,EQ_0105,S_002,2024-03-15
R_20240315_1104,EQ_0124,S_011,2024-03-15
R_20240315_1105,EQ_0143,S_010,2024-03-15
R_20240315_1106,EQ_0171,S_010,2024-03-15
R_20240315_1107,EQ_0199,S_008,2024-03-15
R_20240315_1108,EQ_0201,S_013,2024-03-15
R_20240315_1109,EQ_0202,S_003,2024-03-15
R_20240315_1110,EQ_0209,S_003,2024-03-15
R_20240315_1111,EQ_0235,S_000,2024-03-15
R_20240315_1112,EQ_0241,S_018,2024-03-15
R_20240315_1113,EQ_0243,S_000,2024-03-15
R_20240315_1114,EQ_0245,S_017,2024-03-15
R_20240315_1115,EQ_0249,S_003,2024-03-15
R_20240315_1116,EQ_0256,S_017,2024-03-15
R_20240315_1117,EQ_0291,S_017,2024-03-15
R_20240315_1118,EQ_0295,S_013,2024-03-15
R_20240316_1119,EQ_0016,S_003,2024-03-16
R_20240316_1120,EQ_0028,S_019,2024-03-16
R_20240316_1121,EQ_0058,S_017,2024-03-16
R_20240316_1122,EQ_0084,S_016,2024-03-16
R_20240316_1123,EQ_0086,S_013,2024-03-16
R_20240316_1124,EQ_0101,S_019,2024-03-16
R_20240316_1125,EQ_0125,S_019,2024-03-16
R_20240316_1126,EQ_0133,S_007,2024-03-16
R_20240316_1127,EQ_0187,S_011,2024-03-16
R_20240316_1128,EQ_0197,S_008,2024-03-16
R_20240316_1129,EQ_0209,S_015,2024-03-16
R_20240316_1130,EQ_0218,S_016,2024-03-16
R_20240316_1131,EQ_0231,S_017,2024-03-16
R_20240316_1132,EQ_0256,S_018,2024-03-16
R_20240316_1133,EQ_0285,S_009,2024-03-16
R_20240316_1134,EQ_0292,S_006,2024-03-16
R_20240316_1135,EQ_0294,S_018,2024-03-16
R_20240317_1136,EQ_0073,S_014,2024-03-17
R_20240317_1137,EQ_0093,S_016,2024-03-17
R_20240317_1138,EQ_0101,S_012,2024-03-17
R_20240317_1139,EQ_0109,S_004,2024-03-17
R_20240317_1140,EQ_0125,S_006,2024-03-17
R_20240317_1141,EQ_0128,S_001,2024-03-17
R_20240317_1142,EQ_0139,S_017,2024-03-17
R_20240317_1143,EQ_0146,S_003,2024-03-17
R_20240317_1144,EQ_0183,S_016,2024-03-17
R_20240317_1145,EQ_0200,S_012,2024-03-17
R_20240317_1146,EQ_0260,S_008,2024-03-17
R_20240318_1147,EQ_0000,S_002,2024-03-18
R_20240318_1148,EQ_0016,S_008,2024-03-18
R_20240318_1149,EQ_0039,S_018,2024-03-18
R_20240318_1150,EQ_0043,S_007,2024-03-18
R_20240318_1151,EQ_0059,S_019,2024-03-18
R_20240318_1152,EQ_0091,S_018,2024-03-18
R_20240318_1153,EQ_0122,S_000,2024-03-18
R_20240318_1154,EQ_0128,S_010,2024-03-18
R_20240318_1155,EQ_0133,S_007,2024-03-18
R_20240318_1156,EQ_0161,S_000,2024-03-18
R_20240318_1157,EQ_0172,S_015,2024-03-18
R_20240318_1158,EQ_0183,S_015,2024-03-18
R_20240318_1159,EQ_0190,S_004,2024-03-18
R_20240318_1160,EQ_0196,S_008,2024-03-18
R_20240318_1161,EQ_0204,S_014,2024-03-18
R_20240318_1162,EQ_0267,S_015,2024-03-18
R_20240318_1163,EQ_0290,S_019,2024-03-18
R_20240318_1164,EQ_0297,S_018,2024-03-18
R_20240319_1165,EQ_0000,S_019,2024-03-19
R_20240319_1166,EQ_0010,S_012,2024-03-19
R_20240319_1167,EQ_0030,S_009,2024-03-19
R_20240319_1168,EQ_0080,S_008,2024-03-19
R_20240319_1169,EQ_0083,S_017,2024-03-19
R_20240319_1170,EQ_0089,S_015,2024-03-19
R_20240319_1171,EQ_0094,S_000,2024-03-19
R_20240319_1172,EQ_0108,S_000,2024-03-19
R_20240319_1173,EQ_0156,S_009,2024-03-19
R_20240319_1174,EQ_0184,S_003,2024-03-19
R_20240319_1175,EQ_0206,S_010,2024-03-19
R_20240319_1176,EQ_0266,S_004,2024-03-19
R_20240319_1177,EQ_0279,S_009,2024-03-19
R_20240320_1178,EQ_0023,S_006,2024-03-20
R_20240320_1179,EQ_0044,S_002,2024-03-20
R_20240320_1180,EQ_0101,S_017,2024-03-20
R_20240320_1181,EQ_0102,S_002,2024-03-20
R_20240320_1182,EQ_0106,S_016,2024-03-20
R_20240320_1183,EQ_0114,S_007,2024-03-20
R_20240320_1184,EQ_0128,S_004,2024-03-20
R_20240320_1185,EQ_0166,S_005,2024-03-20
R_20240320_1186,EQ_0173,S_010,2024-03-20
R_20240320_1187,EQ_0211,S_017,2024-03-20
R_20240320_1188,EQ_0245,S_009,2024-03-20
R_20240320_1189,EQ_0248,S_008,2024-03-20
R_20240320_1190,EQ_0259,S_016,2024-03-20
R_20240320_1191,EQ_0269,S_005,2024-03-20
R_20240320_1192,EQ_0273,S_014,2024-03-20
R_20240320_1193,EQ_0281,S_006,2024-03-20
R_20240320_1194,EQ_0299,S_018,2024-03-20
R_20240321_1195,EQ_0016,S_011,2024-03-21
R_20240321_1196,EQ_0062,S_011,2024-03-21
R_20240321_1197,EQ_0077,S_001,2024-03-21
R_20240321_1198,EQ_0100,S_015,2024-03-21
R_20240321_1199,EQ_0102,S_011,2024-03-21
R_20240321_1200,EQ_0172,S_008,2024-03-21
R_20240321_1201,EQ_0208,S_006,2024-03-21
R_20240321_1202,EQ_0240,S_009,2024-03-21
R_20240321_1203,EQ_0253,S_012,2024-03-21
R_20240321_1204,EQ_0256,S_015,2024-03-21
R_20240321_1205,EQ_0264,S_009,2024-03-21
R_20240321_1206,EQ_0271,S_018,2024-03-21
R_20240322_1207,EQ_0004,S_014,2024-03-22
R_20240322_1208,EQ_0049,S_008,2024-03-22
R_20240322_1209,EQ_0056,S_009,2024-03-22
R_20240322_1210,EQ_0089,S_005,2024-03-22
R_20240322_1211,EQ_0100,S_009,2024-03-22
R_20240322_1212,EQ_0108,S_005,2024-03-22
R_20240322_1213,EQ_0141,S_007,2024-03-22
R_20240322_1214,EQ_0152,S_008,2024-03-22
R_20240322_1215,EQ_0153,S_019,2024-03-22
R_20240322_1216,EQ_0162,S_006,2024-03-22
R_20240322_1217,EQ_0167,S_006,2024-03-22
R_20240322_1218,EQ_0177,S_012,2024-03-22
R_20240322_1219,EQ_0189,S_012,2024-03-22
R_20240322_1220,EQ_0197,S_016,2024-03-22
R_20240322_1221,EQ_0281,S_017,2024-03-22
R_20240322_1222,EQ_0289,S_003,2024-03-22
R_20240323_1223,EQ_0030,S_010,2024-03-23
R_20240323_1224,EQ_0031,S_009,2024-03-23
R_20240323_1225,EQ_0064,S_000,2024-03-23
R_20240323_1226,EQ_0106,S_001,2024-03-23
R_20240323_1227,EQ_0129,S_004,2024-03-23
R_20240323_1228,EQ_0133,S_015,2024-03-23
R_20240323_1229,EQ_0144,S_004,2024-03-23
R_20240323_1230,EQ_0156,S_007,2024-03-23
R_20240323_1231,EQ_0164,S_014,2024-03-23
R_20240323_1232,EQ_0181,S_014,2024-03-23
R_20240323_1233,EQ_0194,S_017,2024-03-23
R_20240323_1234,EQ_0263,S_010,2024-03-23
R_20240323_1235,EQ_0291,S_006,2024-03-23
R_20240323_1236,EQ_0294,S_015,2024-03-23
R_20240323_1237,EQ_0296,S_003,2024-03-23
R_20240324_1238,EQ_0022,S_006,2024-03-24
R_20240324_1239,EQ_0037,S_006,2024-03-24
R_20240324_1240,EQ_0042,S_007,2024-03-24
R_20240324_1241,EQ_0050,S_006,2024-03-24
R_20240324_1242,EQ_0163,S_000,2024-03-24
R_20240324_1243,EQ_0178,S_011,2024-03-24
R_20240324_1244,EQ_0201,S_019,2024-03-24
R_20240324_1245,EQ_0211,S_014,2024-03-24
R_20240324_1246,EQ_0222,S_017,2024-03-24
R_20240324_1247,EQ_0227,S_019,2024-03-24
R_20240324_1248,EQ_0276,S_017,2024-03-24
R_20240324_1249,EQ_0299,S_015,2024-03-24
R_20240325_1250,EQ_0016,S_009,2024-03-25
R_20240325_1251,EQ_0020,S_014,2024-03-25
R_20240325_1252,EQ_0034,S_004,2024-03-25
R_20240325_1253,EQ_0099,S_013,2024-03-25
R_20240325_1254,EQ_0137,S_014,2024-03-25
R_20240325_1255,EQ_0140,S_009,2024-03-25
R_20240325_1256,EQ_0157,S_018,2024-03-25
R_20240325_1257,EQ_0159,S_002,2024-03-25
R_20240325_1258,EQ_0205,S_012,2024-03-25
R_20240325_1259,EQ_0208,S_004,2024-03-25
R_20240325_1260,EQ_0261,S_018,2024-03-25
R_20240325_1261,EQ_0286,S_013,2024-03-25
R_20240326_1262,EQ_0016,S_018,2024-03-26
R_20240326_1263,EQ_0028,S_010,2024-03-26
R_20240326_1264,EQ_0051,S_008,2024-03-26
R_20240326_1265,EQ_0148,S_007,2024-03-26
R_20240326_1266,EQ_0162,S_013,2024-03-26
R_20240326_1267,EQ_0184,S_012,2024-03-26
R_20240326_1268,EQ_0185,S_000,2024-03-26
R_20240326_1269,EQ_0194,S_010,2024-03-26
R_20240326_1270,EQ_0210,S_006,2024-03-26
R_20240326_1271,EQ_0218,S_003,2024-03-26
R_20240326_1272,EQ_0250,S_003,2024-03-26
R_20240326_1273,EQ_0253,S_003,2024-03-26
R_20240326_1274,EQ_0283,S_018,2024-03-26
R_20240326_1275,EQ_0287,S_017,2024-03-26
R_20240326_1276,EQ_0289,S_010,2024-03-26
R_20240326_1277,EQ_0290,S_003,2024-03-26
R_20240326_1278,EQ_0295,S_010,2024-03-26
R_20240327_1279,EQ_0003,S_016,2024-03-27
R_20240327_1280,EQ_0025,S_018,2024-03-27
R_20240327_1281,EQ_0039,S_008,2024-03-27
R_20240327_1282,EQ_0042,S_015,2024-03-27
R_20240327_1283,EQ_0059,S_001,2024-03-27
R_20240327_1284,EQ_0100,S_015,2024-03-27
R_20240327_1285,EQ_0117,S_014,2024-03-27
R_20240327_1286,EQ_0143,S_003,2024-03-27
R_20240327_1287,EQ_0152,S_011,2024-03-27
R_20240327_1288,EQ_0173,S_002,2024-03-27
R_20240327_1289,EQ_0200,S_013,2024-03-27
R_20240327_1290,EQ_0201,S_009,2024-03-27
R_20240327_1291,EQ_0232,S_009,2024-03-27
R_20240327_1292,EQ_0239,S_017,2024-03-27
R_20240327_1293,EQ_0259,S_006,2024-03-27
R_20240327_1294,EQ_0270,S_007,2024-03-27
R_20240327_1295,EQ_0293,S_000,2024-03-27
R_20240328_1296,EQ_0027,S_003,2024-03-28
R_20240328_1297,EQ_0029,S_011,2024-03-28
R_20240328_1298,EQ_0036,S_017,2024-03-28
R_20240328_1299,EQ_0038,S_002,2024-03-28
R_20240328_1300,EQ_0059,S_019,2024-03-28
R_20240328_1301,EQ_0067,S_007,2024-03-28
R_20240328_1302,EQ_0090,S_008,2024-03-28
R_20240328_1303,EQ_0140,S_018,2024-03-28
R_20240328_1304,EQ_0162,S_001,2024-03-28
R_20240328_1305,EQ_0166,S_008,2024-03-28
R_20240328_1306,EQ_0167,S_005,2024-03-28
R_20240328_1307,EQ_0230,S_003,2024-03-28
R_20240328_1308,EQ_0254,S_008,2024-03-28
R_20240328_1309,EQ_0260,S_009,2024-03-28
R_20240328_1310,EQ_0262,S_009,2024-03-28
R_20240328_1311,EQ_0267,S_014,2024-03-28
R_20240328_1312,EQ_0287,S_003,2024-03-28
R_20240329_1313,EQ_0032,S_013,2024-03-29
R_20240329_1314,EQ_0046,S_006,2024-03-29
R_20240329_1315,EQ_0079,S_012,2024-03-29
R_20240329_1316,EQ_0083,S_000,2024-03-29
R_20240329_1317,EQ_0087,S_001,2024-03-29
R_20240329_1318,EQ_0109,S_010,2024-03-29
R_20240329_1319,EQ_0119,S_013,2024-03-29
R_20240329_1320,EQ_0133,S_002,2024-03-29
R_20240329_1321,EQ_0144,S_012,2024-03-29
R_20240329_1322,EQ_0155,S_006,2024-03-29
R_20240329_1323,EQ_0187,S_008,2024-03-29
R_20240329_1324,EQ_0215,S_018,2024-03-29
R_20240329_1325,EQ_0223,S_016,2024-03-29
R_20240329_1326,EQ_0230,S_000,2024-03-29
R_20240329_1327,EQ_0243,S_004,2024-03-29
R_20240329_1328,EQ_0283,S_007,2024-03-29
R_20240330_1329,EQ_0005,S_010,2024-03-30
R_20240330_1330,EQ_0061,S_018,2024-03-30
R_20240330_1331,EQ_0080,S_016,2024-03-30
R_20240330_1332,EQ_0109,S_014,2024-03-30
R_20240330_1333,EQ_0133,S_007,2024-03-30
R_20240330_1334,EQ_0142,S_010,2024-03-30
R_20240330_1335,EQ_0149,S_014,2024-03-30
R_20240330_1336,EQ_0158,S_007,2024-03-30
R_20240330_1337,EQ_0161,S_011,2024-03-30
R_20240330_1338,EQ_0200,S_005,2024-03-30
R_20240330_1339,EQ_0201,S_006,2024-03-30
R_20240330_1340,EQ_0282,S_002,2024-03-30
R_20240330_1341,EQ_0294,S_000,2024-03-30
R_20240330_1342,EQ_0296,S_010,2024-03-30
R_20240331_1343,EQ_0016,S_016,2024-03-31
R_20240331_1344,EQ_0043,S_006,2024-03-31
R_20240331_1345,EQ_0122,S_017,2024-03-31
R_20240331_1346,EQ_0145,S_013,2024-03-31
R_20240331_1347,EQ_0148,S_009,2024-03-31
R_20240331_1348,EQ_0187,S_009,2024-03-31
R_20240331_1349,EQ_0247,S_006,2024-03-31
R_20240331_1350,EQ_0250,S_012,2024-03-31
R_20240331_1351,EQ_0269,S_002,2024-03-31
R_20240401_1352,EQ_0011,S_013,2024-04-01
R_20240401_1353,EQ_0027,S_010,2024-04-01
R_20240401_1354,EQ_0047,S_000,2024-04-01
R_20240401_1355,EQ_0062,S_012,2024-04-01
R_20240401_1356,EQ_0065,S_005,2024-04-01
R_20240401_1357,EQ_0089,S_009,2024-04-01
R_20240401_1358,EQ_0142,S_017,2024-04-01
R_20240401_1359,EQ_0144,S_005,2024-04-01
R_20240401_1360,EQ_0221,S_000,2024-04-01
R_20240401_1361,EQ_0230,S_004,2024-04-01
R_20240401_1362,EQ_0243,S_010,2024-04-01
R_20240401_1363,EQ_0256,S_006,2024-04-01
R_20240401_1364,EQ_0299,S_018,2024-04-01
R_20240402_1365,EQ_0009,S_018,2024-04-02
R_20240402_1366,EQ_0026,S_010,2024-04-02
R_20240402_1367,EQ_0041,S_014,2024-04-02
R_20240402_1368,EQ_0046,S_019,2024-04-02
R_20240402_1369,EQ_0054,S_008,2024-04-02
R_20240402_1370,EQ_0058,S_003,2024-04-02
R_20240402_1371,EQ_0076,S_007,2024-04-02
R_20240402_1372,EQ_0089,S_007,2024-04-02
R_20240402_1373,EQ_0110,S_019,2024-04-02
R_20240402_1374,EQ_0137,S_011,2024-04-02
R_20240402_1375,EQ_0203,S_014,2024-04-02
R_20240402_1376,EQ_0236,S_015,2024-04-02
R_20240402_1377,EQ_0243,S_014,2024-04-02
R_20240402_1378,EQ_0268,S_014,2024-04-02
R_20240403_1379,EQ_0011,S_010,2024-04-03
R_20240403_1380,EQ_0019,S_010,2024-04-03
R_20240403_1381,EQ_0020,S_017,2024-04-03
R_20240403_1382,EQ_0095,S_000,2024-04-03
R_20240403_1383,EQ_0100,S_012,2024-04-03
R_20240403_1384,EQ_0101,S_018,2024-04-03
R_20240403_1385,EQ_0148,S_018,2024-04-03
R_20240403_1386,EQ_0151,S_000,2024-04-03
R_20240403_1387,EQ_0171,S_013,2024-04-03
R_20240403_1388,EQ_0185,S_002,2024-04-03
R_20240403_1389,EQ_0200,S_009,2024-04-03
R_20240403_1390,EQ_0271,S_000,2024-04-03
R_20240403_1391,EQ_0291,S_017,2024-04-03
R_20240403_1392,EQ_0295,S_001,2024-04-03
R_20240404_1393,EQ_0009,S_012,2024-04-04
R_20240404_1394,EQ_0027,S_015,2024-04-04
R_20240404_1395,EQ_0033,S_017,2024-04-04
R_20240404_1396,EQ_0057,S_011,2024-04-04
R_20240404_1397,EQ_0080,S_016,2024-04-04
R_20240404_1398,EQ_0083,S_005,2024-04-04
R_20240404_1399,EQ_0084,S_008,2024-04-04
R_20240404_1400,EQ_0091,S_018,2024-04-04
R_20240404_1401,EQ_0112,S_009,2024-04-04
R_20240404_1402,EQ_0116,S_004,2024-04-04
R_20240404_1403,EQ_0162,S_001,2024-04-04
R_20240404_1404,EQ_0225,S_007,2024-04-04
R_20240404_1405,EQ_0265,S_008,2024-04-04
R_20240404_1406,EQ_0288,S_006,2024-04-04
R_20240405_1407,EQ_0002,S_007,2024-04-05
R_20240405_1408,EQ_0024,S_012,2024-04-05
R_20240405_1409,EQ_0044,S_014,2024-04-05
R_20240405_1410,EQ_0047,S_008,2024-04-05
R_20240405_1411,EQ_0079,S_019,2024-04-05
R_20240405_1412,EQ_0086,S_014,2024-04-05
R_20240405_1413,EQ_0114,S_004,2024-04-05
R_20240405_1414,EQ_0118,S_014,2024-04-05
R_20240405_1415,EQ_0124,S_000,2024-04-05
R_20240405_1416,EQ_0142,S_003,2024-04-05
R_20240405_1417,EQ_0146,S_005,2024-04-05
R_20240405_1418,EQ_0158,S_002,2024-04-05
R_20240405_1419,EQ_0164,S_011,2024-04-05
R_20240405_1420,EQ_0165,S_007,2024-04-05
R_20240405_1421,EQ_0189,S_008,2024-04-05
R_20240405_1422,EQ_0190,S_014,2024-04-05
R_20240405_1423,EQ_0240,S_011,2024-04-05
R_20240405_1424,EQ_0241,S_018,2024-04-05
R_20240405_1425,EQ_0244,S_014,2024-04-05
R_20240405_1426,EQ_0296,S_018,2024-04-05
R_20240405_1427,EQ_0298,S_014,2024-04-05
R_20240406_1428,EQ_0028,S_009,2024-04-06
R_20240406_1429,EQ_0029,S_007,2024-04-06
R_20240406_1430,EQ_0073,S_011,2024-04-06
R_20240406_1431,EQ_0171,S_010,2024-04-06
R_20240406_1432,EQ_0213,S_018,2024-04-06
R_20240406_1433,EQ_0242,S_014,2024-04-06
R_20240406_1434,EQ_0278,S_016,2024-04-06
R_20240406_1435,EQ_0295,S_003,2024-04-06
R_20240407_1436,EQ_0001,S_016,2024-04-07
R_20240407_1437,EQ_0055,S_006,2024-04-07
R_20240407_1438,EQ_0074,S_013,2024-04-07
R_20240407_1439,EQ_0089,S_001,2024-04-07
R_20240407_1440,EQ_0107,S_014,2024-04-07
R_20240407_1441,EQ_0121,S_014,2024-04-07
R_20240407_1442,EQ_0122,S_000,2024-04-07
R_20240407_1443,EQ_0169,S_006,2024-04-07
R_20240407_1444,EQ_0199,S_018,2024-04-07
R_20240407_1445,EQ_0214,S_001,2024-04-07
R_20240407_1446,EQ_0243,S_000,2024-04-07
R_20240407_1447,EQ_0265,S_005,2024-04-07
R_20240407_1448,EQ_0273,S_018,2024-04-07
R_20240407_1449,EQ_0275,S_003,2024-04-07
R_20240407_1450,EQ_0298,S_009,2024-04-07
R_20240408_1451,EQ_0002,S_007,2024-04-08
R_20240408_1452,EQ_0009,S_000,2024-04-08
R_20240408_1453,EQ_0086,S_010,2024-04-08
R_20240408_1454,EQ_0096,S_003,2024-04-08
R_20240408_1455,EQ_0101,S_005,2024-04-08
R_20240408_1456,EQ_0129,S_007,2024-04-08
R_20240408_1457,EQ_0179,S_018,2024-04-08
R_20240408_1458,EQ_0182,S_008,2024-04-08
R_20240408_1459,EQ_0198,S_006,2024-04-08
R_20240408_1460,EQ_0202,S_004,2024-04-08
R_20240408_1461,EQ_0217,S_010,2024-04-08
R_20240408_1462,EQ_0226,S_014,2024-04-08
R_20240408_1463,EQ_0227,S_001,2024-04-08
R_20240408_1464,EQ_0235,S_005,2024-04-08
R_20240408_1465,EQ_0270,S_007,2024-04-08
R_20240409_1466,EQ_0013,S_014,2024-04-09
R_20240409_1467,EQ_0017,S_011,2024-04-09
R_20240409_1468,EQ_0025,S_010,2024-04-09
R_20240409_1469,EQ_0032,S_014,2024-04-09
R_20240409_1470,EQ_0057,S_005,2024-04-09
R_20240409_1471,EQ_0063,S_009,2024-04-09
R_20240409_1472,EQ_0086,S_007,2024-04-09
R_20240409_1473,EQ_0093,S_008,2024-04-09
R_20240409_1474,EQ_0116,S_001,2024-04-09
R_20240409_1475,EQ_0220,S_007,2024-04-09
R_20240409_1476,EQ_0267,S_010,2024-04-09
R_20240410_1477,EQ_0015,S_005,2024-04-10
R_20240410_1478,EQ_0031,S_008,2024-04-10
R_20240410_1479,EQ_0032,S_005,2024-04-10
R_20240410_1480,EQ_0046,S_015,2024-04-10
R_20240410_1481,EQ_0051,S_002,2024-04-10
R_20240410_1482,EQ_0073,S_016,2024-04-10
R_20240410_1483,EQ_0152,S_014,2024-04-10
R_20240410_1484,EQ_0189,S_008,2024-04-10
R_20240410_1485,EQ_0246,S_008,2024-04-10
R_20240411_1486,EQ_0002,S_015,2024-04-11
R_20240411_1487,EQ_0046,S_006,2024-04-11
R_20240411_1488,EQ_0056,S_009,2024-04-11
R_20240411_1489,EQ_0099,S_007,2024-04-11
R_20240411_1490,EQ_0107,S_002,2024-04-11
R_20240411_1491,EQ_0116,S_008,2024-04-11
R_20240411_1492,EQ_0130,S_010,2024-04-11
R_20240411_1493,EQ_0135,S_008,2024-04-11
R_20240411_1494,EQ_0153,S_014,2024-04-11
R_20240411_1495,EQ_0155,S_015,2024-04-11
R_20240411_1496,EQ_0173,S_011,2024-04-11
R_20240411_1497,EQ_0183,S_002,2024-04-11
R_20240411_1498,EQ_0200,S_007,2024-04-11
R_20240411_1499,EQ_0206,S_005,2024-04-11
R_20240411_1500,EQ_0225,S_007,2024-04-11
R_20240411_1501,EQ_0269,S_008,2024-04-11
R_20240411_1502,EQ_0279,S_019,2024-04-11
R_20240411_1503,EQ_0296,S_004,2024-04-11
R_20240412_1504,EQ_0018,S_008,2024-04-12
R_20240412_1505,EQ_0059,S_017,2024-04-12
R_20240412_1506,EQ_0078,S_014,2024-04-12
R_20240412_1507,EQ_0082,S_007,2024-04-12
R_20240412_1508,EQ_0155,S_013,2024-04-12
R_20240412_1509,EQ_0171,S_006,2024-04-12
R_20240412_1510,EQ_0190,S_017,2024-04-12
R_20240412_1511,EQ_0194,S_016,2024-04-12
R_20240412_1512,EQ_0218,S_009,2024-04-12
R_20240412_1513,EQ_0224,S_003,2024-04-12
R_20240412_1514,EQ_0230,S_008,2024-04-12
R_20240412_1515,EQ_0274,S_007,2024-04-12
R_20240412_1516,EQ_0278,S_011,2024-04-12
R_20240412_1517,EQ_0283,S_015,2024-04-12
R_20240412_1518,EQ_0293,S_003,2024-04-12
R_20240412_1519,EQ_0297,S_017,2024-04-12
R_20240413_1520,EQ_0011,S_011,2024-04-13
R_20240413_1521,EQ_0048,S_011,2024-04-13
R_20240413_1522,EQ_0060,S_002,2024-04-13
R_20240413_1523,EQ_0072,S_018,2024-04-13
R_20240413_1524,EQ_0086,S_016,2024-04-13
R_20240413_1525,EQ_0103,S_019,2024-04-13
R_20240413_1526,EQ_0130,S_007,2024-04-13
R_20240413_1527,EQ_0172,S_015,2024-04-13
R_20240413_1528,EQ_0174,S_003,2024-04-13
R_20240413_1529,EQ_0181,S_003,2024-04-13
R_20240413_1530,EQ_0184,S_012,2024-04-13
R_20240413_1531,EQ_0190,S_018,2024-04-13
R_20240413_1532,EQ_0195,S_009,2024-04-13
R_20240413_1533,EQ_0211,S_004,2024-04-13
R_20240413_1534,EQ_0240,S_017,2024-04-13
R_20240413_1535,EQ_0246,S_003,2024-04-13
R_20240414_1536,EQ_0011,S_015,2024-04-14
R_20240414_1537,EQ_0070,S_005,2024-04-14
R_20240414_1538,EQ_0072,S_001,2024-04-14
R_20240414_1539,EQ_0082,S_002,2024-04-14
R_20240414_1540,EQ_0095,S_004,2024-04-14
R_20240414_1541,EQ_0107,S_001,2024-04-14
R_20240414_1542,EQ_0196,S_006,2024-04-14
R_20240414_1543,EQ_0205,S_007,2024-04-14
R_20240414_1544,EQ_0213,S_010,2024-04-14
R_20240414_1545,EQ_0240,S_012,2024-04-14
R_20240415_1546,EQ_0024,S_007,2024-04-15
R_20240415_1547,EQ_0039,S_008,2024-04-15
R_20240415_1548,EQ_0071,S_005,2024-04-15
R_20240415_1549,EQ_0082,S_018,2024-04-15
R_20240415_1550,EQ_0084,S_019,2024-04-15
R_20240415_1551,EQ_0089,S_007,2024-04-15
R_20240415_1552,EQ_0099,S_013,2024-04-15
R_20240415_1553,EQ_0102,S_018,2024-04-15
R_20240415_1554,EQ_0146,S_017,2024-04-15
R_20240415_1555,EQ_0148,S_010,2024-04-15
R_20240415_1556,EQ_0171,S_003,2024-04-15
R_20240415_1557,EQ_0184,S_009,2024-04-15
R_20240415_1558,EQ_0204,S_003,2024-04-15
R_20240415_1559,EQ_0213,S_001,2024-04-15
R_20240415_1560,EQ_0250,S_009,2024-04-15
R_20240415_1561,EQ_0273,S_010,2024-04-15
R_20240415_1562,EQ_0287,S_013,2024-04-15
R_20240415_1563,EQ_0297,S_019,2024-04-15
R_20240415_1564,EQ_0298,S_002,2024-04-15
R_20240416_1565,EQ_0024,S_018,2024-04-16
R_20240416_1566,EQ_0033,S_017,2024-04-16
R_20240416_1567,EQ_0039,S_004,2024-04-16
R_20240416_1568,EQ_0047,S_019,2024-04-16
R_20240416_1569,EQ_0055,S_007,2024-04-16
R_20240416_1570,EQ_0159,S_014,2024-04-16
R_20240416_1571,EQ_0166,S_007,2024-04-16
R_20240416_1572,EQ_0172,S_003,2024-04-16
R_20240416_1573,EQ_0178,S_001,2024-04-16
R_20240416_1574,EQ_0179,S_013,2024-04-16
R_20240416_1575,EQ_0194,S_010,2024-04-16
R_20240416_1576,EQ_0250,S_001,2024-04-16
R_20240416_1577,EQ_0251,S_003,2024-04-16
R_20240416_1578,EQ_0299,S_011,2024-04-16
R_20240417_1579,EQ_0002,S_016,2024-04-17
R_20240417_1580,EQ_0020,S_015,2024-04-17
R_20240417_1581,EQ_0034,S_015,2024-04-17
R_20240417_1582,EQ_0046,S_018,2024-04-17
R_20240417_1583,EQ_0163,S_014,2024-04-17
R_20240417_1584,EQ_0180,S_015,2024-04-17
R_20240417_1585,EQ_0202,S_005,2024-04-17
R_20240417_1586,EQ_0228,S_009,2024-04-17
R_20240417_1587,EQ_0260,S_000,2024-04-17
R_20240417_1588,EQ_0262,S_002,2024-04-17
R_20240417_1589,EQ_0287,S_000,2024-04-17
R_20240417_1590,EQ_0296,S_014,2024-04-17
R_20240418_1591,EQ_0100,S_000,2024-04-18
R_20240418_1592,EQ_0124,S_004,2024-04-18
R_20240418_1593,EQ_0144,S_007,2024-04-18
R_20240418_1594,EQ_0151,S_010,2024-04-18
R_20240418_1595,EQ_0166,S_010,2024-04-18
R_20240418_1596,EQ_0184,S_018,2024-04-18
R_20240418_1597,EQ_0236,S_015,2024-04-18
R_20240418_1598,EQ_0239,S_014,2024-04-18
R_20240418_1599,EQ_0249,S_004,2024-04-18
R_20240418_1600,EQ_0273,S_019,2024-04-18
R_20240418_1601,EQ_0276,S_005,2024-04-18
R_20240418_1602,EQ_0289,S_001,2024-04-18
R_20240419_1603,EQ_0003,S_005,2024-04-19
R_20240419_1604,EQ_0022,S_015,2024-04-19
R_20240419_1605,EQ_0029,S_004,2024-04-19
R_20240419_1606,EQ_0052,S_008,2024-04-19
R_20240419_1607,EQ_0067,S_017,2024-04-19
R_20240419_1608,EQ_0146,S_005,2024-04-19
R_20240419_1609,EQ_0156,S_016,2024-04-19
R_20240419_1610,EQ_0207,S_002,2024-04-19
R_20240419_1611,EQ_0215,S_018,2024-04-19
R_20240419_1612,EQ_0221,S_012,2024-04-19
R_20240419_1613,EQ_0245,S_004,2024-04-19
R_20240419_1614,EQ_0257,S_013,2024-04-19
R_20240419_1615,EQ_0266,S_018,2024-04-19
R_20240419_1616,EQ_0286,S_003,2024-04-19
R_20240420_1617,EQ_0015,S_005,2024-04-20
R_20240420_1618,EQ_0049,S_002,2024-04-20
R_20240420_1619,EQ_0058,S_019,2024-04-20
R_20240420_1620,EQ_0068,S_015,2024-04-20
R_20240420_1621,EQ_0075,S_016,2024-04-20
R_20240420_1622,EQ_0076,S_017,2024-04-20
R_20240420_1623,EQ_0224,S_005,2024-04-20
R_20240420_1624,EQ_0247,S_006,2024-04-20
R_20240420_1625,EQ_0268,S_007,2024-04-20
R_20240420_1626,EQ_0279,S_014,2024-04-20
R_20240420_1627,EQ_0286,S_016,2024-04-20
R_20240420_1628,EQ_0287,S_004,2024-04-20
R_20240420_1629,EQ_0289,S_015,2024-04-20
R_20240420_1630,EQ_0295,S_009,2024-04-20
R_20240421_1631,EQ_0034,S_007,2024-04-21
R_20240421_1632,EQ_0063,S_003,2024-04-21
R_20240421_1633,EQ_0077,S_019,2024-04-21
R_20240421_1634,EQ_0125,S_017,2024-04-21
R_20240421_1635,EQ_0127,S_009,2024-04-21
R_20240421_1636,EQ_0129,S_009,2024-04-21
R_20240421_1637,EQ_0130,S_008,2024-04-21
R_20240421_1638,EQ_0133,S_018,2024-04-21
R_20240421_1639,EQ_0137,S_005,2024-04-21
R_20240421_1640,EQ_0157,S_006,2024-04-21
R_20240421_1641,EQ_0163,S_017,2024-04-21
R_20240421_1642,EQ_0171,S_001,2024-04-21
R_20240421_1643,EQ_0181,S_007,2024-04-21
R_20240421_1644,EQ_0222,S_005,2024-04-21
R_20240421_1645,EQ_0259,S_014,2024-04-21
R_20240422_1646,EQ_0009,S_006,2024-04-22
R_20240422_1647,EQ_0025,S_002,2024-04-22
R_20240422_1648,EQ_0084,S_015,2024-04-22
R_20240422_1649,EQ_0105,S_004,2024-04-22
R_20240422_1650,EQ_0108,S_019,2024-04-22
R_20240422_1651,EQ_0125,S_018,2024-04-22
R_20240422_1652,EQ_0155,S_013,2024-04-22
R_20240422_1653,EQ_0158,S_002,2024-04-22
R_20240422_1654,EQ_0181,S_000,2024-04-22
R_20240422_1655,EQ_0220,S_016,2024-04-22
R_20240422_1656,EQ_0290,S_010,2024-04-22
R_20240423_1657,EQ_0015,S_002,2024-04-23
R_20240423_1658,EQ_0023,S_019,2024-04-23
R_20240423_1659,EQ_0033,S_005,2024-04-23
R_20240423_1660,EQ_0045,S_017,2024-04-23
R_20240423_1661,EQ_0067,S_010,2024-04-23
R_20240423_1662,EQ_0071,S_007,2024-04-23
R_20240423_1663,EQ_0082,S_003,2024-04-23
R_20240423_1664,EQ_0104,S_003,2024-04-23
R_20240423_1665,EQ_0105,S_008,2024-04-23
R_20240423_1666,EQ_0188,S_003,2024-04-23
R_20240423_1667,EQ_0269,S_007,2024-04-23
R_20240423_1668,EQ_0289,S_011,2024-04-23
R_20240423_1669,EQ_0295,S_011,2024-04-23
R_20240423_1670,EQ_0296,S_011,2024-04-23
R_20240424_1671,EQ_0026,S_001,2024-04-24
R_20240424_1672,EQ_0027,S_013,2024-04-24
R_20240424_1673,EQ_0035,S_009,2024-04-24
R_20240424_1674,EQ_0057,S_007,2024-04-24
R_20240424_1675,EQ_0058,S_003,2024-04-24
R_20240424_1676,EQ_0069,S_018,2024-04-24
R_20240424_1677,EQ_0070,S_004,2024-04-24
R_20240424_1678,EQ_0074,S_015,2024-04-24
R_20240424_1679,EQ_0085,S_005,2024-04-24
R_20240424_1680,EQ_0092,S_003,2024-04-24
R_20240424_1681,EQ_0095,S_008,2024-04-24
R_20240424_1682,EQ_0130,S_000,2024-04-24
R_20240424_1683,EQ_0132,S_002,2024-04-24
R_20240424_1684,EQ_0140,S_016,2024-04-24
R_20240424_1685,EQ_0222,S_010,2024-04-24
R_20240424_1686,EQ_0236,S_017,2024-04-24
R_20240424_1687,EQ_0243,S_000,2024-04-24
R_20240424_1688,EQ_0256,S_011,2024-04-24
R_20240425_1689,EQ_0051,S_015,2024-04-25
R_20240425_1690,EQ_0056,S_015,2024-04-25
R_20240425_1691,EQ_0059,S_013,2024-04-25
R_20240425_1692,EQ_0066,S_007,2024-04-25
R_20240425_1693,EQ_0078,S_005,2024-04-25
R_20240425_1694,EQ_0114,S_005,2024-04-25
R_20240425_1695,EQ_0132,S_012,2024-04-25
R_20240425_1696,EQ_0133,S_018,2024-04-25
R_20240425_1697,EQ_0160,S_004,2024-04-25
R_20240425_1698,EQ_0164,S_015,2024-04-25
R_20240425_1699,EQ_0169,S_006,2024-04-25
R_20240425_1700,EQ_0174,S_018,2024-04-25
R_20240425_1701,EQ_0175,S_012,2024-04-25
R_20240425_1702,EQ_0176,S_001,2024-04-25
R_20240425_1703,EQ_0188,S_001,2024-04-25
R_20240425_1704,EQ_0209,S_008,2024-04-25
R_20240425_1705,EQ_0220,S_011,2024-04-25
R_20240425_1706,EQ_0229,S_001,2024-04-25
R_20240425_1707,EQ_0232,S_003,2024-04-25
R_20240425_1708,EQ_0261,S_013,2024-04-25
R_20240425_1709,EQ_0285,S_015,2024-04-25
R_20240426_1710,EQ_0010,S_009,2024-04-26
R_20240426_1711,EQ_0016,S_006,2024-04-26
R_20240426_1712,EQ_0029,S_018,2024-04-26
R_20240426_1713,EQ_0047,S_009,2024-04-26
R_20240426_1714,EQ_0068,S_018,2024-04-26
R_20240426_1715,EQ_0073,S_016,2024-04-26
R_20240426_1716,EQ_0080,S_018,2024-04-26
R_20240426_1717,EQ_0084,S_005,2024-04-26
R_20240426_1718,EQ_0094,S_008,2024-04-26
R_20240426_1719,EQ_0123,S_015,2024-04-26
R_20240426_1720,EQ_0157,S_015,2024-04-26
R_20240426_1721,EQ_0190,S_003,2024-04-26
R_20240426_1722,EQ_0201,S_014,2024-04-26
R_20240426_1723,EQ_0211,S_002,2024-04-26
R_20240426_1724,EQ_0257,S_016,2024-04-26
R_20240426_1725,EQ_0267,S_012,2024-04-26
R_20240427_1726,EQ_0009,S_002,2024-04-27
R_20240427_1727,EQ_0012,S_000,2024-04-27
R_20240427_1728,EQ_0013,S_004,2024-04-27
R_20240427_1729,EQ_0041,S_016,2024-04-27
R_20240427_1730,EQ_0054,S_017,2024-04-27
R_20240427_1731,EQ_0123,S_001,2024-04-27
R_20240427_1732,EQ_0130,S_007,2024-04-27
R_20240427_1733,EQ_0132,S_005,2024-04-27
R_20240427_1734,EQ_0144,S_001,2024-04-27
R_20240427_1735,EQ_0145,S_011,2024-04-27
R_20240427_1736,EQ_0151,S_001,2024-04-27
R_20240427_1737,EQ_0152,S_006,2024-04-27
R_20240427_1738,EQ_0157,S_017,2024-04-27
R_20240427_1739,EQ_0163,S_015,2024-04-27
R_20240427_1740,EQ_0165,S_015,2024-04-27
R_20240427_1741,EQ_0184,S_014,2024-04-27
R_20240427_1742,EQ_0206,S_000,2024-04-27
R_20240427_1743,EQ_0264,S_002,2024-04-27
R_20240427_1744,EQ_0265,S_007,2024-04-27
R_20240428_1745,EQ_0002,S_002,2024-04-28
R_20240428_1746,EQ_0081,S_010,2024-04-28
R_20240428_1747,EQ_0082,S_019,2024-04-28
R_20240428_1748,EQ_0138,S_006,2024-04-28
R_20240428_1749,EQ_0147,S_014,2024-04-28
R_20240428_1750,EQ_0169,S_018,2024-04-28
R_20240428_1751,EQ_0179,S_012,2024-04-28
R_20240428_1752,EQ_0299,S_011,2024-04-28
R_20240429_1753,EQ_0029,S_000,2024-04-29
R_20240429_1754,EQ_0037,S_018,2024-04-29
R_20240429_1755,EQ_0082,S_012,2024-04-29
R_20240429_1756,EQ_0085,S_002,2024-04-29
R_20240429_1757,EQ_0088,S_019,2024-04-29
R_20240429_1758,EQ_0097,S_007,2024-04-29
R_20240429_1759,EQ_0147,S_008,2024-04-29
R_20240429_1760,EQ_0169,S_019,2024-04-29
R_20240429_1761,EQ_0187,S_015,2024-04-29
R_20240429_1762,EQ_0196,S_017,2024-04-29
R_20240429_1763,EQ_0198,S_017,2024-04-29
R_20240429_1764,EQ_0222,S_003,2024-04-29
R_20240429_1765,EQ_0231,S_000,2024-04-29
R_20240429_1766,EQ_0269,S_011,2024-04-29
R_20240429_1767,EQ_0278,S_015,2024-04-29
R_20240429_1768,EQ_0287,S_011,2024-04-29
R_20240430_1769,EQ_0044,S_016,2024-04-30
R_20240430_1770,EQ_0070,S_011,2024-04-30
R_20240430_1771,EQ_0078,S_011,2024-04-30
R_20240430_1772,EQ_0080,S_000,2024-04-30
R_20240430_1773,EQ_0088,S_007,2024-04-30
R_20240430_1774,EQ_0113,S_001,2024-04-30
R_20240430_1775,EQ_0148,S_004,2024-04-30
R_20240430_1776,EQ_0167,S_005,2024-04-30
R_20240430_1777,EQ_0193,S_014,2024-04-30
R_20240430_1778,EQ_0215,S_012,2024-04-30
R_20240430_1779,EQ_0220,S_006,2024-04-30
R_20240430_1780,EQ_0222,S_017,2024-04-30
R_20240430_1781,EQ_0263,S_009,2024-04-30
R_20240430_1782,EQ_0290,S_002,2024-04-30
R_20240501_1783,EQ_0003,S_004,2024-05-01
R_20240501_1784,EQ_0004,S_019,2024-05-01
R_20240501_1785,EQ_0012,S_013,2024-05-01
R_20240501_1786,EQ_0014,S_003,2024-05-01
R_20240501_1787,EQ_0015,S_016,2024-05-01
R_20240501_1788,EQ_0048,S_006,2024-05-01
R_20240501_1789,EQ_0049,S_017,2024-05-01
R_20240501_1790,EQ_0062,S_012,2024-05-01
R_20240501_1791,EQ_0075,S_015,2024-05-01
R_20240501_1792,EQ_0090,S_006,2024-05-01
R_20240501_1793,EQ_0105,S_009,2024-05-01
R_20240501_1794,EQ_0119,S_018,2024-05-01
R_20240501_1795,EQ_0129,S_007,2024-05-01
R_20240501_1796,EQ_0134,S_000,2024-05-01
R_20240501_1797,EQ_0146,S_005,2024-05-01
R_20240501_1798,EQ_0154,S_006,2024-05-01
R_20240501_1799,EQ_0183,S_014,2024-05-01
R_20240501_1800,EQ_0194,S_008,2024-05-01
R_20240501_1801,EQ_0207,S_016,2024-05-01
R_20240501_1802,EQ_0276,S_019,2024-05-01
R_20240501_1803,EQ_0282,S_007,2024-05-01
R_20240502_1804,EQ_0006,S_005,2024-05-02
R_20240502_1805,EQ_0046,S_018,2024-05-02
R_20240502_1806,EQ_0054,S_002,2024-05-02
R_20240502_1807,EQ_0063,S_005,2024-05-02
R_20240502_1808,EQ_0065,S_012,2024-05-02
R_20240502_1809,EQ_0074,S_006,2024-05-02
R_20240502_1810,EQ_0077,S_013,2024-05-02
R_20240502_1811,EQ_0078,S_010,2024-05-02
R_20240502_1812,EQ_0079,S_008,2024-05-02
R_20240502_1813,EQ_0088,S_000,2024-05-02
R_20240502_1814,EQ_0127,S_018,2024-05-02
R_20240502_1815,EQ_0141,S_001,2024-05-02
R_20240502_1816,EQ_0147,S_015,2024-05-02
R_20240502_1817,EQ_0246,S_006,2024-05-02
R_20240502_1818,EQ_0293,S_001,2024-05-02
R_20240502_1819,EQ_0296,S_002,2024-05-02
R_20240503_1820,EQ_0039,S_015,2024-05-03
R_20240503_1821,EQ_0070,S_003,2024-05-03
R_20240503_1822,EQ_0079,S_017,2024-05-03
R_20240503_1823,EQ_0091,S_012,2024-05-03
R_20240503_1824,EQ_0103,S_016,2024-05-03
R_20240503_1825,EQ_0104,S_014,2024-05-03
R_20240503_1826,EQ_0107,S_012,2024-05-03
R_20240503_1827,EQ_0139,S_017,2024-05-03
R_20240503_1828,EQ_0176,S_017,2024-05-03
R_20240503_1829,EQ_0280,S_004,2024-05-03
R_20240503_1830,EQ_0291,S_017,2024-05-03
R_20240504_1831,EQ_0003,S_015,2024-05-04
R_20240504_1832,EQ_0049,S_017,2024-05-04
R_20240504_1833,EQ_0060,S_017,2024-05-04
R_20240504_1834,EQ_0066,S_008,2024-05-04
R_20240504_1835,EQ_0067,S_011,2024-05-04
R_20240504_1836,EQ_0070,S_005,2024-05-04
R_20240504_1837,EQ_0075,S_012,2024-05-04
R_20240504_1838,EQ_0113,S_009,2024-05-04
R_20240504_1839,EQ_0127,S_008,2024-05-04
R_20240504_1840,EQ_0167,S_013,2024-05-04
R_20240504_1841,EQ_0183,S_004,2024-05-04
R_20240504_1842,EQ_0184,S_013,2024-05-04
R_20240504_1843,EQ_0202,S_003,2024-05-04
R_20240504_1844,EQ_0211,S_018,2024-05-04
R_20240504_1845,EQ_0234,S_010,2024-05-04
R_20240504_1846,EQ_0254,S_000,2024-05-04
R_20240504_1847,EQ_0270,S_007,2024-05-04
R_20240504_1848,EQ_0292,S_002,2024-05-04
R_20240505_1849,EQ_0044,S_003,2024-05-05
R_20240505_1850,EQ_0084,S_006,2024-05-05
R_20240505_1851,EQ_0087,S_009,2024-05-05
R_20240505_1852,EQ_0110,S_000,2024-05-05
R_20240505_1853,EQ_0111,S_009,2024-05-05
R_20240505_1854,EQ_0128,S_001,2024-05-05
R_20240505_1855,EQ_0144,S_017,2024-05-05
R_20240505_1856,EQ_0150,S_011,2024-05-05
R_20240505_1857,EQ_0210,S_009,2024-05-05
R_20240505_1858,EQ_0219,S_007,2024-05-05
R_20240505_1859,EQ_0245,S_018,2024-05-05
R_20240505_1860,EQ_0262,S_004,2024-05-05
R_20240505_1861,EQ_0278,S_000,2024-05-05
R_20240505_1862,EQ_0292,S_011,2024-05-05
R_20240506_1863,EQ_0020,S_011,2024-05-06
R_20240506_1864,EQ_0044,S_016,2024-05-06
R_20240506_1865,EQ_0054,S_011,2024-05-06
R_20240506_1866,EQ_0066,S_009,2024-05-06
R_20240506_1867,EQ_0085,S_012,2024-05-06
R_20240506_1868,EQ_0100,S_000,2024-05-06
R_20240506_1869,EQ_0114,S_014,2024-05-06
R_20240506_1870,EQ_0120,S_015,2024-05-06
R_20240506_1871,EQ_0134,S_012,2024-05-06
R_20240506_1872,EQ_0169,S_002,2024-05-06
R_20240506_1873,EQ_0170,S_018,2024-05-06
R_20240506_1874,EQ_0200,S_017,2024-05-06
R_20240506_1875,EQ_0227,S_009,2024-05-06
R_20240506_1876,EQ_0228,S_019,2024-05-06
R_20240506_1877,EQ_0230,S_010,2024-05-06
R_20240506_1878,EQ_0268,S_001,2024-05-06
R_20240506_1879,EQ_0271,S_019,2024-05-06
R_20240507_1880,EQ_0002,S_001,2024-05-07
R_20240507_1881,EQ_0015,S_000,2024-05-07
R_20240507_1882,EQ_0076,S_013,2024-05-07
R_20240507_1883,EQ_0125,S_011,2024-05-07
R_20240507_1884,EQ_0136,S_009,2024-05-07
R_20240507_1885,EQ_0151,S_010,2024-05-07
R_20240507_1886,EQ_0159,S_013,2024-05-07
R_20240507_1887,EQ_0193,S_015,2024-05-07
R_20240507_1888,EQ_0195,S_011,2024-05-07
R_20240507_1889,EQ_0198,S_006,2024-05-07
R_20240507_1890,EQ_0222,S_012,2024-05-07
R_20240507_1891,EQ_0224,S_014,2024-05-07
R_20240507_1892,EQ_0233,S_013,2024-05-07
R_20240507_1893,EQ_0245,S_008,2024-05-07
R_20240507_1894,EQ_0250,S_013,2024-05-07
R_20240507_1895,EQ_0287,S_012,2024-05-07
R_20240507_1896,EQ_0289,S_005,2024-05-07
R_20240507_1897,EQ_0291,S_011,2024-05-07
R_20240507_1898,EQ_0295,S_013,2024-05-07
R_20240508_1899,EQ_0020,S_010,2024-05-08
R_20240508_1900,EQ_0039,S_018,2024-05-08
R_20240508_1901,EQ_0045,S_005,2024-05-08
R_20240508_1902,EQ_0046,S_001,2024-05-08
R_20240508_1903,EQ_0062,S_005,2024-05-08
R_20240508_1904,EQ_0082,S_019,2024-05-08
R_20240508_1905,EQ_0150,S_009,2024-05-08
R_20240508_1906,EQ_0169,S_018,2024-05-08
R_20240508_1907,EQ_0170,S_016,2024-05-08
R_20240508_1908,EQ_0172,S_004,2024-05-08
R_20240508_1909,EQ_0178,S_005,2024-05-08
R_20240508_1910,EQ_0201,S_011,2024-05-08
R_20240508_1911,EQ_0214,S_003,2024-05-08
R_20240508_1912,EQ_0223,S_018,2024-05-08
R_20240508_1913,EQ_0274,S_013,2024-05-08
R_20240508_1914,EQ_0288,S_001,2024-05-08
R_20240509_1915,EQ_0016,S_019,2024-05-09
R_20240509_1916,EQ_0019,S_018,2024-05-09
R_20240509_1917,EQ_0052,S_012,2024-05-09
R_20240509_1918,EQ_0062,S_007,2024-05-09
R_20240509_1919,EQ_0070,S_009,2024-05-09
R_20240509_1920,EQ_0109,S_017,2024-05-09
R_20240509_1921,EQ_0123,S_006,2024-05-09
R_20240509_1922,EQ_0131,S_008,2024-05-09
R_20240509_1923,EQ_0165,S_001,2024-05-09
R_20240509_1924,EQ_0177,S_000,2024-05-09
R_20240509_1925,EQ_0179,S_005,2024-05-09
R_20240509_1926,EQ_0220,S_002,2024-05-09
R_20240509_1927,EQ_0226,S_001,2024-05-09
R_20240509_1928,EQ_0228,S_005,2024-05-09
R_20240509_1929,EQ_0293,S_018,2024-05-09
R_20240510_1930,EQ_0030,S_001,2024-05-10
R_20240510_1931,EQ_0046,S_005,2024-05-10
R_20240510_1932,EQ_0061,S_012,2024-05-10
R_20240510_1933,EQ_0063,S_001,2024-05-10
R_20240510_1934,EQ_0089,S_004,2024-05-10
R_20240510_1935,EQ_0093,S_009,2024-05-10
R_20240510_1936,EQ_0122,S_012,2024-05-10
R_20240510_1937,EQ_0180,S_014,2024-05-10
R_20240510_1938,EQ_0233,S_014,2024-05-10
R_20240510_1939,EQ_0256,S_008,2024-05-10
R_20240510_1940,EQ_0267,S_012,2024-05-10
R_20240510_1941,EQ_0269,S_010,2024-05-10
R_20240510_1942,EQ_0280,S_010,2024-05-10
R_20240510_1943,EQ_0283,S_018,2024-05-10
R_20240510_1944,EQ_0288,S_004,2024-05-10
R_20240511_1945,EQ_0023,S_009,2024-05-11
R_20240511_1946,EQ_0051,S_005,2024-05-11
R_20240511_1947,EQ_0052,S_001,2024-05-11
R_20240511_1948,EQ_0062,S_004,2024-05-11
R_20240511_1949,EQ_0093,S_001,2024-05-11
R_20240511_1950,EQ_0122,S_003,2024-05-11
R_20240511_1951,EQ_0126,S_011,2024-05-11
R_20240511_1952,EQ_0151,S_000,2024-05-11
R_20240511_1953,EQ_0179,S_016,2024-05-11
R_20240511_1954,EQ_0201,S_009,2024-05-11
R_20240511_1955,EQ_0220,S_013,2024-05-11
R_20240511_1956,EQ_0243,S_005,2024-05-11
R_20240511_1957,EQ_0280,S_004,2024-05-11
R_20240512_1958,EQ_0008,S_016,2024-05-12
R_20240512_1959,EQ_0033,S_008,2024-05-12
R_20240512_1960,EQ_0047,S_019,2024-05-12
R_20240512_1961,EQ_0050,S_018,2024-05-12
R_20240512_1962,EQ_0053,S_003,2024-05-12
R_20240512_1963,EQ_0089,S_008,2024-05-12
R_20240512_1964,EQ_0127,S_016,2024-05-12
R_20240512_1965,EQ_0137,S_004,2024-05-12
R_20240512_1966,EQ_0147,S_012,2024-05-12
R_20240512_1967,EQ_0163,S_000,2024-05-12
R_20240512_1968,EQ_0185,S_002,2024-05-12
R_20240512_1969,EQ_0195,S_017,2024-05-12
R_20240512_1970,EQ_0213,S_010,2024-05-12
R_20240512_1971,EQ_0214,S_012,2024-05-12
R_20240512_1972,EQ_0221,S_002,2024-05-12
R_20240512_1973,EQ_0247,S_004,2024-05-12
R_20240512_1974,EQ_0269,S_016,2024-05-12
R_20240512_1975,EQ_0282,S_004,2024-05-12
R_20240512_1976,EQ_0285,S_005,2024-05-12
R_20240513_1977,EQ_0006,S_001,2024-05-13
R_20240513_1978,EQ_0031,S_002,2024-05-13
R_20240513_1979,EQ_0062,S_019,2024-05-13
R_20240513_1980,EQ_0105,S_008,2024-05-13
R_20240513_1981,EQ_0118,S_018,2024-05-13
R_20240513_1982,EQ_0127,S_000,2024-05-13
R_20240513_1983,EQ_0136,S_001,2024-05-13
R_20240513_1984,EQ_0141,S_003,2024-05-13
R_20240513_1985,EQ_0186,S_019,2024-05-13
R_20240513_1986,EQ_0222,S_016,2024-05-13
R_20240513_1987,EQ_0239,S_011,2024-05-13
R_20240513_1988,EQ_0242,S_011,2024-05-13
R_20240513_1989,EQ_0262,S_019,2024-05-13
R_20240514_1990,EQ_0002,S_016,2024-05-14
R_20240514_1991,EQ_0041,S_007,2024-05-14
R_20240514_1992,EQ_0225,S_004,2024-05-14
R_20240514_1993,EQ_0239,S_005,2024-05-14
R_20240514_1994,EQ_0243,S_001,2024-05-14
R_20240514_1995,EQ_0254,S_004,2024-05-14
R_20240514_1996,EQ_0297,S_005,2024-05-14
R_20240515_1997,EQ_0039,S_013,2024-05-15
R_20240515_1998,EQ_0044,S_016,2024-05-15
R_20240515_1999,EQ_0078,S_010,2024-05-15
R_20240515_2000,EQ_0115,S_014,2024-05-15
R_20240515_2001,EQ_0159,S_000,2024-05-15
R_20240515_2002,EQ_0179,S_019,2024-05-15
R_20240515_2003,EQ_0197,S_004,2024-05-15
R_20240515_2004,EQ_0209,S_000,2024-05-15
R_20240515_2005,EQ_0243,S_003,2024-05-15
R_20240515_2006,EQ_0248,S_000,2024-05-15
R_20240515_2007,EQ_0251,S_001,2024-05-15
R_20240515_2008,EQ_0263,S_003,2024-05-15
R_20240515_2009,EQ_0268,S_011,2024-05-15
R_20240516_2010,EQ_0029,S_012,2024-05-16
R_20240516_2011,EQ_0032,S_006,2024-05-16
R_20240516_2012,EQ_0083,S_006,2024-05-16
R_20240516_2013,EQ_0084,S_000,2024-05-16
R_20240516_2014,EQ_0088,S_004,2024-05-16
R_20240516_2015,EQ_0100,S_008,2024-05-16
R_20240516_2016,EQ_0109,S_011,2024-05-16
R_20240516_2017,EQ_0129,S_006,2024-05-16
R_20240516_2018,EQ_0136,S_008,2024-05-16
R_20240516_2019,EQ_0148,S_017,2024-05-16
R_20240516_2020,EQ_0199,S_003,2024-05-16
R_20240516_2021,EQ_0214,S_012,2024-05-16
R_20240516_2022,EQ_0228,S_013,2024-05-16
R_20240516_2023,EQ_0255,S_019,2024-05-16
R_20240516_2024,EQ_0263,S_012,2024-05-16
R_20240516_2025,EQ_0293,S_018,2024-05-16
R_20240517_2026,EQ_0001,S_006,2024-05-17
R_20240517_2027,EQ_0029,S_003,2024-05-17
R_20240517_2028,EQ_0066,S_007,2024-05-17
R_20240517_2029,EQ_0081,S_010,2024-05-17
R_20240517_2030,EQ_0125,S_010,2024-05-17
R_20240517_2031,EQ_0126,S_017,2024-05-17
R_20240517_2032,EQ_0154,S_003,2024-05-17
R_20240517_2033,EQ_0185,S_005,2024-05-17
R_20240517_2034,EQ_0215,S_004,2024-05-17
R_20240517_2035,EQ_0237,S_004,2024-05-17
R_20240517_2036,EQ_0244,S_002,2024-05-17
R_20240517_2037,EQ_0251,S_013,2024-05-17
R_20240517_2038,EQ_0256,S_012,2024-05-17
R_20240517_2039,EQ_0260,S_004,2024-05-17
R_20240517_2040,EQ_0283,S_003,2024-05-17
R_20240517_2041,EQ_0291,S_002,2024-05-17
R_20240518_2042,EQ_0000,S_001,2024-05-18
R_20240518_2043,EQ_0032,S_009,2024-05-18
R_20240518_2044,EQ_0063,S_003,2024-05-18
R_20240518_2045,EQ_0070,S_011,2024-05-18
R_20240518_2046,EQ_0071,S_000,2024-05-18
R_20240518_2047,EQ_0076,S_011,2024-05-18
R_20240518_2048,EQ_0083,S_000,2024-05-18
R_20240518_2049,EQ_0088,S_001,2024-05-18
R_20240518_2050,EQ_0089,S_016,2024-05-18
R_20240518_2051,EQ_0105,S_010,2024-05-18
R_20240518_2052,EQ_0107,S_004,2024-05-18
R_20240518_2053,EQ_0186,S_014,2024-05-18
R_20240518_2054,EQ_0225,S_005,2024-05-18
R_20240518_2055,EQ_0250,S_011,2024-05-18
R_20240518_2056,EQ_0254,S_004,2024-05-18
R_20240518_2057,EQ_0263,S_000,2024-05-18
R_20240518_2058,EQ_0266,S_001,2024-05-18
R_20240518_2059,EQ_0274,S_013,2024-05-18
R_20240518_2060,EQ_0297,S_001,2024-05-18
R_20240519_2061,EQ_0000,S_006,2024-05-19
R_20240519_2062,EQ_0004,S_006,2024-05-19
R_20240519_2063,EQ_0021,S_017,2024-05-19
R_20240519_2064,EQ_0025,S_009,2024-05-19
R_20240519_2065,EQ_0032,S_002,2024-05-19
R_20240519_2066,EQ_0041,S_006,2024-05-19
R_20240519_2067,EQ_0050,S_011,2024-05-19
R_20240519_2068,EQ_0063,S_000,2024-05-19
R_20240519_2069,EQ_0083,S_005,2024-05-19
R_20240519_2070,EQ_0118,S_002,2024-05-19
R_20240519_2071,EQ_0137,S_000,2024-05-19
R_20240519_2072,EQ_0145,S_018,2024-05-19
R_20240519_2073,EQ_0165,S_003,2024-05-19
R_20240519_2074,EQ_0213,S_019,2024-05-19
R_20240519_2075,EQ_0238,S_016,2024-05-19
R_20240519_2076,EQ_0251,S_009,2024-05-19
R_20240519_2077,EQ_0257,S_010,2024-05-19
R_20240519_2078,EQ_0271,S_011,2024-05-19
R_20240519_2079,EQ_0299,S_000,2024-05-19
R_20240520_2080,EQ_0020,S_004,2024-05-20
R_20240520_2081,EQ_0046,S_006,2024-05-20
R_20240520_2082,EQ_0068,S_008,2024-05-20
R_20240520_2083,EQ_0088,S_001,2024-05-20
R_20240520_2084,EQ_0090,S_014,2024-05-20
R_20240520_2085,EQ_0105,S_018,2024-05-20
R_20240520_2086,EQ_0145,S_005,2024-05-20
R_20240520_2087,EQ_0152,S_003,2024-05-20
R_20240520_2088,EQ_0168,S_006,2024-05-20
R_20240520_2089,EQ_0172,S_002,2024-05-20
R_20240520_2090,EQ_0173,S_001,2024-05-20
R_20240520_2091,EQ_0209,S_005,2024-05-20
R_20240520_2092,EQ_0222,S_006,2024-05-20
R_20240520_2093,EQ_0240,S_009,2024-05-20
R_20240520_2094,EQ_0243,S_010,2024-05-20
R_20240520_2095,EQ_0253,S_000,2024-05-20
R_20240520_2096,EQ_0268,S_008,2024-05-20
R_20240520_2097,EQ_0291,S_008,2024-05-20
R_20240521_2098,EQ_0037,S_000,2024-05-21
R_20240521_2099,EQ_0040,S_019,2024-05-21
R_20240521_2100,EQ_0089,S_007,2024-05-21
R_20240521_2101,EQ_0107,S_019,2024-05-21
R_20240521_2102,EQ_0115,S_013,2024-05-21
R_20240521_2103,EQ_0156,S_011,2024-05-21
R_20240521_2104,EQ_0173,S_018,2024-05-21
R_20240521_2105,EQ_0184,S_015,2024-05-21
R_20240521_2106,EQ_0241,S_017,2024-05-21
R_20240521_2107,EQ_0260,S_010,2024-05-21
R_20240522_2108,EQ_0048,S_014,2024-05-22
R_20240522_2109,EQ_0080,S_019,2024-05-22
R_20240522_2110,EQ_0083,S_017,2024-05-22
R_20240522_2111,EQ_0160,S_007,2024-05-22
R_20240522_2112,EQ_0164,S_009,2024-05-22
R_20240522_2113,EQ_0172,S_002,2024-05-22
R_20240522_2114,EQ_0231,S_001,2024-05-22
R_20240522_2115,EQ_0275,S_015,2024-05-22
R_20240522_2116,EQ_0292,S_004,2024-05-22
R_20240522_2117,EQ_0298,S_015,2024-05-22
R_20240523_2118,EQ_0011,S_012,2024-05-23
R_20240523_2119,EQ_0069,S_013,2024-05-23
R_20240523_2120,EQ_0104,S_019,2024-05-23
R_20240523_2121,EQ_0112,S_004,2024-05-23
R_20240523_2122,EQ_0138,S_013,2024-05-23
R_20240523_2123,EQ_0162,S_011,2024-05-23
R_20240523_2124,EQ_0191,S_005,2024-05-23
R_20240523_2125,EQ_0229,S_003,2024-05-23
R_20240523_2126,EQ_0249,S_008,2024-05-23
R_20240523_2127,EQ_0252,S_000,2024-05-23
R_20240523_2128,EQ_0262,S_018,2024-05-23
R_20240523_2129,EQ_0273,S_007,2024-05-23
R_20240523_2130,EQ_0282,S_004,2024-05-23
R_20240524_2131,EQ_0012,S_002,2024-05-24
R_20240524_2132,EQ_0029,S_002,2024-05-24
R_20240524_2133,EQ_0045,S_014,2024-05-24
R_20240524_2134,EQ_0060,S_003,2024-05-24
R_20240524_2135,EQ_0069,S_015,2024-05-24
R_20240524_2136,EQ_0078,S_011,2024-05-24
R_20240524_2137,EQ_0097,S_007,2024-05-24
R_20240524_2138,EQ_0140,S_007,2024-05-24
R_20240524_2139,EQ_0143,S_002,2024-05-24
R_20240524_2140,EQ_0145,S_007,2024-05-24
R_20240524_2141,EQ_0146,S_006,2024-05-24
R_20240524_2142,EQ_0147,S_001,2024-05-24
R_20240524_2143,EQ_0168,S_010,2024-05-24
R_20240524_2144,EQ_0186,S_006,2024-05-24
R_20240524_2145,EQ_0195,S_010,2024-05-24
R_20240524_2146,EQ_0196,S_017,2024-05-24
R_20240524_2147,EQ_0215,S_000,2024-05-24
R_20240524_2148,EQ_0217,S_014,2024-05-24
R_20240524_2149,EQ_0223,S_002,2024-05-24
R_20240524_2150,EQ_0235,S_000,2024-05-24
R_20240524_2151,EQ_0248,S_001,2024-05-24
R_20240524_2152,EQ_0264,S_008,2024-05-24
R_20240524_2153,EQ_0295,S_004,2024-05-24
R_20240525_2154,EQ_0005,S_017,2024-05-25
R_20240525_2155,EQ_0014,S_000,2024-05-25
R_20240525_2156,EQ_0029,S_002,2024-05-25
R_20240525_2157,EQ_0067,S_010,2024-05-25
R_20240525_2158,EQ_0118,S_013,2024-05-25
R_20240525_2159,EQ_0133,S_016,2024-05-25
R_20240525_2160,EQ_0139,S_006,2024-05-25
R_20240525_2161,EQ_0141,S_019,2024-05-25
R_20240525_2162,EQ_0171,S_012,2024-05-25
R_20240525_2163,EQ_0176,S_016,2024-05-25
R_20240525_2164,EQ_0199,S_014,2024-05-25
R_20240525_2165,EQ_0229,S_005,2024-05-25
R_20240525_2166,EQ_0233,S_011,2024-05-25
R_20240525_2167,EQ_0264,S_012,2024-05-25
R_20240525_2168,EQ_0268,S_019,2024-05-25
R_20240525_2169,EQ_0271,S_010,2024-05-25
R_20240525_2170,EQ_0288,S_009,2024-05-25
R_20240526_2171,EQ_0021,S_013,2024-05-26
R_20240526_2172,EQ_0048,S_000,2024-05-26
R_20240526_2173,EQ_0060,S_009,2024-05-26
R_20240526_2174,EQ_0066,S_000,2024-05-26
R_20240526_2175,EQ_0067,S_007,2024-05-26
R_20240526_2176,EQ_0107,S_016,2024-05-26
R_20240526_2177,EQ_0118,S_015,2024-05-26
R_20240526_2178,EQ_0168,S_011,2024-05-26
R_20240526_2179,EQ_0212,S_009,2024-05-26
R_20240526_2180,EQ_0216,S_011,2024-05-26
R_20240526_2181,EQ_0223,S_016,2024-05-26
R_20240526_2182,EQ_0238,S_008,2024-05-26
R_20240526_2183,EQ_0284,S_008,2024-05-26
R_20240526_2184,EQ_0290,S_003,2024-05-26
R_20240527_2185,EQ_0009,S_011,2024-05-27
R_20240527_2186,EQ_0015,S_016,2024-05-27
R_20240527_2187,EQ_0019,S_014,2024-05-27
R_20240527_2188,EQ_0033,S_000,2024-05-27
R_20240527_2189,EQ_0060,S_016,2024-05-27
R_20240527_2190,EQ_0063,S_003,2024-05-27
R_20240527_2191,EQ_0076,S_017,2024-05-27
R_20240527_2192,EQ_0080,S_008,2024-05-27
R_20240527_2193,EQ_0086,S_009,2024-05-27
R_20240527_2194,EQ_0119,S_013,2024-05-27
R_20240527_2195,EQ_0139,S_016,2024-05-27
R_20240527_2196,EQ_0142,S_006,2024-05-27
R_20240527_2197,EQ_0160,S_004,2024-05-27
R_20240527_2198,EQ_0165,S_001,2024-05-27
R_20240527_2199,EQ_0229,S_002,2024-05-27
R_20240527_2200,EQ_0234,S_012,2024-05-27
R_20240527_2201,EQ_0254,S_017,2024-05-27
R_20240527_2202,EQ_0266,S_011,2024-05-27
R_20240528_2203,EQ_0037,S_014,2024-05-28
R_20240528_2204,EQ_0056,S_007,2024-05-28
R_20240528_2205,EQ_0059,S_003,2024-05-28
R_20240528_2206,EQ_0087,S_016,2024-05-28
R_20240528_2207,EQ_0112,S_007,2024-05-28
R_20240528_2208,EQ_0123,S_013,2024-05-28
R_20240528_2209,EQ_0124,S_014,2024-05-28
R_20240528_2210,EQ_0166,S_008,2024-05-28
R_20240528_2211,EQ_0169,S_016,2024-05-28
R_20240528_2212,EQ_0199,S_006,2024-05-28
R_20240528_2213,EQ_0216,S_016,2024-05-28
R_20240528_2214,EQ_0243,S_011,2024-05-28
R_20240528_2215,EQ_0257,S_004,2024-05-28
R_20240528_2216,EQ_0265,S_017,2024-05-28
R_20240528_2217,EQ_0283,S_016,2024-05-28
R_20240529_2218,EQ_0013,S_000,2024-05-29
R_20240529_2219,EQ_0062,S_016,2024-05-29
R_20240529_2220,EQ_0092,S_002,2024-05-29
R_20240529_2221,EQ_0173,S_009,2024-05-29
R_20240529_2222,EQ_0199,S_013,2024-05-29
R_20240529_2223,EQ_0231,S_010,2024-05-29
R_20240529_2224,EQ_0239,S_007,2024-05-29
R_20240529_2225,EQ_0246,S_006,2024-05-29
R_20240529_2226,EQ_0249,S_003,2024-05-29
R_20240529_2227,EQ_0250,S_010,2024-05-29
R_20240529_2228,EQ_0271,S_001,2024-05-29
R_20240529_2229,EQ_0292,S_007,2024-05-29
R_20240529_2230,EQ_0294,S_017,2024-05-29
R_20240530_2231,EQ_0043,S_015,2024-05-30
R_20240530_2232,EQ_0049,S_012,2024-05-30
R_20240530_2233,EQ_0067,S_016,2024-05-30
R_20240530_2234,EQ_0105,S_019,2024-05-30
R_20240530_2235,EQ_0174,S_008,2024-05-30
R_20240530_2236,EQ_0180,S_000,2024-05-30
R_20240530_2237,EQ_0181,S_010,2024-05-30
R_20240530_2238,EQ_0195,S_018,2024-05-30
R_20240530_2239,EQ_0211,S_013,2024-05-30
R_20240530_2240,EQ_0237,S_001,2024-05-30
R_20240530_2241,EQ_0241,S_018,2024-05-30
R_20240530_2242,EQ_0242,S_013,2024-05-30
R_20240530_2243,EQ_0247,S_016,2024-05-30
R_20240530_2244,EQ_0278,S_011,2024-05-30
R_20240530_2245,EQ_0281,S_003,2024-05-30
R_20240531_2246,EQ_0021,S_004,2024-05-31
R_20240531_2247,EQ_0082,S_005,2024-05-31
R_20240531_2248,EQ_0085,S_007,2024-05-31
R_20240531_2249,EQ_0089,S_019,2024-05-31
R_20240531_2250,EQ_0092,S_019,2024-05-31
R_20240531_2251,EQ_0135,S_009,2024-05-31
R_20240531_2252,EQ_0165,S_016,2024-05-31
R_20240531_2253,EQ_0260,S_007,2024-05-31
R_20240531_2254,EQ_0273,S_019,2024-05-31
R_20240531_2255,EQ_0284,S_017,2024-05-31
R_20240601_2256,EQ_0011,S_001,2024-06-01
R_20240601_2257,EQ_0028,S_002,2024-06-01
R_20240601_2258,EQ_0036,S_000,2024-06-01
R_20240601_2259,EQ_0083,S_018,2024-06-01
R_20240601_2260,EQ_0118,S_017,2024-06-01
R_20240601_2261,EQ_0119,S_016,2024-06-01
R_20240601_2262,EQ_0121,S_016,2024-06-01
R_20240601_2263,EQ_0131,S_007,2024-06-01
R_20240601_2264,EQ_0183,S_005,2024-06-01
R_20240601_2265,EQ_0187,S_009,2024-06-01
R_20240601_2266,EQ_0226,S_006,2024-06-01
R_20240601_2267,EQ_0295,S_005,2024-06-01
R_20240602_2268,EQ_0029,S_000,2024-06-02
R_20240602_2269,EQ_0036,S_009,2024-06-02
R_20240602_2270,EQ_0055,S_015,2024-06-02
R_20240602_2271,EQ_0099,S_014,2024-06-02
R_20240602_2272,EQ_0107,S_017,2024-06-02
R_20240602_2273,EQ_0111,S_009,2024-06-02
R_20240602_2274,EQ_0135,S_011,2024-06-02
R_20240602_2275,EQ_0143,S_003,2024-06-02
R_20240602_2276,EQ_0157,S_001,2024-06-02
R_20240602_2277,EQ_0221,S_009,2024-06-02
R_20240603_2278,EQ_0042,S_016,2024-06-03
R_20240603_2279,EQ_0070,S_002,2024-06-03
R_20240603_2280,EQ_0115,S_013,2024-06-03
R_20240603_2281,EQ_0116,S_015,2024-06-03
R_20240603_2282,EQ_0235,S_003,2024-06-03
R_20240603_2283,EQ_0251,S_012,2024-06-03
R_20240603_2284,EQ_0255,S_011,2024-06-03
R_20240603_2285,EQ_0257,S_017,2024-06-03
R_20240603_2286,EQ_0280,S_003,2024-06-03
R_20240603_2287,EQ_0281,S_008,2024-06-03
R_20240603_2288,EQ_0286,S_008,2024-06-03
R_20240603_2289,EQ_0299,S_015,2024-06-03
R_20240604_2290,EQ_0048,S_017,2024-06-04
R_20240604_2291,EQ_0054,S_012,2024-06-04
R_20240604_2292,EQ_0055,S_007,2024-06-04
R_20240604_2293,EQ_0060,S_010,2024-06-04
R_20240604_2294,EQ_0074,S_010,2024-06-04
R_20240604_2295,EQ_0090,S_015,2024-06-04
R_20240604_2296,EQ_0101,S_012,2024-06-04
R_20240604_2297,EQ_0145,S_019,2024-06-04
R_20240604_2298,EQ_0153,S_002,2024-06-04
R_20240604_2299,EQ_0154,S_016,2024-06-04
R_20240604_2300,EQ_0159,S_019,2024-06-04
R_20240604_2301,EQ_0174,S_013,2024-06-04
R_20240604_2302,EQ_0175,S_005,2024-06-04
R_20240604_2303,EQ_0220,S_008,2024-06-04
R_20240604_2304,EQ_0228,S_007,2024-06-04
R_20240604_2305,EQ_0288,S_014,2024-06-04
R_20240605_2306,EQ_0043,S_013,2024-06-05
R_20240605_2307,EQ_0057,S_001,2024-06-05
R_20240605_2308,EQ_0066,S_009,2024-06-05
R_20240605_2309,EQ_0082,S_014,2024-06-05
R_20240605_2310,EQ_0095,S_013,2024-06-05
R_20240605_2311,EQ_0131,S_016,2024-06-05
R_20240605_2312,EQ_0139,S_001,2024-06-05
R_20240605_2313,EQ_0149,S_012,2024-06-05
R_20240605_2314,EQ_0183,S_009,2024-06-05
R_20240605_2315,EQ_0219,S_014,2024-06-05
R_20240605_2316,EQ_0225,S_005,2024-06-05
R_20240605_2317,EQ_0288,S_017,2024-06-05
R_20240606_2318,EQ_0015,S_014,2024-06-06
R_20240606_2319,EQ_0034,S_012,2024-06-06
R_20240606_2320,EQ_0045,S_017,2024-06-06
R_20240606_2321,EQ_0076,S_007,2024-06-06
R_20240606_2322,EQ_0097,S_018,2024-06-06
R_20240606_2323,EQ_0125,S_005,2024-06-06
R_20240606_2324,EQ_0188,S_011,2024-06-06
R_20240606_2325,EQ_0192,S_009,2024-06-06
R_20240606_2326,EQ_0203,S_003,2024-06-06
R_20240606_2327,EQ_0255,S_014,2024-06-06
R_20240606_2328,EQ_0284,S_008,2024-06-06
R_20240607_2329,EQ_0004,S_019,2024-06-07
R_20240607_2330,EQ_0009,S_018,2024-06-07
R_20240607_2331,EQ_0024,S_003,2024-06-07
R_20240607_2332,EQ_0028,S_005,2024-06-07
R_20240607_2333,EQ_0057,S_001,2024-06-07
R_20240607_2334,EQ_0104,S_010,2024-06-07
R_20240607_2335,EQ_0110,S_005,2024-06-07
R_20240607_2336,EQ_0113,S_019,2024-06-07
R_20240607_2337,EQ_0143,S_007,2024-06-07
R_20240607_2338,EQ_0166,S_012,2024-06-07
R_20240607_2339,EQ_0180,S_010,2024-06-07
R_20240607_2340,EQ_0199,S_015,2024-06-07
R_20240607_2341,EQ_0219,S_005,2024-06-07
R_20240607_2342,EQ_0278,S_004,2024-06-07
R_20240607_2343,EQ_0295,S_006,2024-06-07
R_20240608_2344,EQ_0013,S_004,2024-06-08
R_20240608_2345,EQ_0034,S_014,2024-06-08
R_20240608_2346,EQ_0038,S_000,2024-06-08
R_20240608_2347,EQ_0097,S_007,2024-06-08
R_20240608_2348,EQ_0105,S_003,2024-06-08
R_20240608_2349,EQ_0139,S_012,2024-06-08
R_20240608_2350,EQ_0148,S_014,2024-06-08
R_20240608_2351,EQ_0149,S_019,2024-06-08
R_20240608_2352,EQ_0158,S_000,2024-06-08
R_20240608_2353,EQ_0188,S_012,2024-06-08
R_20240608_2354,EQ_0192,S_014,2024-06-08
R_20240608_2355,EQ_0199,S_015,2024-06-08
R_20240608_2356,EQ_0206,S_019,2024-06-08
R_20240608_2357,EQ_0213,S_001,2024-06-08
R_20240608_2358,EQ_0234,S_003,2024-06-08
R_20240608_2359,EQ_0249,S_014,2024-06-08
R_20240608_2360,EQ_0278,S_007,2024-06-08
R_20240609_2361,EQ_0051,S_005,2024-06-09
R_20240609_2362,EQ_0068,S_019,2024-06-09
R_20240609_2363,EQ_0071,S_015,2024-06-09
R_20240609_2364,EQ_0081,S_002,2024-06-09
R_20240609_2365,EQ_0091,S_019,2024-06-09
R_20240609_2366,EQ_0101,S_019,2024-06-09
R_20240609_2367,EQ_0121,S_004,2024-06-09
R_20240609_2368,EQ_0143,S_009,2024-06-09
R_20240609_2369,EQ_0148,S_000,2024-06-09
R_20240609_2370,EQ_0159,S_007,2024-06-09
R_20240609_2371,EQ_0171,S_008,2024-06-09
R_20240609_2372,EQ_0178,S_008,2024-06-09
R_20240609_2373,EQ_0193,S_017,2024-06-09
R_20240609_2374,EQ_0217,S_007,2024-06-09
R_20240609_2375,EQ_0218,S_000,2024-06-09
R_20240609_2376,EQ_0250,S_006,2024-06-09
R_20240609_2377,EQ_0274,S_012,2024-06-09
R_20240609_2378,EQ_0280,S_010,2024-06-09
R_20240610_2379,EQ_0096,S_000,2024-06-10
R_20240610_2380,EQ_0102,S_008,2024-06-10
R_20240610_2381,EQ_0128,S_009,2024-06-10
R_20240610_2382,EQ_0132,S_004,2024-06-10
R_20240610_2383,EQ_0154,S_001,2024-06-10
R_20240610_2384,EQ_0172,S_008,2024-06-10
R_20240610_2385,EQ_0191,S_009,2024-06-10
R_20240610_2386,EQ_0195,S_001,2024-06-10
R_20240610_2387,EQ_0217,S_017,2024-06-10
R_20240610_2388,EQ_0244,S_018,2024-06-10
R_20240610_2389,EQ_0256,S_001,2024-06-10
R_20240610_2390,EQ_0268,S_010,2024-06-10
R_20240610_2391,EQ_0289,S_009,2024-06-10
R_20240610_2392,EQ_0294,S_009,2024-06-10
R_20240611_2393,EQ_0003,S_016,2024-06-11
R_20240611_2394,EQ_0053,S_019,2024-06-11
R_20240611_2395,EQ_0099,S_005,2024-06-11
R_20240611_2396,EQ_0117,S_005,2024-06-11
R_20240611_2397,EQ_0130,S_007,2024-06-11
R_20240611_2398,EQ_0151,S_013,2024-06-11
R_20240611_2399,EQ_0184,S_003,2024-06-11
R_20240611_2400,EQ_0189,S_002,2024-06-11
R_20240611_2401,EQ_0228,S_006,2024-06-11
R_20240611_2402,EQ_0235,S_013,2024-06-11
R_20240611_2403,EQ_0258,S_002,2024-06-11
R_20240612_2404,EQ_0000,S_010,2024-06-12
R_20240612_2405,EQ_0059,S_013,2024-06-12
R_20240612_2406,EQ_0060,S_019,2024-06-12
R_20240612_2407,EQ_0092,S_009,2024-06-12
R_20240612_2408,EQ_0109,S_011,2024-06-12
R_20240612_2409,EQ_0135,S_012,2024-06-12
R_20240612_2410,EQ_0148,S_014,2024-06-12
R_20240612_2411,EQ_0155,S_018,2024-06-12
R_20240612_2412,EQ_0156,S_009,2024-06-12
R_20240612_2413,EQ_0212,S_013,2024-06-12
R_20240612_2414,EQ_0221,S_002,2024-06-12
R_20240612_2415,EQ_0283,S_014,2024-06-12
R_20240612_2416,EQ_0296,S_000,2024-06-12
R_20240613_2417,EQ_0030,S_002,2024-06-13
R_20240613_2418,EQ_0036,S_018,2024-06-13
R_20240613_2419,EQ_0051,S_002,2024-06-13
R_20240613_2420,EQ_0065,S_003,2024-06-13
R_20240613_2421,EQ_0102,S_014,2024-06-13
R_20240613_2422,EQ_0118,S_007,2024-06-13
R_20240613_2423,EQ_0155,S_017,2024-06-13
R_20240613_2424,EQ_0158,S_018,2024-06-13
R_20240613_2425,EQ_0159,S_008,2024-06-13
R_20240613_2426,EQ_0180,S_003,2024-06-13
R_20240613_2427,EQ_0206,S_013,2024-06-13
R_20240613_2428,EQ_0221,S_009,2024-06-13
R_20240613_2429,EQ_0228,S_005,2024-06-13
R_20240613_2430,EQ_0237,S_014,2024-06-13
R_20240613_2431,EQ_0246,S_009,2024-06-13
R_20240613_2432,EQ_0278,S_001,2024-06-13
R_20240614_2433,EQ_0006,S_002,2024-06-14
R_20240614_2434,EQ_0017,S_012,2024-06-14
R_20240614_2435,EQ_0019,S_012,2024-06-14
R_20240614_2436,EQ_0037,S_004,2024-06-14
R_20240614_2437,EQ_0045,S_006,2024-06-14
R_20240614_2438,EQ_0074,S_007,2024-06-14
R_20240614_2439,EQ_0094,S_008,2024-06-14
R_20240614_2440,EQ_0101,S_013,2024-06-14
R_20240614_2441,EQ_0110,S_007,2024-06-14
R_20240614_2442,EQ_0118,S_012,2024-06-14
R_20240614_2443,EQ_0132,S_010,2024-06-14
R_20240614_2444,EQ_0134,S_009,2024-06-14
R_20240614_2445,EQ_0144,S_006,2024-06-14
R_20240614_2446,EQ_0167,S_014,2024-06-14
R_20240614_2447,EQ_0178,S_014,2024-06-14
R_20240614_2448,EQ_0241,S_018,2024-06-14
R_20240614_2449,EQ_0251,S_013,2024-06-14
R_20240614_2450,EQ_0288,S_010,2024-06-14
R_20240615_2451,EQ_0000,S_001,2024-06-15
R_20240615_2452,EQ_0016,S_014,2024-06-15
R_20240615_2453,EQ_0049,S_007,2024-06-15
R_20240615_2454,EQ_0090,S_002,2024-06-15
R_20240615_2455,EQ_0121,S_002,2024-06-15
R_20240615_2456,EQ_0154,S_002,2024-06-15
R_20240615_2457,EQ_0174,S_013,2024-06-15
R_20240615_2458,EQ_0176,S_005,2024-06-15
R_20240615_2459,EQ_0220,S_012,2024-06-15
R_20240615_2460,EQ_0231,S_009,2024-06-15
R_20240615_2461,EQ_0275,S_004,2024-06-15
R_20240615_2462,EQ_0281,S_017,2024-06-15
R_20240615_2463,EQ_0283,S_019,2024-06-15
R_20240616_2464,EQ_0051,S_004,2024-06-16
R_20240616_2465,EQ_0061,S_010,2024-06-16
R_20240616_2466,EQ_0064,S_019,2024-06-16
R_20240616_2467,EQ_0086,S_013,2024-06-16
R_20240616_2468,EQ_0125,S_008,2024-06-16
R_20240616_2469,EQ_0173,S_008,2024-06-16
R_20240616_2470,EQ_0184,S_000,2024-06-16
R_20240616_2471,EQ_0248,S_000,2024-06-16
R_20240616_2472,EQ_0283,S_005,2024-06-16
R_20240617_2473,EQ_0001,S_006,2024-06-17
R_20240617_2474,EQ_0034,S_008,2024-06-17
R_20240617_2475,EQ_0059,S_004,2024-06-17
R_20240617_2476,EQ_0061,S_003,2024-06-17
R_20240617_2477,EQ_0100,S_019,2024-06-17
R_20240617_2478,EQ_0109,S_012,2024-06-17
R_20240617_2479,EQ_0123,S_013,2024-06-17
R_20240617_2480,EQ_0133,S_017,2024-06-17
R_20240617_2481,EQ_0141,S_012,2024-06-17
R_20240617_2482,EQ_0154,S_002,2024-06-17
R_20240617_2483,EQ_0167,S_000,2024-06-17
R_20240617_2484,EQ_0179,S_004,2024-06-17
R_20240617_2485,EQ_0216,S_015,2024-06-17
R_20240617_2486,EQ_0256,S_004,2024-06-17
R_20240617_2487,EQ_0263,S_007,2024-06-17
R_20240618_2488,EQ_0001,S_008,2024-06-18
R_20240618_2489,EQ_0118,S_013,2024-06-18
R_20240618_2490,EQ_0207,S_000,2024-06-18
R_20240618_2491,EQ_0227,S_007,2024-06-18
R_20240618_2492,EQ_0228,S_008,2024-06-18
R_20240619_2493,EQ_0013,S_001,2024-06-19
R_20240619_2494,EQ_0053,S_001,2024-06-19
R_20240619_2495,EQ_0095,S_007,2024-06-19
R_20240619_2496,EQ_0102,S_008,2024-06-19
R_20240619_2497,EQ_0111,S_016,2024-06-19
R_20240619_2498,EQ_0116,S_000,2024-06-19
R_20240619_2499,EQ_0119,S_000,2024-06-19
R_20240619_2500,EQ_0153,S_017,2024-06-19
R_20240619_2501,EQ_0168,S_002,2024-06-19
R_20240619_2502,EQ_0176,S_019,2024-06-19
R_20240619_2503,EQ_0186,S_016,2024-06-19
R_20240619_2504,EQ_0200,S_019,2024-06-19
R_20240619_2505,EQ_0226,S_010,2024-06-19
R_20240619_2506,EQ_0234,S_012,2024-06-19
R_20240619_2507,EQ_0261,S_018,2024-06-19
R_20240619_2508,EQ_0263,S_018,2024-06-19
R_20240619_2509,EQ_0285,S_011,2024-06-19
R_20240620_2510,EQ_0019,S_013,2024-06-20
R_20240620_2511,EQ_0029,S_008,2024-06-20
R_20240620_2512,EQ_0033,S_002,2024-06-20
R_20240620_2513,EQ_0038,S_013,2024-06-20
R_20240620_2514,EQ_0041,S_008,2024-06-20
R_20240620_2515,EQ_0095,S_001,2024-06-20
R_20240620_2516,EQ_0096,S_012,2024-06-20
R_20240620_2517,EQ_0106,S_016,2024-06-20
R_20240620_2518,EQ_0172,S_010,2024-06-20
R_20240620_2519,EQ_0187,S_004,2024-06-20
R_20240620_2520,EQ_0229,S_014,2024-06-20
R_20240620_2521,EQ_0237,S_001,2024-06-20
R_20240620_2522,EQ_0239,S_005,2024-06-20
R_20240620_2523,EQ_0252,S_005,2024-06-20
R_20240620_2524,EQ_0261,S_017,2024-06-20
R_20240620_2525,EQ_0271,S_005,2024-06-20
R_20240620_2526,EQ_0284,S_003,2024-06-20
R_20240620_2527,EQ_0287,S_015,2024-06-20
R_20240620_2528,EQ_0290,S_011,2024-06-20
R_20240620_2529,EQ_0291,S_012,2024-06-20
R_20240620_2530,EQ_0297,S_013,2024-06-20
R_20240621_2531,EQ_0001,S_003,2024-06-21
R_20240621_2532,EQ_0015,S_016,2024-06-21
R_20240621_2533,EQ_0022,S_003,2024-06-21
R_20240621_2534,EQ_0084,S_005,2024-06-21
R_20240621_2535,EQ_0102,S_017,2024-06-21
R_20240621_2536,EQ_0109,S_014,2024-06-21
R_20240621_2537,EQ_0110,S_004,2024-06-21
R_20240621_2538,EQ_0117,S_010,2024-06-21
R_20240621_2539,EQ_0135,S_009,2024-06-21
R_20240621_2540,EQ_0182,S_011,2024-06-21
R_20240621_2541,EQ_0224,S_004,2024-06-21
R_20240621_2542,EQ_0246,S_007,2024-06-21
R_20240621_2543,EQ_0263,S_015,2024-06-21
R_20240621_2544,EQ_0288,S_014,2024-06-21
R_20240621_2545,EQ_0290,S_006,2024-06-21
R_20240622_2546,EQ_0029,S_007,2024-06-22
R_20240622_2547,EQ_0058,S_019,2024-06-22
R_20240622_2548,EQ_0103,S_003,2024-06-22
R_20240622_2549,EQ_0113,S_008,2024-06-22
R_20240622_2550,EQ_0137,S_000,2024-06-22
R_20240622_2551,EQ_0174,S_008,2024-06-22
R_20240622_2552,EQ_0207,S_018,2024-06-22
R_20240622_2553,EQ_0212,S_006,2024-06-22
R_20240622_2554,EQ_0222,S_005,2024-06-22
R_20240622_2555,EQ_0262,S_000,2024-06-22
R_20240623_2556,EQ_0028,S_007,2024-06-23
R_20240623_2557,EQ_0061,S_008,2024-06-23
R_20240623_2558,EQ_0142,S_019,2024-06-23
R_20240623_2559,EQ_0151,S_019,2024-06-23
R_20240623_2560,EQ_0166,S_008,2024-06-23
R_20240623_2561,EQ_0172,S_016,2024-06-23
R_20240623_2562,EQ_0174,S_003,2024-06-23
R_20240623_2563,EQ_0222,S_017,2024-06-23
R_20240624_2564,EQ_0003,S_008,2024-06-24
R_20240624_2565,EQ_0024,S_017,2024-06-24
R_20240624_2566,EQ_0030,S_002,2024-06-24
R_20240624_2567,EQ_0034,S_011,2024-06-24
R_20240624_2568,EQ_0038,S_018,2024-06-24
R_20240624_2569,EQ_0045,S_009,2024-06-24
R_20240624_2570,EQ_0080,S_003,2024-06-24
R_20240624_2571,EQ_0088,S_013,2024-06-24
R_20240624_2572,EQ_0155,S_007,2024-06-24
R_20240624_2573,EQ_0160,S_005,2024-06-24
R_20240624_2574,EQ_0181,S_014,2024-06-24
R_20240624_2575,EQ_0193,S_014,2024-06-24
R_20240624_2576,EQ_0207,S_006,2024-06-24
R_20240624_2577,EQ_0230,S_013,2024-06-24
R_20240624_2578,EQ_0287,S_001,2024-06-24
R_20240625_2579,EQ_0031,S_004,2024-06-25
R_20240625_2580,EQ_0032,S_000,2024-06-25
R_20240625_2581,EQ_0064,S_019,2024-06-25
R_20240625_2582,EQ_0097,S_009,2024-06-25
R_20240625_2583,EQ_0114,S_002,2024-06-25
R_20240625_2584,EQ_0166,S_006,2024-06-25
R_20240625_2585,EQ_0184,S_000,2024-06-25
R_20240625_2586,EQ_0199,S_013,2024-06-25
R_20240625_2587,EQ_0215,S_008,2024-06-25
R_20240625_2588,EQ_0224,S_004,2024-06-25
R_20240625_2589,EQ_0227,S_003,2024-06-25
R_20240625_2590,EQ_0233,S_011,2024-06-25
R_20240625_2591,EQ_0245,S_005,2024-06-25
R_20240625_2592,EQ_0256,S_007,2024-06-25
R_20240625_2593,EQ_0266,S_003,2024-06-25
R_20240625_2594,EQ_0267,S_018,2024-06-25
R_20240625_2595,EQ_0295,S_007,2024-06-25
R_20240626_2596,EQ_0006,S_002,2024-06-26
R_20240626_2597,EQ_0007,S_007,2024-06-26
R_20240626_2598,EQ_0055,S_008,2024-06-26
R_20240626_2599,EQ_0064,S_019,2024-06-26
R_20240626_2600,EQ_0094,S_010,2024-06-26
R_20240626_2601,EQ_0099,S_000,2024-06-26
R_20240626_2602,EQ_0108,S_016,2024-06-26
R_20240626_2603,EQ_0121,S_011,2024-06-26
R_20240626_2604,EQ_0130,S_000,2024-06-26
R_20240626_2605,EQ_0158,S_012,2024-06-26
R_20240626_2606,EQ_0168,S_008,2024-06-26
R_20240626_2607,EQ_0193,S_001,2024-06-26
R_20240626_2608,EQ_0194,S_019,2024-06-26
R_20240626_2609,EQ_0234,S_017,2024-06-26
R_20240626_2610,EQ_0243,S_008,2024-06-26
R_20240626_2611,EQ_0265,S_017,2024-06-26
R_20240626_2612,EQ_0292,S_014,2024-06-26
R_20240626_2613,EQ_0298,S_017,2024-06-26
R_20240627_2614,EQ_0013,S_002,2024-06-27
R_20240627_2615,EQ_0034,S_016,2024-06-27
R_20240627_2616,EQ_0065,S_000,2024-06-27
R_20240627_2617,EQ_0078,S_008,2024-06-27
R_20240627_2618,EQ_0144,S_013,2024-06-27
R_20240627_2619,EQ_0195,S_004,2024-06-27
R_20240627_2620,EQ_0198,S_012,2024-06-27
R_20240627_2621,EQ_0243,S_004,2024-06-27
R_20240627_2622,EQ_0274,S_008,2024-06-27
R_20240627_2623,EQ_0285,S_006,2024-06-27
R_20240627_2624,EQ_0297,S_002,2024-06-27
R_20240628_2625,EQ_0002,S_001,2024-06-28
R_20240628_2626,EQ_0016,S_012,2024-06-28
R_20240628_2627,EQ_0020,S_019,2024-06-28
R_20240628_2628,EQ_0064,S_004,2024-06-28
R_20240628_2629,EQ_0071,S_015,2024-06-28
R_20240628_2630,EQ_0073,S_013,2024-06-28
R_20240628_2631,EQ_0168,S_016,2024-06-28
R_20240628_2632,EQ_0170,S_004,2024-06-28
R_20240628_2633,EQ_0185,S_010,2024-06-28
R_20240628_2634,EQ_0202,S_004,2024-06-28
R_20240628_2635,EQ_0232,S_007,2024-06-28
R_20240629_2636,EQ_0008,S_005,2024-06-29
R_20240629_2637,EQ_0015,S_012,2024-06-29
R_20240629_2638,EQ_0020,S_018,2024-06-29
R_20240629_2639,EQ_0025,S_003,2024-06-29
R_20240629_2640,EQ_0028,S_011,2024-06-29
R_20240629_2641,EQ_0042,S_001,2024-06-29
R_20240629_2642,EQ_0065,S_009,2024-06-29
R_20240629_2643,EQ_0084,S_016,2024-06-29
R_20240629_2644,EQ_0094,S_017,2024-06-29
R_20240629_2645,EQ_0127,S_002,2024-06-29
R_20240629_2646,EQ_0152,S_006,2024-06-29
R_20240629_2647,EQ_0162,S_003,2024-06-29
R_20240629_2648,EQ_0163,S_018,2024-06-29
R_20240629_2649,EQ_0180,S_017,2024-06-29
R_20240629_2650,EQ_0191,S_004,2024-06-29
R_20240629_2651,EQ_0196,S_009,2024-06-29
R_20240629_2652,EQ_0231,S_000,2024-06-29
R_20240629_2653,EQ_0259,S_001,2024-06-29
R_20240629_2654,EQ_0285,S_004,2024-06-29
R_20240629_2655,EQ_0299,S_010,2024-06-29
R_20240630_2656,EQ_0016,S_018,2024-06-30
R_20240630_2657,EQ_0019,S_016,2024-06-30
R_20240630_2658,EQ_0056,S_007,2024-06-30
R_20240630_2659,EQ_0202,S_008,2024-06-30
R_20240630_2660,EQ_0253,S_002,2024-06-30
R_20240630_2661,EQ_0270,S_018,2024-06-30
R_20240630_2662,EQ_0273,S_016,2024-06-30
R_20240701_2663,EQ_0033,S_013,2024-07-01
R_20240701_2664,EQ_0068,S_012,2024-07-01
R_20240701_2665,EQ_0070,S_003,2024-07-01
R_20240701_2666,EQ_0071,S_017,2024-07-01
R_20240701_2667,EQ_0080,S_009,2024-07-01
R_20240701_2668,EQ_0088,S_017,2024-07-01
R_20240701_2669,EQ_0095,S_019,2024-07-01
R_20240701_2670,EQ_0103,S_001,2024-07-01
R_20240701_2671,EQ_0104,S_017,2024-07-01
R_20240701_2672,EQ_0106,S_015,2024-07-01
R_20240701_2673,EQ_0151,S_011,2024-07-01
R_20240701_2674,EQ_0153,S_012,2024-07-01
R_20240701_2675,EQ_0164,S_011,2024-07-01
R_20240701_2676,EQ_0165,S_005,2024-07-01
R_20240701_2677,EQ_0238,S_007,2024-07-01
R_20240701_2678,EQ_0254,S_015,2024-07-01
R_20240702_2679,EQ_0041,S_002,2024-07-02
R_20240702_2680,EQ_0054,S_008,2024-07-02
R_20240702_2681,EQ_0066,S_006,2024-07-02
R_20240702_2682,EQ_0097,S_019,2024-07-02
R_20240702_2683,EQ_0118,S_003,2024-07-02
R_20240702_2684,EQ_0181,S_008,2024-07-02
R_20240702_2685,EQ_0185,S_012,2024-07-02
R_20240702_2686,EQ_0202,S_014,2024-07-02
R_20240702_2687,EQ_0229,S_013,2024-07-02
R_20240702_2688,EQ_0230,S_000,2024-07-02
R_20240702_2689,EQ_0244,S_003,2024-07-02
R_20240702_2690,EQ_0273,S_014,2024-07-02
R_20240703_2691,EQ_0007,S_011,2024-07-03
R_20240703_2692,EQ_0025,S_001,2024-07-03
R_20240703_2693,EQ_0087,S_000,2024-07-03
R_20240703_2694,EQ_0096,S_017,2024-07-03
R_20240703_2695,EQ_0114,S_018,2024-07-03
R_20240703_2696,EQ_0117,S_019,2024-07-03
R_20240703_2697,EQ_0118,S_017,2024-07-03
R_20240703_2698,EQ_0130,S_009,2024-07-03
R_20240703_2699,EQ_0136,S_005,2024-07-03
R_20240703_2700,EQ_0192,S_009,2024-07-03
R_20240703_2701,EQ_0245,S_010,2024-07-03
R_20240703_2702,EQ_0269,S_007,2024-07-03
R_20240703_2703,EQ_0286,S_003,2024-07-03
R_20240704_2704,EQ_0007,S_003,2024-07-04
R_20240704_2705,EQ_0035,S_000,2024-07-04
R_20240704_2706,EQ_0044,S_018,2024-07-04
R_20240704_2707,EQ_0065,S_006,2024-07-04
R_20240704_2708,EQ_0110,S_004,2024-07-04
R_20240704_2709,EQ_0112,S_017,2024-07-04
R_20240704_2710,EQ_0130,S_016,2024-07-04
R_20240704_2711,EQ_0158,S_000,2024-07-04
R_20240704_2712,EQ_0181,S_006,2024-07-04
R_20240704_2713,EQ_0204,S_003,2024-07-04
R_20240704_2714,EQ_0224,S_012,2024-07-04
R_20240704_2715,EQ_0254,S_008,2024-07-04
R_20240704_2716,EQ_0258,S_002,2024-07-04
R_20240704_2717,EQ_0278,S_006,2024-07-04
R_20240705_2718,EQ_0002,S_004,2024-07-05
R_20240705_2719,EQ_0023,S_000,2024-07-05
R_20240705_2720,EQ_0041,S_012,2024-07-05
R_20240705_2721,EQ_0047,S_015,2024-07-05
R_20240705_2722,EQ_0053,S_004,2024-07-05
R_20240705_2723,EQ_0064,S_015,2024-07-05
R_20240705_2724,EQ_0066,S_013,2024-07-05
R_20240705_2725,EQ_0079,S_017,2024-07-05
R_20240705_2726,EQ_0088,S_007,2024-07-05
R_20240705_2727,EQ_0116,S_012,2024-07-05
R_20240705_2728,EQ_0162,S_016,2024-07-05
R_20240705_2729,EQ_0202,S_009,2024-07-05
R_20240705_2730,EQ_0240,S_019,2024-07-05
R_20240705_2731,EQ_0274,S_017,2024-07-05
R_20240705_2732,EQ_0287,S_007,2024-07-05
R_20240705_2733,EQ_0292,S_013,2024-07-05
R_20240706_2734,EQ_0003,S_019,2024-07-06
R_20240706_2735,EQ_0010,S_000,2024-07-06
R_20240706_2736,EQ_0013,S_015,2024-07-06
R_20240706_2737,EQ_0042,S_019,2024-07-06
R_20240706_2738,EQ_0052,S_006,2024-07-06
R_20240706_2739,EQ_0096,S_001,2024-07-06
R_20240706_2740,EQ_0106,S_000,2024-07-06
R_20240706_2741,EQ_0116,S_014,2024-07-06
R_20240706_2742,EQ_0118,S_003,2024-07-06
R_20240706_2743,EQ_0163,S_003,2024-07-06
R_20240706_2744,EQ_0202,S_004,2024-07-06
R_20240706_2745,EQ_0238,S_009,2024-07-06
R_20240706_2746,EQ_0263,S_004,2024-07-06
R_20240706_2747,EQ_0265,S_007,2024-07-06
R_20240706_2748,EQ_0299,S_012,2024-07-06
R_20240707_2749,EQ_0052,S_015,2024-07-07
R_20240707_2750,EQ_0056,S_006,2024-07-07
R_20240707_2751,EQ_0084,S_011,2024-07-07
R_20240707_2752,EQ_0087,S_010,2024-07-07
R_20240707_2753,EQ_0101,S_000,2024-07-07
R_20240707_2754,EQ_0128,S_001,2024-07-07
R_20240707_2755,EQ_0147,S_002,2024-07-07
R_20240707_2756,EQ_0156,S_002,2024-07-07
R_20240707_2757,EQ_0161,S_015,2024-07-07
R_20240707_2758,EQ_0168,S_010,2024-07-07
R_20240707_2759,EQ_0171,S_004,2024-07-07
R_20240707_2760,EQ_0233,S_013,2024-07-07
R_20240707_2761,EQ_0249,S_014,2024-07-07
R_20240707_2762,EQ_0255,S_006,2024-07-07
R_20240707_2763,EQ_0266,S_010,2024-07-07
R_20240707_2764,EQ_0287,S_002,2024-07-07
R_20240707_2765,EQ_0298,S_017,2024-07-07
R_20240708_2766,EQ_0073,S_005,2024-07-08
R_20240708_2767,EQ_0081,S_007,2024-07-08
R_20240708_2768,EQ_0089,S_016,2024-07-08
R_20240708_2769,EQ_0105,S_002,2024-07-08
R_20240708_2770,EQ_0143,S_013,2024-07-08
R_20240708_2771,EQ_0153,S_001,2024-07-08
R_20240708_2772,EQ_0165,S_017,2024-07-08
R_20240708_2773,EQ_0179,S_005,2024-07-08
R_20240708_2774,EQ_0184,S_002,2024-07-08
R_20240708_2775,EQ_0194,S_008,2024-07-08
R_20240708_2776,EQ_0280,S_009,2024-07-08
R_20240708_2777,EQ_0286,S_019,2024-07-08
R_20240708_2778,EQ_0295,S_005,2024-07-08
R_20240709_2779,EQ_0061,S_004,2024-07-09
R_20240709_2780,EQ_0074,S_016,2024-07-09
R_20240709_2781,EQ_0094,S_011,2024-07-09
R_20240709_2782,EQ_0146,S_010,2024-07-09
R_20240709_2783,EQ_0153,S_000,2024-07-09
R_20240709_2784,EQ_0181,S_001,2024-07-09
R_20240710_2785,EQ_0007,S_018,2024-07-10
R_20240710_2786,EQ_0029,S_011,2024-07-10
R_20240710_2787,EQ_0046,S_019,2024-07-10
R_20240710_2788,EQ_0071,S_018,2024-07-10
R_20240710_2789,EQ_0082,S_001,2024-07-10
R_20240710_2790,EQ_0094,S_008,2024-07-10
R_20240710_2791,EQ_0122,S_011,2024-07-10
R_20240710_2792,EQ_0196,S_013,2024-07-10
R_20240710_2793,EQ_0216,S_004,2024-07-10
R_20240710_2794,EQ_0223,S_019,2024-07-10
R_20240710_2795,EQ_0236,S_009,2024-07-10
R_20240710_2796,EQ_0244,S_017,2024-07-10
R_20240710_2797,EQ_0246,S_019,2024-07-10
R_20240710_2798,EQ_0273,S_016,2024-07-10
R_20240710_2799,EQ_0296,S_018,2024-07-10
R_20240711_2800,EQ_0008,S_017,2024-07-11
R_20240711_2801,EQ_0016,S_009,2024-07-11
R_20240711_2802,EQ_0017,S_006,2024-07-11
R_20240711_2803,EQ_0036,S_015,2024-07-11
R_20240711_2804,EQ_0050,S_013,2024-07-11
R_20240711_2805,EQ_0059,S_013,2024-07-11
R_20240711_2806,EQ_0079,S_004,2024-07-11
R_20240711_2807,EQ_0101,S_017,2024-07-11
R_20240711_2808,EQ_0106,S_011,2024-07-11
R_20240711_2809,EQ_0123,S_001,2024-07-11
R_20240711_2810,EQ_0130,S_014,2024-07-11
R_20240711_2811,EQ_0157,S_011,2024-07-11
R_20240711_2812,EQ_0159,S_011,2024-07-11
R_20240711_2813,EQ_0207,S_016,2024-07-11
R_20240711_2814,EQ_0235,S_017,2024-07-11
R_20240711_2815,EQ_0236,S_010,2024-07-11
R_20240711_2816,EQ_0243,S_000,2024-07-11
R_20240711_2817,EQ_0254,S_009,2024-07-11
R_20240711_2818,EQ_0255,S_005,2024-07-11
R_20240711_2819,EQ_0256,S_009,2024-07-11
R_20240711_2820,EQ_0258,S_006,2024-07-11
R_20240711_2821,EQ_0297,S_018,2024-07-11
R_20240712_2822,EQ_0032,S_007,2024-07-12
R_20240712_2823,EQ_0045,S_012,2024-07-12
R_20240712_2824,EQ_0049,S_017,2024-07-12
R_20240712_2825,EQ_0068,S_017,2024-07-12
R_20240712_2826,EQ_0098,S_016,2024-07-12
R_20240712_2827,EQ_0120,S_002,2024-07-12
R_20240712_2828,EQ_0122,S_011,2024-07-12
R_20240712_2829,EQ_0151,S_012,2024-07-12
R_20240712_2830,EQ_0162,S_015,2024-07-12
R_20240712_2831,EQ_0201,S_014,2024-07-12
R_20240712_2832,EQ_0204,S_007,2024-07-12
R_20240712_2833,EQ_0206,S_017,2024-07-12
R_20240712_2834,EQ_0218,S_007,2024-07-12
R_20240712_2835,EQ_0299,S_019,2024-07-12
R_20240713_2836,EQ_0017,S_008,2024-07-13
R_20240713_2837,EQ_0018,S_008,2024-07-13
R_20240713_2838,EQ_0023,S_003,2024-07-13
R_20240713_2839,EQ_0027,S_016,2024-07-13
R_20240713_2840,EQ_0102,S_007,2024-07-13
R_20240713_2841,EQ_0109,S_001,2024-07-13
R_20240713_2842,EQ_0126,S_010,2024-07-13
R_20240713_2843,EQ_0128,S_010,2024-07-13
R_20240713_2844,EQ_0153,S_000,2024-07-13
R_20240713_2845,EQ_0154,S_010,2024-07-13
R_20240713_2846,EQ_0161,S_000,2024-07-13
R_20240713_2847,EQ_0228,S_007,2024-07-13
R_20240713_2848,EQ_0249,S_006,2024-07-13
R_20240713_2849,EQ_0253,S_016,2024-07-13
R_20240714_2850,EQ_0010,S_006,2024-07-14
R_20240714_2851,EQ_0011,S_015,2024-07-14
R_20240714_2852,EQ_0017,S_009,2024-07-14
R_20240714_2853,EQ_0024,S_003,2024-07-14
R_20240714_2854,EQ_0075,S_013,2024-07-14
R_20240714_2855,EQ_0137,S_000,2024-07-14
R_20240714_2856,EQ_0188,S_015,2024-07-14
R_20240714_2857,EQ_0217,S_005,2024-07-14
R_20240714_2858,EQ_0222,S_003,2024-07-14
R_20240714_2859,EQ_0282,S_017,2024-07-14
R_20240715_2860,EQ_0048,S_018,2024-07-15
R_20240715_2861,EQ_0117,S_002,2024-07-15
R_20240715_2862,EQ_0128,S_002,2024-07-15
R_20240715_2863,EQ_0146,S_005,2024-07-15
R_20240715_2864,EQ_0167,S_011,2024-07-15
R_20240715_2865,EQ_0177,S_017,2024-07-15
R_20240715_2866,EQ_0230,S_008,2024-07-15
R_20240715_2867,EQ_0247,S_014,2024-07-15
R_20240715_2868,EQ_0254,S_008,2024-07-15
R_20240715_2869,EQ_0276,S_017,2024-07-15
R_20240715_2870,EQ_0285,S_009,2024-07-15
R_20240716_2871,EQ_0033,S_007,2024-07-16
R_20240716_2872,EQ_0046,S_014,2024-07-16
R_20240716_2873,EQ_0051,S_001,2024-07-16
R_20240716_2874,EQ_0092,S_007,2024-07-16
R_20240716_2875,EQ_0114,S_011,2024-07-16
R_20240716_2876,EQ_0136,S_015,2024-07-16
R_20240716_2877,EQ_0221,S_016,2024-07-16
R_20240716_2878,EQ_0237,S_012,2024-07-16
R_20240716_2879,EQ_0251,S_008,2024-07-16
R_20240716_2880,EQ_0258,S_011,2024-07-16
R_20240716_2881,EQ_0259,S_019,2024-07-16
R_20240716_2882,EQ_0294,S_012,2024-07-16
R_20240717_2883,EQ_0000,S_019,2024-07-17
R_20240717_2884,EQ_0023,S_007,2024-07-17
R_20240717_2885,EQ_0071,S_006,2024-07-17
R_20240717_2886,EQ_0087,S_014,2024-07-17
R_20240717_2887,EQ_0090,S_003,2024-07-17
R_20240717_2888,EQ_0101,S_006,2024-07-17
R_20240717_2889,EQ_0125,S_008,2024-07-17
R_20240717_2890,EQ_0145,S_017,2024-07-17
R_20240717_2891,EQ_0152,S_002,2024-07-17
R_20240717_2892,EQ_0196,S_017,2024-07-17
R_20240717_2893,EQ_0212,S_002,2024-07-17
R_20240717_2894,EQ_0236,S_011,2024-07-17
R_20240717_2895,EQ_0237,S_005,2024-07-17
R_20240717_2896,EQ_0252,S_017,2024-07-17
R_20240717_2897,EQ_0254,S_005,2024-07-17
R_20240717_2898,EQ_0282,S_010,2024-07-17
R_20240718_2899,EQ_0001,S_001,2024-07-18
R_20240718_2900,EQ_0019,S_017,2024-07-18
R_20240718_2901,EQ_0040,S_012,2024-07-18
R_20240718_2902,EQ_0066,S_019,2024-07-18
R_20240718_2903,EQ_0110,S_013,2024-07-18
R_20240718_2904,EQ_0131,S_013,2024-07-18
R_20240718_2905,EQ_0138,S_013,2024-07-18
R_20240718_2906,EQ_0156,S_013,2024-07-18
R_20240718_2907,EQ_0171,S_017,2024-07-18
R_20240718_2908,EQ_0190,S_017,2024-07-18
R_20240718_2909,EQ_0191,S_019,2024-07-18
R_20240718_2910,EQ_0196,S_019,2024-07-18
R_20240718_2911,EQ_0205,S_015,2024-07-18
R_20240718_2912,EQ_0280,S_018,2024-07-18
R_20240718_2913,EQ_0295,S_019,2024-07-18
R_20240718_2914,EQ_0298,S_012,2024-07-18
R_20240719_2915,EQ_0002,S_003,2024-07-19
R_20240719_2916,EQ_0031,S_004,2024-07-19
R_20240719_2917,EQ_0070,S_017,2024-07-19
R_20240719_2918,EQ_0102,S_009,2024-07-19
R_20240719_2919,EQ_0134,S_009,2024-07-19
R_20240719_2920,EQ_0138,S_007,2024-07-19
R_20240719_2921,EQ_0139,S_019,2024-07-19
R_20240719_2922,EQ_0166,S_017,2024-07-19
R_20240719_2923,EQ_0173,S_005,2024-07-19
R_20240719_2924,EQ_0185,S_008,2024-07-19
R_20240719_2925,EQ_0218,S_001,2024-07-19
R_20240719_2926,EQ_0242,S_019,2024-07-19
R_20240719_2927,EQ_0243,S_009,2024-07-19
R_20240719_2928,EQ_0246,S_014,2024-07-19
R_20240719_2929,EQ_0284,S_001,2024-07-19
R_20240720_2930,EQ_0004,S_001,2024-07-20
R_20240720_2931,EQ_0006,S_007,2024-07-20
R_20240720_2932,EQ_0014,S_012,2024-07-20
R_20240720_2933,EQ_0018,S_013,2024-07-20
R_20240720_2934,EQ_0106,S_001,2024-07-20
R_20240720_2935,EQ_0179,S_019,2024-07-20
R_20240720_2936,EQ_0194,S_005,2024-07-20
R_20240720_2937,EQ_0250,S_010,2024-07-20
R_20240720_2938,EQ_0253,S_011,2024-07-20
R_20240721_2939,EQ_0038,S_007,2024-07-21
R_20240721_2940,EQ_0086,S_017,2024-07-21
R_20240721_2941,EQ_0155,S_017,2024-07-21
R_20240721_2942,EQ_0158,S_000,2024-07-21
R_20240721_2943,EQ_0162,S_009,2024-07-21
R_20240721_2944,EQ_0193,S_012,2024-07-21
R_20240721_2945,EQ_0200,S_017,2024-07-21
R_20240721_2946,EQ_0212,S_006,2024-07-21
R_20240721_2947,EQ_0218,S_006,2024-07-21
R_20240721_2948,EQ_0238,S_009,2024-07-21
R_20240721_2949,EQ_0248,S_011,2024-07-21
R_20240721_2950,EQ_0252,S_000,2024-07-21
R_20240721_2951,EQ_0256,S_011,2024-07-21
R_20240721_2952,EQ_0259,S_007,2024-07-21
R_20240721_2953,EQ_0283,S_007,2024-07-21
R_20240721_2954,EQ_0298,S_006,2024-07-21
R_20240721_2955,EQ_0299,S_015,2024-07-21
R_20240722_2956,EQ_0016,S_012,2024-07-22
R_20240722_2957,EQ_0020,S_000,2024-07-22
R_20240722_2958,EQ_0034,S_009,2024-07-22
R_20240722_2959,EQ_0059,S_000,2024-07-22
R_20240722_2960,EQ_0062,S_001,2024-07-22
R_20240722_2961,EQ_0179,S_002,2024-07-22
R_20240722_2962,EQ_0194,S_017,2024-07-22
R_20240722_2963,EQ_0195,S_002,2024-07-22
R_20240722_2964,EQ_0207,S_010,2024-07-22
R_20240722_2965,EQ_0213,S_009,2024-07-22
R_20240722_2966,EQ_0226,S_004,2024-07-22
R_20240722_2967,EQ_0231,S_002,2024-07-22
R_20240722_2968,EQ_0246,S_016,2024-07-22
R_20240722_2969,EQ_0253,S_002,2024-07-22
R_20240722_2970,EQ_0278,S_006,2024-07-22
R_20240722_2971,EQ_0280,S_000,2024-07-22
R_20240722_2972,EQ_0293,S_007,2024-07-22
R_20240723_2973,EQ_0013,S_008,2024-07-23
R_20240723_2974,EQ_0029,S_019,2024-07-23
R_20240723_2975,EQ_0036,S_017,2024-07-23
R_20240723_2976,EQ_0052,S_008,2024-07-23
R_20240723_2977,EQ_0062,S_000,2024-07-23
R_20240723_2978,EQ_0084,S_009,2024-07-23
R_20240723_2979,EQ_0136,S_006,2024-07-23
R_20240723_2980,EQ_0176,S_007,2024-07-23
R_20240723_2981,EQ_0190,S_000,2024-07-23
R_20240723_2982,EQ_0226,S_009,2024-07-23
R_20240723_2983,EQ_0245,S_009,2024-07-23
R_20240723_2984,EQ_0277,S_006,2024-07-23
R_20240724_2985,EQ_0032,S_005,2024-07-24
R_20240724_2986,EQ_0036,S_008,2024-07-24
R_20240724_2987,EQ_0042,S_013,2024-07-24
R_20240724_2988,EQ_0043,S_007,2024-07-24
R_20240724_2989,EQ_0067,S_010,2024-07-24
R_20240724_2990,EQ_0086,S_005,2024-07-24
R_20240724_2991,EQ_0089,S_019,2024-07-24
R_20240724_2992,EQ_0107,S_004,2024-07-24
R_20240724_2993,EQ_0112,S_013,2024-07-24
R_20240724_2994,EQ_0132,S_007,2024-07-24
R_20240724_2995,EQ_0163,S_008,2024-07-24
R_20240724_2996,EQ_0198,S_010,2024-07-24
R_20240724_2997,EQ_0203,S_001,2024-07-24
R_20240724_2998,EQ_0214,S_002,2024-07-24
R_20240724_2999,EQ_0220,S_000,2024-07-24
R_20240724_3000,EQ_0225,S_011,2024-07-24
R_20240724_3001,EQ_0242,S_015,2024-07-24
R_20240724_3002,EQ_0256,S_008,2024-07-24
R_20240724_3003,EQ_0283,S_017,2024-07-24
R_20240725_3004,EQ_0011,S_010,2024-07-25
R_20240725_3005,EQ_0036,S_007,2024-07-25
R_20240725_3006,EQ_0047,S_006,2024-07-25
R_20240725_3007,EQ_0073,S_002,2024-07-25
R_20240725_3008,EQ_0132,S_007,2024-07-25
R_20240725_3009,EQ_0135,S_018,2024-07-25
R_20240725_3010,EQ_0143,S_009,2024-07-25
R_20240725_3011,EQ_0166,S_005,2024-07-25
R_20240725_3012,EQ_0253,S_017,2024-07-25
R_20240725_3013,EQ_0267,S_007,2024-07-25
R_20240725_3014,EQ_0272,S_005,2024-07-25
R_20240725_3015,EQ_0273,S_011,2024-07-25
R_20240725_3016,EQ_0294,S_005,2024-07-25
R_20240726_3017,EQ_0013,S_009,2024-07-26
R_20240726_3018,EQ_0067,S_010,2024-07-26
R_20240726_3019,EQ_0125,S_016,2024-07-26
R_20240726_3020,EQ_0237,S_017,2024-07-26
R_20240726_3021,EQ_0238,S_003,2024-07-26
R_20240726_3022,EQ_0272,S_006,2024-07-26
R_20240726_3023,EQ_0285,S_002,2024-07-26
R_20240727_3024,EQ_0031,S_009,2024-07-27
R_20240727_3025,EQ_0045,S_000,2024-07-27
R_20240727_3026,EQ_0049,S_010,2024-07-27
R_20240727_3027,EQ_0066,S_015,2024-07-27
R_20240727_3028,EQ_0075,S_018,2024-07-27
R_20240727_3029,EQ_0077,S_002,2024-07-27
R_20240727_3030,EQ_0121,S_013,2024-07-27
R_20240727_3031,EQ_0202,S_016,2024-07-27
R_20240727_3032,EQ_0215,S_002,2024-07-27
R_20240727_3033,EQ_0228,S_013,2024-07-27
R_20240727_3034,EQ_0233,S_008,2024-07-27
R_20240727_3035,EQ_0244,S_013,2024-07-27
R_20240727_3036,EQ_0253,S_008,2024-07-27
R_20240727_3037,EQ_0259,S_013,2024-07-27
R_20240728_3038,EQ_0047,S_004,2024-07-28
R_20240728_3039,EQ_0069,S_007,2024-07-28
R_20240728_3040,EQ_0110,S_011,2024-07-28
R_20240728_3041,EQ_0126,S_009,2024-07-28
R_20240728_3042,EQ_0157,S_003,2024-07-28
R_20240728_3043,EQ_0174,S_004,2024-07-28
R_20240728_3044,EQ_0187,S_008,2024-07-28
R_20240728_3045,EQ_0194,S_002,2024-07-28
R_20240728_3046,EQ_0198,S_004,2024-07-28
R_20240728_3047,EQ_0206,S_007,2024-07-28
R_20240728_3048,EQ_0214,S_008,2024-07-28
R_20240728_3049,EQ_0222,S_000,2024-07-28
R_20240728_3050,EQ_0225,S_013,2024-07-28
R_20240728_3051,EQ_0235,S_016,2024-07-28
R_20240728_3052,EQ_0260,S_011,2024-07-28
R_20240728_3053,EQ_0278,S_004,2024-07-28
R_20240728_3054,EQ_0282,S_002,2024-07-28
R_20240728_3055,EQ_0288,S_007,2024-07-28
R_20240729_3056,EQ_0001,S_013,2024-07-29
R_20240729_3057,EQ_0005,S_008,2024-07-29
R_20240729_3058,EQ_0012,S_008,2024-07-29
R_20240729_3059,EQ_0019,S_013,2024-07-29
R_20240729_3060,EQ_0049,S_012,2024-07-29
R_20240729_3061,EQ_0084,S_019,2024-07-29
R_20240729_3062,EQ_0094,S_013,2024-07-29
R_20240729_3063,EQ_0117,S_010,2024-07-29
R_20240729_3064,EQ_0168,S_010,2024-07-29
R_20240729_3065,EQ_0175,S_015,2024-07-29
R_20240729_3066,EQ_0178,S_014,2024-07-29
R_20240729_3067,EQ_0192,S_013,2024-07-29
R_20240729_3068,EQ_0193,S_003,2024-07-29
R_20240729_3069,EQ_0210,S_008,2024-07-29
R_20240729_3070,EQ_0213,S_018,2024-07-29
R_20240729_3071,EQ_0223,S_004,2024-07-29
R_20240729_3072,EQ_0230,S_011,2024-07-29
R_20240729_3073,EQ_0251,S_012,2024-07-29
R_20240729_3074,EQ_0275,S_012,2024-07-29
R_20240729_3075,EQ_0297,S_017,2024-07-29
R_20240730_3076,EQ_0020,S_011,2024-07-30
R_20240730_3077,EQ_0021,S_013,2024-07-30
R_20240730_3078,EQ_0022,S_002,2024-07-30
R_20240730_3079,EQ_0025,S_007,2024-07-30
R_20240730_3080,EQ_0032,S_005,2024-07-30
R_20240730_3081,EQ_0038,S_010,2024-07-30
R_20240730_3082,EQ_0061,S_000,2024-07-30
R_20240730_3083,EQ_0062,S_009,2024-07-30
R_20240730_3084,EQ_0084,S_003,2024-07-30
R_20240730_3085,EQ_0166,S_015,2024-07-30
R_20240730_3086,EQ_0203,S_001,2024-07-30
R_20240730_3087,EQ_0204,S_012,2024-07-30
R_20240730_3088,EQ_0207,S_009,2024-07-30
R_20240730_3089,EQ_0220,S_018,2024-07-30
R_20240730_3090,EQ_0248,S_005,2024-07-30
R_20240730_3091,EQ_0255,S_005,2024-07-30
R_20240731_3092,EQ_0026,S_008,2024-07-31
R_20240731_3093,EQ_0059,S_014,2024-07-31
R_20240731_3094,EQ_0080,S_018,2024-07-31
R_20240731_3095,EQ_0087,S_010,2024-07-31
R_20240731_3096,EQ_0091,S_016,2024-07-31
R_20240731_3097,EQ_0110,S_016,2024-07-31
R_20240731_3098,EQ_0151,S_005,2024-07-31
R_20240731_3099,EQ_0171,S_012,2024-07-31
R_20240731_3100,EQ_0179,S_004,2024-07-31
R_20240731_3101,EQ_0201,S_009,2024-07-31
R_20240731_3102,EQ_0240,S_003,2024-07-31
R_20240731_3103,EQ_0244,S_013,2024-07-31
R_20240731_3104,EQ_0252,S_001,2024-07-31
R_20240731_3105,EQ_0255,S_010,2024-07-31
R_20240731_3106,EQ_0265,S_005,2024-07-31
R_20240801_3107,EQ_0005,S_011,2024-08-01
R_20240801_3108,EQ_0008,S_016,2024-08-01
R_20240801_3109,EQ_0012,S_005,2024-08-01
R_20240801_3110,EQ_0015,S_009,2024-08-01
R_20240801_3111,EQ_0025,S_003,2024-08-01
R_20240801_3112,EQ_0028,S_006,2024-08-01
R_20240801_3113,EQ_0040,S_014,2024-08-01
R_20240801_3114,EQ_0047,S_013,2024-08-01
R_20240801_3115,EQ_0055,S_013,2024-08-01
R_20240801_3116,EQ_0065,S_000,2024-08-01
R_20240801_3117,EQ_0072,S_003,2024-08-01
R_20240801_3118,EQ_0076,S_019,2024-08-01
R_20240801_3119,EQ_0083,S_006,2024-08-01
R_20240801_3120,EQ_0085,S_012,2024-08-01
R_20240801_3121,EQ_0103,S_013,2024-08-01
R_20240801_3122,EQ_0122,S_012,2024-08-01
R_20240801_3123,EQ_0125,S_014,2024-08-01
R_20240801_3124,EQ_0141,S_013,2024-08-01
R_20240801_3125,EQ_0163,S_005,2024-08-01
R_20240801_3126,EQ_0177,S_011,2024-08-01
R_20240801_3127,EQ_0194,S_009,2024-08-01
R_20240801_3128,EQ_0202,S_016,2024-08-01
R_20240801_3129,EQ_0214,S_010,2024-08-01
R_20240801_3130,EQ_0272,S_014,2024-08-01
R_20240802_3131,EQ_0002,S_009,2024-08-02
R_20240802_3132,EQ_0004,S_012,2024-08-02
R_20240802_3133,EQ_0028,S_014,2024-08-02
R_20240802_3134,EQ_0029,S_008,2024-08-02
R_20240802_3135,EQ_0038,S_009,2024-08-02
R_20240802_3136,EQ_0045,S_009,2024-08-02
R_20240802_3137,EQ_0049,S_010,2024-08-02
R_20240802_3138,EQ_0062,S_002,2024-08-02
R_20240802_3139,EQ_0093,S_005,2024-08-02
R_20240802_3140,EQ_0099,S_013,2024-08-02
R_20240802_3141,EQ_0113,S_005,2024-08-02
R_20240802_3142,EQ_0121,S_009,2024-08-02
R_20240802_3143,EQ_0128,S_009,2024-08-02
R_20240802_3144,EQ_0136,S_018,2024-08-02
R_20240802_3145,EQ_0184,S_016,2024-08-02
R_20240802_3146,EQ_0205,S_011,2024-08-02
R_20240802_3147,EQ_0211,S_000,2024-08-02
R_20240802_3148,EQ_0240,S_013,2024-08-02
R_20240802_3149,EQ_0256,S_016,2024-08-02
R_20240803_3150,EQ_0082,S_008,2024-08-03
R_20240803_3151,EQ_0088,S_019,2024-08-03
R_20240803_3152,EQ_0091,S_011,2024-08-03
R_20240803_3153,EQ_0143,S_015,2024-08-03
R_20240803_3154,EQ_0146,S_018,2024-08-03
R_20240803_3155,EQ_0184,S_008,2024-08-03
R_20240803_3156,EQ_0189,S_008,2024-08-03
R_20240803_3157,EQ_0239,S_017,2024-08-03
R_20240803_3158,EQ_0247,S_014,2024-08-03
R_20240803_3159,EQ_0248,S_008,2024-08-03
R_20240803_3160,EQ_0252,S_009,2024-08-03
R_20240803_3161,EQ_0279,S_018,2024-08-03
R_20240804_3162,EQ_0003,S_000,2024-08-04
R_20240804_3163,EQ_0016,S_018,2024-08-04
R_20240804_3164,EQ_0020,S_014,2024-08-04
R_20240804_3165,EQ_0027,S_014,2024-08-04
R_20240804_3166,EQ_0050,S_005,2024-08-04
R_20240804_3167,EQ_0122,S_011,2024-08-04
R_20240804_3168,EQ_0150,S_009,2024-08-04
R_20240804_3169,EQ_0155,S_000,2024-08-04
R_20240804_3170,EQ_0165,S_012,2024-08-04
R_20240804_3171,EQ_0174,S_008,2024-08-04
R_20240804_3172,EQ_0188,S_006,2024-08-04
R_20240804_3173,EQ_0209,S_011,2024-08-04
R_20240804_3174,EQ_0216,S_012,2024-08-04
R_20240804_3175,EQ_0233,S_009,2024-08-04
R_20240804_3176,EQ_0277,S_016,2024-08-04
R_20240804_3177,EQ_0299,S_002,2024-08-04
R_20240805_3178,EQ_0004,S_012,2024-08-05
R_20240805_3179,EQ_0030,S_011,2024-08-05
R_20240805_3180,EQ_0053,S_016,2024-08-05
R_20240805_3181,EQ_0097,S_011,2024-08-05
R_20240805_3182,EQ_0164,S_012,2024-08-05
R_20240805_3183,EQ_0182,S_003,2024-08-05
R_20240805_3184,EQ_0187,S_017,2024-08-05
R_20240805_3185,EQ_0190,S_001,2024-08-05
R_20240805_3186,EQ_0192,S_015,2024-08-05
R_20240805_3187,EQ_0253,S_014,2024-08-05
R_20240805_3188,EQ_0282,S_006,2024-08-05
R_20240805_3189,EQ_0297,S_000,2024-08-05
R_20240806_3190,EQ_0010,S_005,2024-08-06
R_20240806_3191,EQ_0082,S_008,2024-08-06
R_20240806_3192,EQ_0100,S_008,2024-08-06
R_20240806_3193,EQ_0136,S_014,2024-08-06
R_20240806_3194,EQ_0142,S_009,2024-08-06
R_20240806_3195,EQ_0153,S_009,2024-08-06
R_20240806_3196,EQ_0159,S_016,2024-08-06
R_20240806_3197,EQ_0166,S_017,2024-08-06
R_20240806_3198,EQ_0217,S_013,2024-08-06
R_20240806_3199,EQ_0218,S_001,2024-08-06
R_20240806_3200,EQ_0252,S_004,2024-08-06
R_20240807_3201,EQ_0002,S_018,2024-08-07
R_20240807_3202,EQ_0056,S_000,2024-08-07
R_20240807_3203,EQ_0092,S_011,2024-08-07
R_20240807_3204,EQ_0133,S_006,2024-08-07
R_20240807_3205,EQ_0135,S_000,2024-08-07
R_20240807_3206,EQ_0167,S_014,2024-08-07
R_20240807_3207,EQ_0177,S_019,2024-08-07
R_20240807_3208,EQ_0181,S_003,2024-08-07
R_20240807_3209,EQ_0190,S_012,2024-08-07
R_20240807_3210,EQ_0267,S_017,2024-08-07
R_20240808_3211,EQ_0052,S_019,2024-08-08
R_20240808_3212,EQ_0096,S_000,2024-08-08
R_20240808_3213,EQ_0117,S_019,2024-08-08
R_20240808_3214,EQ_0129,S_016,2024-08-08
R_20240808_3215,EQ_0199,S_015,2024-08-08
R_20240808_3216,EQ_0217,S_001,2024-08-08
R_20240808_3217,EQ_0261,S_004,2024-08-08
R_20240808_3218,EQ_0272,S_010,2024-08-08
R_20240808_3219,EQ_0273,S_001,2024-08-08
R_20240809_3220,EQ_0040,S_019,2024-08-09
R_20240809_3221,EQ_0075,S_015,2024-08-09
R_20240809_3222,EQ_0101,S_003,2024-08-09
R_20240809_3223,EQ_0145,S_001,2024-08-09
R_20240809_3224,EQ_0149,S_006,2024-08-09
R_20240809_3225,EQ_0151,S_014,2024-08-09
R_20240809_3226,EQ_0173,S_008,2024-08-09
R_20240809_3227,EQ_0191,S_001,2024-08-09
R_20240809_3228,EQ_0196,S_008,2024-08-09
R_20240809_3229,EQ_0225,S_015,2024-08-09
R_20240809_3230,EQ_0230,S_004,2024-08-09
R_20240809_3231,EQ_0243,S_016,2024-08-09
R_20240809_3232,EQ_0244,S_014,2024-08-09
R_20240809_3233,EQ_0258,S_001,2024-08-09
R_20240809_3234,EQ_0269,S_002,2024-08-09
R_20240809_3235,EQ_0286,S_007,2024-08-09
R_20240810_3236,EQ_0037,S_019,2024-08-10
R_20240810_3237,EQ_0040,S_003,2024-08-10
R_20240810_3238,EQ_0042,S_019,2024-08-10
R_20240810_3239,EQ_0062,S_012,2024-08-10
R_20240810_3240,EQ_0093,S_012,2024-08-10
R_20240810_3241,EQ_0097,S_005,2024-08-10
R_20240810_3242,EQ_0098,S_010,2024-08-10
R_20240810_3243,EQ_0118,S_018,2024-08-10
R_20240810_3244,EQ_0124,S_000,2024-08-10
R_20240810_3245,EQ_0191,S_018,2024-08-10
R_20240810_3246,EQ_0218,S_001,2024-08-10
R_20240810_3247,EQ_0245,S_012,2024-08-10
R_20240810_3248,EQ_0256,S_006,2024-08-10
R_20240810_3249,EQ_0291,S_015,2024-08-10
R_20240811_3250,EQ_0021,S_006,2024-08-11
R_20240811_3251,EQ_0053,S_017,2024-08-11
R_20240811_3252,EQ_0082,S_010,2024-08-11
R_20240811_3253,EQ_0088,S_005,2024-08-11
R_20240811_3254,EQ_0123,S_006,2024-08-11
R_20240811_3255,EQ_0129,S_017,2024-08-11
R_20240811_3256,EQ_0138,S_019,2024-08-11
R_20240811_3257,EQ_0172,S_008,2024-08-11
R_20240811_3258,EQ_0208,S_015,2024-08-11
R_20240811_3259,EQ_0212,S_000,2024-08-11
R_20240811_3260,EQ_0278,S_006,2024-08-11
R_20240812_3261,EQ_0000,S_018,2024-08-12
R_20240812_3262,EQ_0004,S_015,2024-08-12
R_20240812_3263,EQ_0023,S_016,2024-08-12
R_20240812_3264,EQ_0057,S_000,2024-08-12
R_20240812_3265,EQ_0085,S_003,2024-08-12
R_20240812_3266,EQ_0104,S_008,2024-08-12
R_20240812_3267,EQ_0117,S_006,2024-08-12
R_20240812_3268,EQ_0198,S_009,2024-08-12
R_20240812_3269,EQ_0211,S_001,2024-08-12
R_20240812_3270,EQ_0225,S_000,2024-08-12
R_20240812_3271,EQ_0231,S_018,2024-08-12
R_20240812_3272,EQ_0244,S_015,2024-08-12
R_20240812_3273,EQ_0254,S_010,2024-08-12
R_20240812_3274,EQ_0272,S_005,2024-08-12
R_20240813_3275,EQ_0011,S_008,2024-08-13
R_20240813_3276,EQ_0016,S_016,2024-08-13
R_20240813_3277,EQ_0026,S_015,2024-08-13
R_20240813_3278,EQ_0033,S_009,2024-08-13
R_20240813_3279,EQ_0048,S_008,2024-08-13
R_20240813_3280,EQ_0056,S_003,2024-08-13
R_20240813_3281,EQ_0079,S_015,2024-08-13
R_20240813_3282,EQ_0091,S_008,2024-08-13
R_20240813_3283,EQ_0105,S_017,2024-08-13
R_20240813_3284,EQ_0120,S_006,2024-08-13
R_20240813_3285,EQ_0126,S_018,2024-08-13
R_20240813_3286,EQ_0152,S_016,2024-08-13
R_20240813_3287,EQ_0169,S_005,2024-08-13
R_20240813_3288,EQ_0191,S_011,2024-08-13
R_20240813_3289,EQ_0192,S_003,2024-08-13
R_20240813_3290,EQ_0194,S_008,2024-08-13
R_20240813_3291,EQ_0204,S_004,2024-08-13
R_20240813_3292,EQ_0215,S_012,2024-08-13
R_20240813_3293,EQ_0220,S_011,2024-08-13
R_20240813_3294,EQ_0230,S_017,2024-08-13
R_20240813_3295,EQ_0265,S_017,2024-08-13
R_20240813_3296,EQ_0269,S_003,2024-08-13
R_20240814_3297,EQ_0014,S_019,2024-08-14
R_20240814_3298,EQ_0017,S_006,2024-08-14
R_20240814_3299,EQ_0064,S_015,2024-08-14
R_20240814_3300,EQ_0086,S_001,2024-08-14
R_20240814_3301,EQ_0091,S_006,2024-08-14
R_20240814_3302,EQ_0105,S_004,2024-08-14
R_20240814_3303,EQ_0136,S_002,2024-08-14
R_20240814_3304,EQ_0200,S_001,2024-08-14
R_20240814_3305,EQ_0208,S_009,2024-08-14
R_20240814_3306,EQ_0223,S_002,2024-08-14
R_20240814_3307,EQ_0243,S_018,2024-08-14
R_20240814_3308,EQ_0244,S_003,2024-08-14
R_20240814_3309,EQ_0250,S_003,2024-08-14
R_20240814_3310,EQ_0251,S_017,2024-08-14
R_20240814_3311,EQ_0297,S_003,2024-08-14
R_20240815_3312,EQ_0000,S_008,2024-08-15
R_20240815_3313,EQ_0014,S_000,2024-08-15
R_20240815_3314,EQ_0023,S_009,2024-08-15
R_20240815_3315,EQ_0067,S_014,2024-08-15
R_20240815_3316,EQ_0078,S_016,2024-08-15
R_20240815_3317,EQ_0100,S_007,2024-08-15
R_20240815_3318,EQ_0129,S_014,2024-08-15
R_20240815_3319,EQ_0145,S_019,2024-08-15
R_20240815_3320,EQ_0153,S_015,2024-08-15
R_20240815_3321,EQ_0156,S_008,2024-08-15
R_20240815_3322,EQ_0164,S_006,2024-08-15
R_20240815_3323,EQ_0168,S_019,2024-08-15
R_20240815_3324,EQ_0169,S_014,2024-08-15
R_20240815_3325,EQ_0172,S_009,2024-08-15
R_20240815_3326,EQ_0252,S_004,2024-08-15
R_20240815_3327,EQ_0287,S_007,2024-08-15
R_20240816_3328,EQ_0026,S_003,2024-08-16
R_20240816_3329,EQ_0041,S_006,2024-08-16
R_20240816_3330,EQ_0042,S_004,2024-08-16
R_20240816_3331,EQ_0078,S_017,2024-08-16
R_20240816_3332,EQ_0091,S_004,2024-08-16
R_20240816_3333,EQ_0106,S_007,2024-08-16
R_20240816_3334,EQ_0119,S_014,2024-08-16
R_20240816_3335,EQ_0129,S_007,2024-08-16
R_20240816_3336,EQ_0204,S_004,2024-08-16
R_20240816_3337,EQ_0207,S_019,2024-08-16
R_20240816_3338,EQ_0221,S_006,2024-08-16
R_20240816_3339,EQ_0222,S_006,2024-08-16
R_20240816_3340,EQ_0244,S_007,2024-08-16
R_20240816_3341,EQ_0253,S_014,2024-08-16
R_20240816_3342,EQ_0275,S_011,2024-08-16
R_20240816_3343,EQ_0280,S_014,2024-08-16
R_20240816_3344,EQ_0294,S_011,2024-08-16
R_20240817_3345,EQ_0008,S_014,2024-08-17
R_20240817_3346,EQ_0009,S_009,2024-08-17
R_20240817_3347,EQ_0023,S_004,2024-08-17
R_20240817_3348,EQ_0025,S_017,2024-08-17
R_20240817_3349,EQ_0076,S_004,2024-08-17
R_20240817_3350,EQ_0080,S_002,2024-08-17
R_20240817_3351,EQ_0083,S_007,2024-08-17
R_20240817_3352,EQ_0091,S_017,2024-08-17
R_20240817_3353,EQ_0098,S_017,2024-08-17
R_20240817_3354,EQ_0108,S_016,2024-08-17
R_20240817_3355,EQ_0114,S_015,2024-08-17
R_20240817_3356,EQ_0133,S_000,2024-08-17
R_20240817_3357,EQ_0143,S_004,2024-08-17
R_20240817_3358,EQ_0144,S_002,2024-08-17
R_20240817_3359,EQ_0157,S_011,2024-08-17
R_20240817_3360,EQ_0169,S_013,2024-08-17
R_20240817_3361,EQ_0181,S_000,2024-08-17
R_20240817_3362,EQ_0216,S_001,2024-08-17
R_20240817_3363,EQ_0217,S_014,2024-08-17
R_20240817_3364,EQ_0223,S_019,2024-08-17
R_20240817_3365,EQ_0242,S_011,2024-08-17
R_20240817_3366,EQ_0281,S_005,2024-08-17
R_20240817_3367,EQ_0283,S_010,2024-08-17
R_20240817_3368,EQ_0292,S_014,2024-08-17
R_20240818_3369,EQ_0040,S_005,2024-08-18
R_20240818_3370,EQ_0044,S_012,2024-08-18
R_20240818_3371,EQ_0061,S_006,2024-08-18
R_20240818_3372,EQ_0099,S_009,2024-08-18
R_20240818_3373,EQ_0100,S_005,2024-08-18
R_20240818_3374,EQ_0117,S_009,2024-08-18
R_20240818_3375,EQ_0138,S_007,2024-08-18
R_20240818_3376,EQ_0150,S_016,2024-08-18
R_20240818_3377,EQ_0170,S_005,2024-08-18
R_20240818_3378,EQ_0187,S_017,2024-08-18
R_20240818_3379,EQ_0214,S_011,2024-08-18
R_20240818_3380,EQ_0219,S_003,2024-08-18
R_20240818_3381,EQ_0224,S_010,2024-08-18
R_20240818_3382,EQ_0256,S_019,2024-08-18
R_20240818_3383,EQ_0274,S_012,2024-08-18
R_20240818_3384,EQ_0287,S_016,2024-08-18
R_20240819_3385,EQ_0001,S_016,2024-08-19
R_20240819_3386,EQ_0052,S_013,2024-08-19
R_20240819_3387,EQ_0097,S_017,2024-08-19
R_20240819_3388,EQ_0106,S_001,2024-08-19
R_20240819_3389,EQ_0109,S_015,2024-08-19
R_20240819_3390,EQ_0146,S_007,2024-08-19
R_20240819_3391,EQ_0158,S_001,2024-08-19
R_20240819_3392,EQ_0194,S_004,2024-08-19
R_20240819_3393,EQ_0198,S_003,2024-08-19
R_20240819_3394,EQ_0223,S_013,2024-08-19
R_20240819_3395,EQ_0252,S_019,2024-08-19
R_20240819_3396,EQ_0259,S_013,2024-08-19
R_20240819_3397,EQ_0269,S_013,2024-08-19
R_20240819_3398,EQ_0272,S_000,2024-08-19
R_20240819_3399,EQ_0275,S_004,2024-08-19
R_20240820_3400,EQ_0022,S_000,2024-08-20
R_20240820_3401,EQ_0035,S_000,2024-08-20
R_20240820_3402,EQ_0046,S_014,2024-08-20
R_20240820_3403,EQ_0057,S_000,2024-08-20
R_20240820_3404,EQ_0069,S_016,2024-08-20
R_20240820_3405,EQ_0091,S_012,2024-08-20
R_20240820_3406,EQ_0110,S_001,2024-08-20
R_20240820_3407,EQ_0120,S_009,2024-08-20
R_20240820_3408,EQ_0124,S_004,2024-08-20
R_20240820_3409,EQ_0127,S_003,2024-08-20
R_20240820_3410,EQ_0136,S_011,2024-08-20
R_20240820_3411,EQ_0141,S_005,2024-08-20
R_20240820_3412,EQ_0149,S_013,2024-08-20
R_20240820_3413,EQ_0188,S_018,2024-08-20
R_20240820_3414,EQ_0195,S_009,2024-08-20
R_20240820_3415,EQ_0199,S_002,2024-08-20
R_20240820_3416,EQ_0242,S_003,2024-08-20
R_20240820_3417,EQ_0243,S_007,2024-08-20
R_20240820_3418,EQ_0279,S_018,2024-08-20
R_20240820_3419,EQ_0287,S_009,2024-08-20
R_20240821_3420,EQ_0021,S_009,2024-08-21
R_20240821_3421,EQ_0054,S_017,2024-08-21
R_20240821_3422,EQ_0061,S_015,2024-08-21
R_20240821_3423,EQ_0066,S_009,2024-08-21
R_20240821_3424,EQ_0069,S_006,2024-08-21
R_20240821_3425,EQ_0079,S_016,2024-08-21
R_20240821_3426,EQ_0095,S_015,2024-08-21
R_20240821_3427,EQ_0123,S_019,2024-08-21
R_20240821_3428,EQ_0140,S_008,2024-08-21
R_20240821_3429,EQ_0196,S_014,2024-08-21
R_20240821_3430,EQ_0212,S_017,2024-08-21
R_20240821_3431,EQ_0238,S_009,2024-08-21
R_20240821_3432,EQ_0257,S_013,2024-08-21
R_20240821_3433,EQ_0261,S_019,2024-08-21
R_20240821_3434,EQ_0275,S_003,2024-08-21
R_20240821_3435,EQ_0276,S_010,2024-08-21
R_20240821_3436,EQ_0283,S_008,2024-08-21
R_20240822_3437,EQ_0043,S_016,2024-08-22
R_20240822_3438,EQ_0047,S_003,2024-08-22
R_20240822_3439,EQ_0073,S_004,2024-08-22
R_20240822_3440,EQ_0094,S_002,2024-08-22
R_20240822_3441,EQ_0102,S_015,2024-08-22
R_20240822_3442,EQ_0112,S_006,2024-08-22
R_20240822_3443,EQ_0119,S_009,2024-08-22
R_20240822_3444,EQ_0122,S_009,2024-08-22
R_20240822_3445,EQ_0135,S_003,2024-08-22
R_20240822_3446,EQ_0154,S_014,2024-08-22
R_20240822_3447,EQ_0162,S_014,2024-08-22
R_20240822_3448,EQ_0206,S_016,2024-08-22
R_20240822_3449,EQ_0221,S_017,2024-08-22
R_20240822_3450,EQ_0225,S_013,2024-08-22
R_20240822_3451,EQ_0229,S_005,2024-08-22
R_20240822_3452,EQ_0291,S_013,2024-08-22
R_20240822_3453,EQ_0298,S_018,2024-08-22
R_20240823_3454,EQ_0004,S_013,2024-08-23
R_20240823_3455,EQ_0011,S_007,2024-08-23
R_20240823_3456,EQ_0041,S_011,2024-08-23
R_20240823_3457,EQ_0045,S_000,2024-08-23
R_20240823_3458,EQ_0057,S_008,2024-08-23
R_20240823_3459,EQ_0069,S_010,2024-08-23
R_20240823_3460,EQ_0071,S_007,2024-08-23
R_20240823_3461,EQ_0090,S_017,2024-08-23
R_20240823_3462,EQ_0102,S_011,2024-08-23
R_20240823_3463,EQ_0127,S_008,2024-08-23
R_20240823_3464,EQ_0146,S_014,2024-08-23
R_20240823_3465,EQ_0199,S_000,2024-08-23
R_20240824_3466,EQ_0004,S_006,2024-08-24
R_20240824_3467,EQ_0016,S_001,2024-08-24
R_20240824_3468,EQ_0027,S_012,2024-08-24
R_20240824_3469,EQ_0052,S_016,2024-08-24
R_20240824_3470,EQ_0083,S_013,2024-08-24
R_20240824_3471,EQ_0087,S_017,2024-08-24
R_20240824_3472,EQ_0127,S_001,2024-08-24
R_20240824_3473,EQ_0144,S_015,2024-08-24
R_20240824_3474,EQ_0158,S_013,2024-08-24
R_20240824_3475,EQ_0169,S_008,2024-08-24
R_20240824_3476,EQ_0171,S_003,2024-08-24
R_20240824_3477,EQ_0218,S_004,2024-08-24
R_20240824_3478,EQ_0230,S_009,2024-08-24
R_20240824_3479,EQ_0261,S_001,2024-08-24
R_20240824_3480,EQ_0267,S_005,2024-08-24
R_20240824_3481,EQ_0275,S_006,2024-08-24
R_20240825_3482,EQ_0126,S_019,2024-08-25
R_20240825_3483,EQ_0131,S_011,2024-08-25
R_20240825_3484,EQ_0150,S_011,2024-08-25
R_20240825_3485,EQ_0191,S_012,2024-08-25
R_20240825_3486,EQ_0239,S_011,2024-08-25
R_20240825_3487,EQ_0260,S_009,2024-08-25
R_20240825_3488,EQ_0277,S_002,2024-08-25
R_20240825_3489,EQ_0282,S_009,2024-08-25
R_20240825_3490,EQ_0293,S_011,2024-08-25
R_20240826_3491,EQ_0036,S_018,2024-08-26
R_20240826_3492,EQ_0044,S_015,2024-08-26
R_20240826_3493,EQ_0102,S_014,2024-08-26
R_20240826_3494,EQ_0111,S_007,2024-08-26
R_20240826_3495,EQ_0122,S_006,2024-08-26
R_20240826_3496,EQ_0124,S_009,2024-08-26
R_20240826_3497,EQ_0139,S_014,2024-08-26
R_20240826_3498,EQ_0169,S_014,2024-08-26
R_20240826_3499,EQ_0216,S_014,2024-08-26
R_20240826_3500,EQ_0222,S_009,2024-08-26
R_20240826_3501,EQ_0242,S_002,2024-08-26
R_20240827_3502,EQ_0016,S_004,2024-08-27
R_20240827_3503,EQ_0051,S_006,2024-08-27
R_20240827_3504,EQ_0058,S_005,2024-08-27
R_20240827_3505,EQ_0072,S_001,2024-08-27
R_20240827_3506,EQ_0092,S_016,2024-08-27
R_20240827_3507,EQ_0136,S_002,2024-08-27
R_20240827_3508,EQ_0155,S_019,2024-08-27
R_20240827_3509,EQ_0161,S_002,2024-08-27
R_20240827_3510,EQ_0217,S_010,2024-08-27
R_20240827_3511,EQ_0228,S_008,2024-08-27
R_20240827_3512,EQ_0272,S_000,2024-08-27
R_20240827_3513,EQ_0283,S_012,2024-08-27
R_20240827_3514,EQ_0294,S_006,2024-08-27
R_20240828_3515,EQ_0040,S_014,2024-08-28
R_20240828_3516,EQ_0044,S_013,2024-08-28
R_20240828_3517,EQ_0068,S_015,2024-08-28
R_20240828_3518,EQ_0086,S_007,2024-08-28
R_20240828_3519,EQ_0093,S_009,2024-08-28
R_20240828_3520,EQ_0134,S_016,2024-08-28
R_20240828_3521,EQ_0146,S_018,2024-08-28
R_20240828_3522,EQ_0191,S_014,2024-08-28
R_20240828_3523,EQ_0203,S_009,2024-08-28
R_20240828_3524,EQ_0221,S_014,2024-08-28
R_20240828_3525,EQ_0223,S_001,2024-08-28
R_20240828_3526,EQ_0263,S_013,2024-08-28
R_20240828_3527,EQ_0267,S_019,2024-08-28
R_20240828_3528,EQ_0289,S_014,2024-08-28
R_20240829_3529,EQ_0000,S_008,2024-08-29
R_20240829_3530,EQ_0002,S_012,2024-08-29
R_20240829_3531,EQ_0008,S_016,2024-08-29
R_20240829_3532,EQ_0013,S_017,2024-08-29
R_20240829_3533,EQ_0014,S_008,2024-08-29
R_20240829_3534,EQ_0039,S_000,2024-08-29
R_20240829_3535,EQ_0052,S_000,2024-08-29
R_20240829_3536,EQ_0056,S_012,2024-08-29
R_20240829_3537,EQ_0079,S_007,2024-08-29
R_20240829_3538,EQ_0094,S_007,2024-08-29
R_20240829_3539,EQ_0098,S_009,2024-08-29
R_20240829_3540,EQ_0111,S_016,2024-08-29
R_20240829_3541,EQ_0151,S_000,2024-08-29
R_20240829_3542,EQ_0161,S_004,2024-08-29
R_20240829_3543,EQ_0180,S_015,2024-08-29
R_20240829_3544,EQ_0194,S_013,2024-08-29
R_20240829_3545,EQ_0241,S_007,2024-08-29
R_20240829_3546,EQ_0248,S_004,2024-08-29
R_20240829_3547,EQ_0254,S_007,2024-08-29
R_20240829_3548,EQ_0255,S_018,2024-08-29
R_20240829_3549,EQ_0274,S_015,2024-08-29
R_20240829_3550,EQ_0278,S_005,2024-08-29
R_20240830_3551,EQ_0029,S_010,2024-08-30
R_20240830_3552,EQ_0056,S_006,2024-08-30
R_20240830_3553,EQ_0083,S_009,2024-08-30
R_20240830_3554,EQ_0092,S_008,2024-08-30
R_20240830_3555,EQ_0095,S_003,2024-08-30
R_20240830_3556,EQ_0122,S_019,2024-08-30
R_20240830_3557,EQ_0140,S_001,2024-08-30
R_20240830_3558,EQ_0183,S_005,2024-08-30
R_20240830_3559,EQ_0198,S_005,2024-08-30
R_20240830_3560,EQ_0221,S_007,2024-08-30
R_20240830_3561,EQ_0229,S_011,2024-08-30
R_20240830_3562,EQ_0287,S_008,2024-08-30
R_20240831_3563,EQ_0041,S_018,2024-08-31
R_20240831_3564,EQ_0065,S_005,2024-08-31
R_20240831_3565,EQ_0076,S_009,2024-08-31
R_20240831_3566,EQ_0090,S_006,2024-08-31
R_20240831_3567,EQ_0099,S_016,2024-08-31
R_20240831_3568,EQ_0186,S_003,2024-08-31
R_20240831_3569,EQ_0235,S_008,2024-08-31
R_20240831_3570,EQ_0239,S_014,2024-08-31
R_20240831_3571,EQ_0242,S_005,2024-08-31
R_20240831_3572,EQ_0261,S_012,2024-08-31
R_20240831_3573,EQ_0265,S_004,2024-08-31
R_20240831_3574,EQ_0267,S_012,2024-08-31
R_20240831_3575,EQ_0271,S_010,2024-08-31
R_20240831_3576,EQ_0277,S_004,2024-08-31
R_20240831_3577,EQ_0295,S_004,2024-08-31
R_20240901_3578,EQ_0017,S_012,2024-09-01
R_20240901_3579,EQ_0030,S_002,2024-09-01
R_20240901_3580,EQ_0045,S_000,2024-09-01
R_20240901_3581,EQ_0079,S_003,2024-09-01
R_20240901_3582,EQ_0161,S_001,2024-09-01
R_20240901_3583,EQ_0203,S_014,2024-09-01
R_20240901_3584,EQ_0206,S_013,2024-09-01
R_20240901_3585,EQ_0214,S_001,2024-09-01
R_20240901_3586,EQ_0219,S_015,2024-09-01
R_20240901_3587,EQ_0221,S_018,2024-09-01
R_20240901_3588,EQ_0226,S_018,2024-09-01
R_20240901_3589,EQ_0263,S_008,2024-09-01
R_20240901_3590,EQ_0270,S_001,2024-09-01
R_20240901_3591,EQ_0274,S_001,2024-09-01
R_20240901_3592,EQ_0276,S_008,2024-09-01
R_20240901_3593,EQ_0285,S_005,2024-09-01
R_20240901_3594,EQ_0298,S_017,2024-09-01
R_20240902_3595,EQ_0007,S_009,2024-09-02
R_20240902_3596,EQ_0012,S_012,2024-09-02
R_20240902_3597,EQ_0038,S_010,2024-09-02
R_20240902_3598,EQ_0039,S_006,2024-09-02
R_20240902_3599,EQ_0043,S_002,2024-09-02
R_20240902_3600,EQ_0057,S_013,2024-09-02
R_20240902_3601,EQ_0075,S_003,2024-09-02
R_20240902_3602,EQ_0076,S_015,2024-09-02
R_20240902_3603,EQ_0083,S_001,2024-09-02
R_20240902_3604,EQ_0101,S_016,2024-09-02
R_20240902_3605,EQ_0107,S_010,2024-09-02
R_20240902_3606,EQ_0114,S_008,2024-09-02
R_20240902_3607,EQ_0129,S_015,2024-09-02
R_20240902_3608,EQ_0145,S_007,2024-09-02
R_20240902_3609,EQ_0147,S_015,2024-09-02
R_20240902_3610,EQ_0150,S_016,2024-09-02
R_20240902_3611,EQ_0158,S_009,2024-09-02
R_20240902_3612,EQ_0159,S_017,2024-09-02
R_20240902_3613,EQ_0160,S_006,2024-09-02
R_20240902_3614,EQ_0162,S_015,2024-09-02
R_20240902_3615,EQ_0187,S_012,2024-09-02
R_20240902_3616,EQ_0197,S_010,2024-09-02
R_20240902_3617,EQ_0222,S_008,2024-09-02
R_20240902_3618,EQ_0244,S_016,2024-09-02
R_20240902_3619,EQ_0250,S_015,2024-09-02
R_20240902_3620,EQ_0295,S_003,2024-09-02
R_20240903_3621,EQ_0000,S_013,2024-09-03
R_20240903_3622,EQ_0033,S_002,2024-09-03
R_20240903_3623,EQ_0040,S_007,2024-09-03
R_20240903_3624,EQ_0041,S_007,2024-09-03
R_20240903_3625,EQ_0062,S_014,2024-09-03
R_20240903_3626,EQ_0123,S_013,2024-09-03
R_20240903_3627,EQ_0134,S_006,2024-09-03
R_20240903_3628,EQ_0142,S_007,2024-09-03
R_20240903_3629,EQ_0143,S_018,2024-09-03
R_20240903_3630,EQ_0152,S_008,2024-09-03
R_20240903_3631,EQ_0169,S_001,2024-09-03
R_20240903_3632,EQ_0174,S_010,2024-09-03
R_20240903_3633,EQ_0184,S_017,2024-09-03
R_20240903_3634,EQ_0225,S_007,2024-09-03
R_20240903_3635,EQ_0226,S_001,2024-09-03
R_20240903_3636,EQ_0243,S_014,2024-09-03
R_20240903_3637,EQ_0256,S_015,2024-09-03
R_20240903_3638,EQ_0270,S_014,2024-09-03
R_20240903_3639,EQ_0283,S_014,2024-09-03
R_20240903_3640,EQ_0285,S_002,2024-09-03
R_20240904_3641,EQ_0015,S_012,2024-09-04
R_20240904_3642,EQ_0036,S_008,2024-09-04
R_20240904_3643,EQ_0053,S_013,2024-09-04
R_20240904_3644,EQ_0055,S_007,2024-09-04
R_20240904_3645,EQ_0065,S_004,2024-09-04
R_20240904_3646,EQ_0071,S_015,2024-09-04
R_20240904_3647,EQ_0074,S_012,2024-09-04
R_20240904_3648,EQ_0089,S_011,2024-09-04
R_20240904_3649,EQ_0091,S_011,2024-09-04
R_20240904_3650,EQ_0103,S_005,2024-09-04
R_20240904_3651,EQ_0114,S_016,2024-09-04
R_20240904_3652,EQ_0138,S_009,2024-09-04
R_20240904_3653,EQ_0175,S_008,2024-09-04
R_20240904_3654,EQ_0226,S_000,2024-09-04
R_20240904_3655,EQ_0227,S_000,2024-09-04
R_20240904_3656,EQ_0249,S_018,2024-09-04
R_20240904_3657,EQ_0259,S_017,2024-09-04
R_20240904_3658,EQ_0284,S_019,2024-09-04
R_20240905_3659,EQ_0066,S_019,2024-09-05
R_20240905_3660,EQ_0093,S_014,2024-09-05
R_20240905_3661,EQ_0102,S_010,2024-09-05
R_20240905_3662,EQ_0113,S_011,2024-09-05
R_20240905_3663,EQ_0137,S_002,2024-09-05
R_20240905_3664,EQ_0161,S_000,2024-09-05
R_20240905_3665,EQ_0210,S_008,2024-09-05
R_20240905_3666,EQ_0220,S_006,2024-09-05
R_20240905_3667,EQ_0224,S_015,2024-09-05
R_20240905_3668,EQ_0296,S_005,2024-09-05
R_20240906_3669,EQ_0005,S_006,2024-09-06
R_20240906_3670,EQ_0007,S_016,2024-09-06
R_20240906_3671,EQ_0014,S_005,2024-09-06
R_20240906_3672,EQ_0021,S_018,2024-09-06
R_20240906_3673,EQ_0057,S_011,2024-09-06
R_20240906_3674,EQ_0092,S_018,2024-09-06
R_20240906_3675,EQ_0105,S_002,2024-09-06
R_20240906_3676,EQ_0140,S_004,2024-09-06
R_20240906_3677,EQ_0156,S_009,2024-09-06
R_20240906_3678,EQ_0170,S_014,2024-09-06
R_20240906_3679,EQ_0191,S_001,2024-09-06
R_20240906_3680,EQ_0193,S_000,2024-09-06
R_20240906_3681,EQ_0200,S_000,2024-09-06
R_20240906_3682,EQ_0203,S_006,2024-09-06
R_20240906_3683,EQ_0216,S_007,2024-09-06
R_20240907_3684,EQ_0025,S_013,2024-09-07
R_20240907_3685,EQ_0048,S_002,2024-09-07
R_20240907_3686,EQ_0052,S_009,2024-09-07
R_20240907_3687,EQ_0067,S_011,2024-09-07
R_20240907_3688,EQ_0075,S_011,2024-09-07
R_20240907_3689,EQ_0093,S_002,2024-09-07
R_20240907_3690,EQ_0154,S_019,2024-09-07
R_20240907_3691,EQ_0165,S_018,2024-09-07
R_20240907_3692,EQ_0166,S_008,2024-09-07
R_20240907_3693,EQ_0206,S_019,2024-09-07
R_20240907_3694,EQ_0256,S_003,2024-09-07
R_20240907_3695,EQ_0281,S_003,2024-09-07
R_20240907_3696,EQ_0288,S_008,2024-09-07
R_20240908_3697,EQ_0023,S_016,2024-09-08
R_20240908_3698,EQ_0031,S_016,2024-09-08
R_20240908_3699,EQ_0062,S_015,2024-09-08
R_20240908_3700,EQ_0068,S_002,2024-09-08
R_20240908_3701,EQ_0073,S_000,2024-09-08
R_20240908_3702,EQ_0090,S_011,2024-09-08
R_20240908_3703,EQ_0093,S_001,2024-09-08
R_20240908_3704,EQ_0099,S_012,2024-09-08
R_20240908_3705,EQ_0133,S_003,2024-09-08
R_20240908_3706,EQ_0173,S_019,2024-09-08
R_20240908_3707,EQ_0179,S_007,2024-09-08
R_20240908_3708,EQ_0195,S_006,2024-09-08
R_20240908_3709,EQ_0253,S_002,2024-09-08
R_20240908_3710,EQ_0271,S_014,2024-09-08
R_20240908_3711,EQ_0290,S_006,2024-09-08
R_20240908_3712,EQ_0295,S_001,2024-09-08
R_20240909_3713,EQ_0074,S_010,2024-09-09
R_20240909_3714,EQ_0079,S_007,2024-09-09
R_20240909_3715,EQ_0146,S_010,2024-09-09
R_20240909_3716,EQ_0185,S_006,2024-09-09
R_20240909_3717,EQ_0205,S_009,2024-09-09
R_20240909_3718,EQ_0234,S_007,2024-09-09
R_20240909_3719,EQ_0238,S_011,2024-09-09
R_20240909_3720,EQ_0256,S_019,2024-09-09
R_20240909_3721,EQ_0279,S_012,2024-09-09
R_20240910_3722,EQ_0010,S_009,2024-09-10
R_20240910_3723,EQ_0026,S_018,2024-09-10
R_20240910_3724,EQ_0113,S_007,2024-09-10
R_20240910_3725,EQ_0181,S_003,2024-09-10
R_20240910_3726,EQ_0183,S_001,2024-09-10
R_20240910_3727,EQ_0192,S_012,2024-09-10
R_20240910_3728,EQ_0202,S_008,2024-09-10
R_20240910_3729,EQ_0255,S_006,2024-09-10
R_20240910_3730,EQ_0271,S_000,2024-09-10
R_20240910_3731,EQ_0284,S_014,2024-09-10
R_20240911_3732,EQ_0004,S_010,2024-09-11
R_20240911_3733,EQ_0036,S_001,2024-09-11
R_20240911_3734,EQ_0055,S_017,2024-09-11
R_20240911_3735,EQ_0067,S_001,2024-09-11
R_20240911_3736,EQ_0082,S_014,2024-09-11
R_20240911_3737,EQ_0097,S_007,2024-09-11
R_20240911_3738,EQ_0102,S_000,2024-09-11
R_20240911_3739,EQ_0116,S_010,2024-09-11
R_20240911_3740,EQ_0136,S_002,2024-09-11
R_20240911_3741,EQ_0170,S_004,2024-09-11
R_20240911_3742,EQ_0184,S_016,2024-09-11
R_20240911_3743,EQ_0220,S_015,2024-09-11
R_20240911_3744,EQ_0227,S_002,2024-09-11
R_20240911_3745,EQ_0250,S_003,2024-09-11
R_20240911_3746,EQ_0266,S_011,2024-09-11
R_20240911_3747,EQ_0275,S_019,2024-09-11
R_20240911_3748,EQ_0286,S_007,2024-09-11
R_20240912_3749,EQ_0020,S_006,2024-09-12
R_20240912_3750,EQ_0040,S_010,2024-09-12
R_20240912_3751,EQ_0056,S_007,2024-09-12
R_20240912_3752,EQ_0068,S_010,2024-09-12
R_20240912_3753,EQ_0077,S_011,2024-09-12
R_20240912_3754,EQ_0100,S_017,2024-09-12
R_20240912_3755,EQ_0156,S_013,2024-09-12
R_20240912_3756,EQ_0167,S_001,2024-09-12
R_20240912_3757,EQ_0185,S_019,2024-09-12
R_20240912_3758,EQ_0228,S_006,2024-09-12
R_20240912_3759,EQ_0255,S_019,2024-09-12
R_20240912_3760,EQ_0276,S_002,2024-09-12
R_20240913_3761,EQ_0007,S_000,2024-09-13
R_20240913_3762,EQ_0020,S_013,2024-09-13
R_20240913_3763,EQ_0026,S_007,2024-09-13
R_20240913_3764,EQ_0027,S_009,2024-09-13
R_20240913_3765,EQ_0036,S_014,2024-09-13
R_20240913_3766,EQ_0044,S_007,2024-09-13
R_20240913_3767,EQ_0062,S_018,2024-09-13
R_20240913_3768,EQ_0081,S_011,2024-09-13
R_20240913_3769,EQ_0086,S_007,2024-09-13
R_20240913_3770,EQ_0149,S_005,2024-09-13
R_20240913_3771,EQ_0157,S_003,2024-09-13
R_20240913_3772,EQ_0170,S_004,2024-09-13
R_20240913_3773,EQ_0172,S_001,2024-09-13
R_20240913_3774,EQ_0176,S_008,2024-09-13
R_20240913_3775,EQ_0189,S_007,2024-09-13
R_20240913_3776,EQ_0203,S_010,2024-09-13
R_20240913_3777,EQ_0209,S_016,2024-09-13
R_20240913_3778,EQ_0211,S_010,2024-09-13
R_20240913_3779,EQ_0213,S_001,2024-09-13
R_20240913_3780,EQ_0223,S_003,2024-09-13
R_20240913_3781,EQ_0232,S_019,2024-09-13
R_20240913_3782,EQ_0250,S_011,2024-09-13
R_20240913_3783,EQ_0251,S_011,2024-09-13
R_20240913_3784,EQ_0255,S_017,2024-09-13
R_20240913_3785,EQ_0279,S_007,2024-09-13
R_20240913_3786,EQ_0296,S_017,2024-09-13
R_20240914_3787,EQ_0022,S_006,2024-09-14
R_20240914_3788,EQ_0042,S_001,2024-09-14
R_20240914_3789,EQ_0049,S_003,2024-09-14
R_20240914_3790,EQ_0077,S_011,2024-09-14
R_20240914_3791,EQ_0078,S_018,2024-09-14
R_20240914_3792,EQ_0088,S_006,2024-09-14
R_20240914_3793,EQ_0100,S_017,2024-09-14
R_20240914_3794,EQ_0105,S_007,2024-09-14
R_20240914_3795,EQ_0149,S_004,2024-09-14
R_20240914_3796,EQ_0152,S_014,2024-09-14
R_20240914_3797,EQ_0172,S_009,2024-09-14
R_20240914_3798,EQ_0199,S_010,2024-09-14
R_20240914_3799,EQ_0213,S_002,2024-09-14
R_20240914_3800,EQ_0242,S_005,2024-09-14
R_20240914_3801,EQ_0249,S_001,2024-09-14
R_20240914_3802,EQ_0271,S_000,2024-09-14
R_20240915_3803,EQ_0010,S_004,2024-09-15
R_20240915_3804,EQ_0024,S_011,2024-09-15
R_20240915_3805,EQ_0067,S_004,2024-09-15
R_20240915_3806,EQ_0070,S_018,2024-09-15
R_20240915_3807,EQ_0074,S_003,2024-09-15
R_20240915_3808,EQ_0087,S_016,2024-09-15
R_20240915_3809,EQ_0100,S_018,2024-09-15
R_20240915_3810,EQ_0119,S_009,2024-09-15
R_20240915_3811,EQ_0149,S_016,2024-09-15
R_20240915_3812,EQ_0163,S_019,2024-09-15
R_20240915_3813,EQ_0171,S_006,2024-09-15
R_20240915_3814,EQ_0210,S_017,2024-09-15
R_20240915_3815,EQ_0247,S_001,2024-09-15
R_20240915_3816,EQ_0279,S_009,2024-09-15
R_20240915_3817,EQ_0286,S_002,2024-09-15
R_20240916_3818,EQ_0010,S_007,2024-09-16
R_20240916_3819,EQ_0028,S_003,2024-09-16
R_20240916_3820,EQ_0035,S_012,2024-09-16
R_20240916_3821,EQ_0046,S_008,2024-09-16
R_20240916_3822,EQ_0073,S_011,2024-09-16
R_20240916_3823,EQ_0076,S_001,2024-09-16
R_20240916_3824,EQ_0079,S_016,2024-09-16
R_20240916_3825,EQ_0081,S_019,2024-09-16
R_20240916_3826,EQ_0098,S_013,2024-09-16
R_20240916_3827,EQ_0099,S_013,2024-09-16
R_20240916_3828,EQ_0117,S_006,2024-09-16
R_20240916_3829,EQ_0125,S_016,2024-09-16
R_20240916_3830,EQ_0128,S_013,2024-09-16
R_20240916_3831,EQ_0144,S_013,2024-09-16
R_20240916_3832,EQ_0163,S_007,2024-09-16
R_20240916_3833,EQ_0177,S_010,2024-09-16
R_20240916_3834,EQ_0183,S_015,2024-09-16
R_20240916_3835,EQ_0189,S_005,2024-09-16
R_20240916_3836,EQ_0195,S_009,2024-09-16
R_20240916_3837,EQ_0267,S_012,2024-09-16
R_20240916_3838,EQ_0269,S_009,2024-09-16
R_20240916_3839,EQ_0272,S_013,2024-09-16
R_20240916_3840,EQ_0291,S_010,2024-09-16
R_20240917_3841,EQ_0008,S_014,2024-09-17
R_20240917_3842,EQ_0015,S_016,2024-09-17
R_20240917_3843,EQ_0037,S_017,2024-09-17
R_20240917_3844,EQ_0101,S_001,2024-09-17
R_20240917_3845,EQ_0139,S_019,2024-09-17
R_20240917_3846,EQ_0177,S_014,2024-09-17
R_20240917_3847,EQ_0180,S_002,2024-09-17
R_20240917_3848,EQ_0205,S_011,2024-09-17
R_20240917_3849,EQ_0212,S_013,2024-09-17
R_20240917_3850,EQ_0247,S_000,2024-09-17
R_20240918_3851,EQ_0010,S_017,2024-09-18
R_20240918_3852,EQ_0064,S_002,2024-09-18
R_20240918_3853,EQ_0065,S_019,2024-09-18
R_20240918_3854,EQ_0068,S_019,2024-09-18
R_20240918_3855,EQ_0092,S_008,2024-09-18
R_20240918_3856,EQ_0155,S_004,2024-09-18
R_20240918_3857,EQ_0162,S_017,2024-09-18
R_20240918_3858,EQ_0186,S_016,2024-09-18
R_20240918_3859,EQ_0189,S_011,2024-09-18
R_20240918_3860,EQ_0210,S_009,2024-09-18
R_20240918_3861,EQ_0226,S_003,2024-09-18
R_20240918_3862,EQ_0239,S_010,2024-09-18
R_20240919_3863,EQ_0003,S_015,2024-09-19
R_20240919_3864,EQ_0004,S_011,2024-09-19
R_20240919_3865,EQ_0034,S_007,2024-09-19
R_20240919_3866,EQ_0051,S_019,2024-09-19
R_20240919_3867,EQ_0069,S_001,2024-09-19
R_20240919_3868,EQ_0073,S_000,2024-09-19
R_20240919_3869,EQ_0084,S_008,2024-09-19
R_20240919_3870,EQ_0096,S_008,2024-09-19
R_20240919_3871,EQ_0101,S_005,2024-09-19
R_20240919_3872,EQ_0112,S_003,2024-09-19
R_20240919_3873,EQ_0168,S_010,2024-09-19
R_20240919_3874,EQ_0179,S_018,2024-09-19
R_20240919_3875,EQ_0189,S_009,2024-09-19
R_20240919_3876,EQ_0200,S_011,2024-09-19
R_20240919_3877,EQ_0240,S_013,2024-09-19
R_20240919_3878,EQ_0248,S_008,2024-09-19
R_20240919_3879,EQ_0258,S_006,2024-09-19
R_20240919_3880,EQ_0284,S_006,2024-09-19
R_20240920_3881,EQ_0040,S_017,2024-09-20
R_20240920_3882,EQ_0050,S_017,2024-09-20
R_20240920_3883,EQ_0076,S_009,2024-09-20
R_20240920_3884,EQ_0125,S_002,2024-09-20
R_20240920_3885,EQ_0145,S_017,2024-09-20
R_20240920_3886,EQ_0167,S_010,2024-09-20
R_20240920_3887,EQ_0225,S_001,2024-09-20
R_20240920_3888,EQ_0283,S_006,2024-09-20
R_20240921_3889,EQ_0032,S_004,2024-09-21
R_20240921_3890,EQ_0079,S_009,2024-09-21
R_20240921_3891,EQ_0081,S_009,2024-09-21
R_20240921_3892,EQ_0112,S_009,2024-09-21
R_20240921_3893,EQ_0191,S_010,2024-09-21
R_20240921_3894,EQ_0225,S_013,2024-09-21
R_20240921_3895,EQ_0233,S_010,2024-09-21
R_20240921_3896,EQ_0260,S_004,2024-09-21
R_20240922_3897,EQ_0004,S_003,2024-09-22
R_20240922_3898,EQ_0012,S_011,2024-09-22
R_20240922_3899,EQ_0026,S_000,2024-09-22
R_20240922_3900,EQ_0069,S_013,2024-09-22
R_20240922_3901,EQ_0082,S_016,2024-09-22
R_20240922_3902,EQ_0101,S_002,2024-09-22
R_20240922_3903,EQ_0164,S_002,2024-09-22
R_20240922_3904,EQ_0205,S_019,2024-09-22
R_20240922_3905,EQ_0215,S_016,2024-09-22
R_20240922_3906,EQ_0236,S_004,2024-09-22
R_20240922_3907,EQ_0239,S_018,2024-09-22
R_20240922_3908,EQ_0259,S_000,2024-09-22
R_20240922_3909,EQ_0265,S_013,2024-09-22
R_20240923_3910,EQ_0007,S_013,2024-09-23
R_20240923_3911,EQ_0044,S_005,2024-09-23
R_20240923_3912,EQ_0050,S_001,2024-09-23
R_20240923_3913,EQ_0057,S_009,2024-09-23
R_20240923_3914,EQ_0061,S_010,2024-09-23
R_20240923_3915,EQ_0122,S_004,2024-09-23
R_20240923_3916,EQ_0171,S_003,2024-09-23
R_20240923_3917,EQ_0196,S_009,2024-09-23
R_20240923_3918,EQ_0211,S_006,2024-09-23
R_20240923_3919,EQ_0222,S_005,2024-09-23
R_20240923_3920,EQ_0226,S_011,2024-09-23
R_20240923_3921,EQ_0252,S_003,2024-09-23
R_20240924_3922,EQ_0004,S_004,2024-09-24
R_20240924_3923,EQ_0037,S_014,2024-09-24
R_20240924_3924,EQ_0055,S_008,2024-09-24
R_20240924_3925,EQ_0056,S_003,2024-09-24
R_20240924_3926,EQ_0130,S_005,2024-09-24
R_20240924_3927,EQ_0155,S_016,2024-09-24
R_20240924_3928,EQ_0161,S_008,2024-09-24
R_20240924_3929,EQ_0183,S_008,2024-09-24
R_20240924_3930,EQ_0195,S_000,2024-09-24
R_20240924_3931,EQ_0231,S_004,2024-09-24
R_20240924_3932,EQ_0274,S_005,2024-09-24
R_20240924_3933,EQ_0287,S_014,2024-09-24
R_20240925_3934,EQ_0001,S_000,2024-09-25
R_20240925_3935,EQ_0046,S_000,2024-09-25
R_20240925_3936,EQ_0049,S_008,2024-09-25
R_20240925_3937,EQ_0066,S_007,2024-09-25
R_20240925_3938,EQ_0079,S_006,2024-09-25
R_20240925_3939,EQ_0094,S_006,2024-09-25
R_20240925_3940,EQ_0106,S_017,2024-09-25
R_20240925_3941,EQ_0120,S_019,2024-09-25
R_20240925_3942,EQ_0126,S_002,2024-09-25
R_20240925_3943,EQ_0139,S_012,2024-09-25
R_20240925_3944,EQ_0140,S_014,2024-09-25
R_20240925_3945,EQ_0160,S_012,2024-09-25
R_20240925_3946,EQ_0173,S_010,2024-09-25
R_20240925_3947,EQ_0175,S_009,2024-09-25
R_20240925_3948,EQ_0179,S_016,2024-09-25
R_20240925_3949,EQ_0186,S_009,2024-09-25
R_20240925_3950,EQ_0192,S_010,2024-09-25
R_20240925_3951,EQ_0196,S_008,2024-09-25
R_20240925_3952,EQ_0208,S_002,2024-09-25
R_20240925_3953,EQ_0225,S_009,2024-09-25
R_20240925_3954,EQ_0229,S_019,2024-09-25
R_20240925_3955,EQ_0254,S_010,2024-09-25
R_20240925_3956,EQ_0281,S_010,2024-09-25
R_20240925_3957,EQ_0289,S_014,2024-09-25
R_20240925_3958,EQ_0291,S_015,2024-09-25
R_20240926_3959,EQ_0044,S_007,2024-09-26
R_20240926_3960,EQ_0080,S_007,2024-09-26
R_20240926_3961,EQ_0081,S_014,2024-09-26
R_20240926_3962,EQ_0083,S_017,2024-09-26
R_20240926_3963,EQ_0113,S_008,2024-09-26
R_20240926_3964,EQ_0117,S_004,2024-09-26
R_20240926_3965,EQ_0119,S_014,2024-09-26
R_20240926_3966,EQ_0140,S_016,2024-09-26
R_20240926_3967,EQ_0142,S_013,2024-09-26
R_20240926_3968,EQ_0155,S_010,2024-09-26
R_20240926_3969,EQ_0160,S_018,2024-09-26
R_20240926_3970,EQ_0163,S_012,2024-09-26
R_20240926_3971,EQ_0164,S_019,2024-09-26
R_20240926_3972,EQ_0167,S_012,2024-09-26
R_20240926_3973,EQ_0177,S_009,2024-09-26
R_20240926_3974,EQ_0191,S_007,2024-09-26
R_20240926_3975,EQ_0246,S_005,2024-09-26
R_20240926_3976,EQ_0250,S_005,2024-09-26
R_20240926_3977,EQ_0283,S_014,2024-09-26
R_20240927_3978,EQ_0039,S_019,2024-09-27
R_20240927_3979,EQ_0056,S_018,2024-09-27
R_20240927_3980,EQ_0065,S_002,2024-09-27
R_20240927_3981,EQ_0073,S_012,2024-09-27
R_20240927_3982,EQ_0122,S_003,2024-09-27
R_20240927_3983,EQ_0156,S_014,2024-09-27
R_20240927_3984,EQ_0179,S_002,2024-09-27
R_20240927_3985,EQ_0183,S_004,2024-09-27
R_20240927_3986,EQ_0201,S_014,2024-09-27
R_20240927_3987,EQ_0253,S_011,2024-09-27
R_20240927_3988,EQ_0271,S_011,2024-09-27
R_20240927_3989,EQ_0285,S_013,2024-09-27
R_20240928_3990,EQ_0017,S_002,2024-09-28
R_20240928_3991,EQ_0020,S_014,2024-09-28
R_20240928_3992,EQ_0041,S_013,2024-09-28
R_20240928_3993,EQ_0047,S_000,2024-09-28
R_20240928_3994,EQ_0090,S_010,2024-09-28
R_20240928_3995,EQ_0123,S_008,2024-09-28
R_20240928_3996,EQ_0155,S_008,2024-09-28
R_20240928_3997,EQ_0160,S_004,2024-09-28
R_20240928_3998,EQ_0162,S_009,2024-09-28
R_20240928_3999,EQ_0171,S_019,2024-09-28
R_20240928_4000,EQ_0211,S_017,2024-09-28
R_20240928_4001,EQ_0232,S_003,2024-09-28
R_20240928_4002,EQ_0240,S_009,2024-09-28
R_20240928_4003,EQ_0274,S_007,2024-09-28
R_20240928_4004,EQ_0281,S_004,2024-09-28
R_20240928_4005,EQ_0294,S_002,2024-09-28
R_20240929_4006,EQ_0021,S_016,2024-09-29
R_20240929_4007,EQ_0025,S_007,2024-09-29
R_20240929_4008,EQ_0047,S_014,2024-09-29
R_20240929_4009,EQ_0078,S_009,2024-09-29
R_20240929_4010,EQ_0097,S_015,2024-09-29
R_20240929_4011,EQ_0113,S_007,2024-09-29
R_20240929_4012,EQ_0163,S_001,2024-09-29
R_20240929_4013,EQ_0184,S_017,2024-09-29
R_20240929_4014,EQ_0185,S_001,2024-09-29
R_20240929_4015,EQ_0198,S_019,2024-09-29
R_20240929_4016,EQ_0211,S_006,2024-09-29
R_20240929_4017,EQ_0264,S_005,2024-09-29
R_20240929_4018,EQ_0272,S_014,2024-09-29
R_20240929_4019,EQ_0278,S_004,2024-09-29
R_20240929_4020,EQ_0283,S_000,2024-09-29
R_20240929_4021,EQ_0296,S_012,2024-09-29
R_20240929_4022,EQ_0297,S_017,2024-09-29
R_20240930_4023,EQ_0011,S_013,2024-09-30
R_20240930_4024,EQ_0019,S_018,2024-09-30
R_20240930_4025,EQ_0049,S_000,2024-09-30
R_20240930_4026,EQ_0061,S_018,2024-09-30
R_20240930_4027,EQ_0070,S_016,2024-09-30
R_20240930_4028,EQ_0185,S_009,2024-09-30
R_20240930_4029,EQ_0221,S_005,2024-09-30
R_20240930_4030,EQ_0231,S_003,2024-09-30
R_20240930_4031,EQ_0253,S_018,2024-09-30
R_20240930_4032,EQ_0254,S_011,2024-09-30
R_20240930_4033,EQ_0266,S_008,2024-09-30
R_20240930_4034,EQ_0279,S_019,2024-09-30
R_20240930_4035,EQ_0294,S_005,2024-09-30
R_20241001_4036,EQ_0002,S_018,2024-10-01
R_20241001_4037,EQ_0032,S_001,2024-10-01
R_20241001_4038,EQ_0094,S_003,2024-10-01
R_20241001_4039,EQ_0096,S_019,2024-10-01
R_20241001_4040,EQ_0113,S_015,2024-10-01
R_20241001_4041,EQ_0138,S_018,2024-10-01
R_20241001_4042,EQ_0147,S_008,2024-10-01
R_20241001_4043,EQ_0187,S_001,2024-10-01
R_20241001_4044,EQ_0205,S_018,2024-10-01
R_20241001_4045,EQ_0217,S_007,2024-10-01
R_20241001_4046,EQ_0219,S_008,2024-10-01
R_20241001_4047,EQ_0224,S_006,2024-10-01
R_20241001_4048,EQ_0231,S_009,2024-10-01
R_20241001_4049,EQ_0243,S_016,2024-10-01
R_20241001_4050,EQ_0279,S_009,2024-10-01
R_20241002_4051,EQ_0051,S_003,2024-10-02
R_20241002_4052,EQ_0072,S_011,2024-10-02
R_20241002_4053,EQ_0082,S_019,2024-10-02
R_20241002_4054,EQ_0132,S_009,2024-10-02
R_20241002_4055,EQ_0149,S_004,2024-10-02
R_20241002_4056,EQ_0150,S_012,2024-10-02
R_20241002_4057,EQ_0156,S_007,2024-10-02
R_20241002_4058,EQ_0225,S_007,2024-10-02
R_20241002_4059,EQ_0246,S_014,2024-10-02
R_20241002_4060,EQ_0261,S_016,2024-10-02
R_20241002_4061,EQ_0278,S_010,2024-10-02
R_20241002_4062,EQ_0285,S_004,2024-10-02
R_20241003_4063,EQ_0018,S_019,2024-10-03
R_20241003_4064,EQ_0020,S_010,2024-10-03
R_20241003_4065,EQ_0077,S_006,2024-10-03
R_20241003_4066,EQ_0083,S_011,2024-10-03
R_20241003_4067,EQ_0116,S_004,2024-10-03
R_20241003_4068,EQ_0127,S_018,2024-10-03
R_20241003_4069,EQ_0159,S_002,2024-10-03
R_20241003_4070,EQ_0171,S_018,2024-10-03
R_20241003_4071,EQ_0178,S_010,2024-10-03
R_20241003_4072,EQ_0202,S_016,2024-10-03
R_20241003_4073,EQ_0279,S_017,2024-10-03
R_20241003_4074,EQ_0292,S_014,2024-10-03
R_20241003_4075,EQ_0294,S_011,2024-10-03
R_20241004_4076,EQ_0090,S_000,2024-10-04
R_20241004_4077,EQ_0101,S_016,2024-10-04
R_20241004_4078,EQ_0118,S_006,2024-10-04
R_20241004_4079,EQ_0122,S_003,2024-10-04
R_20241004_4080,EQ_0147,S_012,2024-10-04
R_20241004_4081,EQ_0163,S_017,2024-10-04
R_20241004_4082,EQ_0191,S_008,2024-10-04
R_20241004_4083,EQ_0229,S_002,2024-10-04
R_20241004_4084,EQ_0265,S_003,2024-10-04
R_20241004_4085,EQ_0283,S_016,2024-10-04
R_20241004_4086,EQ_0286,S_015,2024-10-04
R_20241004_4087,EQ_0290,S_019,2024-10-04
R_20241004_4088,EQ_0291,S_006,2024-10-04
R_20241005_4089,EQ_0019,S_016,2024-10-05
R_20241005_4090,EQ_0036,S_018,2024-10-05
R_20241005_4091,EQ_0070,S_015,2024-10-05
R_20241005_4092,EQ_0072,S_002,2024-10-05
R_20241005_4093,EQ_0073,S_013,2024-10-05
R_20241005_4094,EQ_0075,S_016,2024-10-05
R_20241005_4095,EQ_0083,S_011,2024-10-05
R_20241005_4096,EQ_0100,S_008,2024-10-05
R_20241005_4097,EQ_0108,S_000,2024-10-05
R_20241005_4098,EQ_0124,S_006,2024-10-05
R_20241005_4099,EQ_0151,S_012,2024-10-05
R_20241005_4100,EQ_0226,S_002,2024-10-05
R_20241005_4101,EQ_0295,S_017,2024-10-05
R_20241005_4102,EQ_0298,S_018,2024-10-05
R_20241006_4103,EQ_0015,S_011,2024-10-06
R_20241006_4104,EQ_0034,S_013,2024-10-06
R_20241006_4105,EQ_0041,S_016,2024-10-06
R_20241006_4106,EQ_0044,S_014,2024-10-06
R_20241006_4107,EQ_0097,S_003,2024-10-06
R_20241006_4108,EQ_0108,S_000,2024-10-06
R_20241006_4109,EQ_0163,S_018,2024-10-06
R_20241006_4110,EQ_0201,S_007,2024-10-06
R_20241006_4111,EQ_0240,S_007,2024-10-06
R_20241006_4112,EQ_0251,S_005,2024-10-06
R_20241006_4113,EQ_0253,S_010,2024-10-06
R_20241006_4114,EQ_0294,S_001,2024-10-06
R_20241007_4115,EQ_0021,S_013,2024-10-07
R_20241007_4116,EQ_0026,S_009,2024-10-07
R_20241007_4117,EQ_0051,S_012,2024-10-07
R_20241007_4118,EQ_0140,S_001,2024-10-07
R_20241007_4119,EQ_0161,S_016,2024-10-07
R_20241007_4120,EQ_0206,S_018,2024-10-07
R_20241008_4121,EQ_0028,S_003,2024-10-08
R_20241008_4122,EQ_0048,S_005,2024-10-08
R_20241008_4123,EQ_0056,S_017,2024-10-08
R_20241008_4124,EQ_0065,S_003,2024-10-08
R_20241008_4125,EQ_0071,S_008,2024-10-08
R_20241008_4126,EQ_0099,S_000,2024-10-08
R_20241008_4127,EQ_0135,S_008,2024-10-08
R_20241008_4128,EQ_0138,S_000,2024-10-08
R_20241008_4129,EQ_0167,S_018,2024-10-08
R_20241008_4130,EQ_0178,S_012,2024-10-08
R_20241008_4131,EQ_0252,S_006,2024-10-08
R_20241008_4132,EQ_0268,S_003,2024-10-08
R_20241008_4133,EQ_0273,S_018,2024-10-08
R_20241008_4134,EQ_0278,S_003,2024-10-08
R_20241008_4135,EQ_0279,S_014,2024-10-08
R_20241009_4136,EQ_0011,S_007,2024-10-09
R_20241009_4137,EQ_0028,S_002,2024-10-09
R_20241009_4138,EQ_0057,S_013,2024-10-09
R_20241009_4139,EQ_0065,S_005,2024-10-09
R_20241009_4140,EQ_0083,S_014,2024-10-09
R_20241009_4141,EQ_0099,S_010,2024-10-09
R_20241009_4142,EQ_0116,S_007,2024-10-09
R_20241009_4143,EQ_0131,S_015,2024-10-09
R_20241009_4144,EQ_0142,S_000,2024-10-09
R_20241009_4145,EQ_0143,S_012,2024-10-09
R_20241009_4146,EQ_0147,S_005,2024-10-09
R_20241009_4147,EQ_0176,S_009,2024-10-09
R_20241009_4148,EQ_0209,S_015,2024-10-09
R_20241009_4149,EQ_0276,S_014,2024-10-09
R_20241009_4150,EQ_0279,S_006,2024-10-09
R_20241009_4151,EQ_0291,S_016,2024-10-09
R_20241010_4152,EQ_0019,S_004,2024-10-10
R_20241010_4153,EQ_0038,S_012,2024-10-10
R_20241010_4154,EQ_0047,S_002,2024-10-10
R_20241010_4155,EQ_0055,S_005,2024-10-10
R_20241010_4156,EQ_0110,S_009,2024-10-10
R_20241010_4157,EQ_0128,S_004,2024-10-10
R_20241010_4158,EQ_0208,S_001,2024-10-10
R_20241010_4159,EQ_0290,S_011,2024-10-10
R_20241010_4160,EQ_0292,S_015,2024-10-10
R_20241010_4161,EQ_0298,S_006,2024-10-10
R_20241011_4162,EQ_0002,S_005,2024-10-11
R_20241011_4163,EQ_0012,S_007,2024-10-11
R_20241011_4164,EQ_0028,S_007,2024-10-11
R_20241011_4165,EQ_0046,S_009,2024-10-11
R_20241011_4166,EQ_0085,S_004,2024-10-11
R_20241011_4167,EQ_0090,S_002,2024-10-11
R_20241011_4168,EQ_0107,S_010,2024-10-11
R_20241011_4169,EQ_0111,S_005,2024-10-11
R_20241011_4170,EQ_0115,S_017,2024-10-11
R_20241011_4171,EQ_0119,S_010,2024-10-11
R_20241011_4172,EQ_0128,S_002,2024-10-11
R_20241011_4173,EQ_0155,S_005,2024-10-11
R_20241011_4174,EQ_0182,S_010,2024-10-11
R_20241011_4175,EQ_0192,S_019,2024-10-11
R_20241011_4176,EQ_0193,S_016,2024-10-11
R_20241011_4177,EQ_0198,S_013,2024-10-11
R_20241011_4178,EQ_0210,S_001,2024-10-11
R_20241011_4179,EQ_0216,S_001,2024-10-11
R_20241011_4180,EQ_0238,S_014,2024-10-11
R_20241011_4181,EQ_0241,S_004,2024-10-11
R_20241011_4182,EQ_0265,S_000,2024-10-11
R_20241011_4183,EQ_0277,S_016,2024-10-11
R_20241012_4184,EQ_0006,S_003,2024-10-12
R_20241012_4185,EQ_0010,S_019,2024-10-12
R_20241012_4186,EQ_0015,S_018,2024-10-12
R_20241012_4187,EQ_0032,S_012,2024-10-12
R_20241012_4188,EQ_0039,S_009,2024-10-12
R_20241012_4189,EQ_0055,S_017,2024-10-12
R_20241012_4190,EQ_0084,S_019,2024-10-12
R_20241012_4191,EQ_0143,S_006,2024-10-12
R_20241012_4192,EQ_0171,S_019,2024-10-12
R_20241012_4193,EQ_0176,S_005,2024-10-12
R_20241012_4194,EQ_0199,S_018,2024-10-12
R_20241012_4195,EQ_0225,S_008,2024-10-12
R_20241012_4196,EQ_0235,S_015,2024-10-12
R_20241012_4197,EQ_0240,S_013,2024-10-12
R_20241012_4198,EQ_0248,S_001,2024-10-12
R_20241012_4199,EQ_0262,S_001,2024-10-12
R_20241012_4200,EQ_0265,S_002,2024-10-12
R_20241012_4201,EQ_0272,S_011,2024-10-12
R_20241012_4202,EQ_0277,S_017,2024-10-12
R_20241012_4203,EQ_0280,S_007,2024-10-12
R_20241012_4204,EQ_0291,S_009,2024-10-12
R_20241013_4205,EQ_0023,S_013,2024-10-13
R_20241013_4206,EQ_0026,S_012,2024-10-13
R_20241013_4207,EQ_0030,S_019,2024-10-13
R_20241013_4208,EQ_0112,S_019,2024-10-13
R_20241013_4209,EQ_0117,S_003,2024-10-13
R_20241013_4210,EQ_0130,S_012,2024-10-13
R_20241013_4211,EQ_0138,S_001,2024-10-13
R_20241013_4212,EQ_0202,S_011,2024-10-13
R_20241013_4213,EQ_0203,S_013,2024-10-13
R_20241013_4214,EQ_0213,S_017,2024-10-13
R_20241013_4215,EQ_0218,S_012,2024-10-13
R_20241013_4216,EQ_0222,S_017,2024-10-13
R_20241013_4217,EQ_0238,S_005,2024-10-13
R_20241013_4218,EQ_0250,S_004,2024-10-13
R_20241013_4219,EQ_0294,S_019,2024-10-13
R_20241014_4220,EQ_0010,S_002,2024-10-14
R_20241014_4221,EQ_0034,S_006,2024-10-14
R_20241014_4222,EQ_0035,S_015,2024-10-14
R_20241014_4223,EQ_0041,S_009,2024-10-14
R_20241014_4224,EQ_0043,S_014,2024-10-14
R_20241014_4225,EQ_0076,S_010,2024-10-14
R_20241014_4226,EQ_0087,S_016,2024-10-14
R_20241014_4227,EQ_0136,S_008,2024-10-14
R_20241014_4228,EQ_0143,S_015,2024-10-14
R_20241014_4229,EQ_0145,S_010,2024-10-14
R_20241014_4230,EQ_0193,S_006,2024-10-14
R_20241014_4231,EQ_0196,S_009,2024-10-14
R_20241014_4232,EQ_0202,S_014,2024-10-14
R_20241014_4233,EQ_0266,S_005,2024-10-14
R_20241014_4234,EQ_0269,S_008,2024-10-14
R_20241014_4235,EQ_0280,S_015,2024-10-14
R_20241014_4236,EQ_0293,S_001,2024-10-14
R_20241015_4237,EQ_0008,S_012,2024-10-15
R_20241015_4238,EQ_0011,S_015,2024-10-15
R_20241015_4239,EQ_0025,S_005,2024-10-15
R_20241015_4240,EQ_0026,S_017,2024-10-15
R_20241015_4241,EQ_0072,S_000,2024-10-15
R_20241015_4242,EQ_0078,S_017,2024-10-15
R_20241015_4243,EQ_0079,S_007,2024-10-15
R_20241015_4244,EQ_0094,S_010,2024-10-15
R_20241015_4245,EQ_0117,S_013,2024-10-15
R_20241015_4246,EQ_0172,S_015,2024-10-15
R_20241015_4247,EQ_0173,S_002,2024-10-15
R_20241015_4248,EQ_0177,S_000,2024-10-15
R_20241015_4249,EQ_0178,S_013,2024-10-15
R_20241015_4250,EQ_0187,S_017,2024-10-15
R_20241015_4251,EQ_0221,S_006,2024-10-15
R_20241015_4252,EQ_0233,S_017,2024-10-15
R_20241015_4253,EQ_0235,S_004,2024-10-15
R_20241015_4254,EQ_0253,S_010,2024-10-15
R_20241015_4255,EQ_0287,S_014,2024-10-15
R_20241015_4256,EQ_0288,S_005,2024-10-15
R_20241016_4257,EQ_0013,S_009,2024-10-16
R_20241016_4258,EQ_0064,S_009,2024-10-16
R_20241016_4259,EQ_0067,S_001,2024-10-16
R_20241016_4260,EQ_0081,S_015,2024-10-16
R_20241016_4261,EQ_0090,S_005,2024-10-16
R_20241016_4262,EQ_0110,S_014,2024-10-16
R_20241016_4263,EQ_0126,S_014,2024-10-16
R_20241016_4264,EQ_0146,S_000,2024-10-16
R_20241016_4265,EQ_0181,S_015,2024-10-16
R_20241016_4266,EQ_0204,S_017,2024-10-16
R_20241016_4267,EQ_0257,S_005,2024-10-16
R_20241017_4268,EQ_0006,S_008,2024-10-17
R_20241017_4269,EQ_0031,S_016,2024-10-17
R_20241017_4270,EQ_0090,S_002,2024-10-17
R_20241017_4271,EQ_0092,S_015,2024-10-17
R_20241017_4272,EQ_0096,S_005,2024-10-17
R_20241017_4273,EQ_0104,S_010,2024-10-17
R_20241017_4274,EQ_0135,S_004,2024-10-17
R_20241017_4275,EQ_0189,S_015,2024-10-17
R_20241017_4276,EQ_0193,S_019,2024-10-17
R_20241017_4277,EQ_0204,S_007,2024-10-17
R_20241017_4278,EQ_0218,S_017,2024-10-17
R_20241017_4279,EQ_0236,S_013,2024-10-17
R_20241017_4280,EQ_0254,S_013,2024-10-17
R_20241017_4281,EQ_0279,S_006,2024-10-17
R_20241018_4282,EQ_0004,S_006,2024-10-18
R_20241018_4283,EQ_0015,S_010,2024-10-18
R_20241018_4284,EQ_0029,S_015,2024-10-18
R_20241018_4285,EQ_0055,S_012,2024-10-18
R_20241018_4286,EQ_0059,S_004,2024-10-18
R_20241018_4287,EQ_0103,S_010,2024-10-18
R_20241018_4288,EQ_0111,S_005,2024-10-18
R_20241018_4289,EQ_0145,S_008,2024-10-18
R_20241018_4290,EQ_0153,S_019,2024-10-18
R_20241018_4291,EQ_0212,S_009,2024-10-18
R_20241018_4292,EQ_0222,S_018,2024-10-18
R_20241018_4293,EQ_0240,S_009,2024-10-18
R_20241018_4294,EQ_0249,S_017,2024-10-18
R_20241018_4295,EQ_0268,S_005,2024-10-18
R_20241018_4296,EQ_0296,S_019,2024-10-18
R_20241019_4297,EQ_0061,S_004,2024-10-19
R_20241019_4298,EQ_0073,S_001,2024-10-19
R_20241019_4299,EQ_0086,S_006,2024-10-19
R_20241019_4300,EQ_0136,S_001,2024-10-19
R_20241019_4301,EQ_0141,S_003,2024-10-19
R_20241019_4302,EQ_0152,S_000,2024-10-19
R_20241019_4303,EQ_0156,S_009,2024-10-19
R_20241019_4304,EQ_0166,S_011,2024-10-19
R_20241019_4305,EQ_0183,S_008,2024-10-19
R_20241019_4306,EQ_0211,S_005,2024-10-19
R_20241019_4307,EQ_0244,S_004,2024-10-19
R_20241019_4308,EQ_0251,S_006,2024-10-19
R_20241019_4309,EQ_0268,S_016,2024-10-19
R_20241019_4310,EQ_0292,S_002,2024-10-19
R_20241020_4311,EQ_0009,S_002,2024-10-20
R_20241020_4312,EQ_0022,S_019,2024-10-20
R_20241020_4313,EQ_0056,S_000,2024-10-20
R_20241020_4314,EQ_0088,S_018,2024-10-20
R_20241020_4315,EQ_0098,S_008,2024-10-20
R_20241020_4316,EQ_0113,S_015,2024-10-20
R_20241020_4317,EQ_0149,S_008,2024-10-20
R_20241020_4318,EQ_0157,S_016,2024-10-20
R_20241020_4319,EQ_0184,S_017,2024-10-20
R_20241020_4320,EQ_0187,S_013,2024-10-20
R_20241020_4321,EQ_0191,S_014,2024-10-20
R_20241020_4322,EQ_0210,S_018,2024-10-20
R_20241020_4323,EQ_0215,S_008,2024-10-20
R_20241020_4324,EQ_0220,S_011,2024-10-20
R_20241020_4325,EQ_0246,S_005,2024-10-20
R_20241020_4326,EQ_0295,S_008,2024-10-20
R_20241021_4327,EQ_0064,S_005,2024-10-21
R_20241021_4328,EQ_0081,S_019,2024-10-21
R_20241021_4329,EQ_0086,S_000,2024-10-21
R_20241021_4330,EQ_0100,S_014,2024-10-21
R_20241021_4331,EQ_0155,S_005,2024-10-21
R_20241021_4332,EQ_0217,S_012,2024-10-21
R_20241021_4333,EQ_0224,S_007,2024-10-21
R_20241021_4334,EQ_0243,S_007,2024-10-21
R_20241021_4335,EQ_0245,S_017,2024-10-21
R_20241022_4336,EQ_0007,S_019,2024-10-22
R_20241022_4337,EQ_0034,S_019,2024-10-22
R_20241022_4338,EQ_0042,S_005,2024-10-22
R_20241022_4339,EQ_0082,S_007,2024-10-22
R_20241022_4340,EQ_0083,S_000,2024-10-22
R_20241022_4341,EQ_0093,S_016,2024-10-22
R_20241022_4342,EQ_0099,S_006,2024-10-22
R_20241022_4343,EQ_0103,S_008,2024-10-22
R_20241022_4344,EQ_0145,S_009,2024-10-22
R_20241022_4345,EQ_0150,S_013,2024-10-22
R_20241022_4346,EQ_0156,S_018,2024-10-22
R_20241022_4347,EQ_0158,S_009,2024-10-22
R_20241022_4348,EQ_0182,S_010,2024-10-22
R_20241022_4349,EQ_0211,S_001,2024-10-22
R_20241022_4350,EQ_0222,S_001,2024-10-22
R_20241022_4351,EQ_0242,S_004,2024-10-22
R_20241022_4352,EQ_0261,S_007,2024-10-22
R_20241022_4353,EQ_0263,S_017,2024-10-22
R_20241022_4354,EQ_0275,S_010,2024-10-22
R_20241022_4355,EQ_0283,S_003,2024-10-22
R_20241023_4356,EQ_0016,S_018,2024-10-23
R_20241023_4357,EQ_0077,S_013,2024-10-23
R_20241023_4358,EQ_0078,S_012,2024-10-23
R_20241023_4359,EQ_0118,S_007,2024-10-23
R_20241023_4360,EQ_0185,S_017,2024-10-23
R_20241023_4361,EQ_0199,S_006,2024-10-23
R_20241023_4362,EQ_0202,S_016,2024-10-23
R_20241023_4363,EQ_0262,S_006,2024-10-23
R_20241023_4364,EQ_0266,S_013,2024-10-23
R_20241023_4365,EQ_0275,S_007,2024-10-23
R_20241023_4366,EQ_0286,S_009,2024-10-23
R_20241023_4367,EQ_0293,S_013,2024-10-23
R_20241024_4368,EQ_0017,S_008,2024-10-24
R_20241024_4369,EQ_0075,S_014,2024-10-24
R_20241024_4370,EQ_0102,S_012,2024-10-24
R_20241024_4371,EQ_0103,S_003,2024-10-24
R_20241024_4372,EQ_0116,S_009,2024-10-24
R_20241024_4373,EQ_0124,S_014,2024-10-24
R_20241024_4374,EQ_0162,S_001,2024-10-24
R_20241024_4375,EQ_0186,S_011,2024-10-24
R_20241024_4376,EQ_0190,S_019,2024-10-24
R_20241024_4377,EQ_0240,S_003,2024-10-24
R_20241024_4378,EQ_0244,S_013,2024-10-24
R_20241024_4379,EQ_0251,S_001,2024-10-24
R_20241024_4380,EQ_0253,S_012,2024-10-24
R_20241025_4381,EQ_0058,S_005,2024-10-25
R_20241025_4382,EQ_0064,S_001,2024-10-25
R_20241025_4383,EQ_0080,S_012,2024-10-25
R_20241025_4384,EQ_0094,S_013,2024-10-25
R_20241025_4385,EQ_0112,S_013,2024-10-25
R_20241025_4386,EQ_0179,S_002,2024-10-25
R_20241025_4387,EQ_0216,S_002,2024-10-25
R_20241025_4388,EQ_0230,S_013,2024-10-25
R_20241025_4389,EQ_0243,S_003,2024-10-25
R_20241025_4390,EQ_0244,S_016,2024-10-25
R_20241025_4391,EQ_0285,S_011,2024-10-25
R_20241026_4392,EQ_0001,S_018,2024-10-26
R_20241026_4393,EQ_0019,S_016,2024-10-26
R_20241026_4394,EQ_0028,S_018,2024-10-26
R_20241026_4395,EQ_0055,S_019,2024-10-26
R_20241026_4396,EQ_0063,S_001,2024-10-26
R_20241026_4397,EQ_0095,S_014,2024-10-26
R_20241026_4398,EQ_0098,S_018,2024-10-26
R_20241026_4399,EQ_0105,S_010,2024-10-26
R_20241026_4400,EQ_0118,S_001,2024-10-26
R_20241026_4401,EQ_0122,S_013,2024-10-26
R_20241026_4402,EQ_0129,S_002,2024-10-26
R_20241026_4403,EQ_0140,S_004,2024-10-26
R_20241026_4404,EQ_0171,S_000,2024-10-26
R_20241026_4405,EQ_0176,S_016,2024-10-26
R_20241026_4406,EQ_0183,S_012,2024-10-26
R_20241026_4407,EQ_0190,S_018,2024-10-26
R_20241026_4408,EQ_0191,S_008,2024-10-26
R_20241026_4409,EQ_0213,S_005,2024-10-26
R_20241026_4410,EQ_0218,S_001,2024-10-26
R_20241026_4411,EQ_0241,S_002,2024-10-26
R_20241026_4412,EQ_0285,S_008,2024-10-26
R_20241026_4413,EQ_0294,S_000,2024-10-26
R_20241026_4414,EQ_0295,S_019,2024-10-26
R_20241027_4415,EQ_0034,S_002,2024-10-27
R_20241027_4416,EQ_0045,S_006,2024-10-27
R_20241027_4417,EQ_0106,S_006,2024-10-27
R_20241027_4418,EQ_0108,S_011,2024-10-27
R_20241027_4419,EQ_0159,S_001,2024-10-27
R_20241027_4420,EQ_0180,S_010,2024-10-27
R_20241027_4421,EQ_0271,S_005,2024-10-27
R_20241028_4422,EQ_0030,S_010,2024-10-28
R_20241028_4423,EQ_0044,S_014,2024-10-28
R_20241028_4424,EQ_0108,S_019,2024-10-28
R_20241028_4425,EQ_0122,S_004,2024-10-28
R_20241028_4426,EQ_0132,S_011,2024-10-28
R_20241028_4427,EQ_0168,S_013,2024-10-28
R_20241028_4428,EQ_0180,S_007,2024-10-28
R_20241028_4429,EQ_0185,S_007,2024-10-28
R_20241028_4430,EQ_0214,S_004,2024-10-28
R_20241028_4431,EQ_0230,S_006,2024-10-28
R_20241028_4432,EQ_0241,S_003,2024-10-28
R_20241028_4433,EQ_0250,S_002,2024-10-28
R_20241028_4434,EQ_0254,S_015,2024-10-28
R_20241029_4435,EQ_0038,S_008,2024-10-29
R_20241029_4436,EQ_0049,S_004,2024-10-29
R_20241029_4437,EQ_0052,S_003,2024-10-29
R_20241029_4438,EQ_0064,S_005,2024-10-29
R_20241029_4439,EQ_0090,S_008,2024-10-29
R_20241029_4440,EQ_0115,S_012,2024-10-29
R_20241029_4441,EQ_0122,S_009,2024-10-29
R_20241029_4442,EQ_0147,S_018,2024-10-29
R_20241029_4443,EQ_0212,S_013,2024-10-29
R_20241029_4444,EQ_0214,S_010,2024-10-29
R_20241029_4445,EQ_0236,S_009,2024-10-29
R_20241029_4446,EQ_0239,S_018,2024-10-29
R_20241029_4447,EQ_0263,S_008,2024-10-29
R_20241029_4448,EQ_0268,S_014,2024-10-29
R_20241029_4449,EQ_0292,S_014,2024-10-29
R_20241030_4450,EQ_0147,S_004,2024-10-30
R_20241030_4451,EQ_0182,S_009,2024-10-30
R_20241030_4452,EQ_0223,S_008,2024-10-30
R_20241030_4453,EQ_0250,S_017,2024-10-30
R_20241030_4454,EQ_0256,S_002,2024-10-30
R_20241030_4455,EQ_0265,S_013,2024-10-30
R_20241030_4456,EQ_0277,S_000,2024-10-30
R_20241030_4457,EQ_0281,S_007,2024-10-30
R_20241030_4458,EQ_0282,S_018,2024-10-30
R_20241030_4459,EQ_0292,S_010,2024-10-30
R_20241031_4460,EQ_0003,S_019,2024-10-31
R_20241031_4461,EQ_0008,S_007,2024-10-31
R_20241031_4462,EQ_0038,S_005,2024-10-31
R_20241031_4463,EQ_0042,S_008,2024-10-31
R_20241031_4464,EQ_0127,S_008,2024-10-31
R_20241031_4465,EQ_0133,S_008,2024-10-31
R_20241031_4466,EQ_0139,S_006,2024-10-31
R_20241031_4467,EQ_0147,S_008,2024-10-31
R_20241031_4468,EQ_0155,S_008,2024-10-31
R_20241031_4469,EQ_0157,S_007,2024-10-31
R_20241031_4470,EQ_0159,S_015,2024-10-31
R_20241031_4471,EQ_0165,S_013,2024-10-31
R_20241031_4472,EQ_0182,S_002,2024-10-31
R_20241031_4473,EQ_0192,S_016,2024-10-31
R_20241031_4474,EQ_0211,S_019,2024-10-31
R_20241031_4475,EQ_0213,S_015,2024-10-31
R_20241031_4476,EQ_0254,S_000,2024-10-31
R_20241031_4477,EQ_0266,S_014,2024-10-31
R_20241031_4478,EQ_0276,S_019,2024-10-31
R_20241031_4479,EQ_0285,S_017,2024-10-31
R_20241031_4480,EQ_0293,S_012,2024-10-31
R_20241101_4481,EQ_0004,S_007,2024-11-01
R_20241101_4482,EQ_0017,S_016,2024-11-01
R_20241101_4483,EQ_0027,S_001,2024-11-01
R_20241101_4484,EQ_0041,S_010,2024-11-01
R_20241101_4485,EQ_0096,S_002,2024-11-01
R_20241101_4486,EQ_0110,S_014,2024-11-01
R_20241101_4487,EQ_0126,S_000,2024-11-01
R_20241101_4488,EQ_0136,S_017,2024-11-01
R_20241101_4489,EQ_0138,S_014,2024-11-01
R_20241101_4490,EQ_0173,S_015,2024-11-01
R_20241101_4491,EQ_0198,S_013,2024-11-01
R_20241101_4492,EQ_0200,S_015,2024-11-01
R_20241101_4493,EQ_0201,S_005,2024-11-01
R_20241101_4494,EQ_0217,S_009,2024-11-01
R_20241101_4495,EQ_0225,S_012,2024-11-01
R_20241101_4496,EQ_0243,S_001,2024-11-01
R_20241101_4497,EQ_0244,S_011,2024-11-01
R_20241101_4498,EQ_0262,S_012,2024-11-01
R_20241101_4499,EQ_0282,S_016,2024-11-01
R_20241101_4500,EQ_0285,S_009,2024-11-01
R_20241101_4501,EQ_0289,S_013,2024-11-01
R_20241101_4502,EQ_0296,S_015,2024-11-01
R_20241101_4503,EQ_0297,S_016,2024-11-01
R_20241102_4504,EQ_0008,S_013,2024-11-02
R_20241102_4505,EQ_0018,S_018,2024-11-02
R_20241102_4506,EQ_0060,S_000,2024-11-02
R_20241102_4507,EQ_0081,S_013,2024-11-02
R_20241102_4508,EQ_0125,S_009,2024-11-02
R_20241102_4509,EQ_0132,S_018,2024-11-02
R_20241102_4510,EQ_0133,S_013,2024-11-02
R_20241102_4511,EQ_0159,S_014,2024-11-02
R_20241102_4512,EQ_0181,S_007,2024-11-02
R_20241102_4513,EQ_0199,S_016,2024-11-02
R_20241102_4514,EQ_0211,S_001,2024-11-02
R_20241102_4515,EQ_0216,S_001,2024-11-02
R_20241102_4516,EQ_0243,S_009,2024-11-02
R_20241102_4517,EQ_0249,S_000,2024-11-02
R_20241102_4518,EQ_0258,S_005,2024-11-02
R_20241102_4519,EQ_0265,S_012,2024-11-02
R_20241102_4520,EQ_0272,S_010,2024-11-02
R_20241102_4521,EQ_0277,S_006,2024-11-02
R_20241102_4522,EQ_0286,S_003,2024-11-02
R_20241102_4523,EQ_0299,S_002,2024-11-02
R_20241103_4524,EQ_0006,S_005,2024-11-03
R_20241103_4525,EQ_0012,S_011,2024-11-03
R_20241103_4526,EQ_0037,S_012,2024-11-03
R_20241103_4527,EQ_0056,S_017,2024-11-03
R_20241103_4528,EQ_0084,S_012,2024-11-03
R_20241103_4529,EQ_0109,S_000,2024-11-03
R_20241103_4530,EQ_0150,S_015,2024-11-03
R_20241103_4531,EQ_0153,S_003,2024-11-03
R_20241103_4532,EQ_0161,S_003,2024-11-03
R_20241103_4533,EQ_0162,S_013,2024-11-03
R_20241103_4534,EQ_0216,S_018,2024-11-03
R_20241103_4535,EQ_0290,S_015,2024-11-03
R_20241104_4536,EQ_0002,S_018,2024-11-04
R_20241104_4537,EQ_0003,S_000,2024-11-04
R_20241104_4538,EQ_0004,S_017,2024-11-04
R_20241104_4539,EQ_0076,S_012,2024-11-04
R_20241104_4540,EQ_0094,S_013,2024-11-04
R_20241104_4541,EQ_0132,S_011,2024-11-04
R_20241104_4542,EQ_0140,S_001,2024-11-04
R_20241104_4543,EQ_0144,S_003,2024-11-04
R_20241104_4544,EQ_0162,S_019,2024-11-04
R_20241104_4545,EQ_0237,S_017,2024-11-04
R_20241105_4546,EQ_0008,S_016,2024-11-05
R_20241105_4547,EQ_0011,S_016,2024-11-05
R_20241105_4548,EQ_0024,S_019,2024-11-05
R_20241105_4549,EQ_0033,S_003,2024-11-05
R_20241105_4550,EQ_0051,S_014,2024-11-05
R_20241105_4551,EQ_0088,S_017,2024-11-05
R_20241105_4552,EQ_0097,S_018,2024-11-05
R_20241105_4553,EQ_0146,S_010,2024-11-05
R_20241105_4554,EQ_0149,S_011,2024-11-05
R_20241105_4555,EQ_0185,S_015,2024-11-05
R_20241105_4556,EQ_0246,S_003,2024-11-05
R_20241105_4557,EQ_0262,S_015,2024-11-05
R_20241105_4558,EQ_0280,S_015,2024-11-05
R_20241105_4559,EQ_0297,S_007,2024-11-05
R_20241106_4560,EQ_0019,S_001,2024-11-06
R_20241106_4561,EQ_0044,S_008,2024-11-06
R_20241106_4562,EQ_0104,S_010,2024-11-06
R_20241106_4563,EQ_0151,S_010,2024-11-06
R_20241106_4564,EQ_0157,S_010,2024-11-06
R_20241106_4565,EQ_0224,S_009,2024-11-06
R_20241106_4566,EQ_0226,S_014,2024-11-06
R_20241106_4567,EQ_0272,S_013,2024-11-06
R_20241107_4568,EQ_0025,S_019,2024-11-07
R_20241107_4569,EQ_0104,S_012,2024-11-07
R_20241107_4570,EQ_0106,S_014,2024-11-07
R_20241107_4571,EQ_0111,S_009,2024-11-07
R_20241107_4572,EQ_0121,S_011,2024-11-07
R_20241107_4573,EQ_0123,S_008,2024-11-07
R_20241107_4574,EQ_0129,S_019,2024-11-07
R_20241107_4575,EQ_0132,S_001,2024-11-07
R_20241107_4576,EQ_0139,S_001,2024-11-07
R_20241107_4577,EQ_0173,S_017,2024-11-07
R_20241107_4578,EQ_0182,S_011,2024-11-07
R_20241107_4579,EQ_0198,S_006,2024-11-07
R_20241107_4580,EQ_0205,S_000,2024-11-07
R_20241107_4581,EQ_0215,S_008,2024-11-07
R_20241107_4582,EQ_0243,S_002,2024-11-07
R_20241107_4583,EQ_0250,S_019,2024-11-07
R_20241107_4584,EQ_0254,S_004,2024-11-07
R_20241107_4585,EQ_0258,S_009,2024-11-07
R_20241107_4586,EQ_0259,S_000,2024-11-07
R_20241107_4587,EQ_0268,S_015,2024-11-07
R_20241107_4588,EQ_0289,S_017,2024-11-07
R_20241107_4589,EQ_0290,S_002,2024-11-07
R_20241108_4590,EQ_0028,S_018,2024-11-08
R_20241108_4591,EQ_0037,S_004,2024-11-08
R_20241108_4592,EQ_0079,S_003,2024-11-08
R_20241108_4593,EQ_0096,S_009,2024-11-08
R_20241108_4594,EQ_0101,S_005,2024-11-08
R_20241108_4595,EQ_0117,S_016,2024-11-08
R_20241108_4596,EQ_0163,S_007,2024-11-08
R_20241108_4597,EQ_0191,S_006,2024-11-08
R_20241108_4598,EQ_0200,S_019,2024-11-08
R_20241108_4599,EQ_0204,S_014,2024-11-08
R_20241108_4600,EQ_0211,S_000,2024-11-08
R_20241108_4601,EQ_0218,S_015,2024-11-08
R_20241108_4602,EQ_0251,S_011,2024-11-08
R_20241109_4603,EQ_0005,S_000,2024-11-09
R_20241109_4604,EQ_0006,S_011,2024-11-09
R_20241109_4605,EQ_0052,S_015,2024-11-09
R_20241109_4606,EQ_0119,S_001,2024-11-09
R_20241109_4607,EQ_0147,S_016,2024-11-09
R_20241109_4608,EQ_0150,S_008,2024-11-09
R_20241109_4609,EQ_0210,S_015,2024-11-09
R_20241109_4610,EQ_0219,S_010,2024-11-09
R_20241109_4611,EQ_0228,S_015,2024-11-09
R_20241109_4612,EQ_0231,S_017,2024-11-09
R_20241109_4613,EQ_0291,S_001,2024-11-09
R_20241109_4614,EQ_0298,S_016,2024-11-09
R_20241110_4615,EQ_0058,S_007,2024-11-10
R_20241110_4616,EQ_0125,S_016,2024-11-10
R_20241110_4617,EQ_0132,S_015,2024-11-10
R_20241110_4618,EQ_0159,S_015,2024-11-10
R_20241110_4619,EQ_0171,S_005,2024-11-10
R_20241110_4620,EQ_0176,S_013,2024-11-10
R_20241110_4621,EQ_0190,S_016,2024-11-10
R_20241110_4622,EQ_0262,S_014,2024-11-10
R_20241110_4623,EQ_0294,S_005,2024-11-10
R_20241111_4624,EQ_0019,S_008,2024-11-11
R_20241111_4625,EQ_0037,S_016,2024-11-11
R_20241111_4626,EQ_0053,S_003,2024-11-11
R_20241111_4627,EQ_0076,S_004,2024-11-11
R_20241111_4628,EQ_0104,S_001,2024-11-11
R_20241111_4629,EQ_0123,S_004,2024-11-11
R_20241111_4630,EQ_0128,S_001,2024-11-11
R_20241111_4631,EQ_0168,S_004,2024-11-11
R_20241111_4632,EQ_0191,S_004,2024-11-11
R_20241111_4633,EQ_0213,S_017,2024-11-11
R_20241111_4634,EQ_0232,S_017,2024-11-11
R_20241111_4635,EQ_0233,S_006,2024-11-11
R_20241111_4636,EQ_0236,S_010,2024-11-11
R_20241111_4637,EQ_0241,S_017,2024-11-11
R_20241111_4638,EQ_0262,S_000,2024-11-11
R_20241111_4639,EQ_0278,S_002,2024-11-11
R_20241111_4640,EQ_0285,S_016,2024-11-11
R_20241111_4641,EQ_0296,S_009,2024-11-11
R_20241112_4642,EQ_0027,S_012,2024-11-12
R_20241112_4643,EQ_0043,S_000,2024-11-12
R_20241112_4644,EQ_0050,S_019,2024-11-12
R_20241112_4645,EQ_0053,S_000,2024-11-12
R_20241112_4646,EQ_0111,S_004,2024-11-12
R_20241112_4647,EQ_0117,S_017,2024-11-12
R_20241112_4648,EQ_0130,S_004,2024-11-12
R_20241112_4649,EQ_0132,S_012,2024-11-12
R_20241112_4650,EQ_0152,S_014,2024-11-12
R_20241112_4651,EQ_0171,S_007,2024-11-12
R_20241112_4652,EQ_0187,S_008,2024-11-12
R_20241112_4653,EQ_0213,S_010,2024-11-12
R_20241112_4654,EQ_0220,S_007,2024-11-12
R_20241112_4655,EQ_0221,S_002,2024-11-12
R_20241112_4656,EQ_0233,S_014,2024-11-12
R_20241112_4657,EQ_0249,S_013,2024-11-12
R_20241112_4658,EQ_0257,S_019,2024-11-12
R_20241113_4659,EQ_0036,S_007,2024-11-13
R_20241113_4660,EQ_0042,S_001,2024-11-13
R_20241113_4661,EQ_0061,S_002,2024-11-13
R_20241113_4662,EQ_0127,S_015,2024-11-13
R_20241113_4663,EQ_0130,S_011,2024-11-13
R_20241113_4664,EQ_0145,S_012,2024-11-13
R_20241113_4665,EQ_0158,S_005,2024-11-13
R_20241113_4666,EQ_0160,S_009,2024-11-13
R_20241113_4667,EQ_0170,S_004,2024-11-13
R_20241113_4668,EQ_0177,S_005,2024-11-13
R_20241113_4669,EQ_0200,S_014,2024-11-13
R_20241113_4670,EQ_0215,S_003,2024-11-13
R_20241113_4671,EQ_0220,S_010,2024-11-13
R_20241113_4672,EQ_0267,S_015,2024-11-13
R_20241113_4673,EQ_0282,S_019,2024-11-13
R_20241114_4674,EQ_0037,S_007,2024-11-14
R_20241114_4675,EQ_0050,S_008,2024-11-14
R_20241114_4676,EQ_0071,S_013,2024-11-14
R_20241114_4677,EQ_0074,S_011,2024-11-14
R_20241114_4678,EQ_0075,S_001,2024-11-14
R_20241114_4679,EQ_0086,S_001,2024-11-14
R_20241114_4680,EQ_0099,S_000,2024-11-14
R_20241114_4681,EQ_0127,S_004,2024-11-14
R_20241114_4682,EQ_0155,S_003,2024-11-14
R_20241114_4683,EQ_0209,S_017,2024-11-14
R_20241114_4684,EQ_0224,S_016,2024-11-14
R_20241114_4685,EQ_0231,S_005,2024-11-14
R_20241114_4686,EQ_0256,S_009,2024-11-14
R_20241114_4687,EQ_0270,S_013,2024-11-14
R_20241114_4688,EQ_0277,S_015,2024-11-14
R_20241114_4689,EQ_0280,S_009,2024-11-14
R_20241114_4690,EQ_0281,S_017,2024-11-14
R_20241115_4691,EQ_0039,S_005,2024-11-15
R_20241115_4692,EQ_0040,S_001,2024-11-15
R_20241115_4693,EQ_0076,S_005,2024-11-15
R_20241115_4694,EQ_0167,S_006,2024-11-15
R_20241115_4695,EQ_0194,S_013,2024-11-15
R_20241115_4696,EQ_0215,S_008,2024-11-15
R_20241115_4697,EQ_0261,S_014,2024-11-15
R_20241116_4698,EQ_0054,S_019,2024-11-16
R_20241116_4699,EQ_0061,S_002,2024-11-16
R_20241116_4700,EQ_0071,S_017,2024-11-16
R_20241116_4701,EQ_0077,S_001,2024-11-16
R_20241116_4702,EQ_0092,S_012,2024-11-16
R_20241116_4703,EQ_0177,S_005,2024-11-16
R_20241116_4704,EQ_0184,S_002,2024-11-16
R_20241116_4705,EQ_0193,S_007,2024-11-16
R_20241116_4706,EQ_0228,S_006,2024-11-16
R_20241116_4707,EQ_0249,S_003,2024-11-16
R_20241116_4708,EQ_0263,S_005,2024-11-16
R_20241117_4709,EQ_0032,S_004,2024-11-17
R_20241117_4710,EQ_0042,S_000,2024-11-17
R_20241117_4711,EQ_0054,S_019,2024-11-17
R_20241117_4712,EQ_0084,S_007,2024-11-17
R_20241117_4713,EQ_0090,S_001,2024-11-17
R_20241117_4714,EQ_0108,S_015,2024-11-17
R_20241117_4715,EQ_0110,S_016,2024-11-17
R_20241117_4716,EQ_0112,S_012,2024-11-17
R_20241117_4717,EQ_0222,S_019,2024-11-17
R_20241117_4718,EQ_0280,S_000,2024-11-17
R_20241117_4719,EQ_0293,S_005,2024-11-17
R_20241118_4720,EQ_0023,S_015,2024-11-18
R_20241118_4721,EQ_0041,S_013,2024-11-18
R_20241118_4722,EQ_0061,S_014,2024-11-18
R_20241118_4723,EQ_0117,S_013,2024-11-18
R_20241118_4724,EQ_0145,S_011,2024-11-18
R_20241118_4725,EQ_0167,S_000,2024-11-18
R_20241118_4726,EQ_0172,S_004,2024-11-18
R_20241118_4727,EQ_0200,S_003,2024-11-18
R_20241118_4728,EQ_0237,S_002,2024-11-18
R_20241118_4729,EQ_0263,S_007,2024-11-18
R_20241118_4730,EQ_0264,S_007,2024-11-18
R_20241118_4731,EQ_0265,S_006,2024-11-18
R_20241119_4732,EQ_0012,S_014,2024-11-19
R_20241119_4733,EQ_0038,S_003,2024-11-19
R_20241119_4734,EQ_0132,S_006,2024-11-19
R_20241119_4735,EQ_0153,S_003,2024-11-19
R_20241119_4736,EQ_0162,S_018,2024-11-19
R_20241119_4737,EQ_0171,S_014,2024-11-19
R_20241119_4738,EQ_0197,S_012,2024-11-19
R_20241119_4739,EQ_0210,S_015,2024-11-19
R_20241119_4740,EQ_0235,S_013,2024-11-19
R_20241119_4741,EQ_0253,S_015,2024-11-19
R_20241119_4742,EQ_0260,S_017,2024-11-19
R_20241119_4743,EQ_0275,S_011,2024-11-19
R_20241119_4744,EQ_0284,S_005,2024-11-19
R_20241119_4745,EQ_0297,S_005,2024-11-19
R_20241120_4746,EQ_0012,S_002,2024-11-20
R_20241120_4747,EQ_0018,S_015,2024-11-20
R_20241120_4748,EQ_0044,S_000,2024-11-20
R_20241120_4749,EQ_0048,S_016,2024-11-20
R_20241120_4750,EQ_0051,S_019,2024-11-20
R_20241120_4751,EQ_0065,S_019,2024-11-20
R_20241120_4752,EQ_0131,S_014,2024-11-20
R_20241120_4753,EQ_0135,S_016,2024-11-20
R_20241120_4754,EQ_0138,S_003,2024-11-20
R_20241120_4755,EQ_0152,S_008,2024-11-20
R_20241120_4756,EQ_0198,S_014,2024-11-20
R_20241120_4757,EQ_0246,S_016,2024-11-20
R_20241120_4758,EQ_0272,S_006,2024-11-20
R_20241120_4759,EQ_0277,S_014,2024-11-20
R_20241121_4760,EQ_0001,S_001,2024-11-21
R_20241121_4761,EQ_0002,S_015,2024-11-21
R_20241121_4762,EQ_0024,S_011,2024-11-21
R_20241121_4763,EQ_0034,S_018,2024-11-21
R_20241121_4764,EQ_0044,S_015,2024-11-21
R_20241121_4765,EQ_0054,S_015,2024-11-21
R_20241121_4766,EQ_0073,S_013,2024-11-21
R_20241121_4767,EQ_0078,S_011,2024-11-21
R_20241121_4768,EQ_0090,S_008,2024-11-21
R_20241121_4769,EQ_0099,S_009,2024-11-21
R_20241121_4770,EQ_0107,S_002,2024-11-21
R_20241121_4771,EQ_0124,S_001,2024-11-21
R_20241121_4772,EQ_0126,S_009,2024-11-21
R_20241121_4773,EQ_0137,S_012,2024-11-21
R_20241121_4774,EQ_0138,S_012,2024-11-21
R_20241121_4775,EQ_0169,S_010,2024-11-21
R_20241121_4776,EQ_0193,S_009,2024-11-21
R_20241121_4777,EQ_0220,S_004,2024-11-21
R_20241121_4778,EQ_0238,S_000,2024-11-21
R_20241121_4779,EQ_0254,S_019,2024-11-21
R_20241121_4780,EQ_0287,S_015,2024-11-21
R_20241122_4781,EQ_0002,S_008,2024-11-22
R_20241122_4782,EQ_0018,S_000,2024-11-22
R_20241122_4783,EQ_0049,S_009,2024-11-22
R_20241122_4784,EQ_0074,S_001,2024-11-22
R_20241122_4785,EQ_0085,S_001,2024-11-22
R_20241122_4786,EQ_0134,S_008,2024-11-22
R_20241122_4787,EQ_0166,S_016,2024-11-22
R_20241122_4788,EQ_0184,S_002,2024-11-22
R_20241122_4789,EQ_0190,S_015,2024-11-22
R_20241122_4790,EQ_0206,S_005,2024-11-22
R_20241122_4791,EQ_0207,S_006,2024-11-22
R_20241122_4792,EQ_0230,S_019,2024-11-22
R_20241122_4793,EQ_0232,S_008,2024-11-22
R_20241122_4794,EQ_0234,S_016,2024-11-22
R_20241122_4795,EQ_0239,S_009,2024-11-22
R_20241122_4796,EQ_0251,S_003,2024-11-22
R_20241122_4797,EQ_0254,S_002,2024-11-22
R_20241122_4798,EQ_0287,S_018,2024-11-22
R_20241122_4799,EQ_0291,S_012,2024-11-22
R_20241122_4800,EQ_0297,S_000,2024-11-22
R_20241123_4801,EQ_0014,S_008,2024-11-23
R_20241123_4802,EQ_0039,S_019,2024-11-23
R_20241123_4803,EQ_0048,S_013,2024-11-23
R_20241123_4804,EQ_0057,S_001,2024-11-23
R_20241123_4805,EQ_0085,S_008,2024-11-23
R_20241123_4806,EQ_0088,S_000,2024-11-23
R_20241123_4807,EQ_0103,S_015,2024-11-23
R_20241123_4808,EQ_0132,S_019,2024-11-23
R_20241123_4809,EQ_0145,S_017,2024-11-23
R_20241123_4810,EQ_0146,S_007,2024-11-23
R_20241123_4811,EQ_0154,S_004,2024-11-23
R_20241123_4812,EQ_0188,S_018,2024-11-23
R_20241123_4813,EQ_0224,S_018,2024-11-23
R_20241123_4814,EQ_0243,S_002,2024-11-23
R_20241123_4815,EQ_0258,S_013,2024-11-23
R_20241123_4816,EQ_0265,S_007,2024-11-23
R_20241123_4817,EQ_0282,S_010,2024-11-23
R_20241124_4818,EQ_0021,S_000,2024-11-24
R_20241124_4819,EQ_0056,S_011,2024-11-24
R_20241124_4820,EQ_0076,S_019,2024-11-24
R_20241124_4821,EQ_0107,S_004,2024-11-24
R_20241124_4822,EQ_0117,S_014,2024-11-24
R_20241124_4823,EQ_0119,S_010,2024-11-24
R_20241124_4824,EQ_0123,S_011,2024-11-24
R_20241124_4825,EQ_0128,S_006,2024-11-24
R_20241124_4826,EQ_0133,S_008,2024-11-24
R_20241124_4827,EQ_0146,S_005,2024-11-24
R_20241124_4828,EQ_0231,S_009,2024-11-24
R_20241124_4829,EQ_0249,S_007,2024-11-24
R_20241124_4830,EQ_0271,S_009,2024-11-24
R_20241124_4831,EQ_0285,S_003,2024-11-24
R_20241125_4832,EQ_0002,S_013,2024-11-25
R_20241125_4833,EQ_0036,S_002,2024-11-25
R_20241125_4834,EQ_0095,S_015,2024-11-25
R_20241125_4835,EQ_0111,S_008,2024-11-25
R_20241125_4836,EQ_0137,S_002,2024-11-25
R_20241125_4837,EQ_0139,S_015,2024-11-25
R_20241125_4838,EQ_0225,S_007,2024-11-25
R_20241125_4839,EQ_0239,S_010,2024-11-25
R_20241125_4840,EQ_0241,S_001,2024-11-25
R_20241125_4841,EQ_0242,S_008,2024-11-25
R_20241125_4842,EQ_0262,S_014,2024-11-25
R_20241126_4843,EQ_0023,S_009,2024-11-26
R_20241126_4844,EQ_0031,S_016,2024-11-26
R_20241126_4845,EQ_0035,S_016,2024-11-26
R_20241126_4846,EQ_0060,S_010,2024-11-26
R_20241126_4847,EQ_0063,S_016,2024-11-26
R_20241126_4848,EQ_0065,S_011,2024-11-26
R_20241126_4849,EQ_0082,S_019,2024-11-26
R_20241126_4850,EQ_0108,S_011,2024-11-26
R_20241126_4851,EQ_0129,S_014,2024-11-26
R_20241126_4852,EQ_0154,S_014,2024-11-26
R_20241126_4853,EQ_0171,S_005,2024-11-26
R_20241126_4854,EQ_0179,S_006,2024-11-26
R_20241126_4855,EQ_0190,S_013,2024-11-26
R_20241126_4856,EQ_0196,S_004,2024-11-26
R_20241126_4857,EQ_0261,S_013,2024-11-26
R_20241126_4858,EQ_0268,S_001,2024-11-26
R_20241126_4859,EQ_0270,S_011,2024-11-26
R_20241126_4860,EQ_0273,S_005,2024-11-26
R_20241127_4861,EQ_0040,S_004,2024-11-27
R_20241127_4862,EQ_0058,S_001,2024-11-27
R_20241127_4863,EQ_0060,S_000,2024-11-27
R_20241127_4864,EQ_0082,S_007,2024-11-27
R_20241127_4865,EQ_0091,S_016,2024-11-27
R_20241127_4866,EQ_0097,S_016,2024-11-27
R_20241127_4867,EQ_0173,S_015,2024-11-27
R_20241127_4868,EQ_0175,S_013,2024-11-27
R_20241127_4869,EQ_0191,S_011,2024-11-27
R_20241127_4870,EQ_0197,S_001,2024-11-27
R_20241127_4871,EQ_0211,S_013,2024-11-27
R_20241127_4872,EQ_0220,S_002,2024-11-27
R_20241127_4873,EQ_0237,S_007,2024-11-27
R_20241127_4874,EQ_0252,S_012,2024-11-27
R_20241127_4875,EQ_0258,S_002,2024-11-27
R_20241128_4876,EQ_0003,S_013,2024-11-28
R_20241128_4877,EQ_0042,S_014,2024-11-28
R_20241128_4878,EQ_0048,S_013,2024-11-28
R_20241128_4879,EQ_0067,S_015,2024-11-28
R_20241128_4880,EQ_0071,S_018,2024-11-28
R_20241128_4881,EQ_0091,S_016,2024-11-28
R_20241128_4882,EQ_0093,S_015,2024-11-28
R_20241128_4883,EQ_0124,S_000,2024-11-28
R_20241128_4884,EQ_0132,S_016,2024-11-28
R_20241128_4885,EQ_0133,S_011,2024-11-28
R_20241128_4886,EQ_0154,S_002,2024-11-28
R_20241128_4887,EQ_0171,S_018,2024-11-28
R_20241128_4888,EQ_0183,S_016,2024-11-28
R_20241128_4889,EQ_0198,S_001,2024-11-28
R_20241128_4890,EQ_0217,S_003,2024-11-28
R_20241128_4891,EQ_0224,S_015,2024-11-28
R_20241128_4892,EQ_0243,S_010,2024-11-28
R_20241128_4893,EQ_0253,S_009,2024-11-28
R_20241128_4894,EQ_0257,S_008,2024-11-28
R_20241128_4895,EQ_0280,S_015,2024-11-28
R_20241129_4896,EQ_0007,S_019,2024-11-29
R_20241129_4897,EQ_0009,S_012,2024-11-29
R_20241129_4898,EQ_0036,S_006,2024-11-29
R_20241129_4899,EQ_0047,S_019,2024-11-29
R_20241129_4900,EQ_0102,S_014,2024-11-29
R_20241129_4901,EQ_0105,S_009,2024-11-29
R_20241129_4902,EQ_0115,S_010,2024-11-29
R_20241129_4903,EQ_0141,S_011,2024-11-29
R_20241129_4904,EQ_0166,S_008,2024-11-29
R_20241129_4905,EQ_0171,S_006,2024-11-29
R_20241129_4906,EQ_0173,S_010,2024-11-29
R_20241129_4907,EQ_0178,S_010,2024-11-29
R_20241129_4908,EQ_0192,S_019,2024-11-29
R_20241129_4909,EQ_0235,S_016,2024-11-29
R_20241129_4910,EQ_0249,S_005,2024-11-29
R_20241129_4911,EQ_0268,S_006,2024-11-29
R_20241130_4912,EQ_0019,S_013,2024-11-30
R_20241130_4913,EQ_0028,S_009,2024-11-30
R_20241130_4914,EQ_0073,S_004,2024-11-30
R_20241130_4915,EQ_0076,S_002,2024-11-30
R_20241130_4916,EQ_0097,S_011,2024-11-30
R_20241130_4917,EQ_0109,S_016,2024-11-30
R_20241130_4918,EQ_0111,S_004,2024-11-30
R_20241130_4919,EQ_0128,S_003,2024-11-30
R_20241130_4920,EQ_0132,S_000,2024-11-30
R_20241130_4921,EQ_0165,S_009,2024-11-30
R_20241130_4922,EQ_0233,S_015,2024-11-30
R_20241130_4923,EQ_0247,S_018,2024-11-30
R_20241130_4924,EQ_0266,S_000,2024-11-30
R_20241130_4925,EQ_0286,S_004,2024-11-30
R_20241201_4926,EQ_0004,S_008,2024-12-01
R_20241201_4927,EQ_0034,S_007,2024-12-01
R_20241201_4928,EQ_0056,S_011,2024-12-01
R_20241201_4929,EQ_0075,S_013,2024-12-01
R_20241201_4930,EQ_0190,S_017,2024-12-01
R_20241201_4931,EQ_0261,S_015,2024-12-01
R_20241201_4932,EQ_0289,S_011,2024-12-01
R_20241201_4933,EQ_0291,S_017,2024-12-01
R_20241202_4934,EQ_0026,S_018,2024-12-02
R_20241202_4935,EQ_0027,S_009,2024-12-02
R_20241202_4936,EQ_0040,S_013,2024-12-02
R_20241202_4937,EQ_0084,S_010,2024-12-02
R_20241202_4938,EQ_0093,S_019,2024-12-02
R_20241202_4939,EQ_0103,S_001,2024-12-02
R_20241202_4940,EQ_0111,S_011,2024-12-02
R_20241202_4941,EQ_0122,S_008,2024-12-02
R_20241202_4942,EQ_0138,S_011,2024-12-02
R_20241202_4943,EQ_0141,S_017,2024-12-02
R_20241202_4944,EQ_0174,S_018,2024-12-02
R_20241202_4945,EQ_0207,S_018,2024-12-02
R_20241202_4946,EQ_0211,S_002,2024-12-02
R_20241202_4947,EQ_0214,S_009,2024-12-02
R_20241202_4948,EQ_0234,S_004,2024-12-02
R_20241202_4949,EQ_0250,S_015,2024-12-02
R_20241202_4950,EQ_0259,S_000,2024-12-02
R_20241202_4951,EQ_0265,S_009,2024-12-02
R_20241202_4952,EQ_0289,S_017,2024-12-02
R_20241202_4953,EQ_0299,S_003,2024-12-02
R_20241203_4954,EQ_0046,S_012,2024-12-03
R_20241203_4955,EQ_0078,S_013,2024-12-03
R_20241203_4956,EQ_0101,S_001,2024-12-03
R_20241203_4957,EQ_0138,S_000,2024-12-03
R_20241203_4958,EQ_0155,S_007,2024-12-03
R_20241203_4959,EQ_0174,S_001,2024-12-03
R_20241203_4960,EQ_0211,S_009,2024-12-03
R_20241203_4961,EQ_0237,S_016,2024-12-03
R_20241203_4962,EQ_0271,S_010,2024-12-03
R_20241203_4963,EQ_0275,S_019,2024-12-03
R_20241203_4964,EQ_0290,S_001,2024-12-03
R_20241203_4965,EQ_0296,S_013,2024-12-03
R_20241204_4966,EQ_0013,S_011,2024-12-04
R_20241204_4967,EQ_0022,S_011,2024-12-04
R_20241204_4968,EQ_0023,S_019,2024-12-04
R_20241204_4969,EQ_0030,S_012,2024-12-04
R_20241204_4970,EQ_0035,S_003,2024-12-04
R_20241204_4971,EQ_0039,S_000,2024-12-04
R_20241204_4972,EQ_0040,S_004,2024-12-04
R_20241204_4973,EQ_0069,S_009,2024-12-04
R_20241204_4974,EQ_0078,S_007,2024-12-04
R_20241204_4975,EQ_0084,S_018,2024-12-04
R_20241204_4976,EQ_0087,S_015,2024-12-04
R_20241204_4977,EQ_0089,S_001,2024-12-04
R_20241204_4978,EQ_0106,S_000,2024-12-04
R_20241204_4979,EQ_0144,S_015,2024-12-04
R_20241204_4980,EQ_0152,S_017,2024-12-04
R_20241204_4981,EQ_0157,S_017,2024-12-04
R_20241204_4982,EQ_0164,S_009,2024-12-04
R_20241204_4983,EQ_0194,S_018,2024-12-04
R_20241204_4984,EQ_0241,S_003,2024-12-04
R_20241204_4985,EQ_0243,S_010,2024-12-04
R_20241204_4986,EQ_0246,S_016,2024-12-04
R_20241204_4987,EQ_0263,S_014,2024-12-04
R_20241205_4988,EQ_0006,S_010,2024-12-05
R_20241205_4989,EQ_0016,S_010,2024-12-05
R_20241205_4990,EQ_0029,S_001,2024-12-05
R_20241205_4991,EQ_0058,S_013,2024-12-05
R_20241205_4992,EQ_0099,S_014,2024-12-05
R_20241205_4993,EQ_0125,S_017,2024-12-05
R_20241205_4994,EQ_0133,S_011,2024-12-05
R_20241205_4995,EQ_0169,S_000,2024-12-05
R_20241205_4996,EQ_0193,S_010,2024-12-05
R_20241205_4997,EQ_0216,S_007,2024-12-05
R_20241205_4998,EQ_0233,S_017,2024-12-05
R_20241205_4999,EQ_0249,S_007,2024-12-05
R_20241205_5000,EQ_0282,S_006,2024-12-05
R_20241205_5001,EQ_0284,S_006,2024-12-05
R_20241206_5002,EQ_0063,S_014,2024-12-06
R_20241206_5003,EQ_0071,S_001,2024-12-06
R_20241206_5004,EQ_0084,S_016,2024-12-06
R_20241206_5005,EQ_0092,S_001,2024-12-06
R_20241206_5006,EQ_0123,S_005,2024-12-06
R_20241206_5007,EQ_0149,S_007,2024-12-06
R_20241206_5008,EQ_0193,S_007,2024-12-06
R_20241206_5009,EQ_0237,S_008,2024-12-06
R_20241206_5010,EQ_0247,S_019,2024-12-06
R_20241206_5011,EQ_0260,S_010,2024-12-06
R_20241207_5012,EQ_0042,S_017,2024-12-07
R_20241207_5013,EQ_0112,S_005,2024-12-07
R_20241207_5014,EQ_0115,S_004,2024-12-07
R_20241207_5015,EQ_0137,S_004,2024-12-07
R_20241207_5016,EQ_0143,S_004,2024-12-07
R_20241207_5017,EQ_0146,S_014,2024-12-07
R_20241207_5018,EQ_0169,S_012,2024-12-07
R_20241207_5019,EQ_0229,S_003,2024-12-07
R_20241207_5020,EQ_0241,S_008,2024-12-07
R_20241207_5021,EQ_0266,S_008,2024-12-07
R_20241207_5022,EQ_0272,S_009,2024-12-07
R_20241207_5023,EQ_0288,S_014,2024-12-07
R_20241208_5024,EQ_0021,S_002,2024-12-08
R_20241208_5025,EQ_0048,S_016,2024-12-08
R_20241208_5026,EQ_0057,S_014,2024-12-08
R_20241208_5027,EQ_0110,S_016,2024-12-08
R_20241208_5028,EQ_0117,S_016,2024-12-08
R_20241208_5029,EQ_0150,S_005,2024-12-08
R_20241208_5030,EQ_0179,S_004,2024-12-08
R_20241208_5031,EQ_0201,S_005,2024-12-08
R_20241208_5032,EQ_0202,S_000,2024-12-08
R_20241208_5033,EQ_0255,S_008,2024-12-08
R_20241208_5034,EQ_0259,S_011,2024-12-08
R_20241208_5035,EQ_0288,S_008,2024-12-08
R_20241208_5036,EQ_0298,S_007,2024-12-08
R_20241209_5037,EQ_0007,S_011,2024-12-09
R_20241209_5038,EQ_0015,S_007,2024-12-09
R_20241209_5039,EQ_0026,S_000,2024-12-09
R_20241209_5040,EQ_0073,S_017,2024-12-09
R_20241209_5041,EQ_0104,S_001,2024-12-09
R_20241209_5042,EQ_0117,S_014,2024-12-09
R_20241209_5043,EQ_0126,S_014,2024-12-09
R_20241209_5044,EQ_0146,S_017,2024-12-09
R_20241209_5045,EQ_0160,S_017,2024-12-09
R_20241209_5046,EQ_0161,S_010,2024-12-09
R_20241209_5047,EQ_0178,S_004,2024-12-09
R_20241209_5048,EQ_0182,S_011,2024-12-09
R_20241209_5049,EQ_0192,S_016,2024-12-09
R_20241209_5050,EQ_0209,S_008,2024-12-09
R_20241209_5051,EQ_0225,S_001,2024-12-09
R_20241209_5052,EQ_0257,S_018,2024-12-09
R_20241209_5053,EQ_0258,S_001,2024-12-09
R_20241209_5054,EQ_0271,S_005,2024-12-09
R_20241209_5055,EQ_0272,S_010,2024-12-09
R_20241209_5056,EQ_0284,S_006,2024-12-09
R_20241210_5057,EQ_0065,S_016,2024-12-10
R_20241210_5058,EQ_0102,S_002,2024-12-10
R_20241210_5059,EQ_0124,S_003,2024-12-10
R_20241210_5060,EQ_0164,S_019,2024-12-10
R_20241210_5061,EQ_0178,S_009,2024-12-10
R_20241210_5062,EQ_0213,S_019,2024-12-10
R_20241210_5063,EQ_0259,S_005,2024-12-10
R_20241210_5064,EQ_0262,S_016,2024-12-10
R_20241210_5065,EQ_0269,S_011,2024-12-10
R_20241210_5066,EQ_0273,S_010,2024-12-10
R_20241210_5067,EQ_0275,S_010,2024-12-10
R_20241210_5068,EQ_0276,S_008,2024-12-10
R_20241210_5069,EQ_0278,S_003,2024-12-10
R_20241211_5070,EQ_0035,S_018,2024-12-11
R_20241211_5071,EQ_0037,S_002,2024-12-11
R_20241211_5072,EQ_0046,S_002,2024-12-11
R_20241211_5073,EQ_0073,S_004,2024-12-11
R_20241211_5074,EQ_0099,S_000,2024-12-11
R_20241211_5075,EQ_0111,S_011,2024-12-11
R_20241211_5076,EQ_0121,S_007,2024-12-11
R_20241211_5077,EQ_0148,S_019,2024-12-11
R_20241211_5078,EQ_0150,S_011,2024-12-11
R_20241211_5079,EQ_0159,S_001,2024-12-11
R_20241211_5080,EQ_0183,S_004,2024-12-11
R_20241211_5081,EQ_0184,S_016,2024-12-11
R_20241211_5082,EQ_0216,S_005,2024-12-11
R_20241211_5083,EQ_0271,S_006,2024-12-11
R_20241211_5084,EQ_0279,S_003,2024-12-11
R_20241211_5085,EQ_0282,S_002,2024-12-11
R_20241211_5086,EQ_0285,S_013,2024-12-11
R_20241212_5087,EQ_0013,S_003,2024-12-12
R_20241212_5088,EQ_0023,S_019,2024-12-12
R_20241212_5089,EQ_0036,S_010,2024-12-12
R_20241212_5090,EQ_0040,S_012,2024-12-12
R_20241212_5091,EQ_0111,S_012,2024-12-12
R_20241212_5092,EQ_0163,S_016,2024-12-12
R_20241212_5093,EQ_0177,S_017,2024-12-12
R_20241212_5094,EQ_0209,S_007,2024-12-12
R_20241212_5095,EQ_0235,S_006,2024-12-12
R_20241212_5096,EQ_0276,S_018,2024-12-12
R_20241213_5097,EQ_0076,S_013,2024-12-13
R_20241213_5098,EQ_0117,S_006,2024-12-13
R_20241213_5099,EQ_0144,S_018,2024-12-13
R_20241213_5100,EQ_0145,S_008,2024-12-13
R_20241213_5101,EQ_0179,S_012,2024-12-13
R_20241213_5102,EQ_0223,S_006,2024-12-13
R_20241213_5103,EQ_0225,S_008,2024-12-13
R_20241213_5104,EQ_0241,S_015,2024-12-13
R_20241213_5105,EQ_0245,S_019,2024-12-13
R_20241213_5106,EQ_0285,S_019,2024-12-13
R_20241213_5107,EQ_0292,S_003,2024-12-13
R_20241214_5108,EQ_0027,S_014,2024-12-14
R_20241214_5109,EQ_0046,S_008,2024-12-14
R_20241214_5110,EQ_0061,S_000,2024-12-14
R_20241214_5111,EQ_0066,S_012,2024-12-14
R_20241214_5112,EQ_0127,S_012,2024-12-14
R_20241214_5113,EQ_0180,S_003,2024-12-14
R_20241214_5114,EQ_0291,S_008,2024-12-14
R_20241215_5115,EQ_0014,S_000,2024-12-15
R_20241215_5116,EQ_0025,S_018,2024-12-15
R_20241215_5117,EQ_0028,S_012,2024-12-15
R_20241215_5118,EQ_0092,S_016,2024-12-15
R_20241215_5119,EQ_0098,S_005,2024-12-15
R_20241215_5120,EQ_0101,S_003,2024-12-15
R_20241215_5121,EQ_0110,S_017,2024-12-15
R_20241215_5122,EQ_0188,S_019,2024-12-15
R_20241215_5123,EQ_0212,S_014,2024-12-15
R_20241215_5124,EQ_0218,S_007,2024-12-15
R_20241215_5125,EQ_0299,S_017,2024-12-15
R_20241216_5126,EQ_0000,S_016,2024-12-16
R_20241216_5127,EQ_0003,S_011,2024-12-16
R_20241216_5128,EQ_0023,S_013,2024-12-16
R_20241216_5129,EQ_0032,S_012,2024-12-16
R_20241216_5130,EQ_0046,S_006,2024-12-16
R_20241216_5131,EQ_0084,S_018,2024-12-16
R_20241216_5132,EQ_0120,S_013,2024-12-16
R_20241216_5133,EQ_0126,S_012,2024-12-16
R_20241216_5134,EQ_0144,S_009,2024-12-16
R_20241216_5135,EQ_0149,S_013,2024-12-16
R_20241216_5136,EQ_0160,S_009,2024-12-16
R_20241216_5137,EQ_0172,S_003,2024-12-16
R_20241216_5138,EQ_0175,S_006,2024-12-16
R_20241216_5139,EQ_0218,S_009,2024-12-16
R_20241216_5140,EQ_0236,S_013,2024-12-16
R_20241216_5141,EQ_0247,S_000,2024-12-16
R_20241216_5142,EQ_0258,S_002,2024-12-16
R_20241216_5143,EQ_0298,S_005,2024-12-16
R_20241217_5144,EQ_0024,S_004,2024-12-17
R_20241217_5145,EQ_0027,S_009,2024-12-17
R_20241217_5146,EQ_0056,S_001,2024-12-17
R_20241217_5147,EQ_0058,S_005,2024-12-17
R_20241217_5148,EQ_0134,S_004,2024-12-17
R_20241217_5149,EQ_0139,S_002,2024-12-17
R_20241217_5150,EQ_0175,S_018,2024-12-17
R_20241217_5151,EQ_0200,S_007,2024-12-17
R_20241217_5152,EQ_0221,S_002,2024-12-17
R_20241217_5153,EQ_0232,S_000,2024-12-17
R_20241217_5154,EQ_0266,S_015,2024-12-17
R_20241217_5155,EQ_0273,S_017,2024-12-17
R_20241218_5156,EQ_0025,S_004,2024-12-18
R_20241218_5157,EQ_0039,S_003,2024-12-18
R_20241218_5158,EQ_0052,S_005,2024-12-18
R_20241218_5159,EQ_0058,S_006,2024-12-18
R_20241218_5160,EQ_0063,S_013,2024-12-18
R_20241218_5161,EQ_0076,S_005,2024-12-18
R_20241218_5162,EQ_0077,S_005,2024-12-18
R_20241218_5163,EQ_0079,S_014,2024-12-18
R_20241218_5164,EQ_0088,S_005,2024-12-18
R_20241218_5165,EQ_0089,S_010,2024-12-18
R_20241218_5166,EQ_0090,S_003,2024-12-18
R_20241218_5167,EQ_0096,S_003,2024-12-18
R_20241218_5168,EQ_0120,S_014,2024-12-18
R_20241218_5169,EQ_0129,S_008,2024-12-18
R_20241218_5170,EQ_0203,S_019,2024-12-18
R_20241218_5171,EQ_0249,S_011,2024-12-18
R_20241218_5172,EQ_0268,S_019,2024-12-18
R_20241218_5173,EQ_0269,S_002,2024-12-18
R_20241218_5174,EQ_0270,S_019,2024-12-18
R_20241218_5175,EQ_0297,S_017,2024-12-18
R_20241219_5176,EQ_0008,S_017,2024-12-19
R_20241219_5177,EQ_0015,S_004,2024-12-19
R_20241219_5178,EQ_0027,S_012,2024-12-19
R_20241219_5179,EQ_0032,S_010,2024-12-19
R_20241219_5180,EQ_0037,S_006,2024-12-19
R_20241219_5181,EQ_0049,S_008,2024-12-19
R_20241219_5182,EQ_0051,S_005,2024-12-19
R_20241219_5183,EQ_0054,S_014,2024-12-19
R_20241219_5184,EQ_0058,S_018,2024-12-19
R_20241219_5185,EQ_0065,S_004,2024-12-19
R_20241219_5186,EQ_0077,S_016,2024-12-19
R_20241219_5187,EQ_0094,S_019,2024-12-19
R_20241219_5188,EQ_0112,S_017,2024-12-19
R_20241219_5189,EQ_0127,S_019,2024-12-19
R_20241219_5190,EQ_0141,S_001,2024-12-19
R_20241219_5191,EQ_0144,S_017,2024-12-19
R_20241219_5192,EQ_0158,S_001,2024-12-19
R_20241219_5193,EQ_0183,S_012,2024-12-19
R_20241219_5194,EQ_0192,S_013,2024-12-19
R_20241219_5195,EQ_0193,S_003,2024-12-19
R_20241219_5196,EQ_0203,S_007,2024-12-19
R_20241219_5197,EQ_0217,S_008,2024-12-19
R_20241219_5198,EQ_0256,S_004,2024-12-19
R_20241219_5199,EQ_0270,S_014,2024-12-19
R_20241219_5200,EQ_0275,S_013,2024-12-19
R_20241219_5201,EQ_0286,S_010,2024-12-19
R_20241219_5202,EQ_0288,S_019,2024-12-19
R_20241219_5203,EQ_0299,S_002,2024-12-19
R_20241220_5204,EQ_0003,S_004,2024-12-20
R_20241220_5205,EQ_0018,S_015,2024-12-20
R_20241220_5206,EQ_0025,S_009,2024-12-20
R_20241220_5207,EQ_0045,S_005,2024-12-20
R_20241220_5208,EQ_0060,S_006,2024-12-20
R_20241220_5209,EQ_0061,S_013,2024-12-20
R_20241220_5210,EQ_0094,S_018,2024-12-20
R_20241220_5211,EQ_0096,S_007,2024-12-20
R_20241220_5212,EQ_0107,S_016,2024-12-20
R_20241220_5213,EQ_0108,S_002,2024-12-20
R_20241220_5214,EQ_0111,S_001,2024-12-20
R_20241220_5215,EQ_0134,S_016,2024-12-20
R_20241220_5216,EQ_0176,S_007,2024-12-20
R_20241220_5217,EQ_0201,S_005,2024-12-20
R_20241220_5218,EQ_0211,S_010,2024-12-20
R_20241220_5219,EQ_0214,S_019,2024-12-20
R_20241221_5220,EQ_0018,S_001,2024-12-21
R_20241221_5221,EQ_0077,S_015,2024-12-21
R_20241221_5222,EQ_0126,S_000,2024-12-21
R_20241221_5223,EQ_0129,S_004,2024-12-21
R_20241221_5224,EQ_0143,S_018,2024-12-21
R_20241221_5225,EQ_0166,S_002,2024-12-21
R_20241221_5226,EQ_0172,S_018,2024-12-21
R_20241221_5227,EQ_0258,S_017,2024-12-21
R_20241221_5228,EQ_0274,S_013,2024-12-21
R_20241221_5229,EQ_0280,S_017,2024-12-21
R_20241222_5230,EQ_0002,S_000,2024-12-22
R_20241222_5231,EQ_0058,S_017,2024-12-22
R_20241222_5232,EQ_0080,S_001,2024-12-22
R_20241222_5233,EQ_0096,S_011,2024-12-22
R_20241222_5234,EQ_0111,S_001,2024-12-22
R_20241222_5235,EQ_0117,S_011,2024-12-22
R_20241222_5236,EQ_0135,S_017,2024-12-22
R_20241222_5237,EQ_0188,S_013,2024-12-22
R_20241222_5238,EQ_0197,S_017,2024-12-22
R_20241222_5239,EQ_0221,S_003,2024-12-22
R_20241222_5240,EQ_0224,S_005,2024-12-22
R_20241222_5241,EQ_0258,S_014,2024-12-22
R_20241222_5242,EQ_0287,S_002,2024-12-22
R_20241222_5243,EQ_0293,S_015,2024-12-22
R_20241223_5244,EQ_0012,S_009,2024-12-23
R_20241223_5245,EQ_0039,S_000,2024-12-23
R_20241223_5246,EQ_0043,S_014,2024-12-23
R_20241223_5247,EQ_0067,S_008,2024-12-23
R_20241223_5248,EQ_0107,S_007,2024-12-23
R_20241223_5249,EQ_0154,S_019,2024-12-23
R_20241223_5250,EQ_0191,S_010,2024-12-23
R_20241223_5251,EQ_0202,S_019,2024-12-23
R_20241223_5252,EQ_0203,S_019,2024-12-23
R_20241223_5253,EQ_0234,S_001,2024-12-23
R_20241223_5254,EQ_0237,S_010,2024-12-23
R_20241223_5255,EQ_0265,S_010,2024-12-23
R_20241223_5256,EQ_0285,S_016,2024-12-23
R_20241223_5257,EQ_0291,S_005,2024-12-23
R_20241223_5258,EQ_0294,S_018,2024-12-23
R_20241224_5259,EQ_0012,S_009,2024-12-24
R_20241224_5260,EQ_0033,S_013,2024-12-24
R_20241224_5261,EQ_0043,S_003,2024-12-24
R_20241224_5262,EQ_0045,S_009,2024-12-24
R_20241224_5263,EQ_0077,S_016,2024-12-24
R_20241224_5264,EQ_0078,S_016,2024-12-24
R_20241224_5265,EQ_0096,S_008,2024-12-24
R_20241224_5266,EQ_0109,S_018,2024-12-24
R_20241224_5267,EQ_0123,S_002,2024-12-24
R_20241224_5268,EQ_0162,S_002,2024-12-24
R_20241224_5269,EQ_0168,S_017,2024-12-24
R_20241224_5270,EQ_0187,S_009,2024-12-24
R_20241224_5271,EQ_0192,S_008,2024-12-24
R_20241224_5272,EQ_0229,S_015,2024-12-24
R_20241224_5273,EQ_0234,S_015,2024-12-24
R_20241224_5274,EQ_0268,S_011,2024-12-24
R_20241225_5275,EQ_0027,S_014,2024-12-25
R_20241225_5276,EQ_0044,S_006,2024-12-25
R_20241225_5277,EQ_0057,S_009,2024-12-25
R_20241225_5278,EQ_0081,S_014,2024-12-25
R_20241225_5279,EQ_0103,S_009,2024-12-25
R_20241225_5280,EQ_0150,S_012,2024-12-25
R_20241225_5281,EQ_0157,S_007,2024-12-25
R_20241225_5282,EQ_0182,S_014,2024-12-25
R_20241225_5283,EQ_0213,S_012,2024-12-25
R_20241225_5284,EQ_0217,S_016,2024-12-25
R_20241225_5285,EQ_0218,S_007,2024-12-25
R_20241225_5286,EQ_0240,S_004,2024-12-25
R_20241225_5287,EQ_0271,S_011,2024-12-25
R_20241226_5288,EQ_0012,S_007,2024-12-26
R_20241226_5289,EQ_0019,S_006,2024-12-26
R_20241226_5290,EQ_0021,S_016,2024-12-26
R_20241226_5291,EQ_0032,S_014,2024-12-26
R_20241226_5292,EQ_0033,S_016,2024-12-26
R_20241226_5293,EQ_0048,S_009,2024-12-26
R_20241226_5294,EQ_0089,S_007,2024-12-26
R_20241226_5295,EQ_0095,S_009,2024-12-26
R_20241226_5296,EQ_0105,S_012,2024-12-26
R_20241226_5297,EQ_0140,S_014,2024-12-26
R_20241226_5298,EQ_0172,S_006,2024-12-26
R_20241226_5299,EQ_0200,S_011,2024-12-26
R_20241226_5300,EQ_0228,S_011,2024-12-26
R_20241226_5301,EQ_0229,S_009,2024-12-26
R_20241226_5302,EQ_0232,S_016,2024-12-26
R_20241226_5303,EQ_0283,S_003,2024-12-26
R_20241226_5304,EQ_0287,S_016,2024-12-26
R_20241227_5305,EQ_0019,S_002,2024-12-27
R_20241227_5306,EQ_0044,S_019,2024-12-27
R_20241227_5307,EQ_0067,S_008,2024-12-27
R_20241227_5308,EQ_0071,S_005,2024-12-27
R_20241227_5309,EQ_0113,S_019,2024-12-27
R_20241227_5310,EQ_0178,S_010,2024-12-27
R_20241227_5311,EQ_0189,S_011,2024-12-27
R_20241227_5312,EQ_0193,S_015,2024-12-27
R_20241227_5313,EQ_0214,S_002,2024-12-27
R_20241227_5314,EQ_0227,S_008,2024-12-27
R_20241227_5315,EQ_0230,S_005,2024-12-27
R_20241227_5316,EQ_0233,S_000,2024-12-27
R_20241227_5317,EQ_0240,S_018,2024-12-27
R_20241227_5318,EQ_0244,S_012,2024-12-27
R_20241227_5319,EQ_0253,S_009,2024-12-27
R_20241227_5320,EQ_0265,S_019,2024-12-27
R_20241227_5321,EQ_0275,S_000,2024-12-27
R_20241227_5322,EQ_0289,S_004,2024-12-27
R_20241228_5323,EQ_0020,S_005,2024-12-28
R_20241228_5324,EQ_0022,S_012,2024-12-28
R_20241228_5325,EQ_0033,S_006,2024-12-28
R_20241228_5326,EQ_0037,S_007,2024-12-28
R_20241228_5327,EQ_0040,S_019,2024-12-28
R_20241228_5328,EQ_0088,S_007,2024-12-28
R_20241228_5329,EQ_0096,S_016,2024-12-28
R_20241228_5330,EQ_0102,S_017,2024-12-28
R_20241228_5331,EQ_0131,S_000,2024-12-28
R_20241228_5332,EQ_0160,S_001,2024-12-28
R_20241228_5333,EQ_0165,S_011,2024-12-28
R_20241228_5334,EQ_0168,S_011,2024-12-28
R_20241228_5335,EQ_0182,S_014,2024-12-28
R_20241228_5336,EQ_0214,S_019,2024-12-28
R_20241228_5337,EQ_0250,S_001,2024-12-28
R_20241228_5338,EQ_0272,S_010,2024-12-28
R_20241229_5339,EQ_0035,S_000,2024-12-29
R_20241229_5340,EQ_0045,S_010,2024-12-29
R_20241229_5341,EQ_0063,S_013,2024-12-29
R_20241229_5342,EQ_0074,S_016,2024-12-29
R_20241229_5343,EQ_0104,S_001,2024-12-29
R_20241229_5344,EQ_0108,S_015,2024-12-29
R_20241229_5345,EQ_0120,S_017,2024-12-29
R_20241229_5346,EQ_0135,S_004,2024-12-29
R_20241229_5347,EQ_0154,S_009,2024-12-29
R_20241229_5348,EQ_0192,S_012,2024-12-29
R_20241229_5349,EQ_0219,S_000,2024-12-29
R_20241229_5350,EQ_0229,S_019,2024-12-29
R_20241229_5351,EQ_0294,S_004,2024-12-29
R_20241230_5352,EQ_0027,S_013,2024-12-30
R_20241230_5353,EQ_0060,S_013,2024-12-30
R_20241230_5354,EQ_0067,S_009,2024-12-30
R_20241230_5355,EQ_0069,S_011,2024-12-30
R_20241230_5356,EQ_0088,S_011,2024-12-30
R_20241230_5357,EQ_0091,S_007,2024-12-30
R_20241230_5358,EQ_0136,S_013,2024-12-30
R_20241230_5359,EQ_0138,S_016,2024-12-30
R_20241230_5360,EQ_0140,S_011,2024-12-30
R_20241230_5361,EQ_0219,S_015,2024-12-30
R_20241231_5362,EQ_0000,S_001,2024-12-31
R_20241231_5363,EQ_0002,S_013,2024-12-31
R_20241231_5364,EQ_0003,S_000,2024-12-31
R_20241231_5365,EQ_0037,S_013,2024-12-31
R_20241231_5366,EQ_0061,S_003,2024-12-31
R_20241231_5367,EQ_0094,S_008,2024-12-31
R_20241231_5368,EQ_0098,S_002,2024-12-31
R_20241231_5369,EQ_0104,S_015,2024-12-31
R_20241231_5370,EQ_0130,S_016,2024-12-31
R_20241231_5371,EQ_0133,S_007,2024-12-31
R_20241231_5372,EQ_0155,S_012,2024-12-31
R_20241231_5373,EQ_0161,S_019,2024-12-31
R_20241231_5374,EQ_0170,S_019,2024-12-31
R_20241231_5375,EQ_0194,S_003,2024-12-31
R_20241231_5376,EQ_0203,S_002,2024-12-31
R_20241231_5377,EQ_0212,S_006,2024-12-31
R_20241231_5378,EQ_0213,S_015,2024-12-31
R_20241231_5379,EQ_0221,S_017,2024-12-31
R_20241231_5380,EQ_0223,S_012,2024-12-31
R_20250101_5381,EQ_0008,S_017,2025-01-01
R_20250101_5382,EQ_0023,S_016,2025-01-01
R_20250101_5383,EQ_0034,S_013,2025-01-01
R_20250101_5384,EQ_0083,S_019,2025-01-01
R_20250101_5385,EQ_0088,S_015,2025-01-01
R_20250101_5386,EQ_0127,S_003,2025-01-01
R_20250101_5387,EQ_0134,S_002,2025-01-01
R_20250101_5388,EQ_0137,S_019,2025-01-01
R_20250101_5389,EQ_0179,S_017,2025-01-01
R_20250101_5390,EQ_0211,S_015,2025-01-01
R_20250101_5391,EQ_0221,S_013,2025-01-01
R_20250101_5392,EQ_0254,S_008,2025-01-01
R_20250101_5393,EQ_0258,S_009,2025-01-01
R_20250101_5394,EQ_0265,S_007,2025-01-01
R_20250101_5395,EQ_0277,S_007,2025-01-01
R_20250101_5396,EQ_0278,S_017,2025-01-01
R_20250102_5397,EQ_0008,S_003,2025-01-02
R_20250102_5398,EQ_0023,S_001,2025-01-02
R_20250102_5399,EQ_0080,S_017,2025-01-02
R_20250102_5400,EQ_0108,S_013,2025-01-02
R_20250102_5401,EQ_0114,S_019,2025-01-02
R_20250102_5402,EQ_0119,S_014,2025-01-02
R_20250102_5403,EQ_0123,S_006,2025-01-02
R_20250102_5404,EQ_0156,S_018,2025-01-02
R_20250102_5405,EQ_0171,S_001,2025-01-02
R_20250102_5406,EQ_0172,S_016,2025-01-02
R_20250102_5407,EQ_0218,S_009,2025-01-02
R_20250102_5408,EQ_0220,S_015,2025-01-02
R_20250102_5409,EQ_0293,S_015,2025-01-02
R_20250102_5410,EQ_0294,S_003,2025-01-02
R_20250103_5411,EQ_0055,S_003,2025-01-03
R_20250103_5412,EQ_0090,S_004,2025-01-03
R_20250103_5413,EQ_0098,S_008,2025-01-03
R_20250103_5414,EQ_0124,S_004,2025-01-03
R_20250103_5415,EQ_0126,S_013,2025-01-03
R_20250103_5416,EQ_0163,S_014,2025-01-03
R_20250103_5417,EQ_0171,S_006,2025-01-03
R_20250103_5418,EQ_0207,S_012,2025-01-03
R_20250103_5419,EQ_0259,S_016,2025-01-03
R_20250103_5420,EQ_0291,S_004,2025-01-03
R_20250104_5421,EQ_0012,S_006,2025-01-04
R_20250104_5422,EQ_0033,S_011,2025-01-04
R_20250104_5423,EQ_0046,S_010,2025-01-04
R_20250104_5424,EQ_0097,S_006,2025-01-04
R_20250104_5425,EQ_0107,S_019,2025-01-04
R_20250104_5426,EQ_0122,S_004,2025-01-04
R_20250104_5427,EQ_0127,S_001,2025-01-04
R_20250104_5428,EQ_0167,S_016,2025-01-04
R_20250104_5429,EQ_0181,S_014,2025-01-04
R_20250104_5430,EQ_0206,S_016,2025-01-04
R_20250104_5431,EQ_0219,S_011,2025-01-04
R_20250104_5432,EQ_0221,S_001,2025-01-04
R_20250104_5433,EQ_0234,S_001,2025-01-04
R_20250104_5434,EQ_0260,S_014,2025-01-04
R_20250104_5435,EQ_0291,S_016,2025-01-04
R_20250105_5436,EQ_0001,S_005,2025-01-05
R_20250105_5437,EQ_0015,S_016,2025-01-05
R_20250105_5438,EQ_0026,S_016,2025-01-05
R_20250105_5439,EQ_0028,S_012,2025-01-05
R_20250105_5440,EQ_0065,S_018,2025-01-05
R_20250105_5441,EQ_0143,S_015,2025-01-05
R_20250105_5442,EQ_0158,S_017,2025-01-05
R_20250105_5443,EQ_0160,S_006,2025-01-05
R_20250105_5444,EQ_0163,S_012,2025-01-05
R_20250105_5445,EQ_0169,S_015,2025-01-05
R_20250105_5446,EQ_0187,S_008,2025-01-05
R_20250105_5447,EQ_0209,S_017,2025-01-05
R_20250105_5448,EQ_0222,S_009,2025-01-05
R_20250105_5449,EQ_0227,S_000,2025-01-05
R_20250105_5450,EQ_0253,S_002,2025-01-05
R_20250105_5451,EQ_0283,S_006,2025-01-05
R_20250106_5452,EQ_0013,S_001,2025-01-06
R_20250106_5453,EQ_0019,S_006,2025-01-06
R_20250106_5454,EQ_0036,S_012,2025-01-06
R_20250106_5455,EQ_0047,S_005,2025-01-06
R_20250106_5456,EQ_0054,S_015,2025-01-06
R_20250106_5457,EQ_0056,S_012,2025-01-06
R_20250106_5458,EQ_0063,S_000,2025-01-06
R_20250106_5459,EQ_0064,S_006,2025-01-06
R_20250106_5460,EQ_0069,S_018,2025-01-06
R_20250106_5461,EQ_0090,S_016,2025-01-06
R_20250106_5462,EQ_0120,S_000,2025-01-06
R_20250106_5463,EQ_0122,S_015,2025-01-06
R_20250106_5464,EQ_0140,S_005,2025-01-06
R_20250106_5465,EQ_0141,S_019,2025-01-06
R_20250106_5466,EQ_0155,S_009,2025-01-06
R_20250106_5467,EQ_0156,S_006,2025-01-06
R_20250106_5468,EQ_0171,S_019,2025-01-06
R_20250106_5469,EQ_0203,S_006,2025-01-06
R_20250106_5470,EQ_0239,S_016,2025-01-06
R_20250106_5471,EQ_0247,S_013,2025-01-06
R_20250106_5472,EQ_0257,S_010,2025-01-06
R_20250107_5473,EQ_0022,S_002,2025-01-07
R_20250107_5474,EQ_0023,S_016,2025-01-07
R_20250107_5475,EQ_0027,S_018,2025-01-07
R_20250107_5476,EQ_0034,S_009,2025-01-07
R_20250107_5477,EQ_0153,S_001,2025-01-07
R_20250107_5478,EQ_0163,S_018,2025-01-07
R_20250107_5479,EQ_0167,S_002,2025-01-07
R_20250107_5480,EQ_0168,S_003,2025-01-07
R_20250107_5481,EQ_0207,S_019,2025-01-07
R_20250107_5482,EQ_0213,S_004,2025-01-07
R_20250107_5483,EQ_0215,S_001,2025-01-07
R_20250107_5484,EQ_0254,S_014,2025-01-07
R_20250107_5485,EQ_0255,S_006,2025-01-07
R_20250107_5486,EQ_0260,S_006,2025-01-07
R_20250108_5487,EQ_0027,S_016,2025-01-08
R_20250108_5488,EQ_0028,S_016,2025-01-08
R_20250108_5489,EQ_0098,S_008,2025-01-08
R_20250108_5490,EQ_0101,S_010,2025-01-08
R_20250108_5491,EQ_0103,S_015,2025-01-08
R_20250108_5492,EQ_0118,S_018,2025-01-08
R_20250108_5493,EQ_0163,S_002,2025-01-08
R_20250108_5494,EQ_0165,S_000,2025-01-08
R_20250108_5495,EQ_0181,S_015,2025-01-08
R_20250108_5496,EQ_0210,S_004,2025-01-08
R_20250108_5497,EQ_0222,S_011,2025-01-08
R_20250108_5498,EQ_0250,S_002,2025-01-08
R_20250108_5499,EQ_0261,S_001,2025-01-08
R_20250109_5500,EQ_0001,S_005,2025-01-09
R_20250109_5501,EQ_0034,S_015,2025-01-09
R_20250109_5502,EQ_0036,S_007,2025-01-09
R_20250109_5503,EQ_0040,S_007,2025-01-09
R_20250109_5504,EQ_0044,S_017,2025-01-09
R_20250109_5505,EQ_0064,S_018,2025-01-09
R_20250109_5506,EQ_0080,S_013,2025-01-09
R_20250109_5507,EQ_0118,S_002,2025-01-09
R_20250109_5508,EQ_0159,S_017,2025-01-09
R_20250109_5509,EQ_0175,S_008,2025-01-09
R_20250109_5510,EQ_0228,S_011,2025-01-09
R_20250109_5511,EQ_0246,S_002,2025-01-09
R_20250109_5512,EQ_0270,S_002,2025-01-09
R_20250109_5513,EQ_0291,S_014,2025-01-09
R_20250109_5514,EQ_0296,S_002,2025-01-09
R_20250110_5515,EQ_0018,S_013,2025-01-10
R_20250110_5516,EQ_0036,S_000,2025-01-10
R_20250110_5517,EQ_0045,S_019,2025-01-10
R_20250110_5518,EQ_0079,S_018,2025-01-10
R_20250110_5519,EQ_0129,S_011,2025-01-10
R_20250110_5520,EQ_0144,S_000,2025-01-10
R_20250110_5521,EQ_0152,S_001,2025-01-10
R_20250110_5522,EQ_0170,S_004,2025-01-10
R_20250110_5523,EQ_0190,S_011,2025-01-10
R_20250110_5524,EQ_0194,S_017,2025-01-10
R_20250110_5525,EQ_0199,S_013,2025-01-10
R_20250110_5526,EQ_0213,S_008,2025-01-10
R_20250110_5527,EQ_0244,S_007,2025-01-10
R_20250111_5528,EQ_0009,S_019,2025-01-11
R_20250111_5529,EQ_0032,S_011,2025-01-11
R_20250111_5530,EQ_0040,S_002,2025-01-11
R_20250111_5531,EQ_0048,S_019,2025-01-11
R_20250111_5532,EQ_0059,S_002,2025-01-11
R_20250111_5533,EQ_0067,S_007,2025-01-11
R_20250111_5534,EQ_0075,S_014,2025-01-11
R_20250111_5535,EQ_0108,S_007,2025-01-11
R_20250111_5536,EQ_0126,S_002,2025-01-11
R_20250111_5537,EQ_0140,S_009,2025-01-11
R_20250111_5538,EQ_0143,S_012,2025-01-11
R_20250111_5539,EQ_0207,S_012,2025-01-11
R_20250111_5540,EQ_0220,S_012,2025-01-11
R_20250111_5541,EQ_0225,S_000,2025-01-11
R_20250111_5542,EQ_0241,S_019,2025-01-11
R_20250111_5543,EQ_0269,S_005,2025-01-11
R_20250111_5544,EQ_0288,S_004,2025-01-11
R_20250112_5545,EQ_0002,S_018,2025-01-12
R_20250112_5546,EQ_0015,S_009,2025-01-12
R_20250112_5547,EQ_0064,S_000,2025-01-12
R_20250112_5548,EQ_0074,S_013,2025-01-12
R_20250112_5549,EQ_0076,S_009,2025-01-12
R_20250112_5550,EQ_0093,S_013,2025-01-12
R_20250112_5551,EQ_0105,S_006,2025-01-12
R_20250112_5552,EQ_0140,S_018,2025-01-12
R_20250112_5553,EQ_0161,S_016,2025-01-12
R_20250112_5554,EQ_0166,S_014,2025-01-12
R_20250112_5555,EQ_0180,S_002,2025-01-12
R_20250112_5556,EQ_0181,S_015,2025-01-12
R_20250112_5557,EQ_0198,S_012,2025-01-12
R_20250112_5558,EQ_0213,S_005,2025-01-12
R_20250112_5559,EQ_0216,S_013,2025-01-12
R_20250112_5560,EQ_0238,S_005,2025-01-12
R_20250112_5561,EQ_0256,S_007,2025-01-12
R_20250112_5562,EQ_0259,S_014,2025-01-12
R_20250112_5563,EQ_0266,S_013,2025-01-12
R_20250112_5564,EQ_0272,S_006,2025-01-12
R_20250112_5565,EQ_0273,S_010,2025-01-12
R_20250113_5566,EQ_0018,S_017,2025-01-13
R_20250113_5567,EQ_0025,S_008,2025-01-13
R_20250113_5568,EQ_0050,S_006,2025-01-13
R_20250113_5569,EQ_0058,S_003,2025-01-13
R_20250113_5570,EQ_0088,S_007,2025-01-13
R_20250113_5571,EQ_0097,S_010,2025-01-13
R_20250113_5572,EQ_0105,S_002,2025-01-13
R_20250113_5573,EQ_0128,S_018,2025-01-13
R_20250113_5574,EQ_0149,S_003,2025-01-13
R_20250113_5575,EQ_0194,S_008,2025-01-13
R_20250113_5576,EQ_0195,S_012,2025-01-13
R_20250113_5577,EQ_0207,S_004,2025-01-13
R_20250113_5578,EQ_0218,S_013,2025-01-13
R_20250113_5579,EQ_0224,S_001,2025-01-13
R_20250113_5580,EQ_0227,S_002,2025-01-13
R_20250113_5581,EQ_0260,S_007,2025-01-13
R_20250113_5582,EQ_0268,S_018,2025-01-13
R_20250113_5583,EQ_0271,S_001,2025-01-13
R_20250114_5584,EQ_0049,S_005,2025-01-14
R_20250114_5585,EQ_0064,S_005,2025-01-14
R_20250114_5586,EQ_0071,S_006,2025-01-14
R_20250114_5587,EQ_0072,S_015,2025-01-14
R_20250114_5588,EQ_0084,S_013,2025-01-14
R_20250114_5589,EQ_0104,S_001,2025-01-14
R_20250114_5590,EQ_0109,S_006,2025-01-14
R_20250114_5591,EQ_0110,S_017,2025-01-14
R_20250114_5592,EQ_0133,S_002,2025-01-14
R_20250114_5593,EQ_0147,S_016,2025-01-14
R_20250114_5594,EQ_0172,S_009,2025-01-14
R_20250114_5595,EQ_0202,S_012,2025-01-14
R_20250114_5596,EQ_0217,S_011,2025-01-14
R_20250114_5597,EQ_0222,S_008,2025-01-14
R_20250114_5598,EQ_0241,S_013,2025-01-14
R_20250114_5599,EQ_0250,S_011,2025-01-14
R_20250114_5600,EQ_0272,S_018,2025-01-14
R_20250114_5601,EQ_0282,S_002,2025-01-14
R_20250115_5602,EQ_0005,S_014,2025-01-15
R_20250115_5603,EQ_0014,S_000,2025-01-15
R_20250115_5604,EQ_0043,S_003,2025-01-15
R_20250115_5605,EQ_0049,S_016,2025-01-15
R_20250115_5606,EQ_0054,S_004,2025-01-15
R_20250115_5607,EQ_0069,S_006,2025-01-15
R_20250115_5608,EQ_0077,S_001,2025-01-15
R_20250115_5609,EQ_0110,S_011,2025-01-15
R_20250115_5610,EQ_0115,S_013,2025-01-15
R_20250115_5611,EQ_0155,S_006,2025-01-15
R_20250115_5612,EQ_0181,S_017,2025-01-15
R_20250115_5613,EQ_0184,S_005,2025-01-15
R_20250115_5614,EQ_0185,S_019,2025-01-15
R_20250115_5615,EQ_0193,S_010,2025-01-15
R_20250115_5616,EQ_0255,S_014,2025-01-15
R_20250115_5617,EQ_0273,S_019,2025-01-15
R_20250116_5618,EQ_0050,S_006,2025-01-16
R_20250116_5619,EQ_0067,S_002,2025-01-16
R_20250116_5620,EQ_0084,S_017,2025-01-16
R_20250116_5621,EQ_0092,S_011,2025-01-16
R_20250116_5622,EQ_0096,S_016,2025-01-16
R_20250116_5623,EQ_0099,S_011,2025-01-16
R_20250116_5624,EQ_0100,S_018,2025-01-16
R_20250116_5625,EQ_0110,S_004,2025-01-16
R_20250116_5626,EQ_0184,S_000,2025-01-16
R_20250116_5627,EQ_0228,S_008,2025-01-16
R_20250116_5628,EQ_0274,S_018,2025-01-16
R_20250116_5629,EQ_0275,S_008,2025-01-16
R_20250116_5630,EQ_0276,S_002,2025-01-16
R_20250117_5631,EQ_0021,S_000,2025-01-17
R_20250117_5632,EQ_0042,S_005,2025-01-17
R_20250117_5633,EQ_0044,S_010,2025-01-17
R_20250117_5634,EQ_0057,S_005,2025-01-17
R_20250117_5635,EQ_0069,S_006,2025-01-17
R_20250117_5636,EQ_0121,S_013,2025-01-17
R_20250117_5637,EQ_0123,S_000,2025-01-17
R_20250117_5638,EQ_0132,S_006,2025-01-17
R_20250117_5639,EQ_0158,S_012,2025-01-17
R_20250117_5640,EQ_0225,S_019,2025-01-17
R_20250117_5641,EQ_0231,S_018,2025-01-17
R_20250117_5642,EQ_0270,S_010,2025-01-17
R_20250118_5643,EQ_0005,S_004,2025-01-18
R_20250118_5644,EQ_0013,S_001,2025-01-18
R_20250118_5645,EQ_0018,S_013,2025-01-18
R_20250118_5646,EQ_0024,S_005,2025-01-18
R_20250118_5647,EQ_0034,S_003,2025-01-18
R_20250118_5648,EQ_0054,S_012,2025-01-18
R_20250118_5649,EQ_0055,S_000,2025-01-18
R_20250118_5650,EQ_0058,S_013,2025-01-18
R_20250118_5651,EQ_0070,S_005,2025-01-18
R_20250118_5652,EQ_0077,S_006,2025-01-18
R_20250118_5653,EQ_0117,S_007,2025-01-18
R_20250118_5654,EQ_0118,S_016,2025-01-18
R_20250118_5655,EQ_0151,S_015,2025-01-18
R_20250118_5656,EQ_0158,S_005,2025-01-18
R_20250118_5657,EQ_0168,S_016,2025-01-18
R_20250118_5658,EQ_0176,S_005,2025-01-18
R_20250118_5659,EQ_0179,S_001,2025-01-18
R_20250118_5660,EQ_0190,S_008,2025-01-18
R_20250118_5661,EQ_0192,S_013,2025-01-18
R_20250118_5662,EQ_0196,S_000,2025-01-18
R_20250118_5663,EQ_0201,S_019,2025-01-18
R_20250118_5664,EQ_0203,S_005,2025-01-18
R_20250118_5665,EQ_0208,S_008,2025-01-18
R_20250118_5666,EQ_0237,S_003,2025-01-18
R_20250118_5667,EQ_0283,S_019,2025-01-18
R_20250118_5668,EQ_0292,S_013,2025-01-18
R_20250118_5669,EQ_0293,S_007,2025-01-18
R_20250119_5670,EQ_0008,S_000,2025-01-19
R_20250119_5671,EQ_0012,S_004,2025-01-19
R_20250119_5672,EQ_0048,S_007,2025-01-19
R_20250119_5673,EQ_0076,S_019,2025-01-19
R_20250119_5674,EQ_0079,S_007,2025-01-19
R_20250119_5675,EQ_0090,S_002,2025-01-19
R_20250119_5676,EQ_0100,S_016,2025-01-19
R_20250119_5677,EQ_0115,S_010,2025-01-19
R_20250119_5678,EQ_0118,S_000,2025-01-19
R_20250119_5679,EQ_0149,S_019,2025-01-19
R_20250119_5680,EQ_0161,S_018,2025-01-19
R_20250119_5681,EQ_0177,S_017,2025-01-19
R_20250119_5682,EQ_0182,S_005,2025-01-19
R_20250119_5683,EQ_0188,S_012,2025-01-19
R_20250119_5684,EQ_0200,S_011,2025-01-19
R_20250119_5685,EQ_0204,S_007,2025-01-19
R_20250119_5686,EQ_0212,S_008,2025-01-19
R_20250119_5687,EQ_0216,S_010,2025-01-19
R_20250119_5688,EQ_0221,S_019,2025-01-19
R_20250119_5689,EQ_0226,S_004,2025-01-19
R_20250120_5690,EQ_0028,S_000,2025-01-20
R_20250120_5691,EQ_0037,S_018,2025-01-20
R_20250120_5692,EQ_0051,S_014,2025-01-20
R_20250120_5693,EQ_0066,S_006,2025-01-20
R_20250120_5694,EQ_0088,S_018,2025-01-20
R_20250120_5695,EQ_0098,S_010,2025-01-20
R_20250120_5696,EQ_0114,S_019,2025-01-20
R_20250120_5697,EQ_0167,S_006,2025-01-20
R_20250120_5698,EQ_0175,S_009,2025-01-20
R_20250120_5699,EQ_0188,S_019,2025-01-20
R_20250120_5700,EQ_0190,S_003,2025-01-20
R_20250120_5701,EQ_0191,S_013,2025-01-20
R_20250120_5702,EQ_0206,S_002,2025-01-20
R_20250120_5703,EQ_0219,S_016,2025-01-20
R_20250120_5704,EQ_0247,S_002,2025-01-20
R_20250120_5705,EQ_0291,S_009,2025-01-20
R_20250120_5706,EQ_0294,S_000,2025-01-20
R_20250121_5707,EQ_0002,S_000,2025-01-21
R_20250121_5708,EQ_0010,S_012,2025-01-21
R_20250121_5709,EQ_0016,S_019,2025-01-21
R_20250121_5710,EQ_0018,S_003,2025-01-21
R_20250121_5711,EQ_0029,S_013,2025-01-21
R_20250121_5712,EQ_0039,S_014,2025-01-21
R_20250121_5713,EQ_0062,S_011,2025-01-21
R_20250121_5714,EQ_0064,S_004,2025-01-21
R_20250121_5715,EQ_0065,S_015,2025-01-21
R_20250121_5716,EQ_0088,S_018,2025-01-21
R_20250121_5717,EQ_0096,S_000,2025-01-21
R_20250121_5718,EQ_0106,S_017,2025-01-21
R_20250121_5719,EQ_0116,S_006,2025-01-21
R_20250121_5720,EQ_0143,S_010,2025-01-21
R_20250121_5721,EQ_0158,S_016,2025-01-21
R_20250121_5722,EQ_0177,S_008,2025-01-21
R_20250121_5723,EQ_0181,S_019,2025-01-21
R_20250121_5724,EQ_0202,S_007,2025-01-21
R_20250121_5725,EQ_0221,S_006,2025-01-21
R_20250121_5726,EQ_0223,S_008,2025-01-21
R_20250121_5727,EQ_0252,S_008,2025-01-21
R_20250121_5728,EQ_0263,S_016,2025-01-21
R_20250122_5729,EQ_0020,S_012,2025-01-22
R_20250122_5730,EQ_0025,S_008,2025-01-22
R_20250122_5731,EQ_0035,S_003,2025-01-22
R_20250122_5732,EQ_0041,S_014,2025-01-22
R_20250122_5733,EQ_0071,S_006,2025-01-22
R_20250122_5734,EQ_0080,S_002,2025-01-22
R_20250122_5735,EQ_0090,S_005,2025-01-22
R_20250122_5736,EQ_0134,S_014,2025-01-22
R_20250122_5737,EQ_0151,S_010,2025-01-22
R_20250122_5738,EQ_0193,S_017,2025-01-22
R_20250122_5739,EQ_0222,S_014,2025-01-22
R_20250123_5740,EQ_0024,S_014,2025-01-23
R_20250123_5741,EQ_0066,S_013,2025-01-23
R_20250123_5742,EQ_0070,S_006,2025-01-23
R_20250123_5743,EQ_0079,S_007,2025-01-23
R_20250123_5744,EQ_0095,S_009,2025-01-23
R_20250123_5745,EQ_0113,S_009,2025-01-23
R_20250123_5746,EQ_0128,S_000,2025-01-23
R_20250123_5747,EQ_0143,S_010,2025-01-23
R_20250123_5748,EQ_0197,S_008,2025-01-23
R_20250123_5749,EQ_0228,S_011,2025-01-23
R_20250123_5750,EQ_0229,S_006,2025-01-23
R_20250123_5751,EQ_0231,S_005,2025-01-23
R_20250124_5752,EQ_0005,S_007,2025-01-24
R_20250124_5753,EQ_0034,S_004,2025-01-24
R_20250124_5754,EQ_0038,S_003,2025-01-24
R_20250124_5755,EQ_0078,S_019,2025-01-24
R_20250124_5756,EQ_0184,S_002,2025-01-24
R_20250124_5757,EQ_0220,S_010,2025-01-24
R_20250124_5758,EQ_0231,S_011,2025-01-24
R_20250124_5759,EQ_0258,S_015,2025-01-24
R_20250124_5760,EQ_0263,S_017,2025-01-24
R_20250124_5761,EQ_0269,S_004,2025-01-24
R_20250124_5762,EQ_0277,S_001,2025-01-24
R_20250124_5763,EQ_0283,S_017,2025-01-24
R_20250124_5764,EQ_0296,S_012,2025-01-24
R_20250125_5765,EQ_0020,S_006,2025-01-25
R_20250125_5766,EQ_0022,S_007,2025-01-25
R_20250125_5767,EQ_0024,S_010,2025-01-25
R_20250125_5768,EQ_0033,S_001,2025-01-25
R_20250125_5769,EQ_0045,S_011,2025-01-25
R_20250125_5770,EQ_0057,S_006,2025-01-25
R_20250125_5771,EQ_0077,S_009,2025-01-25
R_20250125_5772,EQ_0083,S_000,2025-01-25
R_20250125_5773,EQ_0106,S_013,2025-01-25
R_20250125_5774,EQ_0178,S_004,2025-01-25
R_20250125_5775,EQ_0190,S_000,2025-01-25
R_20250125_5776,EQ_0191,S_007,2025-01-25
R_20250125_5777,EQ_0218,S_005,2025-01-25
R_20250125_5778,EQ_0228,S_018,2025-01-25
R_20250125_5779,EQ_0234,S_018,2025-01-25
R_20250125_5780,EQ_0238,S_005,2025-01-25
R_20250125_5781,EQ_0246,S_010,2025-01-25
R_20250125_5782,EQ_0252,S_016,2025-01-25
R_20250126_5783,EQ_0007,S_006,2025-01-26
R_20250126_5784,EQ_0032,S_014,2025-01-26
R_20250126_5785,EQ_0041,S_000,2025-01-26
R_20250126_5786,EQ_0071,S_016,2025-01-26
R_20250126_5787,EQ_0080,S_009,2025-01-26
R_20250126_5788,EQ_0125,S_016,2025-01-26
R_20250126_5789,EQ_0137,S_015,2025-01-26
R_20250126_5790,EQ_0182,S_006,2025-01-26
R_20250126_5791,EQ_0198,S_003,2025-01-26
R_20250126_5792,EQ_0204,S_002,2025-01-26
R_20250126_5793,EQ_0235,S_011,2025-01-26
R_20250126_5794,EQ_0277,S_018,2025-01-26
R_20250127_5795,EQ_0008,S_010,2025-01-27
R_20250127_5796,EQ_0020,S_017,2025-01-27
R_20250127_5797,EQ_0070,S_011,2025-01-27
R_20250127_5798,EQ_0122,S_001,2025-01-27
R_20250127_5799,EQ_0131,S_009,2025-01-27
R_20250127_5800,EQ_0182,S_008,2025-01-27
R_20250127_5801,EQ_0184,S_003,2025-01-27
R_20250127_5802,EQ_0193,S_014,2025-01-27
R_20250127_5803,EQ_0199,S_006,2025-01-27
R_20250127_5804,EQ_0213,S_014,2025-01-27
R_20250127_5805,EQ_0225,S_005,2025-01-27
R_20250127_5806,EQ_0268,S_017,2025-01-27
R_20250127_5807,EQ_0277,S_018,2025-01-27
R_20250128_5808,EQ_0018,S_006,2025-01-28
R_20250128_5809,EQ_0037,S_015,2025-01-28
R_20250128_5810,EQ_0040,S_013,2025-01-28
R_20250128_5811,EQ_0065,S_014,2025-01-28
R_20250128_5812,EQ_0076,S_002,2025-01-28
R_20250128_5813,EQ_0077,S_007,2025-01-28
R_20250128_5814,EQ_0080,S_013,2025-01-28
R_20250128_5815,EQ_0115,S_016,2025-01-28
R_20250128_5816,EQ_0170,S_006,2025-01-28
R_20250128_5817,EQ_0178,S_013,2025-01-28
R_20250128_5818,EQ_0186,S_014,2025-01-28
R_20250128_5819,EQ_0192,S_002,2025-01-28
R_20250128_5820,EQ_0195,S_019,2025-01-28
R_20250128_5821,EQ_0238,S_013,2025-01-28
R_20250128_5822,EQ_0261,S_009,2025-01-28
R_20250128_5823,EQ_0285,S_014,2025-01-28
R_20250129_5824,EQ_0022,S_019,2025-01-29
R_20250129_5825,EQ_0033,S_002,2025-01-29
R_20250129_5826,EQ_0060,S_016,2025-01-29
R_20250129_5827,EQ_0091,S_002,2025-01-29
R_20250129_5828,EQ_0094,S_006,2025-01-29
R_20250129_5829,EQ_0131,S_014,2025-01-29
R_20250129_5830,EQ_0187,S_003,2025-01-29
R_20250129_5831,EQ_0192,S_009,2025-01-29
R_20250129_5832,EQ_0211,S_006,2025-01-29
R_20250129_5833,EQ_0213,S_002,2025-01-29
R_20250129_5834,EQ_0221,S_008,2025-01-29
R_20250129_5835,EQ_0267,S_003,2025-01-29
R_20250129_5836,EQ_0272,S_012,2025-01-29
R_20250129_5837,EQ_0283,S_017,2025-01-29
R_20250130_5838,EQ_0034,S_002,2025-01-30
R_20250130_5839,EQ_0036,S_017,2025-01-30
R_20250130_5840,EQ_0054,S_000,2025-01-30
R_20250130_5841,EQ_0058,S_012,2025-01-30
R_20250130_5842,EQ_0060,S_016,2025-01-30
R_20250130_5843,EQ_0061,S_018,2025-01-30
R_20250130_5844,EQ_0079,S_007,2025-01-30
R_20250130_5845,EQ_0121,S_003,2025-01-30
R_20250130_5846,EQ_0143,S_009,2025-01-30
R_20250130_5847,EQ_0167,S_012,2025-01-30
R_20250130_5848,EQ_0210,S_008,2025-01-30
R_20250130_5849,EQ_0241,S_010,2025-01-30
R_20250130_5850,EQ_0246,S_002,2025-01-30
R_20250130_5851,EQ_0255,S_002,2025-01-30
R_20250130_5852,EQ_0260,S_001,2025-01-30
R_20250130_5853,EQ_0271,S_001,2025-01-30
R_20250130_5854,EQ_0279,S_003,2025-01-30
R_20250131_5855,EQ_0022,S_013,2025-01-31
R_20250131_5856,EQ_0041,S_015,2025-01-31
R_20250131_5857,EQ_0049,S_015,2025-01-31
R_20250131_5858,EQ_0064,S_003,2025-01-31
R_20250131_5859,EQ_0078,S_017,2025-01-31
R_20250131_5860,EQ_0103,S_011,2025-01-31
R_20250131_5861,EQ_0133,S_005,2025-01-31
R_20250131_5862,EQ_0134,S_013,2025-01-31
R_20250131_5863,EQ_0147,S_017,2025-01-31
R_20250131_5864,EQ_0151,S_010,2025-01-31
R_20250131_5865,EQ_0175,S_008,2025-01-31
R_20250131_5866,EQ_0189,S_000,2025-01-31
R_20250131_5867,EQ_0191,S_019,2025-01-31
R_20250131_5868,EQ_0197,S_015,2025-01-31
R_20250131_5869,EQ_0229,S_007,2025-01-31
R_20250131_5870,EQ_0251,S_002,2025-01-31
R_20250131_5871,EQ_0252,S_003,2025-01-31
R_20250131_5872,EQ_0254,S_016,2025-01-31
R_20250131_5873,EQ_0290,S_011,2025-01-31
R_20250201_5874,EQ_0006,S_002,2025-02-01
R_20250201_5875,EQ_0033,S_000,2025-02-01
R_20250201_5876,EQ_0042,S_003,2025-02-01
R_20250201_5877,EQ_0069,S_003,2025-02-01
R_20250201_5878,EQ_0086,S_000,2025-02-01
R_20250201_5879,EQ_0126,S_016,2025-02-01
R_20250201_5880,EQ_0147,S_004,2025-02-01
R_20250201_5881,EQ_0150,S_000,2025-02-01
R_20250201_5882,EQ_0153,S_008,2025-02-01
R_20250201_5883,EQ_0159,S_010,2025-02-01
R_20250201_5884,EQ_0161,S_016,2025-02-01
R_20250201_5885,EQ_0173,S_013,2025-02-01
R_20250201_5886,EQ_0194,S_003,2025-02-01
R_20250201_5887,EQ_0206,S_011,2025-02-01
R_20250201_5888,EQ_0211,S_001,2025-02-01
R_20250201_5889,EQ_0242,S_001,2025-02-01
R_20250201_5890,EQ_0247,S_014,2025-02-01
R_20250201_5891,EQ_0256,S_018,2025-02-01
R_20250201_5892,EQ_0262,S_008,2025-02-01
R_20250201_5893,EQ_0288,S_009,2025-02-01
R_20250201_5894,EQ_0295,S_000,2025-02-01
R_20250202_5895,EQ_0003,S_012,2025-02-02
R_20250202_5896,EQ_0022,S_018,2025-02-02
R_20250202_5897,EQ_0038,S_015,2025-02-02
R_20250202_5898,EQ_0044,S_004,2025-02-02
R_20250202_5899,EQ_0059,S_019,2025-02-02
R_20250202_5900,EQ_0064,S_007,2025-02-02
R_20250202_5901,EQ_0075,S_004,2025-02-02
R_20250202_5902,EQ_0112,S_017,2025-02-02
R_20250202_5903,EQ_0250,S_004,2025-02-02
R_20250203_5904,EQ_0015,S_005,2025-02-03
R_20250203_5905,EQ_0023,S_016,2025-02-03
R_20250203_5906,EQ_0087,S_014,2025-02-03
R_20250203_5907,EQ_0089,S_006,2025-02-03
R_20250203_5908,EQ_0090,S_013,2025-02-03
R_20250203_5909,EQ_0131,S_009,2025-02-03
R_20250203_5910,EQ_0132,S_018,2025-02-03
R_20250203_5911,EQ_0198,S_009,2025-02-03
R_20250203_5912,EQ_0217,S_001,2025-02-03
R_20250203_5913,EQ_0231,S_008,2025-02-03
R_20250203_5914,EQ_0237,S_004,2025-02-03
R_20250203_5915,EQ_0242,S_015,2025-02-03
R_20250203_5916,EQ_0244,S_011,2025-02-03
R_20250203_5917,EQ_0253,S_017,2025-02-03
R_20250203_5918,EQ_0265,S_016,2025-02-03
R_20250203_5919,EQ_0285,S_011,2025-02-03
R_20250203_5920,EQ_0292,S_006,2025-02-03
R_20250203_5921,EQ_0296,S_011,2025-02-03
R_20250204_5922,EQ_0027,S_018,2025-02-04
R_20250204_5923,EQ_0052,S_004,2025-02-04
R_20250204_5924,EQ_0089,S_016,2025-02-04
R_20250204_5925,EQ_0096,S_014,2025-02-04
R_20250204_5926,EQ_0110,S_017,2025-02-04
R_20250204_5927,EQ_0112,S_012,2025-02-04
R_20250204_5928,EQ_0120,S_006,2025-02-04
R_20250204_5929,EQ_0124,S_008,2025-02-04
R_20250204_5930,EQ_0128,S_004,2025-02-04
R_20250204_5931,EQ_0146,S_008,2025-02-04
R_20250204_5932,EQ_0149,S_007,2025-02-04
R_20250204_5933,EQ_0153,S_012,2025-02-04
R_20250204_5934,EQ_0159,S_013,2025-02-04
R_20250204_5935,EQ_0167,S_019,2025-02-04
R_20250204_5936,EQ_0175,S_015,2025-02-04
R_20250204_5937,EQ_0208,S_009,2025-02-04
R_20250204_5938,EQ_0219,S_002,2025-02-04
R_20250204_5939,EQ_0243,S_001,2025-02-04
R_20250204_5940,EQ_0252,S_011,2025-02-04
R_20250205_5941,EQ_0011,S_009,2025-02-05
R_20250205_5942,EQ_0078,S_003,2025-02-05
R_20250205_5943,EQ_0083,S_001,2025-02-05
R_20250205_5944,EQ_0091,S_013,2025-02-05
R_20250205_5945,EQ_0097,S_011,2025-02-05
R_20250205_5946,EQ_0098,S_010,2025-02-05
R_20250205_5947,EQ_0102,S_009,2025-02-05
R_20250205_5948,EQ_0118,S_004,2025-02-05
R_20250205_5949,EQ_0128,S_014,2025-02-05
R_20250205_5950,EQ_0259,S_014,2025-02-05
R_20250205_5951,EQ_0273,S_003,2025-02-05
R_20250205_5952,EQ_0286,S_017,2025-02-05
R_20250205_5953,EQ_0293,S_017,2025-02-05
R_20250205_5954,EQ_0297,S_010,2025-02-05
R_20250206_5955,EQ_0004,S_000,2025-02-06
R_20250206_5956,EQ_0006,S_007,2025-02-06
R_20250206_5957,EQ_0007,S_019,2025-02-06
R_20250206_5958,EQ_0018,S_004,2025-02-06
R_20250206_5959,EQ_0102,S_007,2025-02-06
R_20250206_5960,EQ_0121,S_000,2025-02-06
R_20250206_5961,EQ_0141,S_001,2025-02-06
R_20250206_5962,EQ_0155,S_001,2025-02-06
R_20250206_5963,EQ_0190,S_000,2025-02-06
R_20250206_5964,EQ_0192,S_013,2025-02-06
R_20250206_5965,EQ_0193,S_014,2025-02-06
R_20250206_5966,EQ_0215,S_012,2025-02-06
R_20250206_5967,EQ_0217,S_011,2025-02-06
R_20250206_5968,EQ_0219,S_015,2025-02-06
R_20250206_5969,EQ_0236,S_008,2025-02-06
R_20250206_5970,EQ_0275,S_015,2025-02-06
R_20250206_5971,EQ_0276,S_015,2025-02-06
R_20250207_5972,EQ_0054,S_003,2025-02-07
R_20250207_5973,EQ_0057,S_007,2025-02-07
R_20250207_5974,EQ_0094,S_014,2025-02-07
R_20250207_5975,EQ_0102,S_001,2025-02-07
R_20250207_5976,EQ_0115,S_008,2025-02-07
R_20250207_5977,EQ_0117,S_016,2025-02-07
R_20250207_5978,EQ_0137,S_008,2025-02-07
R_20250207_5979,EQ_0144,S_001,2025-02-07
R_20250207_5980,EQ_0163,S_009,2025-02-07
R_20250207_5981,EQ_0175,S_016,2025-02-07
R_20250207_5982,EQ_0193,S_001,2025-02-07
R_20250207_5983,EQ_0195,S_019,2025-02-07
R_20250207_5984,EQ_0200,S_007,2025-02-07
R_20250207_5985,EQ_0203,S_019,2025-02-07
R_20250207_5986,EQ_0204,S_008,2025-02-07
R_20250207_5987,EQ_0212,S_011,2025-02-07
R_20250207_5988,EQ_0231,S_018,2025-02-07
R_20250207_5989,EQ_0242,S_014,2025-02-07
R_20250207_5990,EQ_0247,S_011,2025-02-07
R_20250207_5991,EQ_0248,S_011,2025-02-07
R_20250207_5992,EQ_0264,S_004,2025-02-07
R_20250207_5993,EQ_0265,S_005,2025-02-07
R_20250207_5994,EQ_0267,S_011,2025-02-07
R_20250207_5995,EQ_0273,S_017,2025-02-07
R_20250208_5996,EQ_0015,S_000,2025-02-08
R_20250208_5997,EQ_0053,S_013,2025-02-08
R_20250208_5998,EQ_0057,S_003,2025-02-08
R_20250208_5999,EQ_0072,S_000,2025-02-08
R_20250208_6000,EQ_0083,S_011,2025-02-08
R_20250208_6001,EQ_0091,S_009,2025-02-08
R_20250208_6002,EQ_0097,S_004,2025-02-08
R_20250208_6003,EQ_0102,S_008,2025-02-08
R_20250208_6004,EQ_0142,S_008,2025-02-08
R_20250208_6005,EQ_0190,S_013,2025-02-08
R_20250208_6006,EQ_0212,S_017,2025-02-08
R_20250208_6007,EQ_0229,S_000,2025-02-08
R_20250208_6008,EQ_0236,S_003,2025-02-08
R_20250208_6009,EQ_0257,S_016,2025-02-08
R_20250208_6010,EQ_0273,S_002,2025-02-08
R_20250208_6011,EQ_0284,S_018,2025-02-08
R_20250208_6012,EQ_0290,S_005,2025-02-08
R_20250208_6013,EQ_0299,S_000,2025-02-08
R_20250209_6014,EQ_0013,S_012,2025-02-09
R_20250209_6015,EQ_0050,S_013,2025-02-09
R_20250209_6016,EQ_0066,S_005,2025-02-09
R_20250209_6017,EQ_0067,S_008,2025-02-09
R_20250209_6018,EQ_0074,S_017,2025-02-09
R_20250209_6019,EQ_0080,S_018,2025-02-09
R_20250209_6020,EQ_0099,S_000,2025-02-09
R_20250209_6021,EQ_0100,S_016,2025-02-09
R_20250209_6022,EQ_0104,S_009,2025-02-09
R_20250209_6023,EQ_0109,S_009,2025-02-09
R_20250209_6024,EQ_0112,S_014,2025-02-09
R_20250209_6025,EQ_0117,S_012,2025-02-09
R_20250209_6026,EQ_0154,S_017,2025-02-09
R_20250209_6027,EQ_0156,S_013,2025-02-09
R_20250209_6028,EQ_0163,S_012,2025-02-09
R_20250209_6029,EQ_0195,S_006,2025-02-09
R_20250209_6030,EQ_0197,S_016,2025-02-09
R_20250209_6031,EQ_0210,S_012,2025-02-09
R_20250209_6032,EQ_0225,S_016,2025-02-09
R_20250209_6033,EQ_0228,S_006,2025-02-09
R_20250209_6034,EQ_0248,S_000,2025-02-09
R_20250209_6035,EQ_0261,S_014,2025-02-09
R_20250209_6036,EQ_0279,S_013,2025-02-09
R_20250209_6037,EQ_0291,S_003,2025-02-09
R_20250210_6038,EQ_0016,S_003,2025-02-10
R_20250210_6039,EQ_0018,S_014,2025-02-10
R_20250210_6040,EQ_0038,S_002,2025-02-10
R_20250210_6041,EQ_0046,S_012,2025-02-10
R_20250210_6042,EQ_0057,S_003,2025-02-10
R_20250210_6043,EQ_0079,S_000,2025-02-10
R_20250210_6044,EQ_0082,S_016,2025-02-10
R_20250210_6045,EQ_0098,S_015,2025-02-10
R_20250210_6046,EQ_0121,S_003,2025-02-10
R_20250210_6047,EQ_0128,S_006,2025-02-10
R_20250210_6048,EQ_0135,S_019,2025-02-10
R_20250210_6049,EQ_0142,S_007,2025-02-10
R_20250210_6050,EQ_0152,S_009,2025-02-10
R_20250210_6051,EQ_0154,S_006,2025-02-10
R_20250210_6052,EQ_0166,S_017,2025-02-10
R_20250210_6053,EQ_0187,S_002,2025-02-10
R_20250210_6054,EQ_0219,S_015,2025-02-10
R_20250210_6055,EQ_0221,S_013,2025-02-10
R_20250210_6056,EQ_0234,S_010,2025-02-10
R_20250210_6057,EQ_0236,S_000,2025-02-10
R_20250210_6058,EQ_0245,S_008,2025-02-10
R_20250210_6059,EQ_0261,S_007,2025-02-10
R_20250210_6060,EQ_0262,S_006,2025-02-10
R_20250210_6061,EQ_0268,S_012,2025-02-10
R_20250211_6062,EQ_0011,S_009,2025-02-11
R_20250211_6063,EQ_0016,S_003,2025-02-11
R_20250211_6064,EQ_0024,S_009,2025-02-11
R_20250211_6065,EQ_0048,S_019,2025-02-11
R_20250211_6066,EQ_0055,S_008,2025-02-11
R_20250211_6067,EQ_0060,S_009,2025-02-11
R_20250211_6068,EQ_0070,S_013,2025-02-11
R_20250211_6069,EQ_0110,S_019,2025-02-11
R_20250211_6070,EQ_0129,S_001,2025-02-11
R_20250211_6071,EQ_0166,S_003,2025-02-11
R_20250211_6072,EQ_0216,S_013,2025-02-11
R_20250211_6073,EQ_0223,S_010,2025-02-11
R_20250211_6074,EQ_0233,S_007,2025-02-11
R_20250211_6075,EQ_0240,S_013,2025-02-11
R_20250211_6076,EQ_0251,S_000,2025-02-11
R_20250211_6077,EQ_0260,S_019,2025-02-11
R_20250211_6078,EQ_0262,S_019,2025-02-11
R_20250212_6079,EQ_0010,S_013,2025-02-12
R_20250212_6080,EQ_0064,S_019,2025-02-12
R_20250212_6081,EQ_0095,S_009,2025-02-12
R_20250212_6082,EQ_0120,S_004,2025-02-12
R_20250212_6083,EQ_0130,S_013,2025-02-12
R_20250212_6084,EQ_0141,S_017,2025-02-12
R_20250212_6085,EQ_0147,S_011,2025-02-12
R_20250212_6086,EQ_0160,S_005,2025-02-12
R_20250212_6087,EQ_0210,S_000,2025-02-12
R_20250212_6088,EQ_0246,S_000,2025-02-12
R_20250212_6089,EQ_0249,S_002,2025-02-12
R_20250213_6090,EQ_0011,S_002,2025-02-13
R_20250213_6091,EQ_0035,S_015,2025-02-13
R_20250213_6092,EQ_0044,S_007,2025-02-13
R_20250213_6093,EQ_0045,S_010,2025-02-13
R_20250213_6094,EQ_0080,S_002,2025-02-13
R_20250213_6095,EQ_0082,S_001,2025-02-13
R_20250213_6096,EQ_0093,S_005,2025-02-13
R_20250213_6097,EQ_0104,S_007,2025-02-13
R_20250213_6098,EQ_0109,S_010,2025-02-13
R_20250213_6099,EQ_0117,S_003,2025-02-13
R_20250213_6100,EQ_0140,S_010,2025-02-13
R_20250213_6101,EQ_0146,S_011,2025-02-13
R_20250213_6102,EQ_0181,S_014,2025-02-13
R_20250213_6103,EQ_0193,S_012,2025-02-13
R_20250213_6104,EQ_0200,S_013,2025-02-13
R_20250213_6105,EQ_0202,S_004,2025-02-13
R_20250213_6106,EQ_0211,S_011,2025-02-13
R_20250213_6107,EQ_0232,S_016,2025-02-13
R_20250214_6108,EQ_0005,S_013,2025-02-14
R_20250214_6109,EQ_0008,S_014,2025-02-14
R_20250214_6110,EQ_0018,S_007,2025-02-14
R_20250214_6111,EQ_0036,S_016,2025-02-14
R_20250214_6112,EQ_0056,S_007,2025-02-14
R_20250214_6113,EQ_0065,S_013,2025-02-14
R_20250214_6114,EQ_0067,S_006,2025-02-14
R_20250214_6115,EQ_0078,S_000,2025-02-14
R_20250214_6116,EQ_0096,S_017,2025-02-14
R_20250214_6117,EQ_0106,S_000,2025-02-14
R_20250214_6118,EQ_0112,S_014,2025-02-14
R_20250214_6119,EQ_0117,S_010,2025-02-14
R_20250214_6120,EQ_0134,S_008,2025-02-14
R_20250214_6121,EQ_0182,S_013,2025-02-14
R_20250214_6122,EQ_0218,S_014,2025-02-14
R_20250214_6123,EQ_0231,S_003,2025-02-14
R_20250214_6124,EQ_0233,S_000,2025-02-14
R_20250214_6125,EQ_0241,S_006,2025-02-14
R_20250214_6126,EQ_0248,S_014,2025-02-14
R_20250214_6127,EQ_0249,S_008,2025-02-14
R_20250214_6128,EQ_0282,S_007,2025-02-14
R_20250214_6129,EQ_0299,S_013,2025-02-14
R_20250215_6130,EQ_0001,S_007,2025-02-15
R_20250215_6131,EQ_0008,S_000,2025-02-15
R_20250215_6132,EQ_0040,S_010,2025-02-15
R_20250215_6133,EQ_0063,S_004,2025-02-15
R_20250215_6134,EQ_0065,S_007,2025-02-15
R_20250215_6135,EQ_0088,S_001,2025-02-15
R_20250215_6136,EQ_0097,S_018,2025-02-15
R_20250215_6137,EQ_0147,S_000,2025-02-15
R_20250215_6138,EQ_0172,S_010,2025-02-15
R_20250215_6139,EQ_0270,S_019,2025-02-15
R_20250215_6140,EQ_0292,S_009,2025-02-15
R_20250216_6141,EQ_0000,S_005,2025-02-16
R_20250216_6142,EQ_0058,S_009,2025-02-16
R_20250216_6143,EQ_0062,S_015,2025-02-16
R_20250216_6144,EQ_0087,S_005,2025-02-16
R_20250216_6145,EQ_0108,S_007,2025-02-16
R_20250216_6146,EQ_0140,S_001,2025-02-16
R_20250216_6147,EQ_0177,S_018,2025-02-16
R_20250216_6148,EQ_0231,S_012,2025-02-16
R_20250216_6149,EQ_0252,S_014,2025-02-16
R_20250216_6150,EQ_0254,S_016,2025-02-16
R_20250216_6151,EQ_0257,S_016,2025-02-16
R_20250216_6152,EQ_0299,S_010,2025-02-16
R_20250217_6153,EQ_0015,S_019,2025-02-17
R_20250217_6154,EQ_0018,S_010,2025-02-17
R_20250217_6155,EQ_0090,S_014,2025-02-17
R_20250217_6156,EQ_0111,S_017,2025-02-17
R_20250217_6157,EQ_0113,S_018,2025-02-17
R_20250217_6158,EQ_0115,S_019,2025-02-17
R_20250217_6159,EQ_0125,S_016,2025-02-17
R_20250217_6160,EQ_0131,S_004,2025-02-17
R_20250217_6161,EQ_0133,S_004,2025-02-17
R_20250217_6162,EQ_0179,S_011,2025-02-17
R_20250217_6163,EQ_0268,S_010,2025-02-17
R_20250217_6164,EQ_0270,S_003,2025-02-17
R_20250217_6165,EQ_0291,S_000,2025-02-17
R_20250217_6166,EQ_0293,S_009,2025-02-17
R_20250217_6167,EQ_0297,S_010,2025-02-17
R_20250218_6168,EQ_0006,S_014,2025-02-18
R_20250218_6169,EQ_0042,S_001,2025-02-18
R_20250218_6170,EQ_0044,S_009,2025-02-18
R_20250218_6171,EQ_0046,S_013,2025-02-18
R_20250218_6172,EQ_0055,S_015,2025-02-18
R_20250218_6173,EQ_0071,S_005,2025-02-18
R_20250218_6174,EQ_0079,S_012,2025-02-18
R_20250218_6175,EQ_0109,S_014,2025-02-18
R_20250218_6176,EQ_0113,S_019,2025-02-18
R_20250218_6177,EQ_0126,S_004,2025-02-18
R_20250218_6178,EQ_0127,S_012,2025-02-18
R_20250218_6179,EQ_0173,S_013,2025-02-18
R_20250218_6180,EQ_0227,S_003,2025-02-18
R_20250218_6181,EQ_0237,S_013,2025-02-18
R_20250218_6182,EQ_0253,S_001,2025-02-18
R_20250218_6183,EQ_0254,S_005,2025-02-18
R_20250218_6184,EQ_0298,S_019,2025-02-18
R_20250219_6185,EQ_0017,S_013,2025-02-19
R_20250219_6186,EQ_0024,S_005,2025-02-19
R_20250219_6187,EQ_0042,S_013,2025-02-19
R_20250219_6188,EQ_0054,S_011,2025-02-19
R_20250219_6189,EQ_0059,S_012,2025-02-19
R_20250219_6190,EQ_0061,S_007,2025-02-19
R_20250219_6191,EQ_0161,S_012,2025-02-19
R_20250219_6192,EQ_0169,S_008,2025-02-19
R_20250219_6193,EQ_0187,S_019,2025-02-19
R_20250219_6194,EQ_0213,S_008,2025-02-19
R_20250219_6195,EQ_0222,S_002,2025-02-19
R_20250219_6196,EQ_0234,S_002,2025-02-19
R_20250219_6197,EQ_0235,S_010,2025-02-19
R_20250219_6198,EQ_0250,S_005,2025-02-19
R_20250219_6199,EQ_0281,S_001,2025-02-19
R_20250220_6200,EQ_0032,S_004,2025-02-20
R_20250220_6201,EQ_0061,S_008,2025-02-20
R_20250220_6202,EQ_0088,S_007,2025-02-20
R_20250220_6203,EQ_0089,S_018,2025-02-20
R_20250220_6204,EQ_0137,S_009,2025-02-20
R_20250220_6205,EQ_0159,S_019,2025-02-20
R_20250220_6206,EQ_0163,S_003,2025-02-20
R_20250220_6207,EQ_0176,S_007,2025-02-20
R_20250220_6208,EQ_0181,S_001,2025-02-20
R_20250220_6209,EQ_0209,S_004,2025-02-20
R_20250220_6210,EQ_0210,S_010,2025-02-20
R_20250220_6211,EQ_0232,S_019,2025-02-20
R_20250220_6212,EQ_0252,S_019,2025-02-20
R_20250220_6213,EQ_0273,S_003,2025-02-20
R_20250221_6214,EQ_0084,S_018,2025-02-21
R_20250221_6215,EQ_0102,S_008,2025-02-21
R_20250221_6216,EQ_0103,S_009,2025-02-21
R_20250221_6217,EQ_0113,S_003,2025-02-21
R_20250221_6218,EQ_0153,S_006,2025-02-21
R_20250221_6219,EQ_0164,S_003,2025-02-21
R_20250221_6220,EQ_0199,S_013,2025-02-21
R_20250221_6221,EQ_0200,S_000,2025-02-21
R_20250221_6222,EQ_0209,S_006,2025-02-21
R_20250221_6223,EQ_0233,S_004,2025-02-21
R_20250221_6224,EQ_0246,S_012,2025-02-21
R_20250221_6225,EQ_0251,S_010,2025-02-21
R_20250222_6226,EQ_0001,S_000,2025-02-22
R_20250222_6227,EQ_0053,S_015,2025-02-22
R_20250222_6228,EQ_0062,S_018,2025-02-22
R_20250222_6229,EQ_0084,S_016,2025-02-22
R_20250222_6230,EQ_0133,S_010,2025-02-22
R_20250222_6231,EQ_0140,S_016,2025-02-22
R_20250222_6232,EQ_0174,S_017,2025-02-22
R_20250222_6233,EQ_0199,S_006,2025-02-22
R_20250222_6234,EQ_0233,S_000,2025-02-22
R_20250222_6235,EQ_0263,S_006,2025-02-22
R_20250222_6236,EQ_0270,S_016,2025-02-22
R_20250222_6237,EQ_0286,S_005,2025-02-22
R_20250223_6238,EQ_0002,S_007,2025-02-23
R_20250223_6239,EQ_0003,S_014,2025-02-23
R_20250223_6240,EQ_0042,S_005,2025-02-23
R_20250223_6241,EQ_0055,S_005,2025-02-23
R_20250223_6242,EQ_0106,S_007,2025-02-23
R_20250223_6243,EQ_0108,S_017,2025-02-23
R_20250223_6244,EQ_0127,S_002,2025-02-23
R_20250223_6245,EQ_0141,S_019,2025-02-23
R_20250223_6246,EQ_0181,S_018,2025-02-23
R_20250223_6247,EQ_0195,S_000,2025-02-23
R_20250223_6248,EQ_0230,S_010,2025-02-23
R_20250223_6249,EQ_0266,S_016,2025-02-23
R_20250223_6250,EQ_0287,S_016,2025-02-23
R_20250224_6251,EQ_0013,S_017,2025-02-24
R_20250224_6252,EQ_0023,S_016,2025-02-24
R_20250224_6253,EQ_0052,S_011,2025-02-24
R_20250224_6254,EQ_0055,S_006,2025-02-24
R_20250224_6255,EQ_0084,S_015,2025-02-24
R_20250224_6256,EQ_0095,S_016,2025-02-24
R_20250224_6257,EQ_0114,S_015,2025-02-24
R_20250224_6258,EQ_0128,S_006,2025-02-24
R_20250224_6259,EQ_0166,S_011,2025-02-24
R_20250224_6260,EQ_0200,S_003,2025-02-24
R_20250224_6261,EQ_0208,S_016,2025-02-24
R_20250224_6262,EQ_0247,S_005,2025-02-24
R_20250224_6263,EQ_0269,S_016,2025-02-24
R_20250224_6264,EQ_0274,S_004,2025-02-24
R_20250224_6265,EQ_0292,S_009,2025-02-24
R_20250225_6266,EQ_0010,S_006,2025-02-25
R_20250225_6267,EQ_0019,S_008,2025-02-25
R_20250225_6268,EQ_0026,S_010,2025-02-25
R_20250225_6269,EQ_0076,S_014,2025-02-25
R_20250225_6270,EQ_0125,S_011,2025-02-25
R_20250225_6271,EQ_0168,S_000,2025-02-25
R_20250225_6272,EQ_0244,S_003,2025-02-25
R_20250225_6273,EQ_0253,S_014,2025-02-25
R_20250225_6274,EQ_0274,S_007,2025-02-25
R_20250225_6275,EQ_0295,S_003,2025-02-25
R_20250225_6276,EQ_0297,S_018,2025-02-25
R_20250226_6277,EQ_0061,S_003,2025-02-26
R_20250226_6278,EQ_0106,S_012,2025-02-26
R_20250226_6279,EQ_0148,S_008,2025-02-26
R_20250226_6280,EQ_0149,S_011,2025-02-26
R_20250226_6281,EQ_0154,S_008,2025-02-26
R_20250226_6282,EQ_0183,S_001,2025-02-26
R_20250226_6283,EQ_0245,S_019,2025-02-26
R_20250226_6284,EQ_0264,S_005,2025-02-26
R_20250226_6285,EQ_0269,S_000,2025-02-26
R_20250227_6286,EQ_0036,S_004,2025-02-27
R_20250227_6287,EQ_0077,S_015,2025-02-27
R_20250227_6288,EQ_0137,S_009,2025-02-27
R_20250227_6289,EQ_0162,S_017,2025-02-27
R_20250227_6290,EQ_0170,S_018,2025-02-27
R_20250227_6291,EQ_0179,S_009,2025-02-27
R_20250227_6292,EQ_0181,S_009,2025-02-27
R_20250227_6293,EQ_0203,S_014,2025-02-27
R_20250227_6294,EQ_0223,S_006,2025-02-27
R_20250227_6295,EQ_0233,S_011,2025-02-27
R_20250227_6296,EQ_0297,S_018,2025-02-27
R_20250228_6297,EQ_0003,S_006,2025-02-28
R_20250228_6298,EQ_0032,S_010,2025-02-28
R_20250228_6299,EQ_0034,S_007,2025-02-28
R_20250228_6300,EQ_0038,S_008,2025-02-28
R_20250228_6301,EQ_0041,S_001,2025-02-28
R_20250228_6302,EQ_0042,S_016,2025-02-28
R_20250228_6303,EQ_0043,S_007,2025-02-28
R_20250228_6304,EQ_0047,S_007,2025-02-28
R_20250228_6305,EQ_0069,S_006,2025-02-28
R_20250228_6306,EQ_0095,S_006,2025-02-28
R_20250228_6307,EQ_0117,S_011,2025-02-28
R_20250228_6308,EQ_0136,S_018,2025-02-28
R_20250228_6309,EQ_0163,S_019,2025-02-28
R_20250228_6310,EQ_0173,S_002,2025-02-28
R_20250228_6311,EQ_0182,S_017,2025-02-28
R_20250228_6312,EQ_0279,S_005,2025-02-28
R_20250228_6313,EQ_0289,S_015,2025-02-28
R_20250228_6314,EQ_0299,S_003,2025-02-28
R_20250301_6315,EQ_0016,S_002,2025-03-01
R_20250301_6316,EQ_0019,S_014,2025-03-01
R_20250301_6317,EQ_0050,S_015,2025-03-01
R_20250301_6318,EQ_0059,S_005,2025-03-01
R_20250301_6319,EQ_0067,S_006,2025-03-01
R_20250301_6320,EQ_0172,S_002,2025-03-01
R_20250301_6321,EQ_0206,S_000,2025-03-01
R_20250301_6322,EQ_0218,S_008,2025-03-01
R_20250301_6323,EQ_0235,S_004,2025-03-01
R_20250301_6324,EQ_0289,S_007,2025-03-01
R_20250301_6325,EQ_0298,S_014,2025-03-01
R_20250302_6326,EQ_0002,S_011,2025-03-02
R_20250302_6327,EQ_0025,S_015,2025-03-02
R_20250302_6328,EQ_0029,S_004,2025-03-02
R_20250302_6329,EQ_0141,S_002,2025-03-02
R_20250302_6330,EQ_0177,S_000,2025-03-02
R_20250302_6331,EQ_0180,S_015,2025-03-02
R_20250302_6332,EQ_0211,S_007,2025-03-02
R_20250302_6333,EQ_0238,S_010,2025-03-02
R_20250303_6334,EQ_0001,S_003,2025-03-03
R_20250303_6335,EQ_0005,S_000,2025-03-03
R_20250303_6336,EQ_0006,S_003,2025-03-03
R_20250303_6337,EQ_0033,S_016,2025-03-03
R_20250303_6338,EQ_0040,S_019,2025-03-03
R_20250303_6339,EQ_0051,S_012,2025-03-03
R_20250303_6340,EQ_0068,S_010,2025-03-03
R_20250303_6341,EQ_0074,S_008,2025-03-03
R_20250303_6342,EQ_0078,S_006,2025-03-03
R_20250303_6343,EQ_0096,S_000,2025-03-03
R_20250303_6344,EQ_0105,S_015,2025-03-03
R_20250303_6345,EQ_0171,S_011,2025-03-03
R_20250303_6346,EQ_0175,S_018,2025-03-03
R_20250303_6347,EQ_0183,S_002,2025-03-03
R_20250303_6348,EQ_0216,S_006,2025-03-03
R_20250303_6349,EQ_0261,S_001,2025-03-03
R_20250303_6350,EQ_0273,S_007,2025-03-03
R_20250303_6351,EQ_0297,S_004,2025-03-03
R_20250304_6352,EQ_0002,S_003,2025-03-04
R_20250304_6353,EQ_0026,S_010,2025-03-04
R_20250304_6354,EQ_0046,S_016,2025-03-04
R_20250304_6355,EQ_0059,S_008,2025-03-04
R_20250304_6356,EQ_0069,S_001,2025-03-04
R_20250304_6357,EQ_0122,S_012,2025-03-04
R_20250304_6358,EQ_0137,S_009,2025-03-04
R_20250304_6359,EQ_0154,S_010,2025-03-04
R_20250304_6360,EQ_0159,S_004,2025-03-04
R_20250304_6361,EQ_0271,S_017,2025-03-04
R_20250305_6362,EQ_0008,S_000,2025-03-05
R_20250305_6363,EQ_0052,S_009,2025-03-05
R_20250305_6364,EQ_0053,S_010,2025-03-05
R_20250305_6365,EQ_0075,S_010,2025-03-05
R_20250305_6366,EQ_0088,S_006,2025-03-05
R_20250305_6367,EQ_0136,S_009,2025-03-05
R_20250305_6368,EQ_0157,S_000,2025-03-05
R_20250305_6369,EQ_0159,S_008,2025-03-05
R_20250305_6370,EQ_0188,S_009,2025-03-05
R_20250305_6371,EQ_0249,S_008,2025-03-05
R_20250305_6372,EQ_0250,S_006,2025-03-05
R_20250305_6373,EQ_0277,S_002,2025-03-05
R_20250305_6374,EQ_0298,S_008,2025-03-05
R_20250306_6375,EQ_0001,S_008,2025-03-06
R_20250306_6376,EQ_0008,S_007,2025-03-06
R_20250306_6377,EQ_0059,S_008,2025-03-06
R_20250306_6378,EQ_0073,S_003,2025-03-06
R_20250306_6379,EQ_0078,S_011,2025-03-06
R_20250306_6380,EQ_0133,S_015,2025-03-06
R_20250306_6381,EQ_0137,S_016,2025-03-06
R_20250306_6382,EQ_0139,S_019,2025-03-06
R_20250306_6383,EQ_0176,S_001,2025-03-06
R_20250306_6384,EQ_0226,S_015,2025-03-06
R_20250306_6385,EQ_0243,S_009,2025-03-06
R_20250306_6386,EQ_0260,S_005,2025-03-06
R_20250306_6387,EQ_0287,S_006,2025-03-06
R_20250307_6388,EQ_0002,S_004,2025-03-07
R_20250307_6389,EQ_0004,S_000,2025-03-07
R_20250307_6390,EQ_0031,S_007,2025-03-07
R_20250307_6391,EQ_0038,S_015,2025-03-07
R_20250307_6392,EQ_0040,S_012,2025-03-07
R_20250307_6393,EQ_0071,S_016,2025-03-07
R_20250307_6394,EQ_0094,S_010,2025-03-07
R_20250307_6395,EQ_0108,S_005,2025-03-07
R_20250307_6396,EQ_0112,S_004,2025-03-07
R_20250307_6397,EQ_0168,S_002,2025-03-07
R_20250307_6398,EQ_0180,S_014,2025-03-07
R_20250307_6399,EQ_0193,S_013,2025-03-07
R_20250307_6400,EQ_0207,S_000,2025-03-07
R_20250307_6401,EQ_0222,S_011,2025-03-07
R_20250307_6402,EQ_0282,S_000,2025-03-07
R_20250307_6403,EQ_0290,S_001,2025-03-07
R_20250308_6404,EQ_0001,S_013,2025-03-08
R_20250308_6405,EQ_0027,S_011,2025-03-08
R_20250308_6406,EQ_0041,S_015,2025-03-08
R_20250308_6407,EQ_0050,S_007,2025-03-08
R_20250308_6408,EQ_0052,S_019,2025-03-08
R_20250308_6409,EQ_0080,S_010,2025-03-08
R_20250308_6410,EQ_0128,S_007,2025-03-08
R_20250308_6411,EQ_0136,S_008,2025-03-08
R_20250308_6412,EQ_0165,S_000,2025-03-08
R_20250308_6413,EQ_0202,S_002,2025-03-08
R_20250308_6414,EQ_0224,S_005,2025-03-08
R_20250308_6415,EQ_0250,S_006,2025-03-08
R_20250308_6416,EQ_0252,S_011,2025-03-08
R_20250308_6417,EQ_0253,S_016,2025-03-08
R_20250308_6418,EQ_0266,S_001,2025-03-08
R_20250308_6419,EQ_0285,S_018,2025-03-08
R_20250309_6420,EQ_0084,S_014,2025-03-09
R_20250309_6421,EQ_0107,S_016,2025-03-09
R_20250309_6422,EQ_0116,S_005,2025-03-09
R_20250309_6423,EQ_0158,S_006,2025-03-09
R_20250309_6424,EQ_0162,S_010,2025-03-09
R_20250309_6425,EQ_0209,S_012,2025-03-09
R_20250309_6426,EQ_0210,S_005,2025-03-09
R_20250309_6427,EQ_0212,S_003,2025-03-09
R_20250309_6428,EQ_0225,S_005,2025-03-09
R_20250309_6429,EQ_0274,S_002,2025-03-09
R_20250309_6430,EQ_0287,S_002,2025-03-09
R_20250310_6431,EQ_0021,S_011,2025-03-10
R_20250310_6432,EQ_0024,S_014,2025-03-10
R_20250310_6433,EQ_0037,S_003,2025-03-10
R_20250310_6434,EQ_0047,S_016,2025-03-10
R_20250310_6435,EQ_0060,S_018,2025-03-10
R_20250310_6436,EQ_0078,S_009,2025-03-10
R_20250310_6437,EQ_0079,S_014,2025-03-10
R_20250310_6438,EQ_0081,S_012,2025-03-10
R_20250310_6439,EQ_0085,S_008,2025-03-10
R_20250310_6440,EQ_0129,S_011,2025-03-10
R_20250310_6441,EQ_0139,S_005,2025-03-10
R_20250310_6442,EQ_0170,S_005,2025-03-10
R_20250310_6443,EQ_0183,S_011,2025-03-10
R_20250310_6444,EQ_0206,S_008,2025-03-10
R_20250310_6445,EQ_0250,S_013,2025-03-10
R_20250310_6446,EQ_0273,S_015,2025-03-10
R_20250311_6447,EQ_0047,S_012,2025-03-11
R_20250311_6448,EQ_0050,S_002,2025-03-11
R_20250311_6449,EQ_0063,S_001,2025-03-11
R_20250311_6450,EQ_0079,S_010,2025-03-11
R_20250311_6451,EQ_0085,S_015,2025-03-11
R_20250311_6452,EQ_0167,S_007,2025-03-11
R_20250311_6453,EQ_0172,S_005,2025-03-11
R_20250311_6454,EQ_0183,S_010,2025-03-11
R_20250311_6455,EQ_0214,S_017,2025-03-11
R_20250311_6456,EQ_0223,S_001,2025-03-11
R_20250311_6457,EQ_0268,S_000,2025-03-11
R_20250311_6458,EQ_0293,S_014,2025-03-11
R_20250312_6459,EQ_0004,S_001,2025-03-12
R_20250312_6460,EQ_0018,S_016,2025-03-12
R_20250312_6461,EQ_0025,S_011,2025-03-12
R_20250312_6462,EQ_0105,S_005,2025-03-12
R_20250312_6463,EQ_0243,S_010,2025-03-12
R_20250312_6464,EQ_0248,S_008,2025-03-12
R_20250312_6465,EQ_0262,S_005,2025-03-12
R_20250312_6466,EQ_0273,S_002,2025-03-12
R_20250313_6467,EQ_0094,S_010,2025-03-13
R_20250313_6468,EQ_0124,S_005,2025-03-13
R_20250313_6469,EQ_0158,S_011,2025-03-13
R_20250313_6470,EQ_0163,S_006,2025-03-13
R_20250313_6471,EQ_0166,S_011,2025-03-13
R_20250313_6472,EQ_0168,S_013,2025-03-13
R_20250313_6473,EQ_0195,S_009,2025-03-13
R_20250313_6474,EQ_0198,S_015,2025-03-13
R_20250313_6475,EQ_0218,S_012,2025-03-13
R_20250313_6476,EQ_0265,S_001,2025-03-13
R_20250313_6477,EQ_0280,S_016,2025-03-13
R_20250313_6478,EQ_0281,S_006,2025-03-13
R_20250313_6479,EQ_0289,S_007,2025-03-13
R_20250314_6480,EQ_0017,S_016,2025-03-14
R_20250314_6481,EQ_0040,S_011,2025-03-14
R_20250314_6482,EQ_0041,S_012,2025-03-14
R_20250314_6483,EQ_0042,S_007,2025-03-14
R_20250314_6484,EQ_0058,S_019,2025-03-14
R_20250314_6485,EQ_0103,S_010,2025-03-14
R_20250314_6486,EQ_0105,S_006,2025-03-14
R_20250314_6487,EQ_0122,S_003,2025-03-14
R_20250314_6488,EQ_0125,S_004,2025-03-14
R_20250314_6489,EQ_0161,S_000,2025-03-14
R_20250314_6490,EQ_0181,S_009,2025-03-14
R_20250314_6491,EQ_0182,S_015,2025-03-14
R_20250314_6492,EQ_0190,S_019,2025-03-14
R_20250314_6493,EQ_0197,S_008,2025-03-14
R_20250314_6494,EQ_0200,S_006,2025-03-14
R_20250314_6495,EQ_0251,S_019,2025-03-14
R_20250314_6496,EQ_0271,S_002,2025-03-14
R_20250314_6497,EQ_0280,S_010,2025-03-14
R_20250315_6498,EQ_0089,S_009,2025-03-15
R_20250315_6499,EQ_0113,S_012,2025-03-15
R_20250315_6500,EQ_0122,S_012,2025-03-15
R_20250315_6501,EQ_0145,S_001,2025-03-15
R_20250315_6502,EQ_0151,S_017,2025-03-15
R_20250315_6503,EQ_0185,S_003,2025-03-15
R_20250315_6504,EQ_0192,S_007,2025-03-15
R_20250315_6505,EQ_0194,S_011,2025-03-15
R_20250315_6506,EQ_0255,S_003,2025-03-15
R_20250315_6507,EQ_0264,S_015,2025-03-15
R_20250315_6508,EQ_0294,S_015,2025-03-15
R_20250315_6509,EQ_0295,S_000,2025-03-15
R_20250315_6510,EQ_0297,S_002,2025-03-15
R_20250316_6511,EQ_0057,S_002,2025-03-16
R_20250316_6512,EQ_0069,S_014,2025-03-16
R_20250316_6513,EQ_0090,S_015,2025-03-16
R_20250316_6514,EQ_0105,S_002,2025-03-16
R_20250316_6515,EQ_0109,S_000,2025-03-16
R_20250316_6516,EQ_0165,S_016,2025-03-16
R_20250316_6517,EQ_0186,S_012,2025-03-16
R_20250316_6518,EQ_0211,S_015,2025-03-16
R_20250316_6519,EQ_0220,S_004,2025-03-16
R_20250316_6520,EQ_0243,S_009,2025-03-16
R_20250316_6521,EQ_0275,S_003,2025-03-16
R_20250316_6522,EQ_0280,S_011,2025-03-16
R_20250316_6523,EQ_0283,S_008,2025-03-16
R_20250317_6524,EQ_0037,S_016,2025-03-17
R_20250317_6525,EQ_0041,S_003,2025-03-17
R_20250317_6526,EQ_0063,S_006,2025-03-17
R_20250317_6527,EQ_0070,S_010,2025-03-17
R_20250317_6528,EQ_0081,S_015,2025-03-17
R_20250317_6529,EQ_0082,S_007,2025-03-17
R_20250317_6530,EQ_0085,S_002,2025-03-17
R_20250317_6531,EQ_0086,S_005,2025-03-17
R_20250317_6532,EQ_0092,S_010,2025-03-17
R_20250317_6533,EQ_0111,S_012,2025-03-17
R_20250317_6534,EQ_0117,S_004,2025-03-17
R_20250317_6535,EQ_0164,S_007,2025-03-17
R_20250317_6536,EQ_0190,S_019,2025-03-17
R_20250317_6537,EQ_0197,S_000,2025-03-17
R_20250317_6538,EQ_0207,S_005,2025-03-17
R_20250317_6539,EQ_0213,S_017,2025-03-17
R_20250317_6540,EQ_0217,S_006,2025-03-17
R_20250317_6541,EQ_0226,S_014,2025-03-17
R_20250317_6542,EQ_0248,S_010,2025-03-17
R_20250317_6543,EQ_0254,S_019,2025-03-17
R_20250317_6544,EQ_0280,S_017,2025-03-17
R_20250317_6545,EQ_0298,S_015,2025-03-17
R_20250318_6546,EQ_0010,S_003,2025-03-18
R_20250318_6547,EQ_0013,S_014,2025-03-18
R_20250318_6548,EQ_0046,S_011,2025-03-18
R_20250318_6549,EQ_0088,S_019,2025-03-18
R_20250318_6550,EQ_0089,S_010,2025-03-18
R_20250318_6551,EQ_0090,S_007,2025-03-18
R_20250318_6552,EQ_0105,S_013,2025-03-18
R_20250318_6553,EQ_0123,S_003,2025-03-18
R_20250318_6554,EQ_0180,S_000,2025-03-18
R_20250318_6555,EQ_0194,S_018,2025-03-18
R_20250318_6556,EQ_0207,S_012,2025-03-18
R_20250318_6557,EQ_0292,S_005,2025-03-18
R_20250319_6558,EQ_0043,S_013,2025-03-19
R_20250319_6559,EQ_0059,S_008,2025-03-19
R_20250319_6560,EQ_0075,S_005,2025-03-19
R_20250319_6561,EQ_0077,S_012,2025-03-19
R_20250319_6562,EQ_0084,S_004,2025-03-19
R_20250319_6563,EQ_0087,S_008,2025-03-19
R_20250319_6564,EQ_0088,S_006,2025-03-19
R_20250319_6565,EQ_0090,S_001,2025-03-19
R_20250319_6566,EQ_0105,S_009,2025-03-19
R_20250319_6567,EQ_0139,S_011,2025-03-19
R_20250319_6568,EQ_0143,S_019,2025-03-19
R_20250319_6569,EQ_0144,S_012,2025-03-19
R_20250319_6570,EQ_0194,S_011,2025-03-19
R_20250319_6571,EQ_0205,S_007,2025-03-19
R_20250319_6572,EQ_0278,S_008,2025-03-19
R_20250319_6573,EQ_0292,S_001,2025-03-19
R_20250320_6574,EQ_0032,S_008,2025-03-20
R_20250320_6575,EQ_0054,S_003,2025-03-20
R_20250320_6576,EQ_0069,S_017,2025-03-20
R_20250320_6577,EQ_0090,S_017,2025-03-20
R_20250320_6578,EQ_0111,S_001,2025-03-20
R_20250320_6579,EQ_0132,S_004,2025-03-20
R_20250320_6580,EQ_0149,S_012,2025-03-20
R_20250320_6581,EQ_0154,S_015,2025-03-20
R_20250320_6582,EQ_0166,S_010,2025-03-20
R_20250320_6583,EQ_0184,S_013,2025-03-20
R_20250320_6584,EQ_0185,S_018,2025-03-20
R_20250320_6585,EQ_0188,S_001,2025-03-20
R_20250320_6586,EQ_0231,S_000,2025-03-20
R_20250320_6587,EQ_0251,S_001,2025-03-20
R_20250320_6588,EQ_0261,S_012,2025-03-20
R_20250320_6589,EQ_0270,S_011,2025-03-20
R_20250320_6590,EQ_0275,S_002,2025-03-20
R_20250320_6591,EQ_0281,S_011,2025-03-20
R_20250321_6592,EQ_0001,S_004,2025-03-21
R_20250321_6593,EQ_0022,S_004,2025-03-21
R_20250321_6594,EQ_0045,S_014,2025-03-21
R_20250321_6595,EQ_0083,S_005,2025-03-21
R_20250321_6596,EQ_0087,S_004,2025-03-21
R_20250321_6597,EQ_0104,S_008,2025-03-21
R_20250321_6598,EQ_0111,S_009,2025-03-21
R_20250321_6599,EQ_0117,S_017,2025-03-21
R_20250321_6600,EQ_0147,S_017,2025-03-21
R_20250321_6601,EQ_0155,S_014,2025-03-21
R_20250321_6602,EQ_0231,S_007,2025-03-21
R_20250322_6603,EQ_0022,S_018,2025-03-22
R_20250322_6604,EQ_0039,S_002,2025-03-22
R_20250322_6605,EQ_0070,S_009,2025-03-22
R_20250322_6606,EQ_0093,S_001,2025-03-22
R_20250322_6607,EQ_0095,S_010,2025-03-22
R_20250322_6608,EQ_0105,S_015,2025-03-22
R_20250322_6609,EQ_0143,S_007,2025-03-22
R_20250322_6610,EQ_0145,S_012,2025-03-22
R_20250322_6611,EQ_0165,S_010,2025-03-22
R_20250322_6612,EQ_0178,S_009,2025-03-22
R_20250322_6613,EQ_0186,S_016,2025-03-22
R_20250322_6614,EQ_0194,S_014,2025-03-22
R_20250322_6615,EQ_0200,S_001,2025-03-22
R_20250322_6616,EQ_0225,S_005,2025-03-22
R_20250322_6617,EQ_0249,S_013,2025-03-22
R_20250323_6618,EQ_0004,S_018,2025-03-23
R_20250323_6619,EQ_0022,S_010,2025-03-23
R_20250323_6620,EQ_0030,S_003,2025-03-23
R_20250323_6621,EQ_0057,S_013,2025-03-23
R_20250323_6622,EQ_0107,S_009,2025-03-23
R_20250323_6623,EQ_0136,S_013,2025-03-23
R_20250323_6624,EQ_0166,S_003,2025-03-23
R_20250323_6625,EQ_0176,S_003,2025-03-23
R_20250323_6626,EQ_0189,S_002,2025-03-23
R_20250323_6627,EQ_0203,S_003,2025-03-23
R_20250323_6628,EQ_0213,S_005,2025-03-23
R_20250323_6629,EQ_0217,S_012,2025-03-23
R_20250323_6630,EQ_0258,S_017,2025-03-23
R_20250324_6631,EQ_0015,S_003,2025-03-24
R_20250324_6632,EQ_0032,S_001,2025-03-24
R_20250324_6633,EQ_0064,S_013,2025-03-24
R_20250324_6634,EQ_0067,S_013,2025-03-24
R_20250324_6635,EQ_0074,S_018,2025-03-24
R_20250324_6636,EQ_0121,S_013,2025-03-24
R_20250324_6637,EQ_0125,S_009,2025-03-24
R_20250324_6638,EQ_0167,S_007,2025-03-24
R_20250324_6639,EQ_0227,S_016,2025-03-24
R_20250324_6640,EQ_0238,S_013,2025-03-24
R_20250324_6641,EQ_0251,S_017,2025-03-24
R_20250324_6642,EQ_0269,S_016,2025-03-24
R_20250324_6643,EQ_0283,S_007,2025-03-24
R_20250324_6644,EQ_0285,S_001,2025-03-24
R_20250325_6645,EQ_0064,S_003,2025-03-25
R_20250325_6646,EQ_0083,S_001,2025-03-25
R_20250325_6647,EQ_0107,S_014,2025-03-25
R_20250325_6648,EQ_0129,S_005,2025-03-25
R_20250325_6649,EQ_0159,S_000,2025-03-25
R_20250325_6650,EQ_0164,S_008,2025-03-25
R_20250325_6651,EQ_0202,S_012,2025-03-25
R_20250325_6652,EQ_0203,S_003,2025-03-25
R_20250325_6653,EQ_0212,S_019,2025-03-25
R_20250325_6654,EQ_0213,S_013,2025-03-25
R_20250326_6655,EQ_0015,S_015,2025-03-26
R_20250326_6656,EQ_0018,S_000,2025-03-26
R_20250326_6657,EQ_0034,S_010,2025-03-26
R_20250326_6658,EQ_0061,S_006,2025-03-26
R_20250326_6659,EQ_0098,S_018,2025-03-26
R_20250326_6660,EQ_0124,S_002,2025-03-26
R_20250326_6661,EQ_0135,S_011,2025-03-26
R_20250326_6662,EQ_0156,S_014,2025-03-26
R_20250326_6663,EQ_0200,S_018,2025-03-26
R_20250326_6664,EQ_0205,S_002,2025-03-26
R_20250326_6665,EQ_0218,S_004,2025-03-26
R_20250326_6666,EQ_0228,S_003,2025-03-26
R_20250326_6667,EQ_0244,S_012,2025-03-26
R_20250326_6668,EQ_0259,S_009,2025-03-26
R_20250326_6669,EQ_0276,S_017,2025-03-26
R_20250326_6670,EQ_0289,S_012,2025-03-26
R_20250326_6671,EQ_0293,S_019,2025-03-26
R_20250327_6672,EQ_0026,S_009,2025-03-27
R_20250327_6673,EQ_0083,S_000,2025-03-27
R_20250327_6674,EQ_0084,S_016,2025-03-27
R_20250327_6675,EQ_0088,S_009,2025-03-27
R_20250327_6676,EQ_0114,S_006,2025-03-27
R_20250327_6677,EQ_0116,S_002,2025-03-27
R_20250327_6678,EQ_0134,S_002,2025-03-27
R_20250327_6679,EQ_0151,S_010,2025-03-27
R_20250327_6680,EQ_0171,S_015,2025-03-27
R_20250327_6681,EQ_0186,S_005,2025-03-27
R_20250327_6682,EQ_0197,S_014,2025-03-27
R_20250327_6683,EQ_0227,S_012,2025-03-27
R_20250327_6684,EQ_0248,S_001,2025-03-27
R_20250327_6685,EQ_0254,S_012,2025-03-27
R_20250327_6686,EQ_0258,S_007,2025-03-27
R_20250327_6687,EQ_0262,S_002,2025-03-27
R_20250327_6688,EQ_0273,S_008,2025-03-27
R_20250327_6689,EQ_0284,S_014,2025-03-27
R_20250327_6690,EQ_0289,S_004,2025-03-27
R_20250328_6691,EQ_0020,S_017,2025-03-28
R_20250328_6692,EQ_0032,S_017,2025-03-28
R_20250328_6693,EQ_0050,S_017,2025-03-28
R_20250328_6694,EQ_0083,S_015,2025-03-28
R_20250328_6695,EQ_0085,S_001,2025-03-28
R_20250328_6696,EQ_0092,S_016,2025-03-28
R_20250328_6697,EQ_0102,S_006,2025-03-28
R_20250328_6698,EQ_0116,S_006,2025-03-28
R_20250328_6699,EQ_0136,S_010,2025-03-28
R_20250328_6700,EQ_0140,S_003,2025-03-28
R_20250328_6701,EQ_0179,S_000,2025-03-28
R_20250328_6702,EQ_0240,S_006,2025-03-28
R_20250328_6703,EQ_0252,S_014,2025-03-28
R_20250328_6704,EQ_0264,S_000,2025-03-28
R_20250328_6705,EQ_0287,S_012,2025-03-28
R_20250329_6706,EQ_0005,S_012,2025-03-29
R_20250329_6707,EQ_0032,S_003,2025-03-29
R_20250329_6708,EQ_0050,S_000,2025-03-29
R_20250329_6709,EQ_0067,S_006,2025-03-29
R_20250329_6710,EQ_0130,S_000,2025-03-29
R_20250329_6711,EQ_0132,S_012,2025-03-29
R_20250329_6712,EQ_0133,S_005,2025-03-29
R_20250329_6713,EQ_0148,S_001,2025-03-29
R_20250329_6714,EQ_0150,S_004,2025-03-29
R_20250329_6715,EQ_0158,S_004,2025-03-29
R_20250329_6716,EQ_0159,S_006,2025-03-29
R_20250329_6717,EQ_0192,S_018,2025-03-29
R_20250329_6718,EQ_0193,S_009,2025-03-29
R_20250329_6719,EQ_0254,S_009,2025-03-29
R_20250329_6720,EQ_0257,S_004,2025-03-29
R_20250329_6721,EQ_0272,S_005,2025-03-29
R_20250330_6722,EQ_0003,S_018,2025-03-30
R_20250330_6723,EQ_0015,S_018,2025-03-30
R_20250330_6724,EQ_0031,S_011,2025-03-30
R_20250330_6725,EQ_0085,S_011,2025-03-30
R_20250330_6726,EQ_0089,S_002,2025-03-30
R_20250330_6727,EQ_0121,S_007,2025-03-30
R_20250330_6728,EQ_0131,S_011,2025-03-30
R_20250330_6729,EQ_0154,S_018,2025-03-30
R_20250330_6730,EQ_0158,S_009,2025-03-30
R_20250330_6731,EQ_0181,S_012,2025-03-30
R_20250330_6732,EQ_0183,S_009,2025-03-30
R_20250330_6733,EQ_0199,S_010,2025-03-30
R_20250330_6734,EQ_0211,S_001,2025-03-30
R_20250330_6735,EQ_0225,S_001,2025-03-30
R_20250330_6736,EQ_0241,S_013,2025-03-30
R_20250330_6737,EQ_0266,S_017,2025-03-30
R_20250331_6738,EQ_0046,S_011,2025-03-31
R_20250331_6739,EQ_0111,S_015,2025-03-31
R_20250331_6740,EQ_0117,S_014,2025-03-31
R_20250331_6741,EQ_0125,S_009,2025-03-31
R_20250331_6742,EQ_0133,S_012,2025-03-31
R_20250331_6743,EQ_0174,S_008,2025-03-31
R_20250331_6744,EQ_0184,S_011,2025-03-31
R_20250331_6745,EQ_0198,S_007,2025-03-31
R_20250331_6746,EQ_0217,S_012,2025-03-31
R_20250331_6747,EQ_0240,S_014,2025-03-31
R_20250331_6748,EQ_0287,S_010,2025-03-31
R_20250331_6749,EQ_0299,S_006,2025-03-31
R_20250401_6750,EQ_0032,S_018,2025-04-01
R_20250401_6751,EQ_0105,S_018,2025-04-01
R_20250401_6752,EQ_0141,S_000,2025-04-01
R_20250401_6753,EQ_0154,S_013,2025-04-01
R_20250401_6754,EQ_0288,S_006,2025-04-01
R_20250402_6755,EQ_0047,S_011,2025-04-02
R_20250402_6756,EQ_0107,S_017,2025-04-02
R_20250402_6757,EQ_0126,S_000,2025-04-02
R_20250402_6758,EQ_0130,S_009,2025-04-02
R_20250402_6759,EQ_0137,S_003,2025-04-02
R_20250402_6760,EQ_0160,S_014,2025-04-02
R_20250402_6761,EQ_0163,S_004,2025-04-02
R_20250402_6762,EQ_0178,S_005,2025-04-02
R_20250402_6763,EQ_0183,S_018,2025-04-02
R_20250402_6764,EQ_0192,S_013,2025-04-02
R_20250402_6765,EQ_0199,S_019,2025-04-02
R_20250402_6766,EQ_0211,S_003,2025-04-02
R_20250402_6767,EQ_0285,S_018,2025-04-02
R_20250402_6768,EQ_0297,S_003,2025-04-02
R_20250403_6769,EQ_0047,S_004,2025-04-03
R_20250403_6770,EQ_0056,S_005,2025-04-03
R_20250403_6771,EQ_0064,S_001,2025-04-03
R_20250403_6772,EQ_0073,S_015,2025-04-03
R_20250403_6773,EQ_0085,S_006,2025-04-03
R_20250403_6774,EQ_0103,S_017,2025-04-03
R_20250403_6775,EQ_0120,S_005,2025-04-03
R_20250403_6776,EQ_0124,S_017,2025-04-03
R_20250403_6777,EQ_0147,S_008,2025-04-03
R_20250403_6778,EQ_0179,S_013,2025-04-03
R_20250403_6779,EQ_0184,S_016,2025-04-03
R_20250403_6780,EQ_0203,S_000,2025-04-03
R_20250403_6781,EQ_0246,S_010,2025-04-03
R_20250403_6782,EQ_0247,S_011,2025-04-03
R_20250404_6783,EQ_0030,S_004,2025-04-04
R_20250404_6784,EQ_0037,S_005,2025-04-04
R_20250404_6785,EQ_0039,S_000,2025-04-04
R_20250404_6786,EQ_0042,S_018,2025-04-04
R_20250404_6787,EQ_0052,S_008,2025-04-04
R_20250404_6788,EQ_0054,S_018,2025-04-04
R_20250404_6789,EQ_0064,S_001,2025-04-04
R_20250404_6790,EQ_0070,S_012,2025-04-04
R_20250404_6791,EQ_0077,S_009,2025-04-04
R_20250404_6792,EQ_0080,S_006,2025-04-04
R_20250404_6793,EQ_0082,S_014,2025-04-04
R_20250404_6794,EQ_0096,S_016,2025-04-04
R_20250404_6795,EQ_0121,S_002,2025-04-04
R_20250404_6796,EQ_0148,S_006,2025-04-04
R_20250404_6797,EQ_0157,S_017,2025-04-04
R_20250404_6798,EQ_0167,S_007,2025-04-04
R_20250404_6799,EQ_0190,S_005,2025-04-04
R_20250404_6800,EQ_0220,S_016,2025-04-04
R_20250404_6801,EQ_0228,S_016,2025-04-04
R_20250404_6802,EQ_0234,S_016,2025-04-04
R_20250404_6803,EQ_0288,S_017,2025-04-04
R_20250405_6804,EQ_0028,S_010,2025-04-05
R_20250405_6805,EQ_0037,S_013,2025-04-05
R_20250405_6806,EQ_0047,S_013,2025-04-05
R_20250405_6807,EQ_0060,S_015,2025-04-05
R_20250405_6808,EQ_0087,S_003,2025-04-05
R_20250405_6809,EQ_0093,S_008,2025-04-05
R_20250405_6810,EQ_0098,S_000,2025-04-05
R_20250405_6811,EQ_0124,S_008,2025-04-05
R_20250405_6812,EQ_0149,S_001,2025-04-05
R_20250405_6813,EQ_0171,S_003,2025-04-05
R_20250405_6814,EQ_0237,S_006,2025-04-05
R_20250405_6815,EQ_0238,S_009,2025-04-05
R_20250405_6816,EQ_0270,S_004,2025-04-05
R_20250405_6817,EQ_0275,S_003,2025-04-05
R_20250405_6818,EQ_0288,S_017,2025-04-05
R_20250405_6819,EQ_0297,S_018,2025-04-05
R_20250406_6820,EQ_0000,S_007,2025-04-06
R_20250406_6821,EQ_0032,S_000,2025-04-06
R_20250406_6822,EQ_0039,S_006,2025-04-06
R_20250406_6823,EQ_0046,S_012,2025-04-06
R_20250406_6824,EQ_0049,S_019,2025-04-06
R_20250406_6825,EQ_0059,S_005,2025-04-06
R_20250406_6826,EQ_0062,S_012,2025-04-06
R_20250406_6827,EQ_0071,S_013,2025-04-06
R_20250406_6828,EQ_0078,S_000,2025-04-06
R_20250406_6829,EQ_0119,S_013,2025-04-06
R_20250406_6830,EQ_0135,S_016,2025-04-06
R_20250406_6831,EQ_0173,S_005,2025-04-06
R_20250406_6832,EQ_0197,S_008,2025-04-06
R_20250406_6833,EQ_0200,S_005,2025-04-06
R_20250406_6834,EQ_0206,S_011,2025-04-06
R_20250406_6835,EQ_0210,S_002,2025-04-06
R_20250406_6836,EQ_0217,S_018,2025-04-06
R_20250406_6837,EQ_0247,S_011,2025-04-06
R_20250406_6838,EQ_0249,S_012,2025-04-06
R_20250406_6839,EQ_0261,S_007,2025-04-06
R_20250406_6840,EQ_0277,S_001,2025-04-06
R_20250406_6841,EQ_0279,S_019,2025-04-06
R_20250407_6842,EQ_0051,S_009,2025-04-07
R_20250407_6843,EQ_0053,S_015,2025-04-07
R_20250407_6844,EQ_0055,S_002,2025-04-07
R_20250407_6845,EQ_0091,S_009,2025-04-07
R_20250407_6846,EQ_0109,S_010,2025-04-07
R_20250407_6847,EQ_0150,S_019,2025-04-07
R_20250407_6848,EQ_0158,S_018,2025-04-07
R_20250407_6849,EQ_0159,S_017,2025-04-07
R_20250407_6850,EQ_0161,S_007,2025-04-07
R_20250407_6851,EQ_0182,S_007,2025-04-07
R_20250407_6852,EQ_0191,S_019,2025-04-07
R_20250407_6853,EQ_0202,S_002,2025-04-07
R_20250407_6854,EQ_0223,S_016,2025-04-07
R_20250408_6855,EQ_0003,S_009,2025-04-08
R_20250408_6856,EQ_0010,S_000,2025-04-08
R_20250408_6857,EQ_0044,S_004,2025-04-08
R_20250408_6858,EQ_0061,S_014,2025-04-08
R_20250408_6859,EQ_0082,S_003,2025-04-08
R_20250408_6860,EQ_0085,S_017,2025-04-08
R_20250408_6861,EQ_0089,S_001,2025-04-08
R_20250408_6862,EQ_0107,S_005,2025-04-08
R_20250408_6863,EQ_0162,S_014,2025-04-08
R_20250408_6864,EQ_0163,S_017,2025-04-08
R_20250408_6865,EQ_0186,S_000,2025-04-08
R_20250408_6866,EQ_0196,S_019,2025-04-08
R_20250408_6867,EQ_0208,S_010,2025-04-08
R_20250408_6868,EQ_0232,S_010,2025-04-08
R_20250408_6869,EQ_0263,S_009,2025-04-08
R_20250408_6870,EQ_0274,S_001,2025-04-08
R_20250408_6871,EQ_0281,S_008,2025-04-08
R_20250409_6872,EQ_0002,S_018,2025-04-09
R_20250409_6873,EQ_0031,S_018,2025-04-09
R_20250409_6874,EQ_0032,S_001,2025-04-09
R_20250409_6875,EQ_0041,S_000,2025-04-09
R_20250409_6876,EQ_0071,S_013,2025-04-09
R_20250409_6877,EQ_0079,S_012,2025-04-09
R_20250409_6878,EQ_0085,S_008,2025-04-09
R_20250409_6879,EQ_0099,S_010,2025-04-09
R_20250409_6880,EQ_0169,S_014,2025-04-09
R_20250409_6881,EQ_0181,S_001,2025-04-09
R_20250409_6882,EQ_0191,S_008,2025-04-09
R_20250409_6883,EQ_0234,S_019,2025-04-09
R_20250409_6884,EQ_0293,S_006,2025-04-09
R_20250410_6885,EQ_0035,S_009,2025-04-10
R_20250410_6886,EQ_0070,S_001,2025-04-10
R_20250410_6887,EQ_0086,S_000,2025-04-10
R_20250410_6888,EQ_0128,S_006,2025-04-10
R_20250410_6889,EQ_0165,S_015,2025-04-10
R_20250410_6890,EQ_0173,S_001,2025-04-10
R_20250410_6891,EQ_0179,S_009,2025-04-10
R_20250410_6892,EQ_0197,S_018,2025-04-10
R_20250410_6893,EQ_0203,S_004,2025-04-10
R_20250410_6894,EQ_0284,S_002,2025-04-10
R_20250411_6895,EQ_0031,S_012,2025-04-11
R_20250411_6896,EQ_0036,S_010,2025-04-11
R_20250411_6897,EQ_0047,S_010,2025-04-11
R_20250411_6898,EQ_0076,S_001,2025-04-11
R_20250411_6899,EQ_0078,S_003,2025-04-11
R_20250411_6900,EQ_0086,S_004,2025-04-11
R_20250411_6901,EQ_0113,S_018,2025-04-11
R_20250411_6902,EQ_0134,S_018,2025-04-11
R_20250411_6903,EQ_0167,S_017,2025-04-11
R_20250411_6904,EQ_0182,S_005,2025-04-11
R_20250411_6905,EQ_0192,S_013,2025-04-11
R_20250411_6906,EQ_0197,S_003,2025-04-11
R_20250411_6907,EQ_0235,S_016,2025-04-11
R_20250411_6908,EQ_0244,S_006,2025-04-11
R_20250411_6909,EQ_0247,S_018,2025-04-11
R_20250411_6910,EQ_0249,S_003,2025-04-11
R_20250411_6911,EQ_0264,S_018,2025-04-11
R_20250412_6912,EQ_0008,S_008,2025-04-12
R_20250412_6913,EQ_0076,S_017,2025-04-12
R_20250412_6914,EQ_0097,S_004,2025-04-12
R_20250412_6915,EQ_0159,S_006,2025-04-12
R_20250412_6916,EQ_0164,S_004,2025-04-12
R_20250412_6917,EQ_0207,S_019,2025-04-12
R_20250412_6918,EQ_0244,S_019,2025-04-12
R_20250412_6919,EQ_0269,S_001,2025-04-12
R_20250412_6920,EQ_0274,S_017,2025-04-12
R_20250413_6921,EQ_0051,S_001,2025-04-13
R_20250413_6922,EQ_0072,S_008,2025-04-13
R_20250413_6923,EQ_0084,S_009,2025-04-13
R_20250413_6924,EQ_0085,S_008,2025-04-13
R_20250413_6925,EQ_0114,S_012,2025-04-13
R_20250413_6926,EQ_0145,S_001,2025-04-13
R_20250413_6927,EQ_0159,S_001,2025-04-13
R_20250413_6928,EQ_0192,S_003,2025-04-13
R_20250413_6929,EQ_0279,S_013,2025-04-13
R_20250413_6930,EQ_0283,S_001,2025-04-13
R_20250414_6931,EQ_0015,S_006,2025-04-14
R_20250414_6932,EQ_0016,S_015,2025-04-14
R_20250414_6933,EQ_0019,S_005,2025-04-14
R_20250414_6934,EQ_0027,S_010,2025-04-14
R_20250414_6935,EQ_0031,S_007,2025-04-14
R_20250414_6936,EQ_0056,S_010,2025-04-14
R_20250414_6937,EQ_0102,S_001,2025-04-14
R_20250414_6938,EQ_0121,S_016,2025-04-14
R_20250414_6939,EQ_0123,S_010,2025-04-14
R_20250414_6940,EQ_0135,S_004,2025-04-14
R_20250414_6941,EQ_0172,S_005,2025-04-14
R_20250414_6942,EQ_0183,S_013,2025-04-14
R_20250414_6943,EQ_0189,S_003,2025-04-14
R_20250414_6944,EQ_0203,S_017,2025-04-14
R_20250414_6945,EQ_0205,S_000,2025-04-14
R_20250414_6946,EQ_0247,S_012,2025-04-14
R_20250414_6947,EQ_0252,S_000,2025-04-14
R_20250414_6948,EQ_0253,S_003,2025-04-14
R_20250414_6949,EQ_0264,S_008,2025-04-14
R_20250414_6950,EQ_0281,S_000,2025-04-14
R_20250415_6951,EQ_0021,S_016,2025-04-15
R_20250415_6952,EQ_0037,S_010,2025-04-15
R_20250415_6953,EQ_0041,S_011,2025-04-15
R_20250415_6954,EQ_0068,S_003,2025-04-15
R_20250415_6955,EQ_0107,S_002,2025-04-15
R_20250415_6956,EQ_0122,S_015,2025-04-15
R_20250415_6957,EQ_0126,S_015,2025-04-15
R_20250415_6958,EQ_0176,S_010,2025-04-15
R_20250415_6959,EQ_0183,S_018,2025-04-15
R_20250415_6960,EQ_0221,S_009,2025-04-15
R_20250415_6961,EQ_0232,S_017,2025-04-15
R_20250415_6962,EQ_0233,S_016,2025-04-15
R_20250415_6963,EQ_0236,S_004,2025-04-15
R_20250415_6964,EQ_0254,S_014,2025-04-15
R_20250415_6965,EQ_0271,S_017,2025-04-15
R_20250415_6966,EQ_0279,S_018,2025-04-15
R_20250415_6967,EQ_0291,S_010,2025-04-15
R_20250416_6968,EQ_0000,S_002,2025-04-16
R_20250416_6969,EQ_0010,S_019,2025-04-16
R_20250416_6970,EQ_0018,S_014,2025-04-16
R_20250416_6971,EQ_0035,S_001,2025-04-16
R_20250416_6972,EQ_0063,S_005,2025-04-16
R_20250416_6973,EQ_0091,S_001,2025-04-16
R_20250416_6974,EQ_0155,S_005,2025-04-16
R_20250416_6975,EQ_0157,S_018,2025-04-16
R_20250416_6976,EQ_0172,S_012,2025-04-16
R_20250416_6977,EQ_0185,S_018,2025-04-16
R_20250416_6978,EQ_0242,S_004,2025-04-16
R_20250416_6979,EQ_0250,S_018,2025-04-16
R_20250416_6980,EQ_0258,S_005,2025-04-16
R_20250416_6981,EQ_0272,S_007,2025-04-16
R_20250417_6982,EQ_0013,S_005,2025-04-17
R_20250417_6983,EQ_0025,S_012,2025-04-17
R_20250417_6984,EQ_0028,S_016,2025-04-17
R_20250417_6985,EQ_0143,S_005,2025-04-17
R_20250417_6986,EQ_0158,S_015,2025-04-17
R_20250417_6987,EQ_0169,S_006,2025-04-17
R_20250417_6988,EQ_0175,S_018,2025-04-17
R_20250417_6989,EQ_0201,S_016,2025-04-17
R_20250417_6990,EQ_0217,S_012,2025-04-17
R_20250417_6991,EQ_0234,S_004,2025-04-17
R_20250417_6992,EQ_0255,S_000,2025-04-17
R_20250417_6993,EQ_0272,S_012,2025-04-17
R_20250417_6994,EQ_0296,S_007,2025-04-17
R_20250418_6995,EQ_0009,S_019,2025-04-18
R_20250418_6996,EQ_0011,S_002,2025-04-18
R_20250418_6997,EQ_0059,S_012,2025-04-18
R_20250418_6998,EQ_0060,S_019,2025-04-18
R_20250418_6999,EQ_0061,S_007,2025-04-18
R_20250418_7000,EQ_0067,S_010,2025-04-18
R_20250418_7001,EQ_0076,S_012,2025-04-18
R_20250418_7002,EQ_0085,S_017,2025-04-18
R_20250418_7003,EQ_0126,S_002,2025-04-18
R_20250418_7004,EQ_0145,S_017,2025-04-18
R_20250418_7005,EQ_0146,S_013,2025-04-18
R_20250418_7006,EQ_0156,S_001,2025-04-18
R_20250418_7007,EQ_0164,S_016,2025-04-18
R_20250418_7008,EQ_0171,S_018,2025-04-18
R_20250418_7009,EQ_0172,S_000,2025-04-18
R_20250418_7010,EQ_0198,S_006,2025-04-18
R_20250418_7011,EQ_0210,S_010,2025-04-18
R_20250418_7012,EQ_0239,S_011,2025-04-18
R_20250418_7013,EQ_0264,S_019,2025-04-18
R_20250418_7014,EQ_0266,S_012,2025-04-18
R_20250419_7015,EQ_0003,S_010,2025-04-19
R_20250419_7016,EQ_0005,S_012,2025-04-19
R_20250419_7017,EQ_0017,S_015,2025-04-19
R_20250419_7018,EQ_0040,S_014,2025-04-19
R_20250419_7019,EQ_0076,S_004,2025-04-19
R_20250419_7020,EQ_0093,S_012,2025-04-19
R_20250419_7021,EQ_0123,S_003,2025-04-19
R_20250419_7022,EQ_0130,S_005,2025-04-19
R_20250419_7023,EQ_0134,S_015,2025-04-19
R_20250419_7024,EQ_0136,S_016,2025-04-19
R_20250419_7025,EQ_0140,S_013,2025-04-19
R_20250419_7026,EQ_0162,S_008,2025-04-19
R_20250419_7027,EQ_0168,S_016,2025-04-19
R_20250419_7028,EQ_0170,S_000,2025-04-19
R_20250419_7029,EQ_0172,S_011,2025-04-19
R_20250419_7030,EQ_0199,S_001,2025-04-19
R_20250419_7031,EQ_0202,S_016,2025-04-19
R_20250419_7032,EQ_0286,S_010,2025-04-19
R_20250420_7033,EQ_0054,S_017,2025-04-20
R_20250420_7034,EQ_0061,S_008,2025-04-20
R_20250420_7035,EQ_0070,S_006,2025-04-20
R_20250420_7036,EQ_0075,S_011,2025-04-20
R_20250420_7037,EQ_0137,S_008,2025-04-20
R_20250420_7038,EQ_0171,S_001,2025-04-20
R_20250420_7039,EQ_0186,S_006,2025-04-20
R_20250420_7040,EQ_0208,S_014,2025-04-20
R_20250420_7041,EQ_0222,S_005,2025-04-20
R_20250420_7042,EQ_0229,S_010,2025-04-20
R_20250420_7043,EQ_0239,S_003,2025-04-20
R_20250420_7044,EQ_0256,S_003,2025-04-20
R_20250420_7045,EQ_0297,S_013,2025-04-20
R_20250421_7046,EQ_0013,S_001,2025-04-21
R_20250421_7047,EQ_0040,S_002,2025-04-21
R_20250421_7048,EQ_0122,S_016,2025-04-21
R_20250421_7049,EQ_0135,S_006,2025-04-21
R_20250421_7050,EQ_0158,S_009,2025-04-21
R_20250421_7051,EQ_0164,S_019,2025-04-21
R_20250421_7052,EQ_0173,S_001,2025-04-21
R_20250421_7053,EQ_0209,S_004,2025-04-21
R_20250421_7054,EQ_0242,S_011,2025-04-21
R_20250421_7055,EQ_0283,S_012,2025-04-21
R_20250421_7056,EQ_0296,S_011,2025-04-21
R_20250421_7057,EQ_0297,S_016,2025-04-21
R_20250422_7058,EQ_0036,S_015,2025-04-22
R_20250422_7059,EQ_0044,S_013,2025-04-22
R_20250422_7060,EQ_0054,S_005,2025-04-22
R_20250422_7061,EQ_0067,S_000,2025-04-22
R_20250422_7062,EQ_0102,S_010,2025-04-22
R_20250422_7063,EQ_0111,S_014,2025-04-22
R_20250422_7064,EQ_0136,S_001,2025-04-22
R_20250422_7065,EQ_0164,S_011,2025-04-22
R_20250422_7066,EQ_0259,S_019,2025-04-22
R_20250422_7067,EQ_0260,S_016,2025-04-22
R_20250422_7068,EQ_0282,S_011,2025-04-22
R_20250423_7069,EQ_0026,S_006,2025-04-23
R_20250423_7070,EQ_0074,S_007,2025-04-23
R_20250423_7071,EQ_0097,S_001,2025-04-23
R_20250423_7072,EQ_0106,S_002,2025-04-23
R_20250423_7073,EQ_0121,S_017,2025-04-23
R_20250423_7074,EQ_0122,S_000,2025-04-23
R_20250423_7075,EQ_0126,S_019,2025-04-23
R_20250423_7076,EQ_0213,S_016,2025-04-23
R_20250423_7077,EQ_0229,S_014,2025-04-23
R_20250423_7078,EQ_0285,S_015,2025-04-23
R_20250424_7079,EQ_0004,S_017,2025-04-24
R_20250424_7080,EQ_0006,S_007,2025-04-24
R_20250424_7081,EQ_0046,S_001,2025-04-24
R_20250424_7082,EQ_0058,S_000,2025-04-24
R_20250424_7083,EQ_0071,S_005,2025-04-24
R_20250424_7084,EQ_0130,S_013,2025-04-24
R_20250424_7085,EQ_0149,S_017,2025-04-24
R_20250424_7086,EQ_0174,S_001,2025-04-24
R_20250424_7087,EQ_0190,S_006,2025-04-24
R_20250424_7088,EQ_0225,S_008,2025-04-24
R_20250424_7089,EQ_0238,S_004,2025-04-24
R_20250424_7090,EQ_0283,S_000,2025-04-24
R_20250424_7091,EQ_0288,S_005,2025-04-24
R_20250424_7092,EQ_0297,S_016,2025-04-24
R_20250425_7093,EQ_0015,S_006,2025-04-25
R_20250425_7094,EQ_0023,S_015,2025-04-25
R_20250425_7095,EQ_0060,S_008,2025-04-25
R_20250425_7096,EQ_0061,S_016,2025-04-25
R_20250425_7097,EQ_0087,S_017,2025-04-25
R_20250425_7098,EQ_0091,S_016,2025-04-25
R_20250425_7099,EQ_0101,S_016,2025-04-25
R_20250425_7100,EQ_0141,S_010,2025-04-25
R_20250425_7101,EQ_0142,S_016,2025-04-25
R_20250425_7102,EQ_0145,S_000,2025-04-25
R_20250425_7103,EQ_0201,S_017,2025-04-25
R_20250425_7104,EQ_0219,S_009,2025-04-25
R_20250425_7105,EQ_0244,S_011,2025-04-25
R_20250425_7106,EQ_0246,S_018,2025-04-25
R_20250425_7107,EQ_0266,S_013,2025-04-25
R_20250425_7108,EQ_0269,S_013,2025-04-25
R_20250425_7109,EQ_0277,S_019,2025-04-25
R_20250426_7110,EQ_0001,S_002,2025-04-26
R_20250426_7111,EQ_0034,S_006,2025-04-26
R_20250426_7112,EQ_0079,S_009,2025-04-26
R_20250426_7113,EQ_0081,S_019,2025-04-26
R_20250426_7114,EQ_0096,S_014,2025-04-26
R_20250426_7115,EQ_0166,S_007,2025-04-26
R_20250426_7116,EQ_0181,S_003,2025-04-26
R_20250426_7117,EQ_0184,S_012,2025-04-26
R_20250426_7118,EQ_0191,S_017,2025-04-26
R_20250426_7119,EQ_0198,S_005,2025-04-26
R_20250426_7120,EQ_0250,S_007,2025-04-26
R_20250426_7121,EQ_0281,S_014,2025-04-26
R_20250427_7122,EQ_0016,S_008,2025-04-27
R_20250427_7123,EQ_0031,S_009,2025-04-27
R_20250427_7124,EQ_0032,S_010,2025-04-27
R_20250427_7125,EQ_0060,S_013,2025-04-27
R_20250427_7126,EQ_0084,S_002,2025-04-27
R_20250427_7127,EQ_0108,S_011,2025-04-27
R_20250427_7128,EQ_0121,S_004,2025-04-27
R_20250427_7129,EQ_0124,S_009,2025-04-27
R_20250427_7130,EQ_0189,S_001,2025-04-27
R_20250427_7131,EQ_0195,S_009,2025-04-27
R_20250427_7132,EQ_0203,S_011,2025-04-27
R_20250427_7133,EQ_0208,S_016,2025-04-27
R_20250427_7134,EQ_0233,S_011,2025-04-27
R_20250427_7135,EQ_0248,S_005,2025-04-27
R_20250427_7136,EQ_0256,S_007,2025-04-27
R_20250428_7137,EQ_0005,S_009,2025-04-28
R_20250428_7138,EQ_0037,S_013,2025-04-28
R_20250428_7139,EQ_0052,S_007,2025-04-28
R_20250428_7140,EQ_0074,S_000,2025-04-28
R_20250428_7141,EQ_0075,S_019,2025-04-28
R_20250428_7142,EQ_0083,S_003,2025-04-28
R_20250428_7143,EQ_0109,S_008,2025-04-28
R_20250428_7144,EQ_0110,S_013,2025-04-28
R_20250428_7145,EQ_0131,S_008,2025-04-28
R_20250428_7146,EQ_0133,S_004,2025-04-28
R_20250428_7147,EQ_0139,S_001,2025-04-28
R_20250428_7148,EQ_0149,S_012,2025-04-28
R_20250428_7149,EQ_0169,S_013,2025-04-28
R_20250428_7150,EQ_0211,S_001,2025-04-28
R_20250428_7151,EQ_0226,S_017,2025-04-28
R_20250428_7152,EQ_0237,S_000,2025-04-28
R_20250428_7153,EQ_0241,S_005,2025-04-28
R_20250428_7154,EQ_0257,S_012,2025-04-28
R_20250428_7155,EQ_0279,S_000,2025-04-28
R_20250428_7156,EQ_0292,S_000,2025-04-28
R_20250429_7157,EQ_0026,S_002,2025-04-29
R_20250429_7158,EQ_0027,S_014,2025-04-29
R_20250429_7159,EQ_0028,S_012,2025-04-29
R_20250429_7160,EQ_0061,S_005,2025-04-29
R_20250429_7161,EQ_0067,S_018,2025-04-29
R_20250429_7162,EQ_0070,S_005,2025-04-29
R_20250429_7163,EQ_0081,S_005,2025-04-29
R_20250429_7164,EQ_0136,S_014,2025-04-29
R_20250429_7165,EQ_0148,S_012,2025-04-29
R_20250429_7166,EQ_0155,S_014,2025-04-29
R_20250429_7167,EQ_0159,S_009,2025-04-29
R_20250429_7168,EQ_0165,S_008,2025-04-29
R_20250430_7169,EQ_0024,S_006,2025-04-30
R_20250430_7170,EQ_0051,S_018,2025-04-30
R_20250430_7171,EQ_0056,S_013,2025-04-30
R_20250430_7172,EQ_0081,S_015,2025-04-30
R_20250430_7173,EQ_0130,S_011,2025-04-30
R_20250430_7174,EQ_0196,S_017,2025-04-30
R_20250430_7175,EQ_0235,S_010,2025-04-30
R_20250430_7176,EQ_0241,S_010,2025-04-30
R_20250430_7177,EQ_0247,S_003,2025-04-30
R_20250501_7178,EQ_0005,S_014,2025-05-01
R_20250501_7179,EQ_0014,S_011,2025-05-01
R_20250501_7180,EQ_0041,S_008,2025-05-01
R_20250501_7181,EQ_0068,S_017,2025-05-01
R_20250501_7182,EQ_0093,S_012,2025-05-01
R_20250501_7183,EQ_0094,S_015,2025-05-01
R_20250501_7184,EQ_0096,S_013,2025-05-01
R_20250501_7185,EQ_0097,S_007,2025-05-01
R_20250501_7186,EQ_0104,S_015,2025-05-01
R_20250501_7187,EQ_0116,S_012,2025-05-01
R_20250501_7188,EQ_0117,S_006,2025-05-01
R_20250501_7189,EQ_0123,S_005,2025-05-01
R_20250501_7190,EQ_0165,S_014,2025-05-01
R_20250501_7191,EQ_0186,S_005,2025-05-01
R_20250501_7192,EQ_0195,S_002,2025-05-01
R_20250501_7193,EQ_0218,S_011,2025-05-01
R_20250501_7194,EQ_0230,S_004,2025-05-01
R_20250501_7195,EQ_0231,S_007,2025-05-01
R_20250501_7196,EQ_0251,S_016,2025-05-01
R_20250502_7197,EQ_0002,S_007,2025-05-02
R_20250502_7198,EQ_0034,S_001,2025-05-02
R_20250502_7199,EQ_0079,S_013,2025-05-02
R_20250502_7200,EQ_0113,S_012,2025-05-02
R_20250502_7201,EQ_0136,S_011,2025-05-02
R_20250502_7202,EQ_0154,S_018,2025-05-02
R_20250502_7203,EQ_0160,S_008,2025-05-02
R_20250502_7204,EQ_0175,S_007,2025-05-02
R_20250502_7205,EQ_0197,S_015,2025-05-02
R_20250502_7206,EQ_0209,S_013,2025-05-02
R_20250502_7207,EQ_0273,S_007,2025-05-02
R_20250503_7208,EQ_0009,S_015,2025-05-03
R_20250503_7209,EQ_0012,S_012,2025-05-03
R_20250503_7210,EQ_0033,S_004,2025-05-03
R_20250503_7211,EQ_0044,S_005,2025-05-03
R_20250503_7212,EQ_0047,S_012,2025-05-03
R_20250503_7213,EQ_0048,S_008,2025-05-03
R_20250503_7214,EQ_0049,S_013,2025-05-03
R_20250503_7215,EQ_0065,S_007,2025-05-03
R_20250503_7216,EQ_0078,S_009,2025-05-03
R_20250503_7217,EQ_0087,S_001,2025-05-03
R_20250503_7218,EQ_0162,S_007,2025-05-03
R_20250503_7219,EQ_0216,S_016,2025-05-03
R_20250503_7220,EQ_0235,S_015,2025-05-03
R_20250503_7221,EQ_0238,S_019,2025-05-03
R_20250503_7222,EQ_0262,S_006,2025-05-03
R_20250504_7223,EQ_0002,S_019,2025-05-04
R_20250504_7224,EQ_0016,S_008,2025-05-04
R_20250504_7225,EQ_0077,S_005,2025-05-04
R_20250504_7226,EQ_0105,S_019,2025-05-04
R_20250504_7227,EQ_0108,S_012,2025-05-04
R_20250504_7228,EQ_0110,S_001,2025-05-04
R_20250504_7229,EQ_0126,S_000,2025-05-04
R_20250504_7230,EQ_0136,S_010,2025-05-04
R_20250504_7231,EQ_0169,S_009,2025-05-04
R_20250504_7232,EQ_0171,S_016,2025-05-04
R_20250504_7233,EQ_0173,S_006,2025-05-04
R_20250504_7234,EQ_0185,S_012,2025-05-04
R_20250504_7235,EQ_0200,S_011,2025-05-04
R_20250504_7236,EQ_0203,S_003,2025-05-04
R_20250504_7237,EQ_0220,S_014,2025-05-04
R_20250504_7238,EQ_0232,S_017,2025-05-04
R_20250504_7239,EQ_0252,S_016,2025-05-04
R_20250504_7240,EQ_0264,S_000,2025-05-04
R_20250504_7241,EQ_0289,S_019,2025-05-04
R_20250505_7242,EQ_0013,S_009,2025-05-05
R_20250505_7243,EQ_0024,S_011,2025-05-05
R_20250505_7244,EQ_0053,S_005,2025-05-05
R_20250505_7245,EQ_0070,S_013,2025-05-05
R_20250505_7246,EQ_0106,S_003,2025-05-05
R_20250505_7247,EQ_0113,S_015,2025-05-05
R_20250505_7248,EQ_0145,S_009,2025-05-05
R_20250505_7249,EQ_0150,S_014,2025-05-05
R_20250505_7250,EQ_0178,S_019,2025-05-05
R_20250505_7251,EQ_0192,S_017,2025-05-05
R_20250505_7252,EQ_0264,S_004,2025-05-05
R_20250505_7253,EQ_0286,S_008,2025-05-05
R_20250505_7254,EQ_0291,S_012,2025-05-05
R_20250506_7255,EQ_0017,S_016,2025-05-06
R_20250506_7256,EQ_0033,S_010,2025-05-06
R_20250506_7257,EQ_0048,S_001,2025-05-06
R_20250506_7258,EQ_0054,S_009,2025-05-06
R_20250506_7259,EQ_0066,S_013,2025-05-06
R_20250506_7260,EQ_0078,S_003,2025-05-06
R_20250506_7261,EQ_0096,S_007,2025-05-06
R_20250506_7262,EQ_0109,S_015,2025-05-06
R_20250506_7263,EQ_0129,S_013,2025-05-06
R_20250506_7264,EQ_0134,S_003,2025-05-06
R_20250506_7265,EQ_0164,S_014,2025-05-06
R_20250506_7266,EQ_0169,S_005,2025-05-06
R_20250506_7267,EQ_0174,S_010,2025-05-06
R_20250506_7268,EQ_0192,S_016,2025-05-06
R_20250506_7269,EQ_0227,S_008,2025-05-06
R_20250506_7270,EQ_0230,S_001,2025-05-06
R_20250506_7271,EQ_0237,S_015,2025-05-06
R_20250506_7272,EQ_0291,S_000,2025-05-06
R_20250507_7273,EQ_0011,S_012,2025-05-07
R_20250507_7274,EQ_0047,S_008,2025-05-07
R_20250507_7275,EQ_0056,S_005,2025-05-07
R_20250507_7276,EQ_0075,S_018,2025-05-07
R_20250507_7277,EQ_0091,S_000,2025-05-07
R_20250507_7278,EQ_0092,S_002,2025-05-07
R_20250507_7279,EQ_0113,S_006,2025-05-07
R_20250507_7280,EQ_0114,S_006,2025-05-07
R_20250507_7281,EQ_0145,S_010,2025-05-07
R_20250507_7282,EQ_0184,S_013,2025-05-07
R_20250507_7283,EQ_0208,S_015,2025-05-07
R_20250507_7284,EQ_0221,S_005,2025-05-07
R_20250507_7285,EQ_0228,S_005,2025-05-07
R_20250507_7286,EQ_0230,S_013,2025-05-07
R_20250507_7287,EQ_0285,S_011,2025-05-07
R_20250507_7288,EQ_0288,S_019,2025-05-07
R_20250507_7289,EQ_0290,S_002,2025-05-07
R_20250508_7290,EQ_0014,S_001,2025-05-08
R_20250508_7291,EQ_0019,S_002,2025-05-08
R_20250508_7292,EQ_0043,S_017,2025-05-08
R_20250508_7293,EQ_0089,S_004,2025-05-08
R_20250508_7294,EQ_0094,S_001,2025-05-08
R_20250508_7295,EQ_0110,S_003,2025-05-08
R_20250508_7296,EQ_0128,S_011,2025-05-08
R_20250508_7297,EQ_0153,S_010,2025-05-08
R_20250508_7298,EQ_0174,S_010,2025-05-08
R_20250508_7299,EQ_0197,S_013,2025-05-08
R_20250508_7300,EQ_0226,S_008,2025-05-08
R_20250508_7301,EQ_0235,S_006,2025-05-08
R_20250508_7302,EQ_0250,S_007,2025-05-08
R_20250508_7303,EQ_0267,S_016,2025-05-08
R_20250509_7304,EQ_0000,S_002,2025-05-09
R_20250509_7305,EQ_0017,S_016,2025-05-09
R_20250509_7306,EQ_0022,S_006,2025-05-09
R_20250509_7307,EQ_0032,S_010,2025-05-09
R_20250509_7308,EQ_0057,S_002,2025-05-09
R_20250509_7309,EQ_0078,S_008,2025-05-09
R_20250509_7310,EQ_0102,S_010,2025-05-09
R_20250509_7311,EQ_0109,S_001,2025-05-09
R_20250509_7312,EQ_0160,S_012,2025-05-09
R_20250509_7313,EQ_0161,S_008,2025-05-09
R_20250509_7314,EQ_0163,S_004,2025-05-09
R_20250509_7315,EQ_0227,S_009,2025-05-09
R_20250509_7316,EQ_0290,S_013,2025-05-09
R_20250509_7317,EQ_0296,S_004,2025-05-09
R_20250510_7318,EQ_0005,S_002,2025-05-10
R_20250510_7319,EQ_0014,S_012,2025-05-10
R_20250510_7320,EQ_0046,S_010,2025-05-10
R_20250510_7321,EQ_0088,S_019,2025-05-10
R_20250510_7322,EQ_0090,S_011,2025-05-10
R_20250510_7323,EQ_0095,S_008,2025-05-10
R_20250510_7324,EQ_0098,S_001,2025-05-10
R_20250510_7325,EQ_0170,S_009,2025-05-10
R_20250510_7326,EQ_0178,S_002,2025-05-10
R_20250510_7327,EQ_0238,S_003,2025-05-10
R_20250510_7328,EQ_0281,S_007,2025-05-10
R_20250510_7329,EQ_0282,S_010,2025-05-10
R_20250511_7330,EQ_0021,S_011,2025-05-11
R_20250511_7331,EQ_0038,S_003,2025-05-11
R_20250511_7332,EQ_0053,S_010,2025-05-11
R_20250511_7333,EQ_0079,S_016,2025-05-11
R_20250511_7334,EQ_0090,S_006,2025-05-11
R_20250511_7335,EQ_0091,S_011,2025-05-11
R_20250511_7336,EQ_0133,S_007,2025-05-11
R_20250511_7337,EQ_0192,S_004,2025-05-11
R_20250511_7338,EQ_0217,S_013,2025-05-11
R_20250511_7339,EQ_0227,S_004,2025-05-11
R_20250511_7340,EQ_0232,S_004,2025-05-11
R_20250511_7341,EQ_0262,S_003,2025-05-11
R_20250511_7342,EQ_0275,S_008,2025-05-11
R_20250512_7343,EQ_0003,S_005,2025-05-12
R_20250512_7344,EQ_0013,S_014,2025-05-12
R_20250512_7345,EQ_0049,S_015,2025-05-12
R_20250512_7346,EQ_0053,S_001,2025-05-12
R_20250512_7347,EQ_0073,S_007,2025-05-12
R_20250512_7348,EQ_0108,S_018,2025-05-12
R_20250512_7349,EQ_0178,S_014,2025-05-12
R_20250512_7350,EQ_0231,S_013,2025-05-12
R_20250512_7351,EQ_0235,S_012,2025-05-12
R_20250512_7352,EQ_0236,S_016,2025-05-12
R_20250512_7353,EQ_0241,S_016,2025-05-12
R_20250512_7354,EQ_0249,S_006,2025-05-12
R_20250512_7355,EQ_0255,S_010,2025-05-12
R_20250512_7356,EQ_0257,S_012,2025-05-12
R_20250512_7357,EQ_0265,S_018,2025-05-12
R_20250512_7358,EQ_0275,S_015,2025-05-12
R_20250512_7359,EQ_0288,S_013,2025-05-12
R_20250513_7360,EQ_0034,S_009,2025-05-13
R_20250513_7361,EQ_0040,S_011,2025-05-13
R_20250513_7362,EQ_0057,S_004,2025-05-13
R_20250513_7363,EQ_0101,S_000,2025-05-13
R_20250513_7364,EQ_0128,S_009,2025-05-13
R_20250513_7365,EQ_0135,S_008,2025-05-13
R_20250513_7366,EQ_0146,S_019,2025-05-13
R_20250513_7367,EQ_0156,S_003,2025-05-13
R_20250513_7368,EQ_0160,S_017,2025-05-13
R_20250513_7369,EQ_0179,S_012,2025-05-13
R_20250513_7370,EQ_0199,S_015,2025-05-13
R_20250513_7371,EQ_0232,S_006,2025-05-13
R_20250513_7372,EQ_0240,S_011,2025-05-13
R_20250513_7373,EQ_0288,S_008,2025-05-13
R_20250513_7374,EQ_0292,S_007,2025-05-13
R_20250514_7375,EQ_0018,S_011,2025-05-14
R_20250514_7376,EQ_0025,S_019,2025-05-14
R_20250514_7377,EQ_0046,S_015,2025-05-14
R_20250514_7378,EQ_0056,S_001,2025-05-14
R_20250514_7379,EQ_0058,S_018,2025-05-14
R_20250514_7380,EQ_0068,S_019,2025-05-14
R_20250514_7381,EQ_0082,S_003,2025-05-14
R_20250514_7382,EQ_0097,S_009,2025-05-14
R_20250514_7383,EQ_0116,S_013,2025-05-14
R_20250514_7384,EQ_0124,S_008,2025-05-14
R_20250514_7385,EQ_0136,S_001,2025-05-14
R_20250514_7386,EQ_0164,S_019,2025-05-14
R_20250514_7387,EQ_0174,S_000,2025-05-14
R_20250514_7388,EQ_0259,S_008,2025-05-14
R_20250515_7389,EQ_0018,S_005,2025-05-15
R_20250515_7390,EQ_0042,S_010,2025-05-15
R_20250515_7391,EQ_0048,S_000,2025-05-15
R_20250515_7392,EQ_0055,S_002,2025-05-15
R_20250515_7393,EQ_0066,S_002,2025-05-15
R_20250515_7394,EQ_0097,S_018,2025-05-15
R_20250515_7395,EQ_0105,S_018,2025-05-15
R_20250515_7396,EQ_0109,S_002,2025-05-15
R_20250515_7397,EQ_0124,S_009,2025-05-15
R_20250515_7398,EQ_0130,S_012,2025-05-15
R_20250515_7399,EQ_0165,S_014,2025-05-15
R_20250515_7400,EQ_0177,S_004,2025-05-15
R_20250515_7401,EQ_0217,S_019,2025-05-15
R_20250515_7402,EQ_0291,S_008,2025-05-15
R_20250516_7403,EQ_0002,S_012,2025-05-16
R_20250516_7404,EQ_0016,S_003,2025-05-16
R_20250516_7405,EQ_0017,S_011,2025-05-16
R_20250516_7406,EQ_0019,S_012,2025-05-16
R_20250516_7407,EQ_0039,S_005,2025-05-16
R_20250516_7408,EQ_0129,S_012,2025-05-16
R_20250516_7409,EQ_0160,S_017,2025-05-16
R_20250516_7410,EQ_0166,S_003,2025-05-16
R_20250516_7411,EQ_0191,S_001,2025-05-16
R_20250516_7412,EQ_0196,S_012,2025-05-16
R_20250516_7413,EQ_0215,S_012,2025-05-16
R_20250517_7414,EQ_0000,S_003,2025-05-17
R_20250517_7415,EQ_0011,S_014,2025-05-17
R_20250517_7416,EQ_0021,S_015,2025-05-17
R_20250517_7417,EQ_0037,S_015,2025-05-17
R_20250517_7418,EQ_0038,S_001,2025-05-17
R_20250517_7419,EQ_0051,S_012,2025-05-17
R_20250517_7420,EQ_0107,S_015,2025-05-17
R_20250517_7421,EQ_0116,S_009,2025-05-17
R_20250517_7422,EQ_0126,S_009,2025-05-17
R_20250517_7423,EQ_0143,S_012,2025-05-17
R_20250517_7424,EQ_0149,S_018,2025-05-17
R_20250517_7425,EQ_0184,S_003,2025-05-17
R_20250517_7426,EQ_0192,S_007,2025-05-17
R_20250517_7427,EQ_0194,S_007,2025-05-17
R_20250517_7428,EQ_0215,S_007,2025-05-17
R_20250517_7429,EQ_0243,S_009,2025-05-17
R_20250517_7430,EQ_0273,S_002,2025-05-17
R_20250517_7431,EQ_0289,S_004,2025-05-17
R_20250517_7432,EQ_0294,S_004,2025-05-17
R_20250518_7433,EQ_0003,S_000,2025-05-18
R_20250518_7434,EQ_0005,S_016,2025-05-18
R_20250518_7435,EQ_0025,S_004,2025-05-18
R_20250518_7436,EQ_0027,S_004,2025-05-18
R_20250518_7437,EQ_0088,S_012,2025-05-18
R_20250518_7438,EQ_0125,S_003,2025-05-18
R_20250518_7439,EQ_0131,S_010,2025-05-18
R_20250518_7440,EQ_0136,S_014,2025-05-18
R_20250518_7441,EQ_0143,S_019,2025-05-18
R_20250518_7442,EQ_0168,S_001,2025-05-18
R_20250518_7443,EQ_0188,S_005,2025-05-18
R_20250518_7444,EQ_0191,S_006,2025-05-18
R_20250518_7445,EQ_0211,S_000,2025-05-18
R_20250518_7446,EQ_0220,S_018,2025-05-18
R_20250519_7447,EQ_0005,S_010,2025-05-19
R_20250519_7448,EQ_0029,S_016,2025-05-19
R_20250519_7449,EQ_0032,S_003,2025-05-19
R_20250519_7450,EQ_0036,S_010,2025-05-19
R_20250519_7451,EQ_0063,S_010,2025-05-19
R_20250519_7452,EQ_0067,S_002,2025-05-19
R_20250519_7453,EQ_0073,S_019,2025-05-19
R_20250519_7454,EQ_0095,S_016,2025-05-19
R_20250519_7455,EQ_0099,S_009,2025-05-19
R_20250519_7456,EQ_0197,S_001,2025-05-19
R_20250519_7457,EQ_0226,S_004,2025-05-19
R_20250519_7458,EQ_0240,S_003,2025-05-19
R_20250519_7459,EQ_0255,S_000,2025-05-19
R_20250519_7460,EQ_0259,S_016,2025-05-19
R_20250519_7461,EQ_0261,S_002,2025-05-19
R_20250519_7462,EQ_0266,S_014,2025-05-19
R_20250519_7463,EQ_0278,S_014,2025-05-19
R_20250520_7464,EQ_0022,S_015,2025-05-20
R_20250520_7465,EQ_0031,S_004,2025-05-20
R_20250520_7466,EQ_0037,S_018,2025-05-20
R_20250520_7467,EQ_0048,S_008,2025-05-20
R_20250520_7468,EQ_0065,S_010,2025-05-20
R_20250520_7469,EQ_0070,S_002,2025-05-20
R_20250520_7470,EQ_0080,S_001,2025-05-20
R_20250520_7471,EQ_0138,S_007,2025-05-20
R_20250520_7472,EQ_0148,S_001,2025-05-20
R_20250520_7473,EQ_0162,S_006,2025-05-20
R_20250520_7474,EQ_0203,S_002,2025-05-20
R_20250520_7475,EQ_0214,S_010,2025-05-20
R_20250520_7476,EQ_0221,S_005,2025-05-20
R_20250520_7477,EQ_0253,S_019,2025-05-20
R_20250520_7478,EQ_0255,S_003,2025-05-20
R_20250520_7479,EQ_0258,S_015,2025-05-20
R_20250520_7480,EQ_0282,S_017,2025-05-20
R_20250521_7481,EQ_0034,S_012,2025-05-21
R_20250521_7482,EQ_0070,S_010,2025-05-21
R_20250521_7483,EQ_0082,S_004,2025-05-21
R_20250521_7484,EQ_0096,S_013,2025-05-21
R_20250521_7485,EQ_0097,S_011,2025-05-21
R_20250521_7486,EQ_0098,S_016,2025-05-21
R_20250521_7487,EQ_0110,S_018,2025-05-21
R_20250521_7488,EQ_0120,S_000,2025-05-21
R_20250521_7489,EQ_0122,S_015,2025-05-21
R_20250521_7490,EQ_0126,S_011,2025-05-21
R_20250521_7491,EQ_0147,S_013,2025-05-21
R_20250521_7492,EQ_0148,S_006,2025-05-21
R_20250521_7493,EQ_0161,S_013,2025-05-21
R_20250521_7494,EQ_0192,S_009,2025-05-21
R_20250521_7495,EQ_0195,S_015,2025-05-21
R_20250521_7496,EQ_0196,S_017,2025-05-21
R_20250521_7497,EQ_0205,S_003,2025-05-21
R_20250521_7498,EQ_0212,S_010,2025-05-21
R_20250521_7499,EQ_0216,S_003,2025-05-21
R_20250522_7500,EQ_0005,S_019,2025-05-22
R_20250522_7501,EQ_0030,S_014,2025-05-22
R_20250522_7502,EQ_0087,S_005,2025-05-22
R_20250522_7503,EQ_0097,S_011,2025-05-22
R_20250522_7504,EQ_0098,S_013,2025-05-22
R_20250522_7505,EQ_0197,S_018,2025-05-22
R_20250522_7506,EQ_0220,S_018,2025-05-22
R_20250522_7507,EQ_0250,S_002,2025-05-22
R_20250522_7508,EQ_0282,S_011,2025-05-22
R_20250522_7509,EQ_0292,S_015,2025-05-22
R_20250523_7510,EQ_0008,S_016,2025-05-23
R_20250523_7511,EQ_0013,S_013,2025-05-23
R_20250523_7512,EQ_0028,S_004,2025-05-23
R_20250523_7513,EQ_0031,S_002,2025-05-23
R_20250523_7514,EQ_0036,S_014,2025-05-23
R_20250523_7515,EQ_0043,S_007,2025-05-23
R_20250523_7516,EQ_0052,S_005,2025-05-23
R_20250523_7517,EQ_0059,S_001,2025-05-23
R_20250523_7518,EQ_0068,S_010,2025-05-23
R_20250523_7519,EQ_0079,S_011,2025-05-23
R_20250523_7520,EQ_0096,S_018,2025-05-23
R_20250523_7521,EQ_0132,S_002,2025-05-23
R_20250523_7522,EQ_0133,S_012,2025-05-23
R_20250523_7523,EQ_0138,S_015,2025-05-23
R_20250523_7524,EQ_0161,S_013,2025-05-23
R_20250523_7525,EQ_0165,S_015,2025-05-23
R_20250523_7526,EQ_0175,S_008,2025-05-23
R_20250523_7527,EQ_0218,S_008,2025-05-23
R_20250523_7528,EQ_0221,S_004,2025-05-23
R_20250523_7529,EQ_0222,S_018,2025-05-23
R_20250523_7530,EQ_0237,S_015,2025-05-23
R_20250523_7531,EQ_0239,S_013,2025-05-23
R_20250523_7532,EQ_0260,S_007,2025-05-23
R_20250523_7533,EQ_0265,S_003,2025-05-23
R_20250523_7534,EQ_0275,S_016,2025-05-23
R_20250523_7535,EQ_0287,S_018,2025-05-23
R_20250523_7536,EQ_0289,S_015,2025-05-23
R_20250523_7537,EQ_0299,S_018,2025-05-23
R_20250524_7538,EQ_0007,S_005,2025-05-24
R_20250524_7539,EQ_0024,S_002,2025-05-24
R_20250524_7540,EQ_0054,S_002,2025-05-24
R_20250524_7541,EQ_0061,S_009,2025-05-24
R_20250524_7542,EQ_0068,S_010,2025-05-24
R_20250524_7543,EQ_0085,S_010,2025-05-24
R_20250524_7544,EQ_0109,S_008,2025-05-24
R_20250524_7545,EQ_0115,S_018,2025-05-24
R_20250524_7546,EQ_0130,S_003,2025-05-24
R_20250524_7547,EQ_0153,S_006,2025-05-24
R_20250524_7548,EQ_0160,S_002,2025-05-24
R_20250524_7549,EQ_0175,S_001,2025-05-24
R_20250524_7550,EQ_0188,S_019,2025-05-24
R_20250524_7551,EQ_0190,S_013,2025-05-24
R_20250524_7552,EQ_0200,S_003,2025-05-24
R_20250524_7553,EQ_0217,S_019,2025-05-24
R_20250524_7554,EQ_0223,S_015,2025-05-24
R_20250524_7555,EQ_0267,S_009,2025-05-24
R_20250524_7556,EQ_0270,S_009,2025-05-24
R_20250524_7557,EQ_0274,S_010,2025-05-24
R_20250525_7558,EQ_0001,S_002,2025-05-25
R_20250525_7559,EQ_0047,S_010,2025-05-25
R_20250525_7560,EQ_0068,S_009,2025-05-25
R_20250525_7561,EQ_0082,S_009,2025-05-25
R_20250525_7562,EQ_0104,S_015,2025-05-25
R_20250525_7563,EQ_0140,S_015,2025-05-25
R_20250525_7564,EQ_0166,S_002,2025-05-25
R_20250525_7565,EQ_0202,S_001,2025-05-25
R_20250525_7566,EQ_0208,S_001,2025-05-25
R_20250525_7567,EQ_0249,S_008,2025-05-25
R_20250525_7568,EQ_0263,S_004,2025-05-25
R_20250525_7569,EQ_0277,S_019,2025-05-25
R_20250526_7570,EQ_0013,S_005,2025-05-26
R_20250526_7571,EQ_0015,S_007,2025-05-26
R_20250526_7572,EQ_0020,S_016,2025-05-26
R_20250526_7573,EQ_0090,S_009,2025-05-26
R_20250526_7574,EQ_0112,S_010,2025-05-26
R_20250526_7575,EQ_0120,S_001,2025-05-26
R_20250526_7576,EQ_0134,S_016,2025-05-26
R_20250526_7577,EQ_0142,S_018,2025-05-26
R_20250526_7578,EQ_0148,S_007,2025-05-26
R_20250526_7579,EQ_0151,S_015,2025-05-26
R_20250526_7580,EQ_0154,S_006,2025-05-26
R_20250526_7581,EQ_0175,S_017,2025-05-26
R_20250526_7582,EQ_0190,S_015,2025-05-26
R_20250526_7583,EQ_0211,S_010,2025-05-26
R_20250526_7584,EQ_0223,S_002,2025-05-26
R_20250526_7585,EQ_0244,S_002,2025-05-26
R_20250526_7586,EQ_0253,S_004,2025-05-26
R_20250526_7587,EQ_0266,S_006,2025-05-26
R_20250526_7588,EQ_0291,S_001,2025-05-26
R_20250527_7589,EQ_0010,S_001,2025-05-27
R_20250527_7590,EQ_0055,S_018,2025-05-27
R_20250527_7591,EQ_0083,S_019,2025-05-27
R_20250527_7592,EQ_0086,S_015,2025-05-27
R_20250527_7593,EQ_0097,S_005,2025-05-27
R_20250527_7594,EQ_0100,S_001,2025-05-27
R_20250527_7595,EQ_0126,S_018,2025-05-27
R_20250527_7596,EQ_0143,S_017,2025-05-27
R_20250527_7597,EQ_0155,S_013,2025-05-27
R_20250527_7598,EQ_0156,S_007,2025-05-27
R_20250527_7599,EQ_0160,S_004,2025-05-27
R_20250527_7600,EQ_0178,S_012,2025-05-27
R_20250527_7601,EQ_0191,S_006,2025-05-27
R_20250527_7602,EQ_0194,S_008,2025-05-27
R_20250527_7603,EQ_0237,S_019,2025-05-27
R_20250527_7604,EQ_0241,S_004,2025-05-27
R_20250527_7605,EQ_0242,S_008,2025-05-27
R_20250527_7606,EQ_0266,S_011,2025-05-27
R_20250527_7607,EQ_0287,S_018,2025-05-27
R_20250528_7608,EQ_0005,S_005,2025-05-28
R_20250528_7609,EQ_0006,S_011,2025-05-28
R_20250528_7610,EQ_0080,S_015,2025-05-28
R_20250528_7611,EQ_0114,S_015,2025-05-28
R_20250528_7612,EQ_0118,S_014,2025-05-28
R_20250528_7613,EQ_0136,S_018,2025-05-28
R_20250528_7614,EQ_0148,S_012,2025-05-28
R_20250528_7615,EQ_0163,S_016,2025-05-28
R_20250528_7616,EQ_0188,S_012,2025-05-28
R_20250528_7617,EQ_0278,S_017,2025-05-28
R_20250528_7618,EQ_0286,S_019,2025-05-28
R_20250529_7619,EQ_0012,S_006,2025-05-29
R_20250529_7620,EQ_0023,S_015,2025-05-29
R_20250529_7621,EQ_0114,S_001,2025-05-29
R_20250529_7622,EQ_0120,S_003,2025-05-29
R_20250529_7623,EQ_0127,S_012,2025-05-29
R_20250529_7624,EQ_0165,S_002,2025-05-29
R_20250529_7625,EQ_0167,S_007,2025-05-29
R_20250529_7626,EQ_0174,S_015,2025-05-29
R_20250529_7627,EQ_0183,S_004,2025-05-29
R_20250529_7628,EQ_0188,S_006,2025-05-29
R_20250529_7629,EQ_0194,S_009,2025-05-29
R_20250529_7630,EQ_0217,S_015,2025-05-29
R_20250529_7631,EQ_0241,S_010,2025-05-29
R_20250529_7632,EQ_0289,S_005,2025-05-29
R_20250530_7633,EQ_0001,S_017,2025-05-30
R_20250530_7634,EQ_0002,S_019,2025-05-30
R_20250530_7635,EQ_0048,S_005,2025-05-30
R_20250530_7636,EQ_0065,S_008,2025-05-30
R_20250530_7637,EQ_0088,S_007,2025-05-30
R_20250530_7638,EQ_0104,S_004,2025-05-30
R_20250530_7639,EQ_0106,S_011,2025-05-30
R_20250530_7640,EQ_0108,S_009,2025-05-30
R_20250530_7641,EQ_0129,S_006,2025-05-30
R_20250530_7642,EQ_0135,S_013,2025-05-30
R_20250530_7643,EQ_0164,S_016,2025-05-30
R_20250530_7644,EQ_0175,S_003,2025-05-30
R_20250530_7645,EQ_0182,S_014,2025-05-30
R_20250530_7646,EQ_0190,S_019,2025-05-30
R_20250530_7647,EQ_0196,S_015,2025-05-30
R_20250530_7648,EQ_0203,S_001,2025-05-30
R_20250530_7649,EQ_0227,S_006,2025-05-30
R_20250530_7650,EQ_0240,S_015,2025-05-30
R_20250530_7651,EQ_0246,S_014,2025-05-30
R_20250530_7652,EQ_0295,S_015,2025-05-30
R_20250531_7653,EQ_0016,S_000,2025-05-31
R_20250531_7654,EQ_0019,S_006,2025-05-31
R_20250531_7655,EQ_0045,S_018,2025-05-31
R_20250531_7656,EQ_0089,S_013,2025-05-31
R_20250531_7657,EQ_0119,S_015,2025-05-31
R_20250531_7658,EQ_0158,S_013,2025-05-31
R_20250531_7659,EQ_0175,S_006,2025-05-31
R_20250531_7660,EQ_0203,S_018,2025-05-31
R_20250531_7661,EQ_0213,S_017,2025-05-31
R_20250531_7662,EQ_0235,S_000,2025-05-31
R_20250531_7663,EQ_0241,S_011,2025-05-31
R_20250531_7664,EQ_0276,S_009,2025-05-31
R_20250601_7665,EQ_0086,S_009,2025-06-01
R_20250601_7666,EQ_0097,S_018,2025-06-01
R_20250601_7667,EQ_0110,S_017,2025-06-01
R_20250601_7668,EQ_0139,S_006,2025-06-01
R_20250601_7669,EQ_0145,S_001,2025-06-01
R_20250601_7670,EQ_0153,S_013,2025-06-01
R_20250601_7671,EQ_0162,S_018,2025-06-01
R_20250601_7672,EQ_0190,S_010,2025-06-01
R_20250601_7673,EQ_0210,S_005,2025-06-01
R_20250601_7674,EQ_0245,S_003,2025-06-01
R_20250601_7675,EQ_0257,S_013,2025-06-01
R_20250601_7676,EQ_0268,S_016,2025-06-01
R_20250602_7677,EQ_0014,S_008,2025-06-02
R_20250602_7678,EQ_0015,S_016,2025-06-02
R_20250602_7679,EQ_0018,S_005,2025-06-02
R_20250602_7680,EQ_0032,S_007,2025-06-02
R_20250602_7681,EQ_0033,S_019,2025-06-02
R_20250602_7682,EQ_0038,S_009,2025-06-02
R_20250602_7683,EQ_0081,S_009,2025-06-02
R_20250602_7684,EQ_0097,S_018,2025-06-02
R_20250602_7685,EQ_0100,S_001,2025-06-02
R_20250602_7686,EQ_0126,S_013,2025-06-02
R_20250602_7687,EQ_0134,S_011,2025-06-02
R_20250602_7688,EQ_0157,S_003,2025-06-02
R_20250602_7689,EQ_0169,S_000,2025-06-02
R_20250602_7690,EQ_0185,S_007,2025-06-02
R_20250602_7691,EQ_0229,S_009,2025-06-02
R_20250602_7692,EQ_0254,S_010,2025-06-02
R_20250602_7693,EQ_0261,S_016,2025-06-02
R_20250602_7694,EQ_0278,S_006,2025-06-02
R_20250602_7695,EQ_0291,S_011,2025-06-02
R_20250603_7696,EQ_0002,S_006,2025-06-03
R_20250603_7697,EQ_0007,S_019,2025-06-03
R_20250603_7698,EQ_0019,S_018,2025-06-03
R_20250603_7699,EQ_0071,S_003,2025-06-03
R_20250603_7700,EQ_0109,S_006,2025-06-03
R_20250603_7701,EQ_0160,S_011,2025-06-03
R_20250603_7702,EQ_0164,S_010,2025-06-03
R_20250603_7703,EQ_0180,S_006,2025-06-03
R_20250603_7704,EQ_0199,S_016,2025-06-03
R_20250603_7705,EQ_0204,S_005,2025-06-03
R_20250603_7706,EQ_0219,S_013,2025-06-03
R_20250603_7707,EQ_0224,S_008,2025-06-03
R_20250603_7708,EQ_0232,S_009,2025-06-03
R_20250603_7709,EQ_0247,S_006,2025-06-03
R_20250603_7710,EQ_0286,S_009,2025-06-03
R_20250604_7711,EQ_0010,S_009,2025-06-04
R_20250604_7712,EQ_0046,S_007,2025-06-04
R_20250604_7713,EQ_0047,S_006,2025-06-04
R_20250604_7714,EQ_0053,S_000,2025-06-04
R_20250604_7715,EQ_0082,S_000,2025-06-04
R_20250604_7716,EQ_0094,S_019,2025-06-04
R_20250604_7717,EQ_0100,S_018,2025-06-04
R_20250604_7718,EQ_0123,S_000,2025-06-04
R_20250604_7719,EQ_0131,S_004,2025-06-04
R_20250604_7720,EQ_0147,S_016,2025-06-04
R_20250604_7721,EQ_0153,S_019,2025-06-04
R_20250604_7722,EQ_0155,S_009,2025-06-04
R_20250604_7723,EQ_0173,S_002,2025-06-04
R_20250604_7724,EQ_0184,S_005,2025-06-04
R_20250604_7725,EQ_0194,S_017,2025-06-04
R_20250604_7726,EQ_0235,S_017,2025-06-04
R_20250604_7727,EQ_0250,S_015,2025-06-04
R_20250604_7728,EQ_0269,S_014,2025-06-04
R_20250604_7729,EQ_0271,S_008,2025-06-04
R_20250605_7730,EQ_0065,S_019,2025-06-05
R_20250605_7731,EQ_0110,S_001,2025-06-05
R_20250605_7732,EQ_0130,S_008,2025-06-05
R_20250605_7733,EQ_0152,S_008,2025-06-05
R_20250605_7734,EQ_0159,S_017,2025-06-05
R_20250605_7735,EQ_0206,S_003,2025-06-05
R_20250605_7736,EQ_0209,S_015,2025-06-05
R_20250605_7737,EQ_0211,S_018,2025-06-05
R_20250605_7738,EQ_0223,S_001,2025-06-05
R_20250605_7739,EQ_0249,S_003,2025-06-05
R_20250605_7740,EQ_0250,S_008,2025-06-05
R_20250606_7741,EQ_0001,S_012,2025-06-06
R_20250606_7742,EQ_0014,S_019,2025-06-06
R_20250606_7743,EQ_0016,S_018,2025-06-06
R_20250606_7744,EQ_0061,S_013,2025-06-06
R_20250606_7745,EQ_0071,S_005,2025-06-06
R_20250606_7746,EQ_0114,S_010,2025-06-06
R_20250606_7747,EQ_0126,S_000,2025-06-06
R_20250606_7748,EQ_0129,S_014,2025-06-06
R_20250606_7749,EQ_0140,S_010,2025-06-06
R_20250606_7750,EQ_0161,S_014,2025-06-06
R_20250606_7751,EQ_0210,S_002,2025-06-06
R_20250606_7752,EQ_0235,S_001,2025-06-06
R_20250606_7753,EQ_0239,S_003,2025-06-06
R_20250606_7754,EQ_0246,S_002,2025-06-06
R_20250606_7755,EQ_0253,S_006,2025-06-06
R_20250606_7756,EQ_0262,S_015,2025-06-06
R_20250606_7757,EQ_0270,S_015,2025-06-06
R_20250606_7758,EQ_0276,S_015,2025-06-06
R_20250607_7759,EQ_0004,S_014,2025-06-07
R_20250607_7760,EQ_0006,S_019,2025-06-07
R_20250607_7761,EQ_0025,S_012,2025-06-07
R_20250607_7762,EQ_0034,S_008,2025-06-07
R_20250607_7763,EQ_0040,S_010,2025-06-07
R_20250607_7764,EQ_0076,S_007,2025-06-07
R_20250607_7765,EQ_0106,S_006,2025-06-07
R_20250607_7766,EQ_0109,S_009,2025-06-07
R_20250607_7767,EQ_0115,S_013,2025-06-07
R_20250607_7768,EQ_0129,S_014,2025-06-07
R_20250607_7769,EQ_0154,S_003,2025-06-07
R_20250607_7770,EQ_0184,S_010,2025-06-07
R_20250607_7771,EQ_0196,S_008,2025-06-07
R_20250607_7772,EQ_0210,S_016,2025-06-07
R_20250607_7773,EQ_0217,S_012,2025-06-07
R_20250607_7774,EQ_0263,S_004,2025-06-07
R_20250607_7775,EQ_0274,S_010,2025-06-07
R_20250607_7776,EQ_0292,S_019,2025-06-07
R_20250608_7777,EQ_0040,S_005,2025-06-08
R_20250608_7778,EQ_0042,S_004,2025-06-08
R_20250608_7779,EQ_0059,S_005,2025-06-08
R_20250608_7780,EQ_0074,S_013,2025-06-08
R_20250608_7781,EQ_0079,S_000,2025-06-08
R_20250608_7782,EQ_0083,S_009,2025-06-08
R_20250608_7783,EQ_0126,S_001,2025-06-08
R_20250608_7784,EQ_0139,S_015,2025-06-08
R_20250608_7785,EQ_0140,S_009,2025-06-08
R_20250608_7786,EQ_0148,S_015,2025-06-08
R_20250608_7787,EQ_0191,S_011,2025-06-08
R_20250608_7788,EQ_0208,S_017,2025-06-08
R_20250608_7789,EQ_0261,S_014,2025-06-08
R_20250608_7790,EQ_0268,S_018,2025-06-08
R_20250608_7791,EQ_0275,S_007,2025-06-08
R_20250608_7792,EQ_0278,S_016,2025-06-08
R_20250608_7793,EQ_0287,S_016,2025-06-08
R_20250609_7794,EQ_0012,S_007,2025-06-09
R_20250609_7795,EQ_0021,S_012,2025-06-09
R_20250609_7796,EQ_0073,S_019,2025-06-09
R_20250609_7797,EQ_0103,S_013,2025-06-09
R_20250609_7798,EQ_0109,S_018,2025-06-09
R_20250609_7799,EQ_0135,S_013,2025-06-09
R_20250609_7800,EQ_0144,S_002,2025-06-09
R_20250609_7801,EQ_0153,S_015,2025-06-09
R_20250609_7802,EQ_0163,S_010,2025-06-09
R_20250609_7803,EQ_0181,S_012,2025-06-09
R_20250609_7804,EQ_0239,S_011,2025-06-09
R_20250610_7805,EQ_0005,S_007,2025-06-10
R_20250610_7806,EQ_0021,S_007,2025-06-10
R_20250610_7807,EQ_0026,S_014,2025-06-10
R_20250610_7808,EQ_0029,S_019,2025-06-10
R_20250610_7809,EQ_0053,S_009,2025-06-10
R_20250610_7810,EQ_0105,S_011,2025-06-10
R_20250610_7811,EQ_0113,S_013,2025-06-10
R_20250610_7812,EQ_0141,S_002,2025-06-10
R_20250610_7813,EQ_0147,S_014,2025-06-10
R_20250610_7814,EQ_0159,S_014,2025-06-10
R_20250610_7815,EQ_0191,S_016,2025-06-10
R_20250610_7816,EQ_0196,S_016,2025-06-10
R_20250610_7817,EQ_0205,S_007,2025-06-10
R_20250610_7818,EQ_0224,S_003,2025-06-10
R_20250610_7819,EQ_0229,S_016,2025-06-10
R_20250610_7820,EQ_0244,S_001,2025-06-10
R_20250610_7821,EQ_0251,S_001,2025-06-10
R_20250610_7822,EQ_0260,S_005,2025-06-10
R_20250610_7823,EQ_0264,S_012,2025-06-10
R_20250610_7824,EQ_0267,S_010,2025-06-10
R_20250610_7825,EQ_0277,S_004,2025-06-10
R_20250610_7826,EQ_0289,S_002,2025-06-10
R_20250611_7827,EQ_0112,S_014,2025-06-11
R_20250611_7828,EQ_0153,S_010,2025-06-11
R_20250611_7829,EQ_0174,S_012,2025-06-11
R_20250611_7830,EQ_0176,S_015,2025-06-11
R_20250611_7831,EQ_0207,S_008,2025-06-11
R_20250611_7832,EQ_0241,S_010,2025-06-11
R_20250611_7833,EQ_0248,S_001,2025-06-11
R_20250611_7834,EQ_0256,S_013,2025-06-11
R_20250611_7835,EQ_0265,S_011,2025-06-11
R_20250611_7836,EQ_0276,S_010,2025-06-11
R_20250611_7837,EQ_0280,S_007,2025-06-11
R_20250612_7838,EQ_0000,S_017,2025-06-12
R_20250612_7839,EQ_0018,S_003,2025-06-12
R_20250612_7840,EQ_0020,S_019,2025-06-12
R_20250612_7841,EQ_0022,S_007,2025-06-12
R_20250612_7842,EQ_0025,S_008,2025-06-12
R_20250612_7843,EQ_0035,S_004,2025-06-12
R_20250612_7844,EQ_0039,S_000,2025-06-12
R_20250612_7845,EQ_0050,S_016,2025-06-12
R_20250612_7846,EQ_0103,S_004,2025-06-12
R_20250612_7847,EQ_0105,S_003,2025-06-12
R_20250612_7848,EQ_0107,S_019,2025-06-12
R_20250612_7849,EQ_0118,S_011,2025-06-12
R_20250612_7850,EQ_0130,S_014,2025-06-12
R_20250612_7851,EQ_0141,S_015,2025-06-12
R_20250612_7852,EQ_0175,S_014,2025-06-12
R_20250612_7853,EQ_0181,S_002,2025-06-12
R_20250612_7854,EQ_0190,S_016,2025-06-12
R_20250612_7855,EQ_0191,S_013,2025-06-12
R_20250612_7856,EQ_0202,S_006,2025-06-12
R_20250612_7857,EQ_0209,S_014,2025-06-12
R_20250612_7858,EQ_0232,S_006,2025-06-12
R_20250612_7859,EQ_0271,S_003,2025-06-12
R_20250612_7860,EQ_0283,S_013,2025-06-12
R_20250612_7861,EQ_0287,S_016,2025-06-12
R_20250613_7862,EQ_0009,S_008,2025-06-13
R_20250613_7863,EQ_0024,S_009,2025-06-13
R_20250613_7864,EQ_0043,S_009,2025-06-13
R_20250613_7865,EQ_0069,S_008,2025-06-13
R_20250613_7866,EQ_0111,S_010,2025-06-13
R_20250613_7867,EQ_0115,S_005,2025-06-13
R_20250613_7868,EQ_0116,S_010,2025-06-13
R_20250613_7869,EQ_0133,S_016,2025-06-13
R_20250613_7870,EQ_0147,S_019,2025-06-13
R_20250613_7871,EQ_0156,S_009,2025-06-13
R_20250613_7872,EQ_0168,S_006,2025-06-13
R_20250613_7873,EQ_0230,S_015,2025-06-13
R_20250614_7874,EQ_0023,S_019,2025-06-14
R_20250614_7875,EQ_0043,S_006,2025-06-14
R_20250614_7876,EQ_0044,S_005,2025-06-14
R_20250614_7877,EQ_0047,S_009,2025-06-14
R_20250614_7878,EQ_0125,S_008,2025-06-14
R_20250614_7879,EQ_0133,S_015,2025-06-14
R_20250614_7880,EQ_0150,S_000,2025-06-14
R_20250614_7881,EQ_0158,S_016,2025-06-14
R_20250614_7882,EQ_0173,S_002,2025-06-14
R_20250614_7883,EQ_0190,S_019,2025-06-14
R_20250614_7884,EQ_0207,S_016,2025-06-14
R_20250614_7885,EQ_0231,S_017,2025-06-14
R_20250614_7886,EQ_0247,S_018,2025-06-14
R_20250614_7887,EQ_0287,S_017,2025-06-14
R_20250614_7888,EQ_0288,S_018,2025-06-14
R_20250615_7889,EQ_0005,S_013,2025-06-15
R_20250615_7890,EQ_0013,S_001,2025-06-15
R_20250615_7891,EQ_0049,S_002,2025-06-15
R_20250615_7892,EQ_0092,S_005,2025-06-15
R_20250615_7893,EQ_0094,S_014,2025-06-15
R_20250615_7894,EQ_0116,S_016,2025-06-15
R_20250615_7895,EQ_0148,S_007,2025-06-15
R_20250615_7896,EQ_0151,S_017,2025-06-15
R_20250615_7897,EQ_0240,S_016,2025-06-15
R_20250615_7898,EQ_0261,S_018,2025-06-15
R_20250615_7899,EQ_0267,S_015,2025-06-15
R_20250615_7900,EQ_0289,S_001,2025-06-15
R_20250616_7901,EQ_0012,S_003,2025-06-16
R_20250616_7902,EQ_0033,S_019,2025-06-16
R_20250616_7903,EQ_0045,S_009,2025-06-16
R_20250616_7904,EQ_0046,S_006,2025-06-16
R_20250616_7905,EQ_0063,S_003,2025-06-16
R_20250616_7906,EQ_0071,S_017,2025-06-16
R_20250616_7907,EQ_0079,S_015,2025-06-16
R_20250616_7908,EQ_0081,S_008,2025-06-16
R_20250616_7909,EQ_0083,S_015,2025-06-16
R_20250616_7910,EQ_0087,S_013,2025-06-16
R_20250616_7911,EQ_0154,S_013,2025-06-16
R_20250616_7912,EQ_0179,S_003,2025-06-16
R_20250616_7913,EQ_0191,S_017,2025-06-16
R_20250616_7914,EQ_0199,S_014,2025-06-16
R_20250616_7915,EQ_0213,S_015,2025-06-16
R_20250616_7916,EQ_0240,S_006,2025-06-16
R_20250616_7917,EQ_0256,S_003,2025-06-16
R_20250616_7918,EQ_0257,S_013,2025-06-16
R_20250616_7919,EQ_0276,S_014,2025-06-16
R_20250616_7920,EQ_0294,S_009,2025-06-16
R_20250617_7921,EQ_0003,S_016,2025-06-17
R_20250617_7922,EQ_0045,S_006,2025-06-17
R_20250617_7923,EQ_0050,S_006,2025-06-17
R_20250617_7924,EQ_0100,S_014,2025-06-17
R_20250617_7925,EQ_0111,S_000,2025-06-17
R_20250617_7926,EQ_0140,S_018,2025-06-17
R_20250617_7927,EQ_0170,S_012,2025-06-17
R_20250617_7928,EQ_0195,S_013,2025-06-17
R_20250617_7929,EQ_0235,S_018,2025-06-17
R_20250617_7930,EQ_0271,S_009,2025-06-17
R_20250617_7931,EQ_0292,S_009,2025-06-17
R_20250618_7932,EQ_0023,S_009,2025-06-18
R_20250618_7933,EQ_0037,S_013,2025-06-18
R_20250618_7934,EQ_0050,S_009,2025-06-18
R_20250618_7935,EQ_0076,S_000,2025-06-18
R_20250618_7936,EQ_0081,S_003,2025-06-18
R_20250618_7937,EQ_0084,S_007,2025-06-18
R_20250618_7938,EQ_0086,S_011,2025-06-18
R_20250618_7939,EQ_0087,S_006,2025-06-18
R_20250618_7940,EQ_0097,S_001,2025-06-18
R_20250618_7941,EQ_0128,S_007,2025-06-18
R_20250618_7942,EQ_0139,S_009,2025-06-18
R_20250618_7943,EQ_0259,S_013,2025-06-18
R_20250618_7944,EQ_0261,S_002,2025-06-18
R_20250618_7945,EQ_0287,S_009,2025-06-18
R_20250618_7946,EQ_0289,S_003,2025-06-18
R_20250619_7947,EQ_0000,S_001,2025-06-19
R_20250619_7948,EQ_0009,S_014,2025-06-19
R_20250619_7949,EQ_0024,S_018,2025-06-19
R_20250619_7950,EQ_0030,S_015,2025-06-19
R_20250619_7951,EQ_0044,S_017,2025-06-19
R_20250619_7952,EQ_0047,S_014,2025-06-19
R_20250619_7953,EQ_0078,S_000,2025-06-19
R_20250619_7954,EQ_0090,S_015,2025-06-19
R_20250619_7955,EQ_0091,S_009,2025-06-19
R_20250619_7956,EQ_0092,S_016,2025-06-19
R_20250619_7957,EQ_0107,S_012,2025-06-19
R_20250619_7958,EQ_0118,S_011,2025-06-19
R_20250619_7959,EQ_0143,S_014,2025-06-19
R_20250619_7960,EQ_0218,S_000,2025-06-19
R_20250619_7961,EQ_0221,S_019,2025-06-19
R_20250619_7962,EQ_0256,S_013,2025-06-19
R_20250619_7963,EQ_0274,S_011,2025-06-19
R_20250619_7964,EQ_0279,S_016,2025-06-19
R_20250620_7965,EQ_0001,S_013,2025-06-20
R_20250620_7966,EQ_0033,S_005,2025-06-20
R_20250620_7967,EQ_0102,S_006,2025-06-20
R_20250620_7968,EQ_0132,S_003,2025-06-20
R_20250620_7969,EQ_0152,S_005,2025-06-20
R_20250620_7970,EQ_0160,S_003,2025-06-20
R_20250620_7971,EQ_0192,S_004,2025-06-20
R_20250620_7972,EQ_0198,S_002,2025-06-20
R_20250620_7973,EQ_0241,S_014,2025-06-20
R_20250620_7974,EQ_0259,S_010,2025-06-20
R_20250620_7975,EQ_0299,S_005,2025-06-20
R_20250621_7976,EQ_0012,S_017,2025-06-21
R_20250621_7977,EQ_0017,S_014,2025-06-21
R_20250621_7978,EQ_0023,S_005,2025-06-21
R_20250621_7979,EQ_0061,S_015,2025-06-21
R_20250621_7980,EQ_0068,S_017,2025-06-21
R_20250621_7981,EQ_0072,S_001,2025-06-21
R_20250621_7982,EQ_0076,S_003,2025-06-21
R_20250621_7983,EQ_0104,S_006,2025-06-21
R_20250621_7984,EQ_0118,S_003,2025-06-21
R_20250621_7985,EQ_0169,S_018,2025-06-21
R_20250621_7986,EQ_0175,S_011,2025-06-21
R_20250621_7987,EQ_0202,S_002,2025-06-21
R_20250621_7988,EQ_0223,S_004,2025-06-21
R_20250621_7989,EQ_0237,S_016,2025-06-21
R_20250621_7990,EQ_0240,S_011,2025-06-21
R_20250621_7991,EQ_0243,S_004,2025-06-21
R_20250621_7992,EQ_0244,S_008,2025-06-21
R_20250621_7993,EQ_0249,S_009,2025-06-21
R_20250621_7994,EQ_0272,S_019,2025-06-21
R_20250622_7995,EQ_0009,S_002,2025-06-22
R_20250622_7996,EQ_0036,S_015,2025-06-22
R_20250622_7997,EQ_0058,S_017,2025-06-22
R_20250622_7998,EQ_0075,S_016,2025-06-22
R_20250622_7999,EQ_0100,S_011,2025-06-22
R_20250622_8000,EQ_0102,S_000,2025-06-22
R_20250622_8001,EQ_0133,S_017,2025-06-22
R_20250622_8002,EQ_0168,S_003,2025-06-22
R_20250622_8003,EQ_0175,S_008,2025-06-22
R_20250622_8004,EQ_0197,S_004,2025-06-22
R_20250622_8005,EQ_0199,S_003,2025-06-22
R_20250622_8006,EQ_0255,S_013,2025-06-22
R_20250622_8007,EQ_0284,S_003,2025-06-22
R_20250623_8008,EQ_0008,S_012,2025-06-23
R_20250623_8009,EQ_0011,S_008,2025-06-23
R_20250623_8010,EQ_0027,S_001,2025-06-23
R_20250623_8011,EQ_0043,S_003,2025-06-23
R_20250623_8012,EQ_0050,S_017,2025-06-23
R_20250623_8013,EQ_0082,S_015,2025-06-23
R_20250623_8014,EQ_0100,S_018,2025-06-23
R_20250623_8015,EQ_0108,S_009,2025-06-23
R_20250623_8016,EQ_0120,S_016,2025-06-23
R_20250623_8017,EQ_0159,S_016,2025-06-23
R_20250623_8018,EQ_0160,S_018,2025-06-23
R_20250623_8019,EQ_0176,S_016,2025-06-23
R_20250623_8020,EQ_0249,S_017,2025-06-23
R_20250623_8021,EQ_0259,S_016,2025-06-23
R_20250623_8022,EQ_0261,S_007,2025-06-23
R_20250623_8023,EQ_0273,S_012,2025-06-23
R_20250623_8024,EQ_0295,S_009,2025-06-23
R_20250624_8025,EQ_0019,S_019,2025-06-24
R_20250624_8026,EQ_0053,S_014,2025-06-24
R_20250624_8027,EQ_0096,S_017,2025-06-24
R_20250624_8028,EQ_0120,S_011,2025-06-24
R_20250624_8029,EQ_0127,S_007,2025-06-24
R_20250624_8030,EQ_0138,S_000,2025-06-24
R_20250624_8031,EQ_0156,S_015,2025-06-24
R_20250624_8032,EQ_0189,S_001,2025-06-24
R_20250624_8033,EQ_0192,S_006,2025-06-24
R_20250624_8034,EQ_0198,S_011,2025-06-24
R_20250624_8035,EQ_0210,S_013,2025-06-24
R_20250624_8036,EQ_0234,S_014,2025-06-24
R_20250624_8037,EQ_0265,S_010,2025-06-24
R_20250624_8038,EQ_0267,S_004,2025-06-24
R_20250624_8039,EQ_0297,S_005,2025-06-24
R_20250624_8040,EQ_0299,S_014,2025-06-24
R_20250625_8041,EQ_0028,S_005,2025-06-25
R_20250625_8042,EQ_0033,S_019,2025-06-25
R_20250625_8043,EQ_0049,S_000,2025-06-25
R_20250625_8044,EQ_0058,S_006,2025-06-25
R_20250625_8045,EQ_0076,S_016,2025-06-25
R_20250625_8046,EQ_0081,S_015,2025-06-25
R_20250625_8047,EQ_0089,S_018,2025-06-25
R_20250625_8048,EQ_0110,S_002,2025-06-25
R_20250625_8049,EQ_0116,S_017,2025-06-25
R_20250625_8050,EQ_0117,S_011,2025-06-25
R_20250625_8051,EQ_0129,S_015,2025-06-25
R_20250625_8052,EQ_0161,S_013,2025-06-25
R_20250625_8053,EQ_0176,S_000,2025-06-25
R_20250625_8054,EQ_0203,S_002,2025-06-25
R_20250625_8055,EQ_0215,S_013,2025-06-25
R_20250625_8056,EQ_0239,S_016,2025-06-25
R_20250625_8057,EQ_0259,S_011,2025-06-25
R_20250625_8058,EQ_0295,S_000,2025-06-25
R_20250626_8059,EQ_0003,S_001,2025-06-26
R_20250626_8060,EQ_0067,S_002,2025-06-26
R_20250626_8061,EQ_0119,S_013,2025-06-26
R_20250626_8062,EQ_0153,S_006,2025-06-26
R_20250626_8063,EQ_0184,S_001,2025-06-26
R_20250626_8064,EQ_0200,S_011,2025-06-26
R_20250626_8065,EQ_0222,S_002,2025-06-26
R_20250626_8066,EQ_0231,S_003,2025-06-26
R_20250626_8067,EQ_0238,S_003,2025-06-26
R_20250626_8068,EQ_0286,S_004,2025-06-26
R_20250626_8069,EQ_0295,S_003,2025-06-26
R_20250627_8070,EQ_0010,S_010,2025-06-27
R_20250627_8071,EQ_0056,S_018,2025-06-27
R_20250627_8072,EQ_0057,S_019,2025-06-27
R_20250627_8073,EQ_0058,S_010,2025-06-27
R_20250627_8074,EQ_0118,S_007,2025-06-27
R_20250627_8075,EQ_0150,S_005,2025-06-27
R_20250627_8076,EQ_0171,S_012,2025-06-27
R_20250627_8077,EQ_0173,S_017,2025-06-27
R_20250627_8078,EQ_0208,S_009,2025-06-27
R_20250627_8079,EQ_0218,S_011,2025-06-27
R_20250627_8080,EQ_0248,S_000,2025-06-27
R_20250627_8081,EQ_0256,S_015,2025-06-27
R_20250627_8082,EQ_0270,S_019,2025-06-27
R_20250627_8083,EQ_0274,S_015,2025-06-27
R_20250627_8084,EQ_0286,S_016,2025-06-27
R_20250628_8085,EQ_0043,S_013,2025-06-28
R_20250628_8086,EQ_0066,S_007,2025-06-28
R_20250628_8087,EQ_0093,S_001,2025-06-28
R_20250628_8088,EQ_0119,S_009,2025-06-28
R_20250628_8089,EQ_0146,S_010,2025-06-28
R_20250628_8090,EQ_0149,S_001,2025-06-28
R_20250628_8091,EQ_0184,S_013,2025-06-28
R_20250628_8092,EQ_0198,S_002,2025-06-28
R_20250628_8093,EQ_0204,S_011,2025-06-28
R_20250628_8094,EQ_0207,S_008,2025-06-28
R_20250628_8095,EQ_0286,S_000,2025-06-28
R_20250628_8096,EQ_0288,S_015,2025-06-28
R_20250628_8097,EQ_0293,S_017,2025-06-28
R_20250628_8098,EQ_0294,S_016,2025-06-28
R_20250629_8099,EQ_0037,S_016,2025-06-29
R_20250629_8100,EQ_0043,S_010,2025-06-29
R_20250629_8101,EQ_0076,S_013,2025-06-29
R_20250629_8102,EQ_0086,S_002,2025-06-29
R_20250629_8103,EQ_0087,S_018,2025-06-29
R_20250629_8104,EQ_0099,S_010,2025-06-29
R_20250629_8105,EQ_0156,S_019,2025-06-29
R_20250629_8106,EQ_0236,S_005,2025-06-29
R_20250629_8107,EQ_0255,S_004,2025-06-29
R_20250629_8108,EQ_0266,S_003,2025-06-29
R_20250629_8109,EQ_0278,S_008,2025-06-29
R_20250630_8110,EQ_0032,S_013,2025-06-30
R_20250630_8111,EQ_0055,S_014,2025-06-30
R_20250630_8112,EQ_0057,S_015,2025-06-30
R_20250630_8113,EQ_0061,S_007,2025-06-30
R_20250630_8114,EQ_0063,S_014,2025-06-30
R_20250630_8115,EQ_0068,S_013,2025-06-30
R_20250630_8116,EQ_0109,S_003,2025-06-30
R_20250630_8117,EQ_0136,S_004,2025-06-30
R_20250630_8118,EQ_0143,S_003,2025-06-30
R_20250630_8119,EQ_0184,S_006,2025-06-30
R_20250630_8120,EQ_0192,S_010,2025-06-30
R_20250630_8121,EQ_0197,S_001,2025-06-30
R_20250630_8122,EQ_0198,S_008,2025-06-30
R_20250630_8123,EQ_0212,S_009,2025-06-30
R_20250630_8124,EQ_0222,S_014,2025-06-30
R_20250630_8125,EQ_0246,S_000,2025-06-30
R_20250630_8126,EQ_0265,S_004,2025-06-30
R_20250630_8127,EQ_0282,S_011,2025-06-30
R_20250630_8128,EQ_0286,S_008,2025-06-30
R_20250630_8129,EQ_0298,S_008,2025-06-30
R_20250701_8130,EQ_0061,S_018,2025-07-01
R_20250701_8131,EQ_0121,S_012,2025-07-01
R_20250701_8132,EQ_0146,S_001,2025-07-01
R_20250701_8133,EQ_0148,S_005,2025-07-01
R_20250701_8134,EQ_0151,S_002,2025-07-01
R_20250701_8135,EQ_0154,S_012,2025-07-01
R_20250701_8136,EQ_0159,S_017,2025-07-01
R_20250701_8137,EQ_0177,S_014,2025-07-01
R_20250701_8138,EQ_0178,S_015,2025-07-01
R_20250701_8139,EQ_0208,S_006,2025-07-01
R_20250701_8140,EQ_0223,S_018,2025-07-01
R_20250701_8141,EQ_0232,S_019,2025-07-01
R_20250701_8142,EQ_0234,S_002,2025-07-01
R_20250701_8143,EQ_0259,S_008,2025-07-01
R_20250701_8144,EQ_0280,S_011,2025-07-01
R_20250701_8145,EQ_0287,S_011,2025-07-01
R_20250701_8146,EQ_0299,S_018,2025-07-01
R_20250702_8147,EQ_0003,S_013,2025-07-02
R_20250702_8148,EQ_0015,S_014,2025-07-02
R_20250702_8149,EQ_0030,S_007,2025-07-02
R_20250702_8150,EQ_0035,S_008,2025-07-02
R_20250702_8151,EQ_0039,S_012,2025-07-02
R_20250702_8152,EQ_0058,S_003,2025-07-02
R_20250702_8153,EQ_0093,S_010,2025-07-02
R_20250702_8154,EQ_0104,S_007,2025-07-02
R_20250702_8155,EQ_0132,S_016,2025-07-02
R_20250702_8156,EQ_0162,S_014,2025-07-02
R_20250702_8157,EQ_0193,S_016,2025-07-02
R_20250702_8158,EQ_0197,S_016,2025-07-02
R_20250702_8159,EQ_0244,S_019,2025-07-02
R_20250703_8160,EQ_0009,S_003,2025-07-03
R_20250703_8161,EQ_0053,S_018,2025-07-03
R_20250703_8162,EQ_0077,S_017,2025-07-03
R_20250703_8163,EQ_0085,S_013,2025-07-03
R_20250703_8164,EQ_0091,S_014,2025-07-03
R_20250703_8165,EQ_0109,S_010,2025-07-03
R_20250703_8166,EQ_0119,S_017,2025-07-03
R_20250703_8167,EQ_0179,S_007,2025-07-03
R_20250703_8168,EQ_0185,S_010,2025-07-03
R_20250703_8169,EQ_0189,S_007,2025-07-03
R_20250703_8170,EQ_0203,S_000,2025-07-03
R_20250703_8171,EQ_0213,S_007,2025-07-03
R_20250703_8172,EQ_0231,S_010,2025-07-03
R_20250703_8173,EQ_0240,S_003,2025-07-03
R_20250703_8174,EQ_0241,S_012,2025-07-03
R_20250703_8175,EQ_0248,S_011,2025-07-03
R_20250703_8176,EQ_0250,S_005,2025-07-03
R_20250703_8177,EQ_0280,S_006,2025-07-03
R_20250704_8178,EQ_0004,S_001,2025-07-04
R_20250704_8179,EQ_0008,S_005,2025-07-04
R_20250704_8180,EQ_0015,S_011,2025-07-04
R_20250704_8181,EQ_0017,S_016,2025-07-04
R_20250704_8182,EQ_0033,S_013,2025-07-04
R_20250704_8183,EQ_0068,S_010,2025-07-04
R_20250704_8184,EQ_0105,S_010,2025-07-04
R_20250704_8185,EQ_0112,S_000,2025-07-04
R_20250704_8186,EQ_0127,S_010,2025-07-04
R_20250704_8187,EQ_0189,S_019,2025-07-04
R_20250704_8188,EQ_0204,S_000,2025-07-04
R_20250704_8189,EQ_0245,S_002,2025-07-04
R_20250704_8190,EQ_0259,S_008,2025-07-04
R_20250704_8191,EQ_0268,S_018,2025-07-04
R_20250704_8192,EQ_0270,S_001,2025-07-04
R_20250704_8193,EQ_0274,S_012,2025-07-04
R_20250704_8194,EQ_0295,S_007,2025-07-04
R_20250705_8195,EQ_0016,S_000,2025-07-05
R_20250705_8196,EQ_0062,S_014,2025-07-05
R_20250705_8197,EQ_0097,S_015,2025-07-05
R_20250705_8198,EQ_0109,S_016,2025-07-05
R_20250705_8199,EQ_0142,S_007,2025-07-05
R_20250705_8200,EQ_0179,S_005,2025-07-05
R_20250705_8201,EQ_0182,S_015,2025-07-05
R_20250705_8202,EQ_0206,S_008,2025-07-05
R_20250705_8203,EQ_0221,S_016,2025-07-05
R_20250705_8204,EQ_0264,S_012,2025-07-05
R_20250705_8205,EQ_0274,S_019,2025-07-05
R_20250706_8206,EQ_0023,S_019,2025-07-06
R_20250706_8207,EQ_0067,S_010,2025-07-06
R_20250706_8208,EQ_0080,S_013,2025-07-06
R_20250706_8209,EQ_0089,S_014,2025-07-06
R_20250706_8210,EQ_0116,S_005,2025-07-06
R_20250706_8211,EQ_0132,S_012,2025-07-06
R_20250706_8212,EQ_0151,S_006,2025-07-06
R_20250706_8213,EQ_0155,S_018,2025-07-06
R_20250706_8214,EQ_0157,S_016,2025-07-06
R_20250706_8215,EQ_0164,S_011,2025-07-06
R_20250706_8216,EQ_0188,S_003,2025-07-06
R_20250706_8217,EQ_0197,S_019,2025-07-06
R_20250706_8218,EQ_0200,S_006,2025-07-06
R_20250706_8219,EQ_0225,S_009,2025-07-06
R_20250706_8220,EQ_0263,S_001,2025-07-06
R_20250706_8221,EQ_0286,S_018,2025-07-06
R_20250707_8222,EQ_0005,S_016,2025-07-07
R_20250707_8223,EQ_0043,S_017,2025-07-07
R_20250707_8224,EQ_0045,S_001,2025-07-07
R_20250707_8225,EQ_0083,S_008,2025-07-07
R_20250707_8226,EQ_0090,S_019,2025-07-07
R_20250707_8227,EQ_0125,S_017,2025-07-07
R_20250707_8228,EQ_0156,S_004,2025-07-07
R_20250707_8229,EQ_0166,S_015,2025-07-07
R_20250707_8230,EQ_0167,S_002,2025-07-07
R_20250707_8231,EQ_0168,S_003,2025-07-07
R_20250707_8232,EQ_0187,S_014,2025-07-07
R_20250707_8233,EQ_0193,S_019,2025-07-07
R_20250707_8234,EQ_0214,S_003,2025-07-07
R_20250707_8235,EQ_0222,S_018,2025-07-07
R_20250707_8236,EQ_0267,S_015,2025-07-07
R_20250707_8237,EQ_0293,S_005,2025-07-07
R_20250708_8238,EQ_0006,S_001,2025-07-08
R_20250708_8239,EQ_0017,S_003,2025-07-08
R_20250708_8240,EQ_0031,S_016,2025-07-08
R_20250708_8241,EQ_0035,S_003,2025-07-08
R_20250708_8242,EQ_0069,S_006,2025-07-08
R_20250708_8243,EQ_0078,S_003,2025-07-08
R_20250708_8244,EQ_0080,S_018,2025-07-08
R_20250708_8245,EQ_0091,S_002,2025-07-08
R_20250708_8246,EQ_0095,S_005,2025-07-08
R_20250708_8247,EQ_0101,S_015,2025-07-08
R_20250708_8248,EQ_0121,S_006,2025-07-08
R_20250708_8249,EQ_0126,S_003,2025-07-08
R_20250708_8250,EQ_0127,S_004,2025-07-08
R_20250708_8251,EQ_0145,S_008,2025-07-08
R_20250708_8252,EQ_0181,S_003,2025-07-08
R_20250708_8253,EQ_0208,S_012,2025-07-08
R_20250708_8254,EQ_0241,S_007,2025-07-08
R_20250708_8255,EQ_0255,S_003,2025-07-08
R_20250709_8256,EQ_0026,S_017,2025-07-09
R_20250709_8257,EQ_0060,S_000,2025-07-09
R_20250709_8258,EQ_0061,S_010,2025-07-09
R_20250709_8259,EQ_0125,S_018,2025-07-09
R_20250709_8260,EQ_0132,S_007,2025-07-09
R_20250709_8261,EQ_0133,S_005,2025-07-09
R_20250709_8262,EQ_0166,S_002,2025-07-09
R_20250709_8263,EQ_0169,S_013,2025-07-09
R_20250709_8264,EQ_0175,S_011,2025-07-09
R_20250709_8265,EQ_0191,S_004,2025-07-09
R_20250709_8266,EQ_0194,S_008,2025-07-09
R_20250709_8267,EQ_0208,S_002,2025-07-09
R_20250709_8268,EQ_0210,S_016,2025-07-09
R_20250709_8269,EQ_0217,S_019,2025-07-09
R_20250709_8270,EQ_0231,S_016,2025-07-09
R_20250709_8271,EQ_0236,S_004,2025-07-09
R_20250709_8272,EQ_0291,S_008,2025-07-09
R_20250709_8273,EQ_0292,S_018,2025-07-09
R_20250709_8274,EQ_0293,S_013,2025-07-09
R_20250709_8275,EQ_0295,S_018,2025-07-09
R_20250710_8276,EQ_0009,S_019,2025-07-10
R_20250710_8277,EQ_0062,S_018,2025-07-10
R_20250710_8278,EQ_0070,S_011,2025-07-10
R_20250710_8279,EQ_0076,S_014,2025-07-10
R_20250710_8280,EQ_0094,S_008,2025-07-10
R_20250710_8281,EQ_0108,S_004,2025-07-10
R_20250710_8282,EQ_0112,S_013,2025-07-10
R_20250710_8283,EQ_0142,S_000,2025-07-10
R_20250710_8284,EQ_0162,S_014,2025-07-10
R_20250710_8285,EQ_0192,S_001,2025-07-10
R_20250710_8286,EQ_0255,S_003,2025-07-10
R_20250710_8287,EQ_0284,S_011,2025-07-10
R_20250711_8288,EQ_0012,S_004,2025-07-11
R_20250711_8289,EQ_0029,S_015,2025-07-11
R_20250711_8290,EQ_0030,S_011,2025-07-11
R_20250711_8291,EQ_0058,S_013,2025-07-11
R_20250711_8292,EQ_0108,S_008,2025-07-11
R_20250711_8293,EQ_0109,S_013,2025-07-11
R_20250711_8294,EQ_0115,S_002,2025-07-11
R_20250711_8295,EQ_0128,S_008,2025-07-11
R_20250711_8296,EQ_0129,S_001,2025-07-11
R_20250711_8297,EQ_0134,S_001,2025-07-11
R_20250711_8298,EQ_0136,S_019,2025-07-11
R_20250711_8299,EQ_0147,S_014,2025-07-11
R_20250711_8300,EQ_0160,S_019,2025-07-11
R_20250711_8301,EQ_0174,S_001,2025-07-11
R_20250711_8302,EQ_0180,S_013,2025-07-11
R_20250711_8303,EQ_0226,S_011,2025-07-11
R_20250711_8304,EQ_0233,S_017,2025-07-11
R_20250711_8305,EQ_0240,S_013,2025-07-11
R_20250711_8306,EQ_0282,S_002,2025-07-11
R_20250712_8307,EQ_0015,S_011,2025-07-12
R_20250712_8308,EQ_0070,S_010,2025-07-12
R_20250712_8309,EQ_0124,S_000,2025-07-12
R_20250712_8310,EQ_0130,S_007,2025-07-12
R_20250712_8311,EQ_0134,S_007,2025-07-12
R_20250712_8312,EQ_0144,S_001,2025-07-12
R_20250712_8313,EQ_0201,S_011,2025-07-12
R_20250712_8314,EQ_0209,S_009,2025-07-12
R_20250712_8315,EQ_0227,S_012,2025-07-12
R_20250712_8316,EQ_0231,S_017,2025-07-12
R_20250712_8317,EQ_0254,S_003,2025-07-12
R_20250712_8318,EQ_0291,S_006,2025-07-12
R_20250713_8319,EQ_0037,S_002,2025-07-13
R_20250713_8320,EQ_0093,S_002,2025-07-13
R_20250713_8321,EQ_0130,S_002,2025-07-13
R_20250713_8322,EQ_0143,S_018,2025-07-13
R_20250713_8323,EQ_0167,S_007,2025-07-13
R_20250713_8324,EQ_0180,S_013,2025-07-13
R_20250713_8325,EQ_0244,S_009,2025-07-13
R_20250713_8326,EQ_0246,S_000,2025-07-13
R_20250713_8327,EQ_0271,S_003,2025-07-13
R_20250713_8328,EQ_0280,S_017,2025-07-13
R_20250713_8329,EQ_0281,S_013,2025-07-13
R_20250713_8330,EQ_0284,S_018,2025-07-13
R_20250713_8331,EQ_0288,S_012,2025-07-13
R_20250713_8332,EQ_0296,S_019,2025-07-13
R_20250714_8333,EQ_0056,S_011,2025-07-14
R_20250714_8334,EQ_0066,S_000,2025-07-14
R_20250714_8335,EQ_0119,S_015,2025-07-14
R_20250714_8336,EQ_0121,S_013,2025-07-14
R_20250714_8337,EQ_0146,S_005,2025-07-14
R_20250714_8338,EQ_0208,S_008,2025-07-14
R_20250714_8339,EQ_0210,S_003,2025-07-14
R_20250714_8340,EQ_0233,S_011,2025-07-14
R_20250714_8341,EQ_0238,S_013,2025-07-14
R_20250714_8342,EQ_0256,S_004,2025-07-14
R_20250714_8343,EQ_0270,S_013,2025-07-14
R_20250714_8344,EQ_0276,S_002,2025-07-14
R_20250714_8345,EQ_0280,S_006,2025-07-14
R_20250715_8346,EQ_0045,S_007,2025-07-15
R_20250715_8347,EQ_0065,S_018,2025-07-15
R_20250715_8348,EQ_0093,S_012,2025-07-15
R_20250715_8349,EQ_0097,S_011,2025-07-15
R_20250715_8350,EQ_0102,S_004,2025-07-15
R_20250715_8351,EQ_0113,S_015,2025-07-15
R_20250715_8352,EQ_0118,S_016,2025-07-15
R_20250715_8353,EQ_0128,S_017,2025-07-15
R_20250715_8354,EQ_0161,S_008,2025-07-15
R_20250715_8355,EQ_0177,S_007,2025-07-15
R_20250715_8356,EQ_0203,S_012,2025-07-15
R_20250715_8357,EQ_0220,S_007,2025-07-15
R_20250715_8358,EQ_0231,S_018,2025-07-15
R_20250715_8359,EQ_0282,S_017,2025-07-15
R_20250715_8360,EQ_0288,S_011,2025-07-15
R_20250716_8361,EQ_0026,S_005,2025-07-16
R_20250716_8362,EQ_0028,S_019,2025-07-16
R_20250716_8363,EQ_0041,S_005,2025-07-16
R_20250716_8364,EQ_0085,S_009,2025-07-16
R_20250716_8365,EQ_0089,S_014,2025-07-16
R_20250716_8366,EQ_0109,S_002,2025-07-16
R_20250716_8367,EQ_0119,S_003,2025-07-16
R_20250716_8368,EQ_0120,S_017,2025-07-16
R_20250716_8369,EQ_0137,S_008,2025-07-16
R_20250716_8370,EQ_0147,S_006,2025-07-16
R_20250716_8371,EQ_0186,S_005,2025-07-16
R_20250716_8372,EQ_0197,S_012,2025-07-16
R_20250716_8373,EQ_0237,S_012,2025-07-16
R_20250716_8374,EQ_0260,S_009,2025-07-16
R_20250717_8375,EQ_0013,S_004,2025-07-17
R_20250717_8376,EQ_0021,S_010,2025-07-17
R_20250717_8377,EQ_0025,S_017,2025-07-17
R_20250717_8378,EQ_0095,S_017,2025-07-17
R_20250717_8379,EQ_0099,S_018,2025-07-17
R_20250717_8380,EQ_0115,S_000,2025-07-17
R_20250717_8381,EQ_0120,S_013,2025-07-17
R_20250717_8382,EQ_0144,S_016,2025-07-17
R_20250717_8383,EQ_0147,S_002,2025-07-17
R_20250717_8384,EQ_0157,S_004,2025-07-17
R_20250717_8385,EQ_0204,S_000,2025-07-17
R_20250717_8386,EQ_0208,S_017,2025-07-17
R_20250717_8387,EQ_0234,S_001,2025-07-17
R_20250717_8388,EQ_0235,S_018,2025-07-17
R_20250717_8389,EQ_0243,S_000,2025-07-17
R_20250717_8390,EQ_0251,S_009,2025-07-17
R_20250717_8391,EQ_0292,S_005,2025-07-17
R_20250718_8392,EQ_0007,S_002,2025-07-18
R_20250718_8393,EQ_0049,S_017,2025-07-18
R_20250718_8394,EQ_0052,S_019,2025-07-18
R_20250718_8395,EQ_0122,S_016,2025-07-18
R_20250718_8396,EQ_0129,S_009,2025-07-18
R_20250718_8397,EQ_0159,S_002,2025-07-18
R_20250718_8398,EQ_0235,S_016,2025-07-18
R_20250718_8399,EQ_0277,S_010,2025-07-18
R_20250719_8400,EQ_0073,S_005,2025-07-19
R_20250719_8401,EQ_0078,S_009,2025-07-19
R_20250719_8402,EQ_0079,S_018,2025-07-19
R_20250719_8403,EQ_0114,S_006,2025-07-19
R_20250719_8404,EQ_0179,S_003,2025-07-19
R_20250719_8405,EQ_0184,S_007,2025-07-19
R_20250719_8406,EQ_0191,S_004,2025-07-19
R_20250719_8407,EQ_0225,S_005,2025-07-19
R_20250719_8408,EQ_0261,S_006,2025-07-19
R_20250720_8409,EQ_0008,S_006,2025-07-20
R_20250720_8410,EQ_0036,S_001,2025-07-20
R_20250720_8411,EQ_0052,S_019,2025-07-20
R_20250720_8412,EQ_0054,S_006,2025-07-20
R_20250720_8413,EQ_0062,S_012,2025-07-20
R_20250720_8414,EQ_0084,S_013,2025-07-20
R_20250720_8415,EQ_0091,S_006,2025-07-20
R_20250720_8416,EQ_0119,S_007,2025-07-20
R_20250720_8417,EQ_0141,S_005,2025-07-20
R_20250720_8418,EQ_0143,S_015,2025-07-20
R_20250720_8419,EQ_0155,S_004,2025-07-20
R_20250720_8420,EQ_0224,S_002,2025-07-20
R_20250720_8421,EQ_0243,S_002,2025-07-20
R_20250720_8422,EQ_0249,S_019,2025-07-20
R_20250720_8423,EQ_0251,S_010,2025-07-20
R_20250720_8424,EQ_0261,S_010,2025-07-20
R_20250720_8425,EQ_0262,S_006,2025-07-20
R_20250720_8426,EQ_0270,S_008,2025-07-20
R_20250720_8427,EQ_0272,S_014,2025-07-20
R_20250720_8428,EQ_0280,S_010,2025-07-20
R_20250721_8429,EQ_0098,S_005,2025-07-21
R_20250721_8430,EQ_0121,S_001,2025-07-21
R_20250721_8431,EQ_0132,S_013,2025-07-21
R_20250721_8432,EQ_0143,S_001,2025-07-21
R_20250721_8433,EQ_0146,S_016,2025-07-21
R_20250721_8434,EQ_0157,S_004,2025-07-21
R_20250721_8435,EQ_0167,S_018,2025-07-21
R_20250721_8436,EQ_0181,S_012,2025-07-21
R_20250721_8437,EQ_0183,S_018,2025-07-21
R_20250721_8438,EQ_0191,S_018,2025-07-21
R_20250721_8439,EQ_0269,S_010,2025-07-21
R_20250721_8440,EQ_0273,S_001,2025-07-21
R_20250721_8441,EQ_0280,S_015,2025-07-21
R_20250721_8442,EQ_0294,S_015,2025-07-21
R_20250722_8443,EQ_0019,S_001,2025-07-22
R_20250722_8444,EQ_0048,S_008,2025-07-22
R_20250722_8445,EQ_0053,S_014,2025-07-22
R_20250722_8446,EQ_0055,S_001,2025-07-22
R_20250722_8447,EQ_0098,S_014,2025-07-22
R_20250722_8448,EQ_0112,S_017,2025-07-22
R_20250722_8449,EQ_0121,S_014,2025-07-22
R_20250722_8450,EQ_0139,S_011,2025-07-22
R_20250722_8451,EQ_0181,S_011,2025-07-22
R_20250722_8452,EQ_0183,S_002,2025-07-22
R_20250722_8453,EQ_0186,S_007,2025-07-22
R_20250722_8454,EQ_0227,S_006,2025-07-22
R_20250722_8455,EQ_0256,S_008,2025-07-22
R_20250722_8456,EQ_0258,S_005,2025-07-22
R_20250722_8457,EQ_0269,S_013,2025-07-22
R_20250722_8458,EQ_0270,S_005,2025-07-22
R_20250722_8459,EQ_0292,S_019,2025-07-22
R_20250723_8460,EQ_0016,S_016,2025-07-23
R_20250723_8461,EQ_0019,S_005,2025-07-23
R_20250723_8462,EQ_0032,S_017,2025-07-23
R_20250723_8463,EQ_0056,S_006,2025-07-23
R_20250723_8464,EQ_0102,S_016,2025-07-23
R_20250723_8465,EQ_0135,S_014,2025-07-23
R_20250723_8466,EQ_0141,S_001,2025-07-23
R_20250723_8467,EQ_0154,S_005,2025-07-23
R_20250723_8468,EQ_0164,S_015,2025-07-23
R_20250723_8469,EQ_0181,S_005,2025-07-23
R_20250723_8470,EQ_0192,S_005,2025-07-23
R_20250723_8471,EQ_0196,S_015,2025-07-23
R_20250723_8472,EQ_0208,S_009,2025-07-23
R_20250723_8473,EQ_0220,S_007,2025-07-23
R_20250723_8474,EQ_0229,S_013,2025-07-23
R_20250723_8475,EQ_0248,S_005,2025-07-23
R_20250723_8476,EQ_0258,S_001,2025-07-23
R_20250723_8477,EQ_0275,S_009,2025-07-23
R_20250723_8478,EQ_0285,S_014,2025-07-23
R_20250724_8479,EQ_0002,S_011,2025-07-24
R_20250724_8480,EQ_0050,S_013,2025-07-24
R_20250724_8481,EQ_0082,S_004,2025-07-24
R_20250724_8482,EQ_0101,S_005,2025-07-24
R_20250724_8483,EQ_0103,S_012,2025-07-24
R_20250724_8484,EQ_0112,S_000,2025-07-24
R_20250724_8485,EQ_0131,S_019,2025-07-24
R_20250724_8486,EQ_0172,S_010,2025-07-24
R_20250724_8487,EQ_0213,S_017,2025-07-24
R_20250724_8488,EQ_0219,S_009,2025-07-24
R_20250724_8489,EQ_0233,S_004,2025-07-24
R_20250724_8490,EQ_0250,S_018,2025-07-24
R_20250724_8491,EQ_0268,S_017,2025-07-24
R_20250725_8492,EQ_0028,S_011,2025-07-25
R_20250725_8493,EQ_0049,S_012,2025-07-25
R_20250725_8494,EQ_0054,S_001,2025-07-25
R_20250725_8495,EQ_0061,S_015,2025-07-25
R_20250725_8496,EQ_0071,S_010,2025-07-25
R_20250725_8497,EQ_0084,S_016,2025-07-25
R_20250725_8498,EQ_0160,S_007,2025-07-25
R_20250725_8499,EQ_0164,S_019,2025-07-25
R_20250725_8500,EQ_0196,S_016,2025-07-25
R_20250725_8501,EQ_0217,S_005,2025-07-25
R_20250725_8502,EQ_0225,S_013,2025-07-25
R_20250725_8503,EQ_0234,S_011,2025-07-25
R_20250725_8504,EQ_0271,S_001,2025-07-25
R_20250725_8505,EQ_0276,S_003,2025-07-25
R_20250725_8506,EQ_0287,S_003,2025-07-25
R_20250726_8507,EQ_0015,S_003,2025-07-26
R_20250726_8508,EQ_0074,S_004,2025-07-26
R_20250726_8509,EQ_0110,S_009,2025-07-26
R_20250726_8510,EQ_0113,S_011,2025-07-26
R_20250726_8511,EQ_0142,S_006,2025-07-26
R_20250726_8512,EQ_0247,S_006,2025-07-26
R_20250726_8513,EQ_0264,S_004,2025-07-26
R_20250726_8514,EQ_0279,S_009,2025-07-26
R_20250727_8515,EQ_0002,S_015,2025-07-27
R_20250727_8516,EQ_0051,S_012,2025-07-27
R_20250727_8517,EQ_0056,S_004,2025-07-27
R_20250727_8518,EQ_0061,S_016,2025-07-27
R_20250727_8519,EQ_0063,S_018,2025-07-27
R_20250727_8520,EQ_0099,S_002,2025-07-27
R_20250727_8521,EQ_0115,S_003,2025-07-27
R_20250727_8522,EQ_0151,S_001,2025-07-27
R_20250727_8523,EQ_0154,S_018,2025-07-27
R_20250727_8524,EQ_0159,S_019,2025-07-27
R_20250727_8525,EQ_0163,S_007,2025-07-27
R_20250727_8526,EQ_0197,S_017,2025-07-27
R_20250727_8527,EQ_0222,S_014,2025-07-27
R_20250727_8528,EQ_0254,S_007,2025-07-27
R_20250727_8529,EQ_0257,S_016,2025-07-27
R_20250727_8530,EQ_0261,S_019,2025-07-27
R_20250727_8531,EQ_0262,S_010,2025-07-27
R_20250727_8532,EQ_0283,S_017,2025-07-27
R_20250727_8533,EQ_0291,S_014,2025-07-27
R_20250728_8534,EQ_0002,S_013,2025-07-28
R_20250728_8535,EQ_0032,S_011,2025-07-28
R_20250728_8536,EQ_0051,S_003,2025-07-28
R_20250728_8537,EQ_0085,S_017,2025-07-28
R_20250728_8538,EQ_0091,S_018,2025-07-28
R_20250728_8539,EQ_0107,S_012,2025-07-28
R_20250728_8540,EQ_0118,S_017,2025-07-28
R_20250728_8541,EQ_0127,S_005,2025-07-28
R_20250728_8542,EQ_0148,S_004,2025-07-28
R_20250728_8543,EQ_0169,S_004,2025-07-28
R_20250728_8544,EQ_0181,S_001,2025-07-28
R_20250728_8545,EQ_0188,S_018,2025-07-28
R_20250728_8546,EQ_0212,S_013,2025-07-28
R_20250728_8547,EQ_0222,S_003,2025-07-28
R_20250728_8548,EQ_0271,S_011,2025-07-28
R_20250729_8549,EQ_0014,S_015,2025-07-29
R_20250729_8550,EQ_0031,S_012,2025-07-29
R_20250729_8551,EQ_0110,S_002,2025-07-29
R_20250729_8552,EQ_0176,S_000,2025-07-29
R_20250729_8553,EQ_0179,S_004,2025-07-29
R_20250729_8554,EQ_0186,S_002,2025-07-29
R_20250729_8555,EQ_0198,S_010,2025-07-29
R_20250729_8556,EQ_0210,S_018,2025-07-29
R_20250729_8557,EQ_0213,S_002,2025-07-29
R_20250729_8558,EQ_0257,S_010,2025-07-29
R_20250729_8559,EQ_0274,S_017,2025-07-29
R_20250730_8560,EQ_0006,S_007,2025-07-30
R_20250730_8561,EQ_0056,S_014,2025-07-30
R_20250730_8562,EQ_0088,S_001,2025-07-30
R_20250730_8563,EQ_0126,S_008,2025-07-30
R_20250730_8564,EQ_0194,S_010,2025-07-30
R_20250730_8565,EQ_0216,S_006,2025-07-30
R_20250730_8566,EQ_0229,S_009,2025-07-30
R_20250730_8567,EQ_0283,S_003,2025-07-30
R_20250730_8568,EQ_0285,S_010,2025-07-30
R_20250730_8569,EQ_0287,S_009,2025-07-30
R_20250731_8570,EQ_0014,S_019,2025-07-31
R_20250731_8571,EQ_0030,S_010,2025-07-31
R_20250731_8572,EQ_0149,S_002,2025-07-31
R_20250731_8573,EQ_0159,S_015,2025-07-31
R_20250731_8574,EQ_0168,S_002,2025-07-31
R_20250731_8575,EQ_0224,S_012,2025-07-31
R_20250731_8576,EQ_0234,S_019,2025-07-31
R_20250731_8577,EQ_0241,S_011,2025-07-31
R_20250731_8578,EQ_0272,S_016,2025-07-31
R_20250731_8579,EQ_0282,S_014,2025-07-31
R_20250731_8580,EQ_0292,S_000,2025-07-31
R_20250801_8581,EQ_0013,S_015,2025-08-01
R_20250801_8582,EQ_0021,S_011,2025-08-01
R_20250801_8583,EQ_0059,S_007,2025-08-01
R_20250801_8584,EQ_0095,S_010,2025-08-01
R_20250801_8585,EQ_0102,S_016,2025-08-01
R_20250801_8586,EQ_0118,S_006,2025-08-01
R_20250801_8587,EQ_0203,S_002,2025-08-01
R_20250801_8588,EQ_0210,S_018,2025-08-01
R_20250801_8589,EQ_0272,S_006,2025-08-01
R_20250802_8590,EQ_0048,S_016,2025-08-02
R_20250802_8591,EQ_0049,S_009,2025-08-02
R_20250802_8592,EQ_0055,S_015,2025-08-02
R_20250802_8593,EQ_0058,S_017,2025-08-02
R_20250802_8594,EQ_0082,S_010,2025-08-02
R_20250802_8595,EQ_0099,S_018,2025-08-02
R_20250802_8596,EQ_0111,S_019,2025-08-02
R_20250802_8597,EQ_0158,S_018,2025-08-02
R_20250802_8598,EQ_0183,S_014,2025-08-02
R_20250802_8599,EQ_0205,S_008,2025-08-02
R_20250802_8600,EQ_0261,S_013,2025-08-02
R_20250802_8601,EQ_0266,S_015,2025-08-02
R_20250802_8602,EQ_0289,S_010,2025-08-02
R_20250803_8603,EQ_0028,S_003,2025-08-03
R_20250803_8604,EQ_0036,S_013,2025-08-03
R_20250803_8605,EQ_0055,S_006,2025-08-03
R_20250803_8606,EQ_0085,S_011,2025-08-03
R_20250803_8607,EQ_0086,S_006,2025-08-03
R_20250803_8608,EQ_0112,S_010,2025-08-03
R_20250803_8609,EQ_0117,S_000,2025-08-03
R_20250803_8610,EQ_0122,S_001,2025-08-03
R_20250803_8611,EQ_0131,S_008,2025-08-03
R_20250803_8612,EQ_0132,S_000,2025-08-03
R_20250803_8613,EQ_0155,S_010,2025-08-03
R_20250803_8614,EQ_0217,S_018,2025-08-03
R_20250803_8615,EQ_0240,S_005,2025-08-03
R_20250803_8616,EQ_0246,S_007,2025-08-03
R_20250803_8617,EQ_0294,S_018,2025-08-03
R_20250803_8618,EQ_0295,S_011,2025-08-03
R_20250803_8619,EQ_0296,S_018,2025-08-03
R_20250804_8620,EQ_0014,S_014,2025-08-04
R_20250804_8621,EQ_0032,S_007,2025-08-04
R_20250804_8622,EQ_0096,S_007,2025-08-04
R_20250804_8623,EQ_0098,S_009,2025-08-04
R_20250804_8624,EQ_0099,S_002,2025-08-04
R_20250804_8625,EQ_0113,S_009,2025-08-04
R_20250804_8626,EQ_0129,S_017,2025-08-04
R_20250804_8627,EQ_0144,S_016,2025-08-04
R_20250804_8628,EQ_0159,S_013,2025-08-04
R_20250804_8629,EQ_0182,S_018,2025-08-04
R_20250804_8630,EQ_0209,S_006,2025-08-04
R_20250804_8631,EQ_0288,S_003,2025-08-04
R_20250805_8632,EQ_0006,S_012,2025-08-05
R_20250805_8633,EQ_0033,S_012,2025-08-05
R_20250805_8634,EQ_0058,S_018,2025-08-05
R_20250805_8635,EQ_0063,S_002,2025-08-05
R_20250805_8636,EQ_0064,S_000,2025-08-05
R_20250805_8637,EQ_0071,S_003,2025-08-05
R_20250805_8638,EQ_0137,S_015,2025-08-05
R_20250805_8639,EQ_0149,S_013,2025-08-05
R_20250805_8640,EQ_0172,S_009,2025-08-05
R_20250805_8641,EQ_0190,S_014,2025-08-05
R_20250805_8642,EQ_0234,S_008,2025-08-05
R_20250805_8643,EQ_0235,S_006,2025-08-05
R_20250805_8644,EQ_0263,S_003,2025-08-05
R_20250805_8645,EQ_0277,S_014,2025-08-05
R_20250806_8646,EQ_0000,S_010,2025-08-06
R_20250806_8647,EQ_0003,S_005,2025-08-06
R_20250806_8648,EQ_0005,S_004,2025-08-06
R_20250806_8649,EQ_0023,S_014,2025-08-06
R_20250806_8650,EQ_0069,S_010,2025-08-06
R_20250806_8651,EQ_0087,S_007,2025-08-06
R_20250806_8652,EQ_0118,S_005,2025-08-06
R_20250806_8653,EQ_0129,S_012,2025-08-06
R_20250806_8654,EQ_0165,S_007,2025-08-06
R_20250806_8655,EQ_0174,S_013,2025-08-06
R_20250806_8656,EQ_0191,S_000,2025-08-06
R_20250806_8657,EQ_0199,S_010,2025-08-06
R_20250806_8658,EQ_0217,S_006,2025-08-06
R_20250806_8659,EQ_0224,S_008,2025-08-06
R_20250806_8660,EQ_0229,S_015,2025-08-06
R_20250806_8661,EQ_0238,S_016,2025-08-06
R_20250806_8662,EQ_0239,S_015,2025-08-06
R_20250806_8663,EQ_0257,S_006,2025-08-06
R_20250806_8664,EQ_0258,S_007,2025-08-06
R_20250806_8665,EQ_0261,S_018,2025-08-06
R_20250806_8666,EQ_0263,S_016,2025-08-06
R_20250806_8667,EQ_0276,S_005,2025-08-06
R_20250806_8668,EQ_0289,S_006,2025-08-06
R_20250807_8669,EQ_0017,S_000,2025-08-07
R_20250807_8670,EQ_0032,S_004,2025-08-07
R_20250807_8671,EQ_0035,S_005,2025-08-07
R_20250807_8672,EQ_0042,S_010,2025-08-07
R_20250807_8673,EQ_0053,S_014,2025-08-07
R_20250807_8674,EQ_0062,S_005,2025-08-07
R_20250807_8675,EQ_0085,S_001,2025-08-07
R_20250807_8676,EQ_0089,S_006,2025-08-07
R_20250807_8677,EQ_0118,S_002,2025-08-07
R_20250807_8678,EQ_0159,S_005,2025-08-07
R_20250807_8679,EQ_0167,S_012,2025-08-07
R_20250807_8680,EQ_0214,S_013,2025-08-07
R_20250807_8681,EQ_0233,S_004,2025-08-07
R_20250807_8682,EQ_0257,S_010,2025-08-07
R_20250807_8683,EQ_0285,S_017,2025-08-07
R_20250808_8684,EQ_0025,S_004,2025-08-08
R_20250808_8685,EQ_0037,S_004,2025-08-08
R_20250808_8686,EQ_0051,S_008,2025-08-08
R_20250808_8687,EQ_0066,S_018,2025-08-08
R_20250808_8688,EQ_0067,S_012,2025-08-08
R_20250808_8689,EQ_0086,S_002,2025-08-08
R_20250808_8690,EQ_0100,S_004,2025-08-08
R_20250808_8691,EQ_0101,S_011,2025-08-08
R_20250808_8692,EQ_0109,S_003,2025-08-08
R_20250808_8693,EQ_0112,S_003,2025-08-08
R_20250808_8694,EQ_0163,S_000,2025-08-08
R_20250808_8695,EQ_0166,S_003,2025-08-08
R_20250808_8696,EQ_0169,S_010,2025-08-08
R_20250808_8697,EQ_0181,S_011,2025-08-08
R_20250808_8698,EQ_0199,S_018,2025-08-08
R_20250808_8699,EQ_0209,S_009,2025-08-08
R_20250808_8700,EQ_0289,S_019,2025-08-08
R_20250809_8701,EQ_0001,S_001,2025-08-09
R_20250809_8702,EQ_0004,S_015,2025-08-09
R_20250809_8703,EQ_0031,S_003,2025-08-09
R_20250809_8704,EQ_0039,S_015,2025-08-09
R_20250809_8705,EQ_0076,S_004,2025-08-09
R_20250809_8706,EQ_0089,S_019,2025-08-09
R_20250809_8707,EQ_0100,S_000,2025-08-09
R_20250809_8708,EQ_0113,S_001,2025-08-09
R_20250809_8709,EQ_0117,S_018,2025-08-09
R_20250809_8710,EQ_0124,S_005,2025-08-09
R_20250809_8711,EQ_0146,S_002,2025-08-09
R_20250809_8712,EQ_0188,S_003,2025-08-09
R_20250809_8713,EQ_0213,S_001,2025-08-09
R_20250809_8714,EQ_0225,S_010,2025-08-09
R_20250809_8715,EQ_0262,S_017,2025-08-09
R_20250809_8716,EQ_0276,S_018,2025-08-09
R_20250809_8717,EQ_0297,S_008,2025-08-09
R_20250810_8718,EQ_0032,S_012,2025-08-10
R_20250810_8719,EQ_0050,S_010,2025-08-10
R_20250810_8720,EQ_0055,S_000,2025-08-10
R_20250810_8721,EQ_0057,S_000,2025-08-10
R_20250810_8722,EQ_0061,S_010,2025-08-10
R_20250810_8723,EQ_0067,S_012,2025-08-10
R_20250810_8724,EQ_0072,S_010,2025-08-10
R_20250810_8725,EQ_0084,S_017,2025-08-10
R_20250810_8726,EQ_0086,S_007,2025-08-10
R_20250810_8727,EQ_0093,S_017,2025-08-10
R_20250810_8728,EQ_0120,S_008,2025-08-10
R_20250810_8729,EQ_0131,S_003,2025-08-10
R_20250810_8730,EQ_0158,S_019,2025-08-10
R_20250810_8731,EQ_0160,S_013,2025-08-10
R_20250810_8732,EQ_0169,S_001,2025-08-10
R_20250810_8733,EQ_0205,S_004,2025-08-10
R_20250810_8734,EQ_0224,S_009,2025-08-10
R_20250810_8735,EQ_0231,S_019,2025-08-10
R_20250810_8736,EQ_0232,S_015,2025-08-10
R_20250810_8737,EQ_0277,S_019,2025-08-10
R_20250811_8738,EQ_0011,S_012,2025-08-11
R_20250811_8739,EQ_0051,S_007,2025-08-11
R_20250811_8740,EQ_0068,S_005,2025-08-11
R_20250811_8741,EQ_0092,S_013,2025-08-11
R_20250811_8742,EQ_0097,S_004,2025-08-11
R_20250811_8743,EQ_0204,S_017,2025-08-11
R_20250811_8744,EQ_0206,S_013,2025-08-11
R_20250811_8745,EQ_0233,S_014,2025-08-11
R_20250811_8746,EQ_0236,S_004,2025-08-11
R_20250811_8747,EQ_0263,S_018,2025-08-11
R_20250811_8748,EQ_0276,S_009,2025-08-11
R_20250812_8749,EQ_0014,S_008,2025-08-12
R_20250812_8750,EQ_0021,S_004,2025-08-12
R_20250812_8751,EQ_0050,S_002,2025-08-12
R_20250812_8752,EQ_0066,S_012,2025-08-12
R_20250812_8753,EQ_0093,S_009,2025-08-12
R_20250812_8754,EQ_0166,S_000,2025-08-12
R_20250812_8755,EQ_0275,S_017,2025-08-12
R_20250813_8756,EQ_0019,S_002,2025-08-13
R_20250813_8757,EQ_0038,S_012,2025-08-13
R_20250813_8758,EQ_0058,S_008,2025-08-13
R_20250813_8759,EQ_0061,S_001,2025-08-13
R_20250813_8760,EQ_0093,S_010,2025-08-13
R_20250813_8761,EQ_0116,S_009,2025-08-13
R_20250813_8762,EQ_0188,S_015,2025-08-13
R_20250813_8763,EQ_0192,S_002,2025-08-13
R_20250813_8764,EQ_0212,S_019,2025-08-13
R_20250813_8765,EQ_0220,S_004,2025-08-13
R_20250813_8766,EQ_0278,S_004,2025-08-13
R_20250813_8767,EQ_0293,S_015,2025-08-13
R_20250813_8768,EQ_0295,S_002,2025-08-13
R_20250813_8769,EQ_0299,S_011,2025-08-13
R_20250814_8770,EQ_0009,S_015,2025-08-14
R_20250814_8771,EQ_0094,S_011,2025-08-14
R_20250814_8772,EQ_0109,S_017,2025-08-14
R_20250814_8773,EQ_0116,S_012,2025-08-14
R_20250814_8774,EQ_0145,S_004,2025-08-14
R_20250814_8775,EQ_0148,S_002,2025-08-14
R_20250814_8776,EQ_0156,S_007,2025-08-14
R_20250814_8777,EQ_0161,S_008,2025-08-14
R_20250814_8778,EQ_0186,S_012,2025-08-14
R_20250814_8779,EQ_0189,S_010,2025-08-14
R_20250814_8780,EQ_0204,S_003,2025-08-14
R_20250814_8781,EQ_0207,S_000,2025-08-14
R_20250814_8782,EQ_0239,S_003,2025-08-14
R_20250814_8783,EQ_0294,S_019,2025-08-14
R_20250815_8784,EQ_0018,S_010,2025-08-15
R_20250815_8785,EQ_0048,S_017,2025-08-15
R_20250815_8786,EQ_0075,S_007,2025-08-15
R_20250815_8787,EQ_0079,S_012,2025-08-15
R_20250815_8788,EQ_0090,S_003,2025-08-15
R_20250815_8789,EQ_0116,S_002,2025-08-15
R_20250815_8790,EQ_0119,S_006,2025-08-15
R_20250815_8791,EQ_0137,S_019,2025-08-15
R_20250815_8792,EQ_0160,S_001,2025-08-15
R_20250815_8793,EQ_0172,S_012,2025-08-15
R_20250815_8794,EQ_0190,S_004,2025-08-15
R_20250815_8795,EQ_0196,S_001,2025-08-15
R_20250815_8796,EQ_0204,S_012,2025-08-15
R_20250815_8797,EQ_0235,S_011,2025-08-15
R_20250815_8798,EQ_0255,S_019,2025-08-15
R_20250815_8799,EQ_0268,S_008,2025-08-15
R_20250815_8800,EQ_0274,S_007,2025-08-15
R_20250815_8801,EQ_0296,S_015,2025-08-15
R_20250816_8802,EQ_0010,S_000,2025-08-16
R_20250816_8803,EQ_0019,S_014,2025-08-16
R_20250816_8804,EQ_0029,S_014,2025-08-16
R_20250816_8805,EQ_0044,S_004,2025-08-16
R_20250816_8806,EQ_0050,S_009,2025-08-16
R_20250816_8807,EQ_0067,S_015,2025-08-16
R_20250816_8808,EQ_0071,S_017,2025-08-16
R_20250816_8809,EQ_0074,S_006,2025-08-16
R_20250816_8810,EQ_0140,S_010,2025-08-16
R_20250816_8811,EQ_0143,S_003,2025-08-16
R_20250816_8812,EQ_0198,S_019,2025-08-16
R_20250816_8813,EQ_0201,S_019,2025-08-16
R_20250816_8814,EQ_0211,S_013,2025-08-16
R_20250816_8815,EQ_0240,S_017,2025-08-16
R_20250816_8816,EQ_0256,S_005,2025-08-16
R_20250816_8817,EQ_0289,S_017,2025-08-16
R_20250816_8818,EQ_0296,S_002,2025-08-16
R_20250817_8819,EQ_0032,S_001,2025-08-17
R_20250817_8820,EQ_0065,S_005,2025-08-17
R_20250817_8821,EQ_0119,S_008,2025-08-17
R_20250817_8822,EQ_0120,S_009,2025-08-17
R_20250817_8823,EQ_0148,S_003,2025-08-17
R_20250817_8824,EQ_0177,S_014,2025-08-17
R_20250817_8825,EQ_0198,S_000,2025-08-17
R_20250817_8826,EQ_0202,S_011,2025-08-17
R_20250817_8827,EQ_0226,S_003,2025-08-17
R_20250817_8828,EQ_0267,S_006,2025-08-17
R_20250817_8829,EQ_0268,S_004,2025-08-17
R_20250817_8830,EQ_0285,S_012,2025-08-17
R_20250818_8831,EQ_0018,S_009,2025-08-18
R_20250818_8832,EQ_0042,S_009,2025-08-18
R_20250818_8833,EQ_0045,S_005,2025-08-18
R_20250818_8834,EQ_0063,S_012,2025-08-18
R_20250818_8835,EQ_0094,S_010,2025-08-18
R_20250818_8836,EQ_0095,S_007,2025-08-18
R_20250818_8837,EQ_0110,S_014,2025-08-18
R_20250818_8838,EQ_0149,S_006,2025-08-18
R_20250818_8839,EQ_0168,S_004,2025-08-18
R_20250818_8840,EQ_0172,S_002,2025-08-18
R_20250818_8841,EQ_0194,S_002,2025-08-18
R_20250818_8842,EQ_0228,S_017,2025-08-18
R_20250818_8843,EQ_0247,S_012,2025-08-18
R_20250818_8844,EQ_0285,S_018,2025-08-18
R_20250818_8845,EQ_0292,S_003,2025-08-18
R_20250819_8846,EQ_0009,S_001,2025-08-19
R_20250819_8847,EQ_0037,S_014,2025-08-19
R_20250819_8848,EQ_0046,S_013,2025-08-19
R_20250819_8849,EQ_0062,S_005,2025-08-19
R_20250819_8850,EQ_0082,S_007,2025-08-19
R_20250819_8851,EQ_0116,S_011,2025-08-19
R_20250819_8852,EQ_0187,S_012,2025-08-19
R_20250819_8853,EQ_0229,S_011,2025-08-19
R_20250819_8854,EQ_0230,S_007,2025-08-19
R_20250819_8855,EQ_0268,S_002,2025-08-19
R_20250820_8856,EQ_0021,S_019,2025-08-20
R_20250820_8857,EQ_0049,S_017,2025-08-20
R_20250820_8858,EQ_0066,S_008,2025-08-20
R_20250820_8859,EQ_0105,S_015,2025-08-20
R_20250820_8860,EQ_0129,S_017,2025-08-20
R_20250820_8861,EQ_0134,S_001,2025-08-20
R_20250820_8862,EQ_0137,S_011,2025-08-20
R_20250820_8863,EQ_0141,S_006,2025-08-20
R_20250820_8864,EQ_0143,S_004,2025-08-20
R_20250820_8865,EQ_0144,S_011,2025-08-20
R_20250820_8866,EQ_0164,S_007,2025-08-20
R_20250820_8867,EQ_0192,S_017,2025-08-20
R_20250820_8868,EQ_0233,S_017,2025-08-20
R_20250820_8869,EQ_0239,S_014,2025-08-20
R_20250820_8870,EQ_0252,S_017,2025-08-20
R_20250820_8871,EQ_0265,S_015,2025-08-20
R_20250820_8872,EQ_0266,S_012,2025-08-20
R_20250820_8873,EQ_0269,S_000,2025-08-20
R_20250820_8874,EQ_0270,S_010,2025-08-20
R_20250820_8875,EQ_0293,S_006,2025-08-20
R_20250821_8876,EQ_0008,S_004,2025-08-21
R_20250821_8877,EQ_0031,S_019,2025-08-21
R_20250821_8878,EQ_0033,S_010,2025-08-21
R_20250821_8879,EQ_0044,S_018,2025-08-21
R_20250821_8880,EQ_0046,S_007,2025-08-21
R_20250821_8881,EQ_0094,S_010,2025-08-21
R_20250821_8882,EQ_0131,S_007,2025-08-21
R_20250821_8883,EQ_0144,S_012,2025-08-21
R_20250821_8884,EQ_0146,S_014,2025-08-21
R_20250821_8885,EQ_0163,S_017,2025-08-21
R_20250821_8886,EQ_0164,S_019,2025-08-21
R_20250821_8887,EQ_0173,S_006,2025-08-21
R_20250821_8888,EQ_0200,S_006,2025-08-21
R_20250821_8889,EQ_0209,S_010,2025-08-21
R_20250821_8890,EQ_0267,S_003,2025-08-21
R_20250821_8891,EQ_0283,S_007,2025-08-21
R_20250821_8892,EQ_0299,S_006,2025-08-21
R_20250822_8893,EQ_0008,S_015,2025-08-22
R_20250822_8894,EQ_0021,S_001,2025-08-22
R_20250822_8895,EQ_0039,S_007,2025-08-22
R_20250822_8896,EQ_0048,S_000,2025-08-22
R_20250822_8897,EQ_0067,S_000,2025-08-22
R_20250822_8898,EQ_0086,S_018,2025-08-22
R_20250822_8899,EQ_0091,S_007,2025-08-22
R_20250822_8900,EQ_0094,S_018,2025-08-22
R_20250822_8901,EQ_0109,S_010,2025-08-22
R_20250822_8902,EQ_0173,S_013,2025-08-22
R_20250822_8903,EQ_0178,S_014,2025-08-22
R_20250822_8904,EQ_0180,S_017,2025-08-22
R_20250822_8905,EQ_0207,S_019,2025-08-22
R_20250822_8906,EQ_0210,S_009,2025-08-22
R_20250822_8907,EQ_0214,S_005,2025-08-22
R_20250822_8908,EQ_0221,S_014,2025-08-22
R_20250822_8909,EQ_0224,S_013,2025-08-22
R_20250822_8910,EQ_0233,S_014,2025-08-22
R_20250822_8911,EQ_0270,S_009,2025-08-22
R_20250823_8912,EQ_0005,S_014,2025-08-23
R_20250823_8913,EQ_0021,S_013,2025-08-23
R_20250823_8914,EQ_0048,S_003,2025-08-23
R_20250823_8915,EQ_0074,S_008,2025-08-23
R_20250823_8916,EQ_0107,S_012,2025-08-23
R_20250823_8917,EQ_0108,S_005,2025-08-23
R_20250823_8918,EQ_0158,S_018,2025-08-23
R_20250823_8919,EQ_0162,S_013,2025-08-23
R_20250823_8920,EQ_0283,S_017,2025-08-23
R_20250823_8921,EQ_0287,S_015,2025-08-23
R_20250823_8922,EQ_0288,S_016,2025-08-23
R_20250824_8923,EQ_0011,S_009,2025-08-24
R_20250824_8924,EQ_0070,S_002,2025-08-24
R_20250824_8925,EQ_0092,S_006,2025-08-24
R_20250824_8926,EQ_0123,S_010,2025-08-24
R_20250824_8927,EQ_0128,S_015,2025-08-24
R_20250824_8928,EQ_0139,S_010,2025-08-24
R_20250824_8929,EQ_0146,S_005,2025-08-24
R_20250824_8930,EQ_0152,S_006,2025-08-24
R_20250824_8931,EQ_0160,S_013,2025-08-24
R_20250824_8932,EQ_0172,S_012,2025-08-24
R_20250824_8933,EQ_0176,S_019,2025-08-24
R_20250824_8934,EQ_0178,S_006,2025-08-24
R_20250824_8935,EQ_0204,S_007,2025-08-24
R_20250824_8936,EQ_0238,S_012,2025-08-24
R_20250824_8937,EQ_0258,S_010,2025-08-24
R_20250824_8938,EQ_0288,S_012,2025-08-24
R_20250824_8939,EQ_0290,S_010,2025-08-24
R_20250825_8940,EQ_0003,S_005,2025-08-25
R_20250825_8941,EQ_0022,S_001,2025-08-25
R_20250825_8942,EQ_0034,S_004,2025-08-25
R_20250825_8943,EQ_0051,S_015,2025-08-25
R_20250825_8944,EQ_0063,S_013,2025-08-25
R_20250825_8945,EQ_0069,S_019,2025-08-25
R_20250825_8946,EQ_0114,S_014,2025-08-25
R_20250825_8947,EQ_0146,S_007,2025-08-25
R_20250825_8948,EQ_0194,S_016,2025-08-25
R_20250825_8949,EQ_0196,S_009,2025-08-25
R_20250825_8950,EQ_0214,S_014,2025-08-25
R_20250825_8951,EQ_0246,S_008,2025-08-25
R_20250825_8952,EQ_0264,S_009,2025-08-25
R_20250826_8953,EQ_0036,S_002,2025-08-26
R_20250826_8954,EQ_0089,S_012,2025-08-26
R_20250826_8955,EQ_0099,S_018,2025-08-26
R_20250826_8956,EQ_0109,S_018,2025-08-26
R_20250826_8957,EQ_0137,S_019,2025-08-26
R_20250826_8958,EQ_0173,S_001,2025-08-26
R_20250826_8959,EQ_0259,S_005,2025-08-26
R_20250826_8960,EQ_0272,S_019,2025-08-26
R_20250826_8961,EQ_0275,S_019,2025-08-26
R_20250826_8962,EQ_0278,S_002,2025-08-26
R_20250826_8963,EQ_0292,S_003,2025-08-26
R_20250827_8964,EQ_0005,S_018,2025-08-27
R_20250827_8965,EQ_0036,S_013,2025-08-27
R_20250827_8966,EQ_0055,S_013,2025-08-27
R_20250827_8967,EQ_0066,S_019,2025-08-27
R_20250827_8968,EQ_0094,S_015,2025-08-27
R_20250827_8969,EQ_0143,S_019,2025-08-27
R_20250827_8970,EQ_0147,S_002,2025-08-27
R_20250827_8971,EQ_0148,S_019,2025-08-27
R_20250827_8972,EQ_0164,S_011,2025-08-27
R_20250827_8973,EQ_0182,S_005,2025-08-27
R_20250827_8974,EQ_0213,S_006,2025-08-27
R_20250827_8975,EQ_0217,S_007,2025-08-27
R_20250827_8976,EQ_0252,S_002,2025-08-27
R_20250827_8977,EQ_0267,S_018,2025-08-27
R_20250827_8978,EQ_0293,S_016,2025-08-27
R_20250828_8979,EQ_0016,S_004,2025-08-28
R_20250828_8980,EQ_0137,S_013,2025-08-28
R_20250828_8981,EQ_0162,S_005,2025-08-28
R_20250828_8982,EQ_0166,S_007,2025-08-28
R_20250828_8983,EQ_0211,S_008,2025-08-28
R_20250828_8984,EQ_0217,S_010,2025-08-28
R_20250828_8985,EQ_0226,S_017,2025-08-28
R_20250828_8986,EQ_0255,S_002,2025-08-28
R_20250828_8987,EQ_0275,S_009,2025-08-28
R_20250828_8988,EQ_0296,S_008,2025-08-28
R_20250829_8989,EQ_0010,S_006,2025-08-29
R_20250829_8990,EQ_0024,S_015,2025-08-29
R_20250829_8991,EQ_0029,S_019,2025-08-29
R_20250829_8992,EQ_0042,S_005,2025-08-29
R_20250829_8993,EQ_0048,S_017,2025-08-29
R_20250829_8994,EQ_0054,S_015,2025-08-29
R_20250829_8995,EQ_0133,S_004,2025-08-29
R_20250829_8996,EQ_0135,S_005,2025-08-29
R_20250829_8997,EQ_0163,S_005,2025-08-29
R_20250829_8998,EQ_0166,S_015,2025-08-29
R_20250829_8999,EQ_0176,S_015,2025-08-29
R_20250829_9000,EQ_0181,S_016,2025-08-29
R_20250829_9001,EQ_0238,S_010,2025-08-29
R_20250829_9002,EQ_0242,S_000,2025-08-29
R_20250829_9003,EQ_0267,S_014,2025-08-29
R_20250829_9004,EQ_0273,S_011,2025-08-29
R_20250830_9005,EQ_0038,S_012,2025-08-30
R_20250830_9006,EQ_0045,S_016,2025-08-30
R_20250830_9007,EQ_0063,S_005,2025-08-30
R_20250830_9008,EQ_0103,S_003,2025-08-30
R_20250830_9009,EQ_0120,S_008,2025-08-30
R_20250830_9010,EQ_0138,S_007,2025-08-30
R_20250830_9011,EQ_0175,S_008,2025-08-30
R_20250830_9012,EQ_0179,S_012,2025-08-30
R_20250830_9013,EQ_0212,S_011,2025-08-30
R_20250830_9014,EQ_0222,S_011,2025-08-30
R_20250830_9015,EQ_0238,S_012,2025-08-30
R_20250830_9016,EQ_0271,S_004,2025-08-30
R_20250830_9017,EQ_0278,S_019,2025-08-30
R_20250830_9018,EQ_0299,S_003,2025-08-30
R_20250831_9019,EQ_0001,S_014,2025-08-31
R_20250831_9020,EQ_0002,S_001,2025-08-31
R_20250831_9021,EQ_0028,S_011,2025-08-31
R_20250831_9022,EQ_0029,S_010,2025-08-31
R_20250831_9023,EQ_0032,S_018,2025-08-31
R_20250831_9024,EQ_0034,S_012,2025-08-31
R_20250831_9025,EQ_0070,S_013,2025-08-31
R_20250831_9026,EQ_0086,S_008,2025-08-31
R_20250831_9027,EQ_0132,S_008,2025-08-31
R_20250831_9028,EQ_0200,S_004,2025-08-31
R_20250831_9029,EQ_0215,S_011,2025-08-31
R_20250831_9030,EQ_0216,S_013,2025-08-31
R_20250831_9031,EQ_0218,S_014,2025-08-31
R_20250831_9032,EQ_0235,S_011,2025-08-31
R_20250831_9033,EQ_0242,S_011,2025-08-31
R_20250831_9034,EQ_0251,S_017,2025-08-31
R_20250831_9035,EQ_0290,S_004,2025-08-31
R_20250901_9036,EQ_0031,S_001,2025-09-01
R_20250901_9037,EQ_0059,S_019,2025-09-01
R_20250901_9038,EQ_0095,S_011,2025-09-01
R_20250901_9039,EQ_0101,S_008,2025-09-01
R_20250901_9040,EQ_0131,S_015,2025-09-01
R_20250901_9041,EQ_0159,S_002,2025-09-01
R_20250901_9042,EQ_0212,S_008,2025-09-01
R_20250901_9043,EQ_0280,S_019,2025-09-01
R_20250901_9044,EQ_0292,S_004,2025-09-01
R_20250902_9045,EQ_0006,S_008,2025-09-02
R_20250902_9046,EQ_0034,S_018,2025-09-02
R_20250902_9047,EQ_0131,S_015,2025-09-02
R_20250902_9048,EQ_0134,S_012,2025-09-02
R_20250902_9049,EQ_0174,S_019,2025-09-02
R_20250902_9050,EQ_0211,S_003,2025-09-02
R_20250902_9051,EQ_0223,S_004,2025-09-02
R_20250902_9052,EQ_0240,S_009,2025-09-02
R_20250902_9053,EQ_0257,S_002,2025-09-02
R_20250902_9054,EQ_0269,S_009,2025-09-02
R_20250902_9055,EQ_0275,S_008,2025-09-02
R_20250902_9056,EQ_0285,S_014,2025-09-02
R_20250902_9057,EQ_0288,S_001,2025-09-02
R_20250902_9058,EQ_0289,S_008,2025-09-02
R_20250903_9059,EQ_0026,S_014,2025-09-03
R_20250903_9060,EQ_0031,S_014,2025-09-03
R_20250903_9061,EQ_0042,S_019,2025-09-03
R_20250903_9062,EQ_0072,S_008,2025-09-03
R_20250903_9063,EQ_0153,S_010,2025-09-03
R_20250903_9064,EQ_0163,S_004,2025-09-03
R_20250903_9065,EQ_0177,S_018,2025-09-03
R_20250903_9066,EQ_0178,S_011,2025-09-03
R_20250903_9067,EQ_0189,S_013,2025-09-03
R_20250903_9068,EQ_0224,S_017,2025-09-03
R_20250903_9069,EQ_0273,S_016,2025-09-03
R_20250903_9070,EQ_0281,S_013,2025-09-03
R_20250903_9071,EQ_0293,S_018,2025-09-03
R_20250904_9072,EQ_0006,S_009,2025-09-04
R_20250904_9073,EQ_0020,S_002,2025-09-04
R_20250904_9074,EQ_0023,S_011,2025-09-04
R_20250904_9075,EQ_0034,S_019,2025-09-04
R_20250904_9076,EQ_0035,S_008,2025-09-04
R_20250904_9077,EQ_0058,S_008,2025-09-04
R_20250904_9078,EQ_0074,S_013,2025-09-04
R_20250904_9079,EQ_0105,S_018,2025-09-04
R_20250904_9080,EQ_0106,S_017,2025-09-04
R_20250904_9081,EQ_0118,S_019,2025-09-04
R_20250904_9082,EQ_0127,S_010,2025-09-04
R_20250904_9083,EQ_0135,S_013,2025-09-04
R_20250904_9084,EQ_0171,S_005,2025-09-04
R_20250904_9085,EQ_0211,S_009,2025-09-04
R_20250904_9086,EQ_0275,S_010,2025-09-04
R_20250904_9087,EQ_0276,S_011,2025-09-04
R_20250904_9088,EQ_0290,S_017,2025-09-04
R_20250905_9089,EQ_0003,S_006,2025-09-05
R_20250905_9090,EQ_0011,S_010,2025-09-05
R_20250905_9091,EQ_0026,S_015,2025-09-05
R_20250905_9092,EQ_0079,S_015,2025-09-05
R_20250905_9093,EQ_0131,S_006,2025-09-05
R_20250905_9094,EQ_0139,S_009,2025-09-05
R_20250905_9095,EQ_0192,S_003,2025-09-05
R_20250905_9096,EQ_0230,S_003,2025-09-05
R_20250905_9097,EQ_0239,S_003,2025-09-05
R_20250905_9098,EQ_0255,S_017,2025-09-05
R_20250905_9099,EQ_0292,S_002,2025-09-05
R_20250906_9100,EQ_0012,S_012,2025-09-06
R_20250906_9101,EQ_0036,S_013,2025-09-06
R_20250906_9102,EQ_0048,S_000,2025-09-06
R_20250906_9103,EQ_0049,S_013,2025-09-06
R_20250906_9104,EQ_0059,S_006,2025-09-06
R_20250906_9105,EQ_0093,S_011,2025-09-06
R_20250906_9106,EQ_0102,S_009,2025-09-06
R_20250906_9107,EQ_0109,S_017,2025-09-06
R_20250906_9108,EQ_0143,S_008,2025-09-06
R_20250906_9109,EQ_0175,S_012,2025-09-06
R_20250906_9110,EQ_0212,S_016,2025-09-06
R_20250906_9111,EQ_0249,S_012,2025-09-06
R_20250906_9112,EQ_0254,S_011,2025-09-06
R_20250907_9113,EQ_0016,S_016,2025-09-07
R_20250907_9114,EQ_0019,S_010,2025-09-07
R_20250907_9115,EQ_0024,S_016,2025-09-07
R_20250907_9116,EQ_0048,S_011,2025-09-07
R_20250907_9117,EQ_0056,S_000,2025-09-07
R_20250907_9118,EQ_0062,S_013,2025-09-07
R_20250907_9119,EQ_0084,S_000,2025-09-07
R_20250907_9120,EQ_0116,S_012,2025-09-07
R_20250907_9121,EQ_0123,S_003,2025-09-07
R_20250907_9122,EQ_0126,S_014,2025-09-07
R_20250907_9123,EQ_0127,S_000,2025-09-07
R_20250907_9124,EQ_0151,S_014,2025-09-07
R_20250907_9125,EQ_0161,S_010,2025-09-07
R_20250907_9126,EQ_0213,S_016,2025-09-07
R_20250907_9127,EQ_0236,S_002,2025-09-07
R_20250907_9128,EQ_0238,S_011,2025-09-07
R_20250907_9129,EQ_0285,S_012,2025-09-07
R_20250908_9130,EQ_0022,S_002,2025-09-08
R_20250908_9131,EQ_0046,S_016,2025-09-08
R_20250908_9132,EQ_0049,S_002,2025-09-08
R_20250908_9133,EQ_0071,S_011,2025-09-08
R_20250908_9134,EQ_0109,S_011,2025-09-08
R_20250908_9135,EQ_0149,S_002,2025-09-08
R_20250908_9136,EQ_0195,S_011,2025-09-08
R_20250908_9137,EQ_0213,S_000,2025-09-08
R_20250908_9138,EQ_0215,S_008,2025-09-08
R_20250908_9139,EQ_0237,S_019,2025-09-08
R_20250908_9140,EQ_0239,S_014,2025-09-08
R_20250908_9141,EQ_0267,S_000,2025-09-08
R_20250908_9142,EQ_0276,S_008,2025-09-08
R_20250908_9143,EQ_0289,S_017,2025-09-08
R_20250908_9144,EQ_0297,S_012,2025-09-08
R_20250909_9145,EQ_0006,S_013,2025-09-09
R_20250909_9146,EQ_0015,S_006,2025-09-09
R_20250909_9147,EQ_0030,S_005,2025-09-09
R_20250909_9148,EQ_0079,S_009,2025-09-09
R_20250909_9149,EQ_0083,S_007,2025-09-09
R_20250909_9150,EQ_0116,S_005,2025-09-09
R_20250909_9151,EQ_0118,S_005,2025-09-09
R_20250909_9152,EQ_0172,S_003,2025-09-09
R_20250909_9153,EQ_0180,S_015,2025-09-09
R_20250909_9154,EQ_0200,S_013,2025-09-09
R_20250909_9155,EQ_0233,S_011,2025-09-09
R_20250909_9156,EQ_0275,S_010,2025-09-09
R_20250909_9157,EQ_0282,S_003,2025-09-09
R_20250910_9158,EQ_0058,S_000,2025-09-10
R_20250910_9159,EQ_0110,S_011,2025-09-10
R_20250910_9160,EQ_0113,S_014,2025-09-10
R_20250910_9161,EQ_0131,S_000,2025-09-10
R_20250910_9162,EQ_0156,S_004,2025-09-10
R_20250910_9163,EQ_0177,S_014,2025-09-10
R_20250910_9164,EQ_0190,S_002,2025-09-10
R_20250910_9165,EQ_0224,S_019,2025-09-10
R_20250910_9166,EQ_0252,S_015,2025-09-10
R_20250910_9167,EQ_0257,S_017,2025-09-10
R_20250910_9168,EQ_0273,S_003,2025-09-10
R_20250911_9169,EQ_0010,S_008,2025-09-11
R_20250911_9170,EQ_0018,S_002,2025-09-11
R_20250911_9171,EQ_0038,S_008,2025-09-11
R_20250911_9172,EQ_0074,S_007,2025-09-11
R_20250911_9173,EQ_0134,S_010,2025-09-11
R_20250911_9174,EQ_0168,S_018,2025-09-11
R_20250911_9175,EQ_0205,S_015,2025-09-11
R_20250911_9176,EQ_0214,S_001,2025-09-11
R_20250911_9177,EQ_0222,S_001,2025-09-11
R_20250911_9178,EQ_0231,S_003,2025-09-11
R_20250911_9179,EQ_0242,S_009,2025-09-11
R_20250911_9180,EQ_0258,S_008,2025-09-11
R_20250911_9181,EQ_0261,S_017,2025-09-11
R_20250911_9182,EQ_0267,S_013,2025-09-11
R_20250911_9183,EQ_0285,S_006,2025-09-11
R_20250911_9184,EQ_0289,S_008,2025-09-11
R_20250912_9185,EQ_0000,S_004,2025-09-12
R_20250912_9186,EQ_0014,S_000,2025-09-12
R_20250912_9187,EQ_0031,S_019,2025-09-12
R_20250912_9188,EQ_0051,S_002,2025-09-12
R_20250912_9189,EQ_0078,S_000,2025-09-12
R_20250912_9190,EQ_0080,S_014,2025-09-12
R_20250912_9191,EQ_0086,S_001,2025-09-12
R_20250912_9192,EQ_0100,S_014,2025-09-12
R_20250912_9193,EQ_0141,S_006,2025-09-12
R_20250912_9194,EQ_0215,S_000,2025-09-12
R_20250913_9195,EQ_0024,S_007,2025-09-13
R_20250913_9196,EQ_0034,S_003,2025-09-13
R_20250913_9197,EQ_0055,S_012,2025-09-13
R_20250913_9198,EQ_0062,S_012,2025-09-13
R_20250913_9199,EQ_0064,S_000,2025-09-13
R_20250913_9200,EQ_0116,S_016,2025-09-13
R_20250913_9201,EQ_0129,S_010,2025-09-13
R_20250913_9202,EQ_0154,S_018,2025-09-13
R_20250913_9203,EQ_0160,S_014,2025-09-13
R_20250913_9204,EQ_0214,S_018,2025-09-13
R_20250913_9205,EQ_0237,S_002,2025-09-13
R_20250913_9206,EQ_0252,S_001,2025-09-13
R_20250913_9207,EQ_0258,S_002,2025-09-13
R_20250913_9208,EQ_0267,S_006,2025-09-13
R_20250913_9209,EQ_0277,S_008,2025-09-13
R_20250913_9210,EQ_0279,S_017,2025-09-13
R_20250913_9211,EQ_0285,S_016,2025-09-13
R_20250913_9212,EQ_0299,S_011,2025-09-13
R_20250914_9213,EQ_0011,S_013,2025-09-14
R_20250914_9214,EQ_0082,S_002,2025-09-14
R_20250914_9215,EQ_0092,S_015,2025-09-14
R_20250914_9216,EQ_0099,S_019,2025-09-14
R_20250914_9217,EQ_0128,S_016,2025-09-14
R_20250914_9218,EQ_0129,S_005,2025-09-14
R_20250914_9219,EQ_0131,S_004,2025-09-14
R_20250914_9220,EQ_0141,S_016,2025-09-14
R_20250914_9221,EQ_0165,S_008,2025-09-14
R_20250914_9222,EQ_0211,S_007,2025-09-14
R_20250914_9223,EQ_0233,S_003,2025-09-14
R_20250914_9224,EQ_0296,S_005,2025-09-14
R_20250914_9225,EQ_0299,S_001,2025-09-14
R_20250915_9226,EQ_0015,S_005,2025-09-15
R_20250915_9227,EQ_0049,S_009,2025-09-15
R_20250915_9228,EQ_0095,S_010,2025-09-15
R_20250915_9229,EQ_0108,S_014,2025-09-15
R_20250915_9230,EQ_0114,S_002,2025-09-15
R_20250915_9231,EQ_0116,S_005,2025-09-15
R_20250915_9232,EQ_0125,S_002,2025-09-15
R_20250915_9233,EQ_0128,S_016,2025-09-15
R_20250915_9234,EQ_0188,S_007,2025-09-15
R_20250915_9235,EQ_0193,S_003,2025-09-15
R_20250915_9236,EQ_0208,S_017,2025-09-15
R_20250915_9237,EQ_0242,S_004,2025-09-15
R_20250916_9238,EQ_0026,S_018,2025-09-16
R_20250916_9239,EQ_0053,S_005,2025-09-16
R_20250916_9240,EQ_0057,S_012,2025-09-16
R_20250916_9241,EQ_0075,S_019,2025-09-16
R_20250916_9242,EQ_0077,S_018,2025-09-16
R_20250916_9243,EQ_0080,S_017,2025-09-16
R_20250916_9244,EQ_0088,S_018,2025-09-16
R_20250916_9245,EQ_0099,S_002,2025-09-16
R_20250916_9246,EQ_0119,S_005,2025-09-16
R_20250916_9247,EQ_0138,S_019,2025-09-16
R_20250916_9248,EQ_0139,S_018,2025-09-16
R_20250916_9249,EQ_0206,S_008,2025-09-16
R_20250916_9250,EQ_0212,S_018,2025-09-16
R_20250916_9251,EQ_0247,S_015,2025-09-16
R_20250916_9252,EQ_0257,S_007,2025-09-16
R_20250916_9253,EQ_0262,S_013,2025-09-16
R_20250917_9254,EQ_0019,S_017,2025-09-17
R_20250917_9255,EQ_0024,S_010,2025-09-17
R_20250917_9256,EQ_0028,S_009,2025-09-17
R_20250917_9257,EQ_0042,S_016,2025-09-17
R_20250917_9258,EQ_0043,S_018,2025-09-17
R_20250917_9259,EQ_0045,S_008,2025-09-17
R_20250917_9260,EQ_0057,S_008,2025-09-17
R_20250917_9261,EQ_0060,S_019,2025-09-17
R_20250917_9262,EQ_0099,S_013,2025-09-17
R_20250917_9263,EQ_0105,S_006,2025-09-17
R_20250917_9264,EQ_0115,S_004,2025-09-17
R_20250917_9265,EQ_0137,S_005,2025-09-17
R_20250917_9266,EQ_0138,S_003,2025-09-17
R_20250917_9267,EQ_0210,S_015,2025-09-17
R_20250917_9268,EQ_0217,S_004,2025-09-17
R_20250917_9269,EQ_0235,S_019,2025-09-17
R_20250917_9270,EQ_0242,S_017,2025-09-17
R_20250917_9271,EQ_0295,S_012,2025-09-17
R_20250918_9272,EQ_0000,S_013,2025-09-18
R_20250918_9273,EQ_0021,S_011,2025-09-18
R_20250918_9274,EQ_0026,S_002,2025-09-18
R_20250918_9275,EQ_0037,S_009,2025-09-18
R_20250918_9276,EQ_0055,S_009,2025-09-18
R_20250918_9277,EQ_0057,S_010,2025-09-18
R_20250918_9278,EQ_0085,S_016,2025-09-18
R_20250918_9279,EQ_0093,S_012,2025-09-18
R_20250918_9280,EQ_0117,S_015,2025-09-18
R_20250918_9281,EQ_0120,S_002,2025-09-18
R_20250918_9282,EQ_0131,S_019,2025-09-18
R_20250918_9283,EQ_0137,S_009,2025-09-18
R_20250918_9284,EQ_0152,S_004,2025-09-18
R_20250918_9285,EQ_0161,S_011,2025-09-18
R_20250918_9286,EQ_0183,S_014,2025-09-18
R_20250918_9287,EQ_0222,S_006,2025-09-18
R_20250918_9288,EQ_0235,S_014,2025-09-18
R_20250918_9289,EQ_0257,S_002,2025-09-18
R_20250918_9290,EQ_0268,S_004,2025-09-18
R_20250918_9291,EQ_0295,S_004,2025-09-18
R_20250918_9292,EQ_0298,S_001,2025-09-18
R_20250919_9293,EQ_0025,S_012,2025-09-19
R_20250919_9294,EQ_0030,S_005,2025-09-19
R_20250919_9295,EQ_0031,S_009,2025-09-19
R_20250919_9296,EQ_0037,S_010,2025-09-19
R_20250919_9297,EQ_0061,S_007,2025-09-19
R_20250919_9298,EQ_0065,S_019,2025-09-19
R_20250919_9299,EQ_0066,S_019,2025-09-19
R_20250919_9300,EQ_0098,S_011,2025-09-19
R_20250919_9301,EQ_0108,S_006,2025-09-19
R_20250919_9302,EQ_0119,S_006,2025-09-19
R_20250919_9303,EQ_0126,S_011,2025-09-19
R_20250919_9304,EQ_0143,S_012,2025-09-19
R_20250919_9305,EQ_0161,S_000,2025-09-19
R_20250919_9306,EQ_0174,S_007,2025-09-19
R_20250919_9307,EQ_0186,S_013,2025-09-19
R_20250919_9308,EQ_0192,S_014,2025-09-19
R_20250919_9309,EQ_0207,S_003,2025-09-19
R_20250919_9310,EQ_0243,S_010,2025-09-19
R_20250919_9311,EQ_0245,S_018,2025-09-19
R_20250919_9312,EQ_0253,S_007,2025-09-19
R_20250919_9313,EQ_0268,S_015,2025-09-19
R_20250919_9314,EQ_0272,S_005,2025-09-19
R_20250919_9315,EQ_0293,S_007,2025-09-19
R_20250920_9316,EQ_0019,S_014,2025-09-20
R_20250920_9317,EQ_0045,S_016,2025-09-20
R_20250920_9318,EQ_0121,S_014,2025-09-20
R_20250920_9319,EQ_0131,S_007,2025-09-20
R_20250920_9320,EQ_0134,S_010,2025-09-20
R_20250920_9321,EQ_0142,S_006,2025-09-20
R_20250920_9322,EQ_0160,S_018,2025-09-20
R_20250920_9323,EQ_0176,S_003,2025-09-20
R_20250920_9324,EQ_0187,S_000,2025-09-20
R_20250920_9325,EQ_0190,S_004,2025-09-20
R_20250920_9326,EQ_0192,S_010,2025-09-20
R_20250920_9327,EQ_0231,S_018,2025-09-20
R_20250921_9328,EQ_0063,S_013,2025-09-21
R_20250921_9329,EQ_0076,S_004,2025-09-21
R_20250921_9330,EQ_0079,S_016,2025-09-21
R_20250921_9331,EQ_0082,S_014,2025-09-21
R_20250921_9332,EQ_0097,S_000,2025-09-21
R_20250921_9333,EQ_0110,S_004,2025-09-21
R_20250921_9334,EQ_0122,S_011,2025-09-21
R_20250921_9335,EQ_0142,S_010,2025-09-21
R_20250921_9336,EQ_0176,S_017,2025-09-21
R_20250921_9337,EQ_0189,S_003,2025-09-21
R_20250921_9338,EQ_0204,S_002,2025-09-21
R_20250921_9339,EQ_0209,S_018,2025-09-21
R_20250921_9340,EQ_0298,S_007,2025-09-21
R_20250922_9341,EQ_0003,S_012,2025-09-22
R_20250922_9342,EQ_0017,S_008,2025-09-22
R_20250922_9343,EQ_0034,S_009,2025-09-22
R_20250922_9344,EQ_0040,S_006,2025-09-22
R_20250922_9345,EQ_0074,S_013,2025-09-22
R_20250922_9346,EQ_0076,S_014,2025-09-22
R_20250922_9347,EQ_0112,S_019,2025-09-22
R_20250922_9348,EQ_0113,S_009,2025-09-22
R_20250922_9349,EQ_0114,S_015,2025-09-22
R_20250922_9350,EQ_0141,S_009,2025-09-22
R_20250922_9351,EQ_0195,S_013,2025-09-22
R_20250922_9352,EQ_0200,S_007,2025-09-22
R_20250922_9353,EQ_0228,S_013,2025-09-22
R_20250922_9354,EQ_0273,S_007,2025-09-22
R_20250922_9355,EQ_0288,S_009,2025-09-22
R_20250923_9356,EQ_0003,S_003,2025-09-23
R_20250923_9357,EQ_0060,S_002,2025-09-23
R_20250923_9358,EQ_0076,S_000,2025-09-23
R_20250923_9359,EQ_0100,S_006,2025-09-23
R_20250923_9360,EQ_0121,S_018,2025-09-23
R_20250923_9361,EQ_0138,S_011,2025-09-23
R_20250923_9362,EQ_0144,S_000,2025-09-23
R_20250923_9363,EQ_0157,S_014,2025-09-23
R_20250923_9364,EQ_0207,S_001,2025-09-23
R_20250924_9365,EQ_0002,S_007,2025-09-24
R_20250924_9366,EQ_0040,S_007,2025-09-24
R_20250924_9367,EQ_0054,S_017,2025-09-24
R_20250924_9368,EQ_0108,S_002,2025-09-24
R_20250924_9369,EQ_0114,S_002,2025-09-24
R_20250924_9370,EQ_0138,S_007,2025-09-24
R_20250924_9371,EQ_0181,S_000,2025-09-24
R_20250924_9372,EQ_0185,S_005,2025-09-24
R_20250924_9373,EQ_0192,S_006,2025-09-24
R_20250924_9374,EQ_0202,S_002,2025-09-24
R_20250924_9375,EQ_0207,S_015,2025-09-24
R_20250924_9376,EQ_0226,S_018,2025-09-24
R_20250924_9377,EQ_0247,S_011,2025-09-24
R_20250924_9378,EQ_0261,S_015,2025-09-24
R_20250924_9379,EQ_0268,S_012,2025-09-24
R_20250924_9380,EQ_0273,S_014,2025-09-24
R_20250924_9381,EQ_0294,S_000,2025-09-24
R_20250925_9382,EQ_0056,S_007,2025-09-25
R_20250925_9383,EQ_0114,S_016,2025-09-25
R_20250925_9384,EQ_0120,S_007,2025-09-25
R_20250925_9385,EQ_0133,S_005,2025-09-25
R_20250925_9386,EQ_0144,S_018,2025-09-25
R_20250925_9387,EQ_0160,S_019,2025-09-25
R_20250925_9388,EQ_0166,S_009,2025-09-25
R_20250925_9389,EQ_0171,S_010,2025-09-25
R_20250925_9390,EQ_0182,S_001,2025-09-25
R_20250925_9391,EQ_0187,S_008,2025-09-25
R_20250925_9392,EQ_0192,S_019,2025-09-25
R_20250925_9393,EQ_0197,S_004,2025-09-25
R_20250925_9394,EQ_0199,S_017,2025-09-25
R_20250925_9395,EQ_0215,S_010,2025-09-25
R_20250925_9396,EQ_0240,S_012,2025-09-25
R_20250925_9397,EQ_0273,S_011,2025-09-25
R_20250925_9398,EQ_0283,S_010,2025-09-25
R_20250926_9399,EQ_0047,S_009,2025-09-26
R_20250926_9400,EQ_0052,S_015,2025-09-26
R_20250926_9401,EQ_0054,S_008,2025-09-26
R_20250926_9402,EQ_0057,S_005,2025-09-26
R_20250926_9403,EQ_0100,S_019,2025-09-26
R_20250926_9404,EQ_0120,S_000,2025-09-26
R_20250926_9405,EQ_0193,S_002,2025-09-26
R_20250926_9406,EQ_0214,S_007,2025-09-26
R_20250926_9407,EQ_0244,S_012,2025-09-26
R_20250926_9408,EQ_0245,S_010,2025-09-26
R_20250926_9409,EQ_0247,S_010,2025-09-26
R_20250926_9410,EQ_0266,S_009,2025-09-26
R_20250926_9411,EQ_0278,S_019,2025-09-26
R_20250926_9412,EQ_0295,S_018,2025-09-26
R_20250927_9413,EQ_0013,S_006,2025-09-27
R_20250927_9414,EQ_0058,S_012,2025-09-27
R_20250927_9415,EQ_0088,S_005,2025-09-27
R_20250927_9416,EQ_0112,S_017,2025-09-27
R_20250927_9417,EQ_0120,S_013,2025-09-27
R_20250927_9418,EQ_0126,S_000,2025-09-27
R_20250927_9419,EQ_0132,S_004,2025-09-27
R_20250927_9420,EQ_0136,S_016,2025-09-27
R_20250927_9421,EQ_0146,S_002,2025-09-27
R_20250927_9422,EQ_0160,S_017,2025-09-27
R_20250927_9423,EQ_0177,S_019,2025-09-27
R_20250927_9424,EQ_0205,S_015,2025-09-27
R_20250927_9425,EQ_0240,S_009,2025-09-27
R_20250927_9426,EQ_0256,S_017,2025-09-27
R_20250927_9427,EQ_0282,S_011,2025-09-27
R_20250928_9428,EQ_0023,S_005,2025-09-28
R_20250928_9429,EQ_0024,S_018,2025-09-28
R_20250928_9430,EQ_0038,S_011,2025-09-28
R_20250928_9431,EQ_0087,S_018,2025-09-28
R_20250928_9432,EQ_0095,S_001,2025-09-28
R_20250928_9433,EQ_0144,S_004,2025-09-28
R_20250928_9434,EQ_0147,S_010,2025-09-28
R_20250928_9435,EQ_0179,S_007,2025-09-28
R_20250928_9436,EQ_0207,S_011,2025-09-28
R_20250928_9437,EQ_0239,S_000,2025-09-28
R_20250928_9438,EQ_0267,S_011,2025-09-28
R_20250928_9439,EQ_0286,S_016,2025-09-28
R_20250928_9440,EQ_0299,S_004,2025-09-28
R_20250929_9441,EQ_0036,S_002,2025-09-29
R_20250929_9442,EQ_0045,S_002,2025-09-29
R_20250929_9443,EQ_0046,S_004,2025-09-29
R_20250929_9444,EQ_0067,S_014,2025-09-29
R_20250929_9445,EQ_0072,S_015,2025-09-29
R_20250929_9446,EQ_0079,S_005,2025-09-29
R_20250929_9447,EQ_0091,S_006,2025-09-29
R_20250929_9448,EQ_0145,S_007,2025-09-29
R_20250929_9449,EQ_0168,S_001,2025-09-29
R_20250929_9450,EQ_0172,S_017,2025-09-29
R_20250929_9451,EQ_0178,S_009,2025-09-29
R_20250929_9452,EQ_0184,S_005,2025-09-29
R_20250929_9453,EQ_0217,S_018,2025-09-29
R_20250929_9454,EQ_0218,S_008,2025-09-29
R_20250929_9455,EQ_0234,S_002,2025-09-29
R_20250929_9456,EQ_0246,S_005,2025-09-29
R_20250929_9457,EQ_0252,S_008,2025-09-29
R_20250929_9458,EQ_0258,S_012,2025-09-29
R_20250929_9459,EQ_0264,S_016,2025-09-29
R_20250929_9460,EQ_0275,S_001,2025-09-29
R_20250930_9461,EQ_0025,S_014,2025-09-30
R_20250930_9462,EQ_0034,S_007,2025-09-30
R_20250930_9463,EQ_0089,S_017,2025-09-30
R_20250930_9464,EQ_0099,S_007,2025-09-30
R_20250930_9465,EQ_0107,S_003,2025-09-30
R_20250930_9466,EQ_0174,S_009,2025-09-30
R_20250930_9467,EQ_0186,S_014,2025-09-30
R_20250930_9468,EQ_0199,S_001,2025-09-30
R_20250930_9469,EQ_0254,S_008,2025-09-30
R_20250930_9470,EQ_0276,S_004,2025-09-30
R_20250930_9471,EQ_0294,S_002,2025-09-30
R_20251001_9472,EQ_0019,S_005,2025-10-01
R_20251001_9473,EQ_0039,S_013,2025-10-01
R_20251001_9474,EQ_0049,S_003,2025-10-01
R_20251001_9475,EQ_0057,S_017,2025-10-01
R_20251001_9476,EQ_0096,S_011,2025-10-01
R_20251001_9477,EQ_0104,S_006,2025-10-01
R_20251001_9478,EQ_0117,S_018,2025-10-01
R_20251001_9479,EQ_0119,S_001,2025-10-01
R_20251001_9480,EQ_0145,S_018,2025-10-01
R_20251001_9481,EQ_0147,S_002,2025-10-01
R_20251001_9482,EQ_0149,S_005,2025-10-01
R_20251001_9483,EQ_0177,S_006,2025-10-01
R_20251001_9484,EQ_0191,S_014,2025-10-01
R_20251001_9485,EQ_0196,S_002,2025-10-01
R_20251001_9486,EQ_0203,S_005,2025-10-01
R_20251001_9487,EQ_0210,S_011,2025-10-01
R_20251001_9488,EQ_0255,S_007,2025-10-01
R_20251001_9489,EQ_0261,S_000,2025-10-01
R_20251001_9490,EQ_0290,S_000,2025-10-01
R_20251001_9491,EQ_0293,S_002,2025-10-01
R_20251002_9492,EQ_0035,S_010,2025-10-02
R_20251002_9493,EQ_0036,S_014,2025-10-02
R_20251002_9494,EQ_0105,S_014,2025-10-02
R_20251002_9495,EQ_0122,S_006,2025-10-02
R_20251002_9496,EQ_0129,S_004,2025-10-02
R_20251002_9497,EQ_0132,S_001,2025-10-02
R_20251002_9498,EQ_0139,S_008,2025-10-02
R_20251002_9499,EQ_0158,S_008,2025-10-02
R_20251002_9500,EQ_0161,S_008,2025-10-02
R_20251002_9501,EQ_0168,S_017,2025-10-02
R_20251002_9502,EQ_0213,S_008,2025-10-02
R_20251002_9503,EQ_0216,S_010,2025-10-02
R_20251002_9504,EQ_0240,S_009,2025-10-02
R_20251002_9505,EQ_0258,S_019,2025-10-02
R_20251002_9506,EQ_0281,S_017,2025-10-02
R_20251002_9507,EQ_0284,S_011,2025-10-02
R_20251002_9508,EQ_0297,S_015,2025-10-02
R_20251003_9509,EQ_0020,S_019,2025-10-03
R_20251003_9510,EQ_0035,S_015,2025-10-03
R_20251003_9511,EQ_0082,S_016,2025-10-03
R_20251003_9512,EQ_0084,S_014,2025-10-03
R_20251003_9513,EQ_0085,S_014,2025-10-03
R_20251003_9514,EQ_0121,S_002,2025-10-03
R_20251003_9515,EQ_0123,S_014,2025-10-03
R_20251003_9516,EQ_0136,S_011,2025-10-03
R_20251003_9517,EQ_0197,S_003,2025-10-03
R_20251003_9518,EQ_0216,S_006,2025-10-03
R_20251003_9519,EQ_0231,S_006,2025-10-03
R_20251003_9520,EQ_0251,S_004,2025-10-03
R_20251003_9521,EQ_0255,S_005,2025-10-03
R_20251003_9522,EQ_0270,S_009,2025-10-03
R_20251003_9523,EQ_0276,S_008,2025-10-03
R_20251003_9524,EQ_0281,S_015,2025-10-03
R_20251003_9525,EQ_0296,S_008,2025-10-03
R_20251004_9526,EQ_0015,S_011,2025-10-04
R_20251004_9527,EQ_0033,S_006,2025-10-04
R_20251004_9528,EQ_0036,S_017,2025-10-04
R_20251004_9529,EQ_0038,S_001,2025-10-04
R_20251004_9530,EQ_0054,S_005,2025-10-04
R_20251004_9531,EQ_0090,S_011,2025-10-04
R_20251004_9532,EQ_0096,S_018,2025-10-04
R_20251004_9533,EQ_0164,S_016,2025-10-04
R_20251004_9534,EQ_0179,S_007,2025-10-04
R_20251004_9535,EQ_0224,S_012,2025-10-04
R_20251004_9536,EQ_0225,S_017,2025-10-04
R_20251004_9537,EQ_0234,S_019,2025-10-04
R_20251004_9538,EQ_0241,S_014,2025-10-04
R_20251004_9539,EQ_0264,S_002,2025-10-04
R_20251004_9540,EQ_0298,S_012,2025-10-04
R_20251005_9541,EQ_0042,S_012,2025-10-05
R_20251005_9542,EQ_0047,S_008,2025-10-05
R_20251005_9543,EQ_0057,S_012,2025-10-05
R_20251005_9544,EQ_0081,S_019,2025-10-05
R_20251005_9545,EQ_0090,S_010,2025-10-05
R_20251005_9546,EQ_0131,S_005,2025-10-05
R_20251005_9547,EQ_0149,S_013,2025-10-05
R_20251005_9548,EQ_0155,S_010,2025-10-05
R_20251005_9549,EQ_0179,S_014,2025-10-05
R_20251005_9550,EQ_0218,S_006,2025-10-05
R_20251005_9551,EQ_0264,S_013,2025-10-05
R_20251005_9552,EQ_0281,S_015,2025-10-05
R_20251006_9553,EQ_0015,S_012,2025-10-06
R_20251006_9554,EQ_0031,S_012,2025-10-06
R_20251006_9555,EQ_0036,S_006,2025-10-06
R_20251006_9556,EQ_0068,S_009,2025-10-06
R_20251006_9557,EQ_0086,S_001,2025-10-06
R_20251006_9558,EQ_0174,S_006,2025-10-06
R_20251006_9559,EQ_0177,S_018,2025-10-06
R_20251006_9560,EQ_0181,S_017,2025-10-06
R_20251006_9561,EQ_0204,S_007,2025-10-06
R_20251006_9562,EQ_0206,S_005,2025-10-06
R_20251006_9563,EQ_0228,S_015,2025-10-06
R_20251006_9564,EQ_0241,S_000,2025-10-06
R_20251006_9565,EQ_0252,S_019,2025-10-06
R_20251006_9566,EQ_0254,S_016,2025-10-06
R_20251006_9567,EQ_0261,S_018,2025-10-06
R_20251006_9568,EQ_0273,S_006,2025-10-06
R_20251006_9569,EQ_0274,S_011,2025-10-06
R_20251006_9570,EQ_0275,S_005,2025-10-06
R_20251006_9571,EQ_0278,S_004,2025-10-06
R_20251006_9572,EQ_0280,S_019,2025-10-06
R_20251006_9573,EQ_0290,S_016,2025-10-06
R_20251007_9574,EQ_0070,S_007,2025-10-07
R_20251007_9575,EQ_0145,S_008,2025-10-07
R_20251007_9576,EQ_0151,S_001,2025-10-07
R_20251007_9577,EQ_0204,S_013,2025-10-07
R_20251007_9578,EQ_0210,S_010,2025-10-07
R_20251007_9579,EQ_0222,S_001,2025-10-07
R_20251007_9580,EQ_0260,S_002,2025-10-07
R_20251007_9581,EQ_0285,S_004,2025-10-07
R_20251008_9582,EQ_0062,S_016,2025-10-08
R_20251008_9583,EQ_0138,S_012,2025-10-08
R_20251008_9584,EQ_0139,S_017,2025-10-08
R_20251008_9585,EQ_0157,S_008,2025-10-08
R_20251008_9586,EQ_0182,S_010,2025-10-08
R_20251008_9587,EQ_0210,S_002,2025-10-08
R_20251008_9588,EQ_0220,S_001,2025-10-08
R_20251008_9589,EQ_0223,S_015,2025-10-08
R_20251008_9590,EQ_0237,S_019,2025-10-08
R_20251008_9591,EQ_0267,S_013,2025-10-08
R_20251008_9592,EQ_0275,S_014,2025-10-08
R_20251009_9593,EQ_0000,S_010,2025-10-09
R_20251009_9594,EQ_0032,S_013,2025-10-09
R_20251009_9595,EQ_0041,S_017,2025-10-09
R_20251009_9596,EQ_0042,S_012,2025-10-09
R_20251009_9597,EQ_0058,S_004,2025-10-09
R_20251009_9598,EQ_0101,S_007,2025-10-09
R_20251009_9599,EQ_0125,S_008,2025-10-09
R_20251009_9600,EQ_0140,S_001,2025-10-09
R_20251009_9601,EQ_0142,S_013,2025-10-09
R_20251009_9602,EQ_0175,S_019,2025-10-09
R_20251009_9603,EQ_0189,S_012,2025-10-09
R_20251009_9604,EQ_0241,S_006,2025-10-09
R_20251009_9605,EQ_0256,S_001,2025-10-09
R_20251010_9606,EQ_0001,S_014,2025-10-10
R_20251010_9607,EQ_0015,S_007,2025-10-10
R_20251010_9608,EQ_0038,S_010,2025-10-10
R_20251010_9609,EQ_0073,S_005,2025-10-10
R_20251010_9610,EQ_0078,S_009,2025-10-10
R_20251010_9611,EQ_0088,S_005,2025-10-10
R_20251010_9612,EQ_0092,S_013,2025-10-10
R_20251010_9613,EQ_0102,S_002,2025-10-10
R_20251010_9614,EQ_0213,S_006,2025-10-10
R_20251010_9615,EQ_0218,S_006,2025-10-10
R_20251010_9616,EQ_0224,S_011,2025-10-10
R_20251010_9617,EQ_0226,S_004,2025-10-10
R_20251010_9618,EQ_0230,S_003,2025-10-10
R_20251010_9619,EQ_0237,S_005,2025-10-10
R_20251010_9620,EQ_0270,S_005,2025-10-10
R_20251010_9621,EQ_0280,S_012,2025-10-10
R_20251011_9622,EQ_0088,S_016,2025-10-11
R_20251011_9623,EQ_0100,S_018,2025-10-11
R_20251011_9624,EQ_0117,S_015,2025-10-11
R_20251011_9625,EQ_0123,S_015,2025-10-11
R_20251011_9626,EQ_0129,S_008,2025-10-11
R_20251011_9627,EQ_0157,S_017,2025-10-11
R_20251011_9628,EQ_0177,S_000,2025-10-11
R_20251011_9629,EQ_0185,S_013,2025-10-11
R_20251011_9630,EQ_0189,S_004,2025-10-11
R_20251011_9631,EQ_0209,S_001,2025-10-11
R_20251011_9632,EQ_0249,S_002,2025-10-11
R_20251011_9633,EQ_0267,S_007,2025-10-11
R_20251011_9634,EQ_0278,S_011,2025-10-11
R_20251011_9635,EQ_0299,S_004,2025-10-11
R_20251012_9636,EQ_0003,S_017,2025-10-12
R_20251012_9637,EQ_0016,S_000,2025-10-12
R_20251012_9638,EQ_0017,S_002,2025-10-12
R_20251012_9639,EQ_0018,S_003,2025-10-12
R_20251012_9640,EQ_0026,S_018,2025-10-12
R_20251012_9641,EQ_0040,S_015,2025-10-12
R_20251012_9642,EQ_0041,S_003,2025-10-12
R_20251012_9643,EQ_0044,S_014,2025-10-12
R_20251012_9644,EQ_0073,S_016,2025-10-12
R_20251012_9645,EQ_0078,S_008,2025-10-12
R_20251012_9646,EQ_0107,S_001,2025-10-12
R_20251012_9647,EQ_0158,S_001,2025-10-12
R_20251012_9648,EQ_0162,S_011,2025-10-12
R_20251012_9649,EQ_0170,S_016,2025-10-12
R_20251012_9650,EQ_0174,S_016,2025-10-12
R_20251012_9651,EQ_0201,S_009,2025-10-12
R_20251012_9652,EQ_0213,S_019,2025-10-12
R_20251012_9653,EQ_0243,S_002,2025-10-12
R_20251012_9654,EQ_0250,S_010,2025-10-12
R_20251012_9655,EQ_0259,S_017,2025-10-12
R_20251012_9656,EQ_0280,S_007,2025-10-12
R_20251013_9657,EQ_0061,S_005,2025-10-13
R_20251013_9658,EQ_0066,S_003,2025-10-13
R_20251013_9659,EQ_0088,S_016,2025-10-13
R_20251013_9660,EQ_0089,S_008,2025-10-13
R_20251013_9661,EQ_0134,S_004,2025-10-13
R_20251013_9662,EQ_0147,S_011,2025-10-13
R_20251013_9663,EQ_0166,S_000,2025-10-13
R_20251013_9664,EQ_0199,S_006,2025-10-13
R_20251013_9665,EQ_0200,S_015,2025-10-13
R_20251013_9666,EQ_0207,S_003,2025-10-13
R_20251013_9667,EQ_0213,S_010,2025-10-13
R_20251013_9668,EQ_0243,S_010,2025-10-13
R_20251013_9669,EQ_0261,S_012,2025-10-13
R_20251013_9670,EQ_0294,S_004,2025-10-13
R_20251013_9671,EQ_0295,S_016,2025-10-13
R_20251014_9672,EQ_0015,S_006,2025-10-14
R_20251014_9673,EQ_0035,S_014,2025-10-14
R_20251014_9674,EQ_0045,S_019,2025-10-14
R_20251014_9675,EQ_0053,S_002,2025-10-14
R_20251014_9676,EQ_0061,S_012,2025-10-14
R_20251014_9677,EQ_0068,S_018,2025-10-14
R_20251014_9678,EQ_0103,S_015,2025-10-14
R_20251014_9679,EQ_0122,S_001,2025-10-14
R_20251014_9680,EQ_0128,S_019,2025-10-14
R_20251014_9681,EQ_0166,S_015,2025-10-14
R_20251014_9682,EQ_0184,S_003,2025-10-14
R_20251014_9683,EQ_0225,S_009,2025-10-14
R_20251014_9684,EQ_0270,S_001,2025-10-14
R_20251014_9685,EQ_0291,S_006,2025-10-14
R_20251015_9686,EQ_0042,S_011,2025-10-15
R_20251015_9687,EQ_0047,S_014,2025-10-15
R_20251015_9688,EQ_0054,S_018,2025-10-15
R_20251015_9689,EQ_0065,S_016,2025-10-15
R_20251015_9690,EQ_0070,S_002,2025-10-15
R_20251015_9691,EQ_0113,S_019,2025-10-15
R_20251015_9692,EQ_0117,S_014,2025-10-15
R_20251015_9693,EQ_0132,S_018,2025-10-15
R_20251015_9694,EQ_0135,S_012,2025-10-15
R_20251015_9695,EQ_0138,S_000,2025-10-15
R_20251015_9696,EQ_0163,S_003,2025-10-15
R_20251015_9697,EQ_0182,S_005,2025-10-15
R_20251015_9698,EQ_0189,S_001,2025-10-15
R_20251015_9699,EQ_0233,S_018,2025-10-15
R_20251015_9700,EQ_0242,S_000,2025-10-15
R_20251015_9701,EQ_0263,S_000,2025-10-15
R_20251015_9702,EQ_0264,S_016,2025-10-15
R_20251015_9703,EQ_0269,S_003,2025-10-15
R_20251015_9704,EQ_0277,S_019,2025-10-15
R_20251015_9705,EQ_0287,S_005,2025-10-15
R_20251015_9706,EQ_0289,S_003,2025-10-15
R_20251016_9707,EQ_0005,S_013,2025-10-16
R_20251016_9708,EQ_0060,S_012,2025-10-16
R_20251016_9709,EQ_0105,S_003,2025-10-16
R_20251016_9710,EQ_0126,S_016,2025-10-16
R_20251016_9711,EQ_0164,S_017,2025-10-16
R_20251016_9712,EQ_0166,S_002,2025-10-16
R_20251016_9713,EQ_0168,S_014,2025-10-16
R_20251016_9714,EQ_0172,S_017,2025-10-16
R_20251016_9715,EQ_0231,S_007,2025-10-16
R_20251016_9716,EQ_0250,S_002,2025-10-16
R_20251016_9717,EQ_0251,S_008,2025-10-16
R_20251016_9718,EQ_0280,S_011,2025-10-16
R_20251016_9719,EQ_0288,S_013,2025-10-16
R_20251016_9720,EQ_0296,S_003,2025-10-16
R_20251017_9721,EQ_0024,S_005,2025-10-17
R_20251017_9722,EQ_0049,S_007,2025-10-17
R_20251017_9723,EQ_0062,S_019,2025-10-17
R_20251017_9724,EQ_0078,S_010,2025-10-17
R_20251017_9725,EQ_0096,S_003,2025-10-17
R_20251017_9726,EQ_0108,S_001,2025-10-17
R_20251017_9727,EQ_0110,S_003,2025-10-17
R_20251017_9728,EQ_0119,S_004,2025-10-17
R_20251017_9729,EQ_0135,S_010,2025-10-17
R_20251017_9730,EQ_0167,S_013,2025-10-17
R_20251017_9731,EQ_0176,S_014,2025-10-17
R_20251017_9732,EQ_0181,S_003,2025-10-17
R_20251017_9733,EQ_0199,S_012,2025-10-17
R_20251017_9734,EQ_0252,S_013,2025-10-17
R_20251017_9735,EQ_0261,S_012,2025-10-17
R_20251017_9736,EQ_0295,S_015,2025-10-17
R_20251018_9737,EQ_0020,S_012,2025-10-18
R_20251018_9738,EQ_0032,S_012,2025-10-18
R_20251018_9739,EQ_0052,S_015,2025-10-18
R_20251018_9740,EQ_0058,S_009,2025-10-18
R_20251018_9741,EQ_0059,S_005,2025-10-18
R_20251018_9742,EQ_0110,S_006,2025-10-18
R_20251018_9743,EQ_0120,S_012,2025-10-18
R_20251018_9744,EQ_0126,S_013,2025-10-18
R_20251018_9745,EQ_0132,S_016,2025-10-18
R_20251018_9746,EQ_0138,S_016,2025-10-18
R_20251018_9747,EQ_0147,S_010,2025-10-18
R_20251018_9748,EQ_0197,S_017,2025-10-18
R_20251018_9749,EQ_0201,S_009,2025-10-18
R_20251018_9750,EQ_0225,S_017,2025-10-18
R_20251018_9751,EQ_0261,S_005,2025-10-18
R_20251018_9752,EQ_0282,S_001,2025-10-18
R_20251019_9753,EQ_0025,S_012,2025-10-19
R_20251019_9754,EQ_0053,S_016,2025-10-19
R_20251019_9755,EQ_0058,S_001,2025-10-19
R_20251019_9756,EQ_0078,S_019,2025-10-19
R_20251019_9757,EQ_0089,S_012,2025-10-19
R_20251019_9758,EQ_0109,S_019,2025-10-19
R_20251019_9759,EQ_0158,S_002,2025-10-19
R_20251019_9760,EQ_0174,S_015,2025-10-19
R_20251019_9761,EQ_0212,S_013,2025-10-19
R_20251019_9762,EQ_0245,S_003,2025-10-19
R_20251019_9763,EQ_0272,S_005,2025-10-19
R_20251019_9764,EQ_0279,S_008,2025-10-19
R_20251020_9765,EQ_0003,S_009,2025-10-20
R_20251020_9766,EQ_0008,S_009,2025-10-20
R_20251020_9767,EQ_0009,S_002,2025-10-20
R_20251020_9768,EQ_0019,S_000,2025-10-20
R_20251020_9769,EQ_0090,S_016,2025-10-20
R_20251020_9770,EQ_0094,S_009,2025-10-20
R_20251020_9771,EQ_0106,S_018,2025-10-20
R_20251020_9772,EQ_0111,S_008,2025-10-20
R_20251020_9773,EQ_0119,S_015,2025-10-20
R_20251020_9774,EQ_0137,S_014,2025-10-20
R_20251020_9775,EQ_0146,S_003,2025-10-20
R_20251020_9776,EQ_0159,S_014,2025-10-20
R_20251020_9777,EQ_0169,S_008,2025-10-20
R_20251020_9778,EQ_0181,S_017,2025-10-20
R_20251020_9779,EQ_0182,S_019,2025-10-20
R_20251020_9780,EQ_0184,S_007,2025-10-20
R_20251020_9781,EQ_0211,S_011,2025-10-20
R_20251020_9782,EQ_0246,S_004,2025-10-20
R_20251021_9783,EQ_0009,S_012,2025-10-21
R_20251021_9784,EQ_0026,S_012,2025-10-21
R_20251021_9785,EQ_0063,S_002,2025-10-21
R_20251021_9786,EQ_0099,S_015,2025-10-21
R_20251021_9787,EQ_0110,S_000,2025-10-21
R_20251021_9788,EQ_0131,S_017,2025-10-21
R_20251021_9789,EQ_0134,S_019,2025-10-21
R_20251021_9790,EQ_0162,S_008,2025-10-21
R_20251021_9791,EQ_0183,S_019,2025-10-21
R_20251021_9792,EQ_0214,S_001,2025-10-21
R_20251021_9793,EQ_0218,S_009,2025-10-21
R_20251021_9794,EQ_0228,S_002,2025-10-21
R_20251021_9795,EQ_0266,S_013,2025-10-21
R_20251022_9796,EQ_0001,S_000,2025-10-22
R_20251022_9797,EQ_0002,S_002,2025-10-22
R_20251022_9798,EQ_0012,S_019,2025-10-22
R_20251022_9799,EQ_0016,S_006,2025-10-22
R_20251022_9800,EQ_0042,S_004,2025-10-22
R_20251022_9801,EQ_0046,S_013,2025-10-22
R_20251022_9802,EQ_0056,S_015,2025-10-22
R_20251022_9803,EQ_0081,S_015,2025-10-22
R_20251022_9804,EQ_0086,S_019,2025-10-22
R_20251022_9805,EQ_0098,S_009,2025-10-22
R_20251022_9806,EQ_0103,S_014,2025-10-22
R_20251022_9807,EQ_0115,S_013,2025-10-22
R_20251022_9808,EQ_0120,S_018,2025-10-22
R_20251022_9809,EQ_0152,S_005,2025-10-22
R_20251022_9810,EQ_0179,S_015,2025-10-22
R_20251022_9811,EQ_0207,S_008,2025-10-22
R_20251022_9812,EQ_0219,S_006,2025-10-22
R_20251022_9813,EQ_0239,S_014,2025-10-22
R_20251022_9814,EQ_0263,S_016,2025-10-22
R_20251023_9815,EQ_0021,S_018,2025-10-23
R_20251023_9816,EQ_0047,S_017,2025-10-23
R_20251023_9817,EQ_0051,S_004,2025-10-23
R_20251023_9818,EQ_0074,S_000,2025-10-23
R_20251023_9819,EQ_0089,S_004,2025-10-23
R_20251023_9820,EQ_0126,S_013,2025-10-23
R_20251023_9821,EQ_0127,S_016,2025-10-23
R_20251023_9822,EQ_0133,S_008,2025-10-23
R_20251023_9823,EQ_0138,S_006,2025-10-23
R_20251023_9824,EQ_0152,S_008,2025-10-23
R_20251023_9825,EQ_0158,S_011,2025-10-23
R_20251023_9826,EQ_0201,S_018,2025-10-23
R_20251023_9827,EQ_0281,S_000,2025-10-23
R_20251024_9828,EQ_0007,S_009,2025-10-24
R_20251024_9829,EQ_0026,S_009,2025-10-24
R_20251024_9830,EQ_0028,S_009,2025-10-24
R_20251024_9831,EQ_0030,S_003,2025-10-24
R_20251024_9832,EQ_0145,S_015,2025-10-24
R_20251024_9833,EQ_0166,S_012,2025-10-24
R_20251024_9834,EQ_0180,S_006,2025-10-24
R_20251024_9835,EQ_0200,S_003,2025-10-24
R_20251024_9836,EQ_0207,S_008,2025-10-24
R_20251024_9837,EQ_0210,S_001,2025-10-24
R_20251024_9838,EQ_0224,S_006,2025-10-24
R_20251024_9839,EQ_0227,S_003,2025-10-24
R_20251024_9840,EQ_0237,S_010,2025-10-24
R_20251024_9841,EQ_0239,S_010,2025-10-24
R_20251024_9842,EQ_0251,S_013,2025-10-24
R_20251024_9843,EQ_0260,S_017,2025-10-24
R_20251024_9844,EQ_0267,S_002,2025-10-24
R_20251024_9845,EQ_0279,S_004,2025-10-24
R_20251024_9846,EQ_0286,S_001,2025-10-24
R_20251025_9847,EQ_0007,S_003,2025-10-25
R_20251025_9848,EQ_0022,S_005,2025-10-25
R_20251025_9849,EQ_0038,S_011,2025-10-25
R_20251025_9850,EQ_0079,S_006,2025-10-25
R_20251025_9851,EQ_0084,S_015,2025-10-25
R_20251025_9852,EQ_0091,S_015,2025-10-25
R_20251025_9853,EQ_0103,S_005,2025-10-25
R_20251025_9854,EQ_0120,S_003,2025-10-25
R_20251025_9855,EQ_0127,S_014,2025-10-25
R_20251025_9856,EQ_0163,S_017,2025-10-25
R_20251025_9857,EQ_0195,S_003,2025-10-25
R_20251025_9858,EQ_0198,S_012,2025-10-25
R_20251025_9859,EQ_0216,S_011,2025-10-25
R_20251025_9860,EQ_0227,S_004,2025-10-25
R_20251025_9861,EQ_0255,S_012,2025-10-25
R_20251025_9862,EQ_0263,S_002,2025-10-25
R_20251025_9863,EQ_0265,S_012,2025-10-25
R_20251026_9864,EQ_0056,S_003,2025-10-26
R_20251026_9865,EQ_0079,S_016,2025-10-26
R_20251026_9866,EQ_0112,S_006,2025-10-26
R_20251026_9867,EQ_0128,S_012,2025-10-26
R_20251026_9868,EQ_0176,S_011,2025-10-26
R_20251026_9869,EQ_0179,S_008,2025-10-26
R_20251026_9870,EQ_0185,S_016,2025-10-26
R_20251026_9871,EQ_0232,S_007,2025-10-26
R_20251026_9872,EQ_0247,S_016,2025-10-26
R_20251026_9873,EQ_0296,S_001,2025-10-26
R_20251027_9874,EQ_0000,S_018,2025-10-27
R_20251027_9875,EQ_0022,S_017,2025-10-27
R_20251027_9876,EQ_0028,S_012,2025-10-27
R_20251027_9877,EQ_0041,S_019,2025-10-27
R_20251027_9878,EQ_0067,S_005,2025-10-27
R_20251027_9879,EQ_0081,S_009,2025-10-27
R_20251027_9880,EQ_0093,S_007,2025-10-27
R_20251027_9881,EQ_0104,S_019,2025-10-27
R_20251027_9882,EQ_0129,S_015,2025-10-27
R_20251027_9883,EQ_0165,S_019,2025-10-27
R_20251027_9884,EQ_0179,S_017,2025-10-27
R_20251027_9885,EQ_0194,S_003,2025-10-27
R_20251027_9886,EQ_0197,S_015,2025-10-27
R_20251027_9887,EQ_0202,S_019,2025-10-27
R_20251027_9888,EQ_0221,S_002,2025-10-27
R_20251027_9889,EQ_0230,S_001,2025-10-27
R_20251027_9890,EQ_0231,S_010,2025-10-27
R_20251027_9891,EQ_0272,S_004,2025-10-27
R_20251028_9892,EQ_0018,S_004,2025-10-28
R_20251028_9893,EQ_0023,S_017,2025-10-28
R_20251028_9894,EQ_0069,S_004,2025-10-28
R_20251028_9895,EQ_0080,S_008,2025-10-28
R_20251028_9896,EQ_0101,S_009,2025-10-28
R_20251028_9897,EQ_0104,S_004,2025-10-28
R_20251028_9898,EQ_0106,S_013,2025-10-28
R_20251028_9899,EQ_0139,S_012,2025-10-28
R_20251028_9900,EQ_0167,S_000,2025-10-28
R_20251028_9901,EQ_0206,S_003,2025-10-28
R_20251028_9902,EQ_0207,S_019,2025-10-28
R_20251028_9903,EQ_0211,S_007,2025-10-28
R_20251028_9904,EQ_0238,S_004,2025-10-28
R_20251028_9905,EQ_0240,S_008,2025-10-28
R_20251028_9906,EQ_0246,S_010,2025-10-28
R_20251029_9907,EQ_0011,S_011,2025-10-29
R_20251029_9908,EQ_0022,S_004,2025-10-29
R_20251029_9909,EQ_0030,S_019,2025-10-29
R_20251029_9910,EQ_0031,S_002,2025-10-29
R_20251029_9911,EQ_0045,S_014,2025-10-29
R_20251029_9912,EQ_0086,S_002,2025-10-29
R_20251029_9913,EQ_0124,S_013,2025-10-29
R_20251029_9914,EQ_0177,S_017,2025-10-29
R_20251029_9915,EQ_0186,S_010,2025-10-29
R_20251029_9916,EQ_0189,S_010,2025-10-29
R_20251029_9917,EQ_0261,S_005,2025-10-29
R_20251029_9918,EQ_0265,S_008,2025-10-29
R_20251029_9919,EQ_0275,S_014,2025-10-29
R_20251030_9920,EQ_0049,S_010,2025-10-30
R_20251030_9921,EQ_0120,S_011,2025-10-30
R_20251030_9922,EQ_0145,S_009,2025-10-30
R_20251030_9923,EQ_0160,S_013,2025-10-30
R_20251030_9924,EQ_0162,S_016,2025-10-30
R_20251030_9925,EQ_0184,S_015,2025-10-30
R_20251030_9926,EQ_0209,S_015,2025-10-30
R_20251030_9927,EQ_0214,S_019,2025-10-30
R_20251030_9928,EQ_0215,S_014,2025-10-30
R_20251030_9929,EQ_0222,S_013,2025-10-30
R_20251030_9930,EQ_0224,S_008,2025-10-30
R_20251030_9931,EQ_0255,S_005,2025-10-30
R_20251030_9932,EQ_0265,S_018,2025-10-30
R_20251030_9933,EQ_0280,S_010,2025-10-30
R_20251031_9934,EQ_0009,S_017,2025-10-31
R_20251031_9935,EQ_0081,S_015,2025-10-31
R_20251031_9936,EQ_0085,S_003,2025-10-31
R_20251031_9937,EQ_0108,S_014,2025-10-31
R_20251031_9938,EQ_0118,S_000,2025-10-31
R_20251031_9939,EQ_0120,S_019,2025-10-31
R_20251031_9940,EQ_0133,S_001,2025-10-31
R_20251031_9941,EQ_0170,S_003,2025-10-31
R_20251031_9942,EQ_0184,S_003,2025-10-31
R_20251031_9943,EQ_0221,S_015,2025-10-31
R_20251031_9944,EQ_0242,S_002,2025-10-31
R_20251031_9945,EQ_0290,S_006,2025-10-31
R_20251101_9946,EQ_0011,S_007,2025-11-01
R_20251101_9947,EQ_0070,S_011,2025-11-01
R_20251101_9948,EQ_0087,S_017,2025-11-01
R_20251101_9949,EQ_0092,S_010,2025-11-01
R_20251101_9950,EQ_0113,S_009,2025-11-01
R_20251101_9951,EQ_0128,S_019,2025-11-01
R_20251101_9952,EQ_0154,S_006,2025-11-01
R_20251101_9953,EQ_0155,S_009,2025-11-01
R_20251101_9954,EQ_0166,S_005,2025-11-01
R_20251101_9955,EQ_0171,S_006,2025-11-01
R_20251101_9956,EQ_0188,S_003,2025-11-01
R_20251101_9957,EQ_0197,S_016,2025-11-01
R_20251101_9958,EQ_0204,S_012,2025-11-01
R_20251101_9959,EQ_0205,S_019,2025-11-01
R_20251101_9960,EQ_0216,S_018,2025-11-01
R_20251101_9961,EQ_0232,S_015,2025-11-01
R_20251101_9962,EQ_0245,S_019,2025-11-01
R_20251101_9963,EQ_0254,S_012,2025-11-01
R_20251101_9964,EQ_0276,S_002,2025-11-01
R_20251101_9965,EQ_0279,S_018,2025-11-01
R_20251101_9966,EQ_0285,S_013,2025-11-01
R_20251101_9967,EQ_0288,S_002,2025-11-01
R_20251101_9968,EQ_0291,S_005,2025-11-01
R_20251101_9969,EQ_0293,S_010,2025-11-01
R_20251102_9970,EQ_0016,S_006,2025-11-02
R_20251102_9971,EQ_0019,S_013,2025-11-02
R_20251102_9972,EQ_0036,S_009,2025-11-02
R_20251102_9973,EQ_0049,S_003,2025-11-02
R_20251102_9974,EQ_0061,S_013,2025-11-02
R_20251102_9975,EQ_0096,S_019,2025-11-02
R_20251102_9976,EQ_0116,S_000,2025-11-02
R_20251102_9977,EQ_0187,S_012,2025-11-02
R_20251102_9978,EQ_0195,S_012,2025-11-02
R_20251102_9979,EQ_0208,S_012,2025-11-02
R_20251102_9980,EQ_0216,S_004,2025-11-02
R_20251102_9981,EQ_0229,S_008,2025-11-02
R_20251102_9982,EQ_0275,S_008,2025-11-02
R_20251102_9983,EQ_0278,S_007,2025-11-02
R_20251103_9984,EQ_0022,S_018,2025-11-03
R_20251103_9985,EQ_0033,S_001,2025-11-03
R_20251103_9986,EQ_0052,S_008,2025-11-03
R_20251103_9987,EQ_0053,S_013,2025-11-03
R_20251103_9988,EQ_0062,S_002,2025-11-03
R_20251103_9989,EQ_0064,S_012,2025-11-03
R_20251103_9990,EQ_0068,S_008,2025-11-03
R_20251103_9991,EQ_0071,S_016,2025-11-03
R_20251103_9992,EQ_0097,S_001,2025-11-03
R_20251103_9993,EQ_0112,S_014,2025-11-03
R_20251103_9994,EQ_0115,S_018,2025-11-03
R_20251103_9995,EQ_0125,S_008,2025-11-03
R_20251103_9996,EQ_0148,S_008,2025-11-03
R_20251103_9997,EQ_0186,S_005,2025-11-03
R_20251103_9998,EQ_0202,S_006,2025-11-03
R_20251103_9999,EQ_0250,S_003,2025-11-03
R_20251103_10000,EQ_0274,S_002,2025-11-03
R_20251104_10001,EQ_0005,S_001,2025-11-04
R_20251104_10002,EQ_0038,S_016,2025-11-04
R_20251104_10003,EQ_0078,S_003,2025-11-04
R_20251104_10004,EQ_0155,S_011,2025-11-04
R_20251104_10005,EQ_0199,S_008,2025-11-04
R_20251104_10006,EQ_0212,S_006,2025-11-04
R_20251104_10007,EQ_0252,S_010,2025-11-04
R_20251104_10008,EQ_0256,S_006,2025-11-04
R_20251104_10009,EQ_0257,S_019,2025-11-04
R_20251104_10010,EQ_0291,S_008,2025-11-04
R_20251105_10011,EQ_0022,S_002,2025-11-05
R_20251105_10012,EQ_0078,S_010,2025-11-05
R_20251105_10013,EQ_0081,S_005,2025-11-05
R_20251105_10014,EQ_0091,S_018,2025-11-05
R_20251105_10015,EQ_0108,S_000,2025-11-05
R_20251105_10016,EQ_0115,S_008,2025-11-05
R_20251105_10017,EQ_0139,S_012,2025-11-05
R_20251105_10018,EQ_0156,S_004,2025-11-05
R_20251105_10019,EQ_0179,S_014,2025-11-05
R_20251105_10020,EQ_0197,S_013,2025-11-05
R_20251105_10021,EQ_0201,S_016,2025-11-05
R_20251105_10022,EQ_0226,S_005,2025-11-05
R_20251105_10023,EQ_0265,S_010,2025-11-05
R_20251105_10024,EQ_0295,S_017,2025-11-05
R_20251106_10025,EQ_0012,S_000,2025-11-06
R_20251106_10026,EQ_0016,S_015,2025-11-06
R_20251106_10027,EQ_0063,S_005,2025-11-06
R_20251106_10028,EQ_0094,S_004,2025-11-06
R_20251106_10029,EQ_0116,S_008,2025-11-06
R_20251106_10030,EQ_0125,S_005,2025-11-06
R_20251106_10031,EQ_0147,S_003,2025-11-06
R_20251106_10032,EQ_0171,S_014,2025-11-06
R_20251106_10033,EQ_0180,S_003,2025-11-06
R_20251106_10034,EQ_0190,S_011,2025-11-06
R_20251106_10035,EQ_0191,S_000,2025-11-06
R_20251106_10036,EQ_0206,S_015,2025-11-06
R_20251106_10037,EQ_0208,S_011,2025-11-06
R_20251106_10038,EQ_0225,S_011,2025-11-06
R_20251106_10039,EQ_0265,S_015,2025-11-06
R_20251106_10040,EQ_0283,S_007,2025-11-06
R_20251106_10041,EQ_0297,S_016,2025-11-06
R_20251107_10042,EQ_0009,S_012,2025-11-07
R_20251107_10043,EQ_0054,S_003,2025-11-07
R_20251107_10044,EQ_0063,S_007,2025-11-07
R_20251107_10045,EQ_0086,S_007,2025-11-07
R_20251107_10046,EQ_0102,S_007,2025-11-07
R_20251107_10047,EQ_0134,S_017,2025-11-07
R_20251107_10048,EQ_0150,S_009,2025-11-07
R_20251107_10049,EQ_0156,S_012,2025-11-07
R_20251107_10050,EQ_0187,S_008,2025-11-07
R_20251107_10051,EQ_0190,S_018,2025-11-07
R_20251107_10052,EQ_0210,S_007,2025-11-07
R_20251107_10053,EQ_0213,S_015,2025-11-07
R_20251107_10054,EQ_0215,S_015,2025-11-07
R_20251107_10055,EQ_0230,S_016,2025-11-07
R_20251107_10056,EQ_0237,S_002,2025-11-07
R_20251107_10057,EQ_0254,S_000,2025-11-07
R_20251107_10058,EQ_0263,S_004,2025-11-07
R_20251108_10059,EQ_0008,S_018,2025-11-08
R_20251108_10060,EQ_0009,S_017,2025-11-08
R_20251108_10061,EQ_0030,S_013,2025-11-08
R_20251108_10062,EQ_0097,S_017,2025-11-08
R_20251108_10063,EQ_0132,S_013,2025-11-08
R_20251108_10064,EQ_0141,S_018,2025-11-08
R_20251108_10065,EQ_0152,S_013,2025-11-08
R_20251108_10066,EQ_0168,S_014,2025-11-08
R_20251108_10067,EQ_0176,S_016,2025-11-08
R_20251108_10068,EQ_0186,S_012,2025-11-08
R_20251108_10069,EQ_0229,S_016,2025-11-08
R_20251108_10070,EQ_0248,S_017,2025-11-08
R_20251108_10071,EQ_0272,S_012,2025-11-08
R_20251108_10072,EQ_0295,S_009,2025-11-08
R_20251109_10073,EQ_0037,S_008,2025-11-09
R_20251109_10074,EQ_0038,S_000,2025-11-09
R_20251109_10075,EQ_0059,S_015,2025-11-09
R_20251109_10076,EQ_0117,S_006,2025-11-09
R_20251109_10077,EQ_0119,S_015,2025-11-09
R_20251109_10078,EQ_0121,S_002,2025-11-09
R_20251109_10079,EQ_0129,S_018,2025-11-09
R_20251109_10080,EQ_0132,S_014,2025-11-09
R_20251109_10081,EQ_0133,S_001,2025-11-09
R_20251109_10082,EQ_0166,S_004,2025-11-09
R_20251109_10083,EQ_0174,S_003,2025-11-09
R_20251109_10084,EQ_0190,S_007,2025-11-09
R_20251109_10085,EQ_0219,S_000,2025-11-09
R_20251109_10086,EQ_0242,S_019,2025-11-09
R_20251109_10087,EQ_0257,S_000,2025-11-09
R_20251109_10088,EQ_0282,S_011,2025-11-09
R_20251110_10089,EQ_0044,S_010,2025-11-10
R_20251110_10090,EQ_0053,S_002,2025-11-10
R_20251110_10091,EQ_0054,S_018,2025-11-10
R_20251110_10092,EQ_0072,S_001,2025-11-10
R_20251110_10093,EQ_0084,S_018,2025-11-10
R_20251110_10094,EQ_0104,S_013,2025-11-10
R_20251110_10095,EQ_0137,S_002,2025-11-10
R_20251110_10096,EQ_0157,S_006,2025-11-10
R_20251110_10097,EQ_0184,S_016,2025-11-10
R_20251110_10098,EQ_0203,S_019,2025-11-10
R_20251110_10099,EQ_0215,S_000,2025-11-10
R_20251110_10100,EQ_0225,S_005,2025-11-10
R_20251110_10101,EQ_0233,S_013,2025-11-10
R_20251110_10102,EQ_0272,S_003,2025-11-10
R_20251111_10103,EQ_0029,S_019,2025-11-11
R_20251111_10104,EQ_0048,S_006,2025-11-11
R_20251111_10105,EQ_0050,S_006,2025-11-11
R_20251111_10106,EQ_0066,S_017,2025-11-11
R_20251111_10107,EQ_0072,S_009,2025-11-11
R_20251111_10108,EQ_0082,S_010,2025-11-11
R_20251111_10109,EQ_0085,S_016,2025-11-11
R_20251111_10110,EQ_0105,S_001,2025-11-11
R_20251111_10111,EQ_0108,S_005,2025-11-11
R_20251111_10112,EQ_0170,S_018,2025-11-11
R_20251111_10113,EQ_0171,S_002,2025-11-11
R_20251111_10114,EQ_0172,S_002,2025-11-11
R_20251111_10115,EQ_0177,S_009,2025-11-11
R_20251111_10116,EQ_0207,S_010,2025-11-11
R_20251111_10117,EQ_0231,S_004,2025-11-11
R_20251111_10118,EQ_0232,S_009,2025-11-11
R_20251111_10119,EQ_0271,S_015,2025-11-11
R_20251111_10120,EQ_0278,S_005,2025-11-11
R_20251111_10121,EQ_0290,S_014,2025-11-11
R_20251111_10122,EQ_0297,S_010,2025-11-11
R_20251112_10123,EQ_0004,S_008,2025-11-12
R_20251112_10124,EQ_0038,S_016,2025-11-12
R_20251112_10125,EQ_0041,S_016,2025-11-12
R_20251112_10126,EQ_0069,S_011,2025-11-12
R_20251112_10127,EQ_0095,S_019,2025-11-12
R_20251112_10128,EQ_0105,S_008,2025-11-12
R_20251112_10129,EQ_0109,S_009,2025-11-12
R_20251112_10130,EQ_0132,S_014,2025-11-12
R_20251112_10131,EQ_0137,S_005,2025-11-12
R_20251112_10132,EQ_0150,S_007,2025-11-12
R_20251112_10133,EQ_0164,S_015,2025-11-12
R_20251112_10134,EQ_0190,S_001,2025-11-12
R_20251112_10135,EQ_0202,S_004,2025-11-12
R_20251112_10136,EQ_0206,S_010,2025-11-12
R_20251112_10137,EQ_0215,S_019,2025-11-12
R_20251112_10138,EQ_0231,S_004,2025-11-12
R_20251112_10139,EQ_0238,S_017,2025-11-12
R_20251112_10140,EQ_0246,S_019,2025-11-12
R_20251113_10141,EQ_0001,S_001,2025-11-13
R_20251113_10142,EQ_0030,S_012,2025-11-13
R_20251113_10143,EQ_0058,S_006,2025-11-13
R_20251113_10144,EQ_0061,S_001,2025-11-13
R_20251113_10145,EQ_0069,S_014,2025-11-13
R_20251113_10146,EQ_0082,S_010,2025-11-13
R_20251113_10147,EQ_0089,S_002,2025-11-13
R_20251113_10148,EQ_0119,S_017,2025-11-13
R_20251113_10149,EQ_0123,S_011,2025-11-13
R_20251113_10150,EQ_0125,S_005,2025-11-13
R_20251113_10151,EQ_0134,S_012,2025-11-13
R_20251113_10152,EQ_0148,S_002,2025-11-13
R_20251113_10153,EQ_0169,S_004,2025-11-13
R_20251113_10154,EQ_0171,S_003,2025-11-13
R_20251113_10155,EQ_0211,S_002,2025-11-13
R_20251113_10156,EQ_0212,S_000,2025-11-13
R_20251113_10157,EQ_0232,S_010,2025-11-13
R_20251113_10158,EQ_0261,S_011,2025-11-13
R_20251113_10159,EQ_0275,S_003,2025-11-13
R_20251113_10160,EQ_0298,S_009,2025-11-13
R_20251114_10161,EQ_0025,S_005,2025-11-14
R_20251114_10162,EQ_0034,S_002,2025-11-14
R_20251114_10163,EQ_0078,S_008,2025-11-14
R_20251114_10164,EQ_0091,S_014,2025-11-14
R_20251114_10165,EQ_0125,S_013,2025-11-14
R_20251114_10166,EQ_0128,S_018,2025-11-14
R_20251114_10167,EQ_0143,S_013,2025-11-14
R_20251114_10168,EQ_0144,S_009,2025-11-14
R_20251114_10169,EQ_0177,S_018,2025-11-14
R_20251114_10170,EQ_0186,S_003,2025-11-14
R_20251114_10171,EQ_0189,S_009,2025-11-14
R_20251114_10172,EQ_0198,S_002,2025-11-14
R_20251114_10173,EQ_0199,S_008,2025-11-14
R_20251114_10174,EQ_0216,S_016,2025-11-14
R_20251114_10175,EQ_0242,S_002,2025-11-14
R_20251114_10176,EQ_0244,S_004,2025-11-14
R_20251115_10177,EQ_0002,S_008,2025-11-15
R_20251115_10178,EQ_0004,S_001,2025-11-15
R_20251115_10179,EQ_0026,S_000,2025-11-15
R_20251115_10180,EQ_0055,S_016,2025-11-15
R_20251115_10181,EQ_0085,S_003,2025-11-15
R_20251115_10182,EQ_0091,S_012,2025-11-15
R_20251115_10183,EQ_0104,S_008,2025-11-15
R_20251115_10184,EQ_0137,S_000,2025-11-15
R_20251115_10185,EQ_0191,S_018,2025-11-15
R_20251115_10186,EQ_0228,S_010,2025-11-15
R_20251115_10187,EQ_0261,S_017,2025-11-15
R_20251115_10188,EQ_0272,S_014,2025-11-15
R_20251115_10189,EQ_0298,S_017,2025-11-15
R_20251116_10190,EQ_0001,S_008,2025-11-16
R_20251116_10191,EQ_0016,S_004,2025-11-16
R_20251116_10192,EQ_0049,S_019,2025-11-16
R_20251116_10193,EQ_0132,S_018,2025-11-16
R_20251116_10194,EQ_0135,S_007,2025-11-16
R_20251116_10195,EQ_0137,S_006,2025-11-16
R_20251116_10196,EQ_0179,S_014,2025-11-16
R_20251116_10197,EQ_0180,S_006,2025-11-16
R_20251116_10198,EQ_0199,S_018,2025-11-16
R_20251116_10199,EQ_0202,S_015,2025-11-16
R_20251116_10200,EQ_0219,S_000,2025-11-16
R_20251116_10201,EQ_0238,S_001,2025-11-16
R_20251116_10202,EQ_0288,S_000,2025-11-16
R_20251117_10203,EQ_0006,S_003,2025-11-17
R_20251117_10204,EQ_0025,S_018,2025-11-17
R_20251117_10205,EQ_0036,S_013,2025-11-17
R_20251117_10206,EQ_0065,S_001,2025-11-17
R_20251117_10207,EQ_0084,S_007,2025-11-17
R_20251117_10208,EQ_0094,S_010,2025-11-17
R_20251117_10209,EQ_0137,S_005,2025-11-17
R_20251117_10210,EQ_0147,S_000,2025-11-17
R_20251117_10211,EQ_0179,S_007,2025-11-17
R_20251117_10212,EQ_0214,S_015,2025-11-17
R_20251117_10213,EQ_0220,S_018,2025-11-17
R_20251117_10214,EQ_0231,S_002,2025-11-17
R_20251117_10215,EQ_0254,S_002,2025-11-17
R_20251117_10216,EQ_0282,S_016,2025-11-17
R_20251117_10217,EQ_0293,S_001,2025-11-17
R_20251117_10218,EQ_0298,S_002,2025-11-17
R_20251118_10219,EQ_0018,S_013,2025-11-18
R_20251118_10220,EQ_0019,S_001,2025-11-18
R_20251118_10221,EQ_0027,S_001,2025-11-18
R_20251118_10222,EQ_0038,S_001,2025-11-18
R_20251118_10223,EQ_0069,S_005,2025-11-18
R_20251118_10224,EQ_0071,S_001,2025-11-18
R_20251118_10225,EQ_0099,S_004,2025-11-18
R_20251118_10226,EQ_0107,S_010,2025-11-18
R_20251118_10227,EQ_0117,S_011,2025-11-18
R_20251118_10228,EQ_0138,S_006,2025-11-18
R_20251118_10229,EQ_0152,S_012,2025-11-18
R_20251118_10230,EQ_0160,S_007,2025-11-18
R_20251118_10231,EQ_0219,S_004,2025-11-18
R_20251118_10232,EQ_0233,S_009,2025-11-18
R_20251118_10233,EQ_0236,S_011,2025-11-18
R_20251118_10234,EQ_0239,S_003,2025-11-18
R_20251118_10235,EQ_0284,S_009,2025-11-18
R_20251118_10236,EQ_0293,S_000,2025-11-18
R_20251118_10237,EQ_0298,S_007,2025-11-18
R_20251119_10238,EQ_0012,S_013,2025-11-19
R_20251119_10239,EQ_0034,S_012,2025-11-19
R_20251119_10240,EQ_0058,S_011,2025-11-19
R_20251119_10241,EQ_0065,S_005,2025-11-19
R_20251119_10242,EQ_0073,S_000,2025-11-19
R_20251119_10243,EQ_0103,S_002,2025-11-19
R_20251119_10244,EQ_0108,S_000,2025-11-19
R_20251119_10245,EQ_0119,S_019,2025-11-19
R_20251119_10246,EQ_0135,S_000,2025-11-19
R_20251119_10247,EQ_0138,S_019,2025-11-19
R_20251119_10248,EQ_0150,S_001,2025-11-19
R_20251119_10249,EQ_0153,S_006,2025-11-19
R_20251119_10250,EQ_0165,S_001,2025-11-19
R_20251119_10251,EQ_0172,S_017,2025-11-19
R_20251119_10252,EQ_0221,S_003,2025-11-19
R_20251119_10253,EQ_0222,S_012,2025-11-19
R_20251119_10254,EQ_0229,S_010,2025-11-19
R_20251119_10255,EQ_0292,S_000,2025-11-19
R_20251120_10256,EQ_0026,S_000,2025-11-20
R_20251120_10257,EQ_0038,S_018,2025-11-20
R_20251120_10258,EQ_0047,S_002,2025-11-20
R_20251120_10259,EQ_0146,S_008,2025-11-20
R_20251120_10260,EQ_0197,S_007,2025-11-20
R_20251120_10261,EQ_0255,S_013,2025-11-20
R_20251120_10262,EQ_0268,S_010,2025-11-20
R_20251120_10263,EQ_0271,S_010,2025-11-20
R_20251121_10264,EQ_0000,S_007,2025-11-21
R_20251121_10265,EQ_0010,S_015,2025-11-21
R_20251121_10266,EQ_0030,S_005,2025-11-21
R_20251121_10267,EQ_0045,S_007,2025-11-21
R_20251121_10268,EQ_0107,S_019,2025-11-21
R_20251121_10269,EQ_0122,S_010,2025-11-21
R_20251121_10270,EQ_0142,S_006,2025-11-21
R_20251121_10271,EQ_0158,S_015,2025-11-21
R_20251121_10272,EQ_0176,S_003,2025-11-21
R_20251121_10273,EQ_0210,S_007,2025-11-21
R_20251121_10274,EQ_0223,S_008,2025-11-21
R_20251121_10275,EQ_0235,S_012,2025-11-21
R_20251121_10276,EQ_0270,S_013,2025-11-21
R_20251121_10277,EQ_0281,S_006,2025-11-21
R_20251121_10278,EQ_0284,S_017,2025-11-21
R_20251122_10279,EQ_0036,S_011,2025-11-22
R_20251122_10280,EQ_0058,S_003,2025-11-22
R_20251122_10281,EQ_0088,S_019,2025-11-22
R_20251122_10282,EQ_0140,S_013,2025-11-22
R_20251122_10283,EQ_0160,S_006,2025-11-22
R_20251122_10284,EQ_0178,S_005,2025-11-22
R_20251122_10285,EQ_0192,S_013,2025-11-22
R_20251122_10286,EQ_0203,S_015,2025-11-22
R_20251122_10287,EQ_0207,S_019,2025-11-22
R_20251122_10288,EQ_0212,S_019,2025-11-22
R_20251122_10289,EQ_0229,S_009,2025-11-22
R_20251122_10290,EQ_0239,S_012,2025-11-22
R_20251122_10291,EQ_0249,S_008,2025-11-22
R_20251122_10292,EQ_0270,S_019,2025-11-22
R_20251122_10293,EQ_0276,S_014,2025-11-22
R_20251122_10294,EQ_0281,S_007,2025-11-22
R_20251123_10295,EQ_0016,S_014,2025-11-23
R_20251123_10296,EQ_0026,S_005,2025-11-23
R_20251123_10297,EQ_0028,S_001,2025-11-23
R_20251123_10298,EQ_0034,S_006,2025-11-23
R_20251123_10299,EQ_0111,S_005,2025-11-23
R_20251123_10300,EQ_0122,S_002,2025-11-23
R_20251123_10301,EQ_0133,S_012,2025-11-23
R_20251123_10302,EQ_0138,S_000,2025-11-23
R_20251123_10303,EQ_0148,S_018,2025-11-23
R_20251123_10304,EQ_0194,S_012,2025-11-23
R_20251123_10305,EQ_0201,S_002,2025-11-23
R_20251123_10306,EQ_0208,S_019,2025-11-23
R_20251123_10307,EQ_0213,S_003,2025-11-23
R_20251123_10308,EQ_0216,S_004,2025-11-23
R_20251123_10309,EQ_0225,S_016,2025-11-23
R_20251123_10310,EQ_0272,S_011,2025-11-23
R_20251123_10311,EQ_0299,S_009,2025-11-23
R_20251124_10312,EQ_0024,S_016,2025-11-24
R_20251124_10313,EQ_0026,S_015,2025-11-24
R_20251124_10314,EQ_0034,S_014,2025-11-24
R_20251124_10315,EQ_0041,S_006,2025-11-24
R_20251124_10316,EQ_0051,S_009,2025-11-24
R_20251124_10317,EQ_0053,S_012,2025-11-24
R_20251124_10318,EQ_0114,S_000,2025-11-24
R_20251124_10319,EQ_0122,S_005,2025-11-24
R_20251124_10320,EQ_0134,S_003,2025-11-24
R_20251124_10321,EQ_0151,S_019,2025-11-24
R_20251124_10322,EQ_0179,S_012,2025-11-24
R_20251124_10323,EQ_0190,S_010,2025-11-24
R_20251124_10324,EQ_0211,S_006,2025-11-24
R_20251124_10325,EQ_0217,S_004,2025-11-24
R_20251124_10326,EQ_0220,S_014,2025-11-24
R_20251124_10327,EQ_0254,S_000,2025-11-24
R_20251124_10328,EQ_0284,S_010,2025-11-24
R_20251125_10329,EQ_0001,S_010,2025-11-25
R_20251125_10330,EQ_0019,S_008,2025-11-25
R_20251125_10331,EQ_0032,S_010,2025-11-25
R_20251125_10332,EQ_0089,S_005,2025-11-25
R_20251125_10333,EQ_0093,S_001,2025-11-25
R_20251125_10334,EQ_0101,S_013,2025-11-25
R_20251125_10335,EQ_0120,S_011,2025-11-25
R_20251125_10336,EQ_0149,S_001,2025-11-25
R_20251125_10337,EQ_0170,S_009,2025-11-25
R_20251125_10338,EQ_0180,S_007,2025-11-25
R_20251125_10339,EQ_0186,S_011,2025-11-25
R_20251125_10340,EQ_0260,S_001,2025-11-25
R_20251125_10341,EQ_0269,S_007,2025-11-25
R_20251125_10342,EQ_0279,S_001,2025-11-25
R_20251126_10343,EQ_0020,S_000,2025-11-26
R_20251126_10344,EQ_0029,S_001,2025-11-26
R_20251126_10345,EQ_0051,S_013,2025-11-26
R_20251126_10346,EQ_0065,S_015,2025-11-26
R_20251126_10347,EQ_0078,S_001,2025-11-26
R_20251126_10348,EQ_0085,S_008,2025-11-26
R_20251126_10349,EQ_0123,S_007,2025-11-26
R_20251126_10350,EQ_0128,S_007,2025-11-26
R_20251126_10351,EQ_0140,S_017,2025-11-26
R_20251126_10352,EQ_0173,S_005,2025-11-26
R_20251126_10353,EQ_0174,S_019,2025-11-26
R_20251126_10354,EQ_0183,S_005,2025-11-26
R_20251126_10355,EQ_0193,S_014,2025-11-26
R_20251126_10356,EQ_0195,S_004,2025-11-26
R_20251126_10357,EQ_0202,S_008,2025-11-26
R_20251126_10358,EQ_0210,S_000,2025-11-26
R_20251126_10359,EQ_0211,S_015,2025-11-26
R_20251126_10360,EQ_0212,S_004,2025-11-26
R_20251126_10361,EQ_0222,S_018,2025-11-26
R_20251126_10362,EQ_0236,S_013,2025-11-26
R_20251126_10363,EQ_0257,S_010,2025-11-26
R_20251126_10364,EQ_0273,S_005,2025-11-26
R_20251127_10365,EQ_0018,S_001,2025-11-27
R_20251127_10366,EQ_0027,S_004,2025-11-27
R_20251127_10367,EQ_0048,S_011,2025-11-27
R_20251127_10368,EQ_0067,S_008,2025-11-27
R_20251127_10369,EQ_0070,S_006,2025-11-27
R_20251127_10370,EQ_0095,S_016,2025-11-27
R_20251127_10371,EQ_0113,S_000,2025-11-27
R_20251127_10372,EQ_0146,S_003,2025-11-27
R_20251127_10373,EQ_0151,S_015,2025-11-27
R_20251127_10374,EQ_0162,S_013,2025-11-27
R_20251127_10375,EQ_0167,S_009,2025-11-27
R_20251127_10376,EQ_0186,S_007,2025-11-27
R_20251127_10377,EQ_0215,S_009,2025-11-27
R_20251127_10378,EQ_0232,S_004,2025-11-27
R_20251127_10379,EQ_0233,S_013,2025-11-27
R_20251127_10380,EQ_0270,S_005,2025-11-27
R_20251127_10381,EQ_0286,S_012,2025-11-27
R_20251127_10382,EQ_0287,S_002,2025-11-27
R_20251127_10383,EQ_0288,S_010,2025-11-27
R_20251127_10384,EQ_0289,S_003,2025-11-27
R_20251128_10385,EQ_0003,S_000,2025-11-28
R_20251128_10386,EQ_0005,S_013,2025-11-28
R_20251128_10387,EQ_0051,S_005,2025-11-28
R_20251128_10388,EQ_0065,S_006,2025-11-28
R_20251128_10389,EQ_0074,S_010,2025-11-28
R_20251128_10390,EQ_0088,S_000,2025-11-28
R_20251128_10391,EQ_0094,S_004,2025-11-28
R_20251128_10392,EQ_0106,S_000,2025-11-28
R_20251128_10393,EQ_0128,S_009,2025-11-28
R_20251128_10394,EQ_0135,S_003,2025-11-28
R_20251128_10395,EQ_0148,S_015,2025-11-28
R_20251128_10396,EQ_0175,S_003,2025-11-28
R_20251128_10397,EQ_0222,S_000,2025-11-28
R_20251128_10398,EQ_0246,S_014,2025-11-28
R_20251128_10399,EQ_0291,S_011,2025-11-28
R_20251129_10400,EQ_0002,S_005,2025-11-29
R_20251129_10401,EQ_0018,S_017,2025-11-29
R_20251129_10402,EQ_0020,S_000,2025-11-29
R_20251129_10403,EQ_0058,S_016,2025-11-29
R_20251129_10404,EQ_0059,S_013,2025-11-29
R_20251129_10405,EQ_0067,S_001,2025-11-29
R_20251129_10406,EQ_0110,S_003,2025-11-29
R_20251129_10407,EQ_0150,S_019,2025-11-29
R_20251129_10408,EQ_0153,S_003,2025-11-29
R_20251129_10409,EQ_0177,S_008,2025-11-29
R_20251129_10410,EQ_0184,S_019,2025-11-29
R_20251129_10411,EQ_0197,S_004,2025-11-29
R_20251129_10412,EQ_0208,S_010,2025-11-29
R_20251129_10413,EQ_0218,S_014,2025-11-29
R_20251129_10414,EQ_0233,S_013,2025-11-29
R_20251129_10415,EQ_0253,S_002,2025-11-29
R_20251129_10416,EQ_0277,S_013,2025-11-29
R_20251130_10417,EQ_0018,S_012,2025-11-30
R_20251130_10418,EQ_0047,S_006,2025-11-30
R_20251130_10419,EQ_0094,S_011,2025-11-30
R_20251130_10420,EQ_0109,S_013,2025-11-30
R_20251130_10421,EQ_0115,S_001,2025-11-30
R_20251130_10422,EQ_0129,S_008,2025-11-30
R_20251130_10423,EQ_0134,S_011,2025-11-30
R_20251130_10424,EQ_0145,S_017,2025-11-30
R_20251130_10425,EQ_0168,S_017,2025-11-30
R_20251130_10426,EQ_0202,S_005,2025-11-30
R_20251130_10427,EQ_0205,S_005,2025-11-30
R_20251130_10428,EQ_0221,S_001,2025-11-30
R_20251130_10429,EQ_0224,S_004,2025-11-30
R_20251130_10430,EQ_0236,S_001,2025-11-30
R_20251130_10431,EQ_0299,S_014,2025-11-30
R_20251201_10432,EQ_0031,S_014,2025-12-01
R_20251201_10433,EQ_0051,S_017,2025-12-01
R_20251201_10434,EQ_0054,S_018,2025-12-01
R_20251201_10435,EQ_0055,S_019,2025-12-01
R_20251201_10436,EQ_0110,S_006,2025-12-01
R_20251201_10437,EQ_0112,S_002,2025-12-01
R_20251201_10438,EQ_0116,S_007,2025-12-01
R_20251201_10439,EQ_0126,S_008,2025-12-01
R_20251201_10440,EQ_0127,S_018,2025-12-01
R_20251201_10441,EQ_0171,S_001,2025-12-01
R_20251201_10442,EQ_0201,S_011,2025-12-01
R_20251201_10443,EQ_0208,S_015,2025-12-01
R_20251201_10444,EQ_0234,S_006,2025-12-01
R_20251201_10445,EQ_0244,S_002,2025-12-01
R_20251201_10446,EQ_0264,S_012,2025-12-01
R_20251201_10447,EQ_0272,S_000,2025-12-01
R_20251201_10448,EQ_0274,S_010,2025-12-01
R_20251201_10449,EQ_0278,S_014,2025-12-01
R_20251201_10450,EQ_0284,S_002,2025-12-01
R_20251201_10451,EQ_0295,S_015,2025-12-01
R_20251202_10452,EQ_0004,S_000,2025-12-02
R_20251202_10453,EQ_0066,S_007,2025-12-02
R_20251202_10454,EQ_0122,S_000,2025-12-02
R_20251202_10455,EQ_0137,S_017,2025-12-02
R_20251202_10456,EQ_0145,S_008,2025-12-02
R_20251202_10457,EQ_0148,S_002,2025-12-02
R_20251202_10458,EQ_0184,S_016,2025-12-02
R_20251202_10459,EQ_0247,S_016,2025-12-02
R_20251202_10460,EQ_0257,S_014,2025-12-02
R_20251202_10461,EQ_0262,S_005,2025-12-02
R_20251202_10462,EQ_0273,S_001,2025-12-02
R_20251202_10463,EQ_0285,S_005,2025-12-02
R_20251202_10464,EQ_0288,S_003,2025-12-02
R_20251202_10465,EQ_0291,S_003,2025-12-02
R_20251202_10466,EQ_0294,S_009,2025-12-02
R_20251203_10467,EQ_0011,S_011,2025-12-03
R_20251203_10468,EQ_0016,S_008,2025-12-03
R_20251203_10469,EQ_0059,S_016,2025-12-03
R_20251203_10470,EQ_0067,S_015,2025-12-03
R_20251203_10471,EQ_0075,S_016,2025-12-03
R_20251203_10472,EQ_0106,S_016,2025-12-03
R_20251203_10473,EQ_0115,S_010,2025-12-03
R_20251203_10474,EQ_0117,S_013,2025-12-03
R_20251203_10475,EQ_0175,S_012,2025-12-03
R_20251203_10476,EQ_0202,S_011,2025-12-03
R_20251203_10477,EQ_0231,S_003,2025-12-03
R_20251203_10478,EQ_0232,S_009,2025-12-03
R_20251203_10479,EQ_0254,S_000,2025-12-03
R_20251203_10480,EQ_0255,S_012,2025-12-03
R_20251203_10481,EQ_0266,S_005,2025-12-03
R_20251203_10482,EQ_0274,S_018,2025-12-03
R_20251203_10483,EQ_0290,S_007,2025-12-03
R_20251204_10484,EQ_0016,S_015,2025-12-04
R_20251204_10485,EQ_0022,S_004,2025-12-04
R_20251204_10486,EQ_0027,S_001,2025-12-04
R_20251204_10487,EQ_0093,S_013,2025-12-04
R_20251204_10488,EQ_0099,S_004,2025-12-04
R_20251204_10489,EQ_0102,S_000,2025-12-04
R_20251204_10490,EQ_0118,S_004,2025-12-04
R_20251204_10491,EQ_0120,S_018,2025-12-04
R_20251204_10492,EQ_0140,S_006,2025-12-04
R_20251204_10493,EQ_0163,S_005,2025-12-04
R_20251204_10494,EQ_0184,S_003,2025-12-04
R_20251204_10495,EQ_0195,S_005,2025-12-04
R_20251204_10496,EQ_0208,S_002,2025-12-04
R_20251204_10497,EQ_0229,S_002,2025-12-04
R_20251204_10498,EQ_0239,S_011,2025-12-04
R_20251204_10499,EQ_0275,S_016,2025-12-04
R_20251204_10500,EQ_0278,S_019,2025-12-04
R_20251204_10501,EQ_0281,S_016,2025-12-04
R_20251204_10502,EQ_0292,S_016,2025-12-04
R_20251205_10503,EQ_0013,S_015,2025-12-05
R_20251205_10504,EQ_0068,S_004,2025-12-05
R_20251205_10505,EQ_0101,S_018,2025-12-05
R_20251205_10506,EQ_0137,S_019,2025-12-05
R_20251205_10507,EQ_0142,S_009,2025-12-05
R_20251205_10508,EQ_0146,S_010,2025-12-05
R_20251205_10509,EQ_0159,S_003,2025-12-05
R_20251205_10510,EQ_0175,S_005,2025-12-05
R_20251205_10511,EQ_0194,S_007,2025-12-05
R_20251205_10512,EQ_0200,S_008,2025-12-05
R_20251205_10513,EQ_0202,S_007,2025-12-05
R_20251205_10514,EQ_0205,S_003,2025-12-05
R_20251205_10515,EQ_0213,S_015,2025-12-05
R_20251205_10516,EQ_0225,S_004,2025-12-05
R_20251205_10517,EQ_0247,S_016,2025-12-05
R_20251205_10518,EQ_0257,S_000,2025-12-05
R_20251205_10519,EQ_0269,S_009,2025-12-05
R_20251205_10520,EQ_0284,S_000,2025-12-05
R_20251205_10521,EQ_0299,S_006,2025-12-05
R_20251206_10522,EQ_0010,S_014,2025-12-06
R_20251206_10523,EQ_0016,S_018,2025-12-06
R_20251206_10524,EQ_0017,S_003,2025-12-06
R_20251206_10525,EQ_0058,S_003,2025-12-06
R_20251206_10526,EQ_0082,S_009,2025-12-06
R_20251206_10527,EQ_0107,S_004,2025-12-06
R_20251206_10528,EQ_0159,S_011,2025-12-06
R_20251206_10529,EQ_0164,S_017,2025-12-06
R_20251206_10530,EQ_0177,S_005,2025-12-06
R_20251206_10531,EQ_0196,S_015,2025-12-06
R_20251206_10532,EQ_0222,S_006,2025-12-06
R_20251206_10533,EQ_0224,S_019,2025-12-06
R_20251206_10534,EQ_0259,S_009,2025-12-06
R_20251206_10535,EQ_0270,S_010,2025-12-06
R_20251206_10536,EQ_0290,S_019,2025-12-06
R_20251206_10537,EQ_0295,S_008,2025-12-06
R_20251207_10538,EQ_0004,S_003,2025-12-07
R_20251207_10539,EQ_0005,S_003,2025-12-07
R_20251207_10540,EQ_0016,S_015,2025-12-07
R_20251207_10541,EQ_0018,S_010,2025-12-07
R_20251207_10542,EQ_0023,S_003,2025-12-07
R_20251207_10543,EQ_0041,S_001,2025-12-07
R_20251207_10544,EQ_0048,S_005,2025-12-07
R_20251207_10545,EQ_0056,S_019,2025-12-07
R_20251207_10546,EQ_0060,S_010,2025-12-07
R_20251207_10547,EQ_0070,S_005,2025-12-07
R_20251207_10548,EQ_0075,S_006,2025-12-07
R_20251207_10549,EQ_0101,S_003,2025-12-07
R_20251207_10550,EQ_0118,S_013,2025-12-07
R_20251207_10551,EQ_0132,S_002,2025-12-07
R_20251207_10552,EQ_0165,S_013,2025-12-07
R_20251207_10553,EQ_0179,S_011,2025-12-07
R_20251207_10554,EQ_0185,S_011,2025-12-07
R_20251207_10555,EQ_0202,S_019,2025-12-07
R_20251207_10556,EQ_0232,S_000,2025-12-07
R_20251207_10557,EQ_0238,S_009,2025-12-07
R_20251207_10558,EQ_0254,S_009,2025-12-07
R_20251207_10559,EQ_0263,S_008,2025-12-07
R_20251207_10560,EQ_0275,S_004,2025-12-07
R_20251207_10561,EQ_0283,S_000,2025-12-07
R_20251208_10562,EQ_0040,S_013,2025-12-08
R_20251208_10563,EQ_0045,S_010,2025-12-08
R_20251208_10564,EQ_0108,S_013,2025-12-08
R_20251208_10565,EQ_0117,S_006,2025-12-08
R_20251208_10566,EQ_0143,S_002,2025-12-08
R_20251208_10567,EQ_0210,S_018,2025-12-08
R_20251208_10568,EQ_0221,S_005,2025-12-08
R_20251208_10569,EQ_0244,S_004,2025-12-08
R_20251208_10570,EQ_0267,S_010,2025-12-08
R_20251209_10571,EQ_0006,S_007,2025-12-09
R_20251209_10572,EQ_0014,S_017,2025-12-09
R_20251209_10573,EQ_0049,S_003,2025-12-09
R_20251209_10574,EQ_0093,S_019,2025-12-09
R_20251209_10575,EQ_0129,S_013,2025-12-09
R_20251209_10576,EQ_0197,S_006,2025-12-09
R_20251209_10577,EQ_0218,S_002,2025-12-09
R_20251209_10578,EQ_0224,S_008,2025-12-09
R_20251209_10579,EQ_0232,S_010,2025-12-09
R_20251209_10580,EQ_0237,S_004,2025-12-09
R_20251209_10581,EQ_0287,S_010,2025-12-09
R_20251209_10582,EQ_0296,S_008,2025-12-09
R_20251210_10583,EQ_0010,S_009,2025-12-10
R_20251210_10584,EQ_0013,S_017,2025-12-10
R_20251210_10585,EQ_0024,S_004,2025-12-10
R_20251210_10586,EQ_0026,S_007,2025-12-10
R_20251210_10587,EQ_0038,S_006,2025-12-10
R_20251210_10588,EQ_0054,S_014,2025-12-10
R_20251210_10589,EQ_0070,S_008,2025-12-10
R_20251210_10590,EQ_0077,S_004,2025-12-10
R_20251210_10591,EQ_0099,S_004,2025-12-10
R_20251210_10592,EQ_0116,S_016,2025-12-10
R_20251210_10593,EQ_0147,S_002,2025-12-10
R_20251210_10594,EQ_0163,S_018,2025-12-10
R_20251210_10595,EQ_0168,S_016,2025-12-10
R_20251210_10596,EQ_0170,S_014,2025-12-10
R_20251210_10597,EQ_0174,S_006,2025-12-10
R_20251210_10598,EQ_0178,S_005,2025-12-10
R_20251210_10599,EQ_0197,S_000,2025-12-10
R_20251210_10600,EQ_0219,S_003,2025-12-10
R_20251210_10601,EQ_0260,S_004,2025-12-10
R_20251211_10602,EQ_0016,S_010,2025-12-11
R_20251211_10603,EQ_0101,S_009,2025-12-11
R_20251211_10604,EQ_0102,S_015,2025-12-11
R_20251211_10605,EQ_0156,S_000,2025-12-11
R_20251211_10606,EQ_0159,S_001,2025-12-11
R_20251211_10607,EQ_0186,S_016,2025-12-11
R_20251211_10608,EQ_0208,S_008,2025-12-11
R_20251211_10609,EQ_0256,S_003,2025-12-11
R_20251211_10610,EQ_0269,S_010,2025-12-11
R_20251211_10611,EQ_0289,S_016,2025-12-11
R_20251212_10612,EQ_0003,S_012,2025-12-12
R_20251212_10613,EQ_0012,S_003,2025-12-12
R_20251212_10614,EQ_0025,S_016,2025-12-12
R_20251212_10615,EQ_0031,S_018,2025-12-12
R_20251212_10616,EQ_0057,S_003,2025-12-12
R_20251212_10617,EQ_0084,S_015,2025-12-12
R_20251212_10618,EQ_0100,S_010,2025-12-12
R_20251212_10619,EQ_0105,S_007,2025-12-12
R_20251212_10620,EQ_0111,S_007,2025-12-12
R_20251212_10621,EQ_0250,S_019,2025-12-12
R_20251212_10622,EQ_0283,S_005,2025-12-12
R_20251212_10623,EQ_0285,S_013,2025-12-12
R_20251212_10624,EQ_0286,S_016,2025-12-12
R_20251213_10625,EQ_0001,S_008,2025-12-13
R_20251213_10626,EQ_0023,S_007,2025-12-13
R_20251213_10627,EQ_0139,S_005,2025-12-13
R_20251213_10628,EQ_0156,S_006,2025-12-13
R_20251213_10629,EQ_0159,S_014,2025-12-13
R_20251213_10630,EQ_0166,S_006,2025-12-13
R_20251213_10631,EQ_0177,S_016,2025-12-13
R_20251213_10632,EQ_0192,S_013,2025-12-13
R_20251213_10633,EQ_0224,S_019,2025-12-13
R_20251213_10634,EQ_0238,S_013,2025-12-13
R_20251213_10635,EQ_0239,S_010,2025-12-13
R_20251213_10636,EQ_0246,S_003,2025-12-13
R_20251213_10637,EQ_0252,S_018,2025-12-13
R_20251213_10638,EQ_0259,S_014,2025-12-13
R_20251214_10639,EQ_0001,S_016,2025-12-14
R_20251214_10640,EQ_0023,S_007,2025-12-14
R_20251214_10641,EQ_0069,S_001,2025-12-14
R_20251214_10642,EQ_0105,S_001,2025-12-14
R_20251214_10643,EQ_0160,S_014,2025-12-14
R_20251214_10644,EQ_0168,S_016,2025-12-14
R_20251214_10645,EQ_0203,S_008,2025-12-14
R_20251214_10646,EQ_0211,S_003,2025-12-14
R_20251214_10647,EQ_0234,S_002,2025-12-14
R_20251215_10648,EQ_0010,S_016,2025-12-15
R_20251215_10649,EQ_0012,S_016,2025-12-15
R_20251215_10650,EQ_0020,S_013,2025-12-15
R_20251215_10651,EQ_0044,S_008,2025-12-15
R_20251215_10652,EQ_0061,S_015,2025-12-15
R_20251215_10653,EQ_0075,S_001,2025-12-15
R_20251215_10654,EQ_0084,S_000,2025-12-15
R_20251215_10655,EQ_0090,S_005,2025-12-15
R_20251215_10656,EQ_0106,S_006,2025-12-15
R_20251215_10657,EQ_0133,S_019,2025-12-15
R_20251215_10658,EQ_0141,S_017,2025-12-15
R_20251215_10659,EQ_0184,S_000,2025-12-15
R_20251215_10660,EQ_0194,S_005,2025-12-15
R_20251215_10661,EQ_0206,S_017,2025-12-15
R_20251215_10662,EQ_0212,S_010,2025-12-15
R_20251215_10663,EQ_0223,S_013,2025-12-15
R_20251215_10664,EQ_0298,S_016,2025-12-15
R_20251216_10665,EQ_0020,S_018,2025-12-16
R_20251216_10666,EQ_0034,S_004,2025-12-16
R_20251216_10667,EQ_0042,S_003,2025-12-16
R_20251216_10668,EQ_0063,S_001,2025-12-16
R_20251216_10669,EQ_0068,S_010,2025-12-16
R_20251216_10670,EQ_0120,S_001,2025-12-16
R_20251216_10671,EQ_0124,S_004,2025-12-16
R_20251216_10672,EQ_0129,S_009,2025-12-16
R_20251216_10673,EQ_0149,S_000,2025-12-16
R_20251216_10674,EQ_0208,S_019,2025-12-16
R_20251216_10675,EQ_0249,S_018,2025-12-16
R_20251216_10676,EQ_0268,S_011,2025-12-16
R_20251216_10677,EQ_0270,S_018,2025-12-16
R_20251216_10678,EQ_0271,S_011,2025-12-16
R_20251216_10679,EQ_0277,S_015,2025-12-16
R_20251217_10680,EQ_0006,S_002,2025-12-17
R_20251217_10681,EQ_0013,S_009,2025-12-17
R_20251217_10682,EQ_0014,S_007,2025-12-17
R_20251217_10683,EQ_0046,S_006,2025-12-17
R_20251217_10684,EQ_0052,S_016,2025-12-17
R_20251217_10685,EQ_0055,S_019,2025-12-17
R_20251217_10686,EQ_0058,S_003,2025-12-17
R_20251217_10687,EQ_0063,S_013,2025-12-17
R_20251217_10688,EQ_0082,S_014,2025-12-17
R_20251217_10689,EQ_0126,S_013,2025-12-17
R_20251217_10690,EQ_0127,S_006,2025-12-17
R_20251217_10691,EQ_0146,S_010,2025-12-17
R_20251217_10692,EQ_0151,S_001,2025-12-17
R_20251217_10693,EQ_0160,S_017,2025-12-17
R_20251217_10694,EQ_0173,S_019,2025-12-17
R_20251217_10695,EQ_0184,S_010,2025-12-17
R_20251217_10696,EQ_0255,S_014,2025-12-17
R_20251217_10697,EQ_0286,S_019,2025-12-17
R_20251218_10698,EQ_0004,S_018,2025-12-18
R_20251218_10699,EQ_0027,S_000,2025-12-18
R_20251218_10700,EQ_0046,S_012,2025-12-18
R_20251218_10701,EQ_0056,S_009,2025-12-18
R_20251218_10702,EQ_0060,S_004,2025-12-18
R_20251218_10703,EQ_0078,S_010,2025-12-18
R_20251218_10704,EQ_0079,S_009,2025-12-18
R_20251218_10705,EQ_0102,S_005,2025-12-18
R_20251218_10706,EQ_0126,S_004,2025-12-18
R_20251218_10707,EQ_0140,S_009,2025-12-18
R_20251218_10708,EQ_0141,S_015,2025-12-18
R_20251218_10709,EQ_0190,S_003,2025-12-18
R_20251218_10710,EQ_0212,S_017,2025-12-18
R_20251218_10711,EQ_0274,S_010,2025-12-18
R_20251218_10712,EQ_0280,S_002,2025-12-18
R_20251219_10713,EQ_0030,S_013,2025-12-19
R_20251219_10714,EQ_0042,S_011,2025-12-19
R_20251219_10715,EQ_0075,S_019,2025-12-19
R_20251219_10716,EQ_0092,S_013,2025-12-19
R_20251219_10717,EQ_0125,S_002,2025-12-19
R_20251219_10718,EQ_0126,S_019,2025-12-19
R_20251219_10719,EQ_0132,S_012,2025-12-19
R_20251219_10720,EQ_0140,S_009,2025-12-19
R_20251219_10721,EQ_0144,S_006,2025-12-19
R_20251219_10722,EQ_0155,S_010,2025-12-19
R_20251219_10723,EQ_0166,S_000,2025-12-19
R_20251219_10724,EQ_0268,S_005,2025-12-19
R_20251219_10725,EQ_0274,S_007,2025-12-19
R_20251219_10726,EQ_0279,S_016,2025-12-19
R_20251219_10727,EQ_0296,S_012,2025-12-19
R_20251220_10728,EQ_0013,S_004,2025-12-20
R_20251220_10729,EQ_0022,S_004,2025-12-20
R_20251220_10730,EQ_0100,S_017,2025-12-20
R_20251220_10731,EQ_0121,S_002,2025-12-20
R_20251220_10732,EQ_0148,S_010,2025-12-20
R_20251220_10733,EQ_0150,S_017,2025-12-20
R_20251220_10734,EQ_0198,S_017,2025-12-20
R_20251220_10735,EQ_0213,S_007,2025-12-20
R_20251220_10736,EQ_0223,S_013,2025-12-20
R_20251220_10737,EQ_0232,S_010,2025-12-20
R_20251220_10738,EQ_0245,S_014,2025-12-20
R_20251220_10739,EQ_0262,S_013,2025-12-20
R_20251220_10740,EQ_0263,S_009,2025-12-20
R_20251220_10741,EQ_0286,S_006,2025-12-20
R_20251221_10742,EQ_0000,S_006,2025-12-21
R_20251221_10743,EQ_0046,S_000,2025-12-21
R_20251221_10744,EQ_0047,S_018,2025-12-21
R_20251221_10745,EQ_0049,S_019,2025-12-21
R_20251221_10746,EQ_0068,S_000,2025-12-21
R_20251221_10747,EQ_0070,S_002,2025-12-21
R_20251221_10748,EQ_0083,S_017,2025-12-21
R_20251221_10749,EQ_0084,S_010,2025-12-21
R_20251221_10750,EQ_0096,S_005,2025-12-21
R_20251221_10751,EQ_0136,S_018,2025-12-21
R_20251221_10752,EQ_0139,S_013,2025-12-21
R_20251221_10753,EQ_0149,S_013,2025-12-21
R_20251221_10754,EQ_0150,S_010,2025-12-21
R_20251221_10755,EQ_0160,S_015,2025-12-21
R_20251221_10756,EQ_0193,S_000,2025-12-21
R_20251221_10757,EQ_0200,S_006,2025-12-21
R_20251221_10758,EQ_0213,S_007,2025-12-21
R_20251221_10759,EQ_0215,S_000,2025-12-21
R_20251221_10760,EQ_0222,S_010,2025-12-21
R_20251221_10761,EQ_0240,S_008,2025-12-21
R_20251221_10762,EQ_0243,S_008,2025-12-21
R_20251221_10763,EQ_0275,S_007,2025-12-21
R_20251222_10764,EQ_0004,S_013,2025-12-22
R_20251222_10765,EQ_0008,S_016,2025-12-22
R_20251222_10766,EQ_0016,S_016,2025-12-22
R_20251222_10767,EQ_0032,S_009,2025-12-22
R_20251222_10768,EQ_0046,S_013,2025-12-22
R_20251222_10769,EQ_0068,S_018,2025-12-22
R_20251222_10770,EQ_0091,S_000,2025-12-22
R_20251222_10771,EQ_0112,S_000,2025-12-22
R_20251222_10772,EQ_0119,S_003,2025-12-22
R_20251222_10773,EQ_0140,S_011,2025-12-22
R_20251222_10774,EQ_0154,S_007,2025-12-22
R_20251222_10775,EQ_0175,S_008,2025-12-22
R_20251222_10776,EQ_0197,S_002,2025-12-22
R_20251222_10777,EQ_0203,S_005,2025-12-22
R_20251222_10778,EQ_0216,S_016,2025-12-22
R_20251222_10779,EQ_0223,S_007,2025-12-22
R_20251222_10780,EQ_0265,S_001,2025-12-22
R_20251223_10781,EQ_0017,S_009,2025-12-23
R_20251223_10782,EQ_0025,S_016,2025-12-23
R_20251223_10783,EQ_0028,S_017,2025-12-23
R_20251223_10784,EQ_0036,S_019,2025-12-23
R_20251223_10785,EQ_0045,S_005,2025-12-23
R_20251223_10786,EQ_0054,S_002,2025-12-23
R_20251223_10787,EQ_0077,S_002,2025-12-23
R_20251223_10788,EQ_0087,S_015,2025-12-23
R_20251223_10789,EQ_0092,S_008,2025-12-23
R_20251223_10790,EQ_0158,S_000,2025-12-23
R_20251223_10791,EQ_0168,S_010,2025-12-23
R_20251223_10792,EQ_0175,S_008,2025-12-23
R_20251223_10793,EQ_0182,S_014,2025-12-23
R_20251223_10794,EQ_0200,S_000,2025-12-23
R_20251223_10795,EQ_0239,S_008,2025-12-23
R_20251223_10796,EQ_0242,S_003,2025-12-23
R_20251223_10797,EQ_0257,S_016,2025-12-23
R_20251223_10798,EQ_0268,S_015,2025-12-23
R_20251223_10799,EQ_0294,S_007,2025-12-23
R_20251224_10800,EQ_0007,S_009,2025-12-24
R_20251224_10801,EQ_0032,S_017,2025-12-24
R_20251224_10802,EQ_0052,S_011,2025-12-24
R_20251224_10803,EQ_0062,S_006,2025-12-24
R_20251224_10804,EQ_0115,S_017,2025-12-24
R_20251224_10805,EQ_0117,S_013,2025-12-24
R_20251224_10806,EQ_0121,S_019,2025-12-24
R_20251224_10807,EQ_0146,S_000,2025-12-24
R_20251224_10808,EQ_0152,S_014,2025-12-24
R_20251224_10809,EQ_0158,S_005,2025-12-24
R_20251224_10810,EQ_0168,S_013,2025-12-24
R_20251224_10811,EQ_0196,S_019,2025-12-24
R_20251224_10812,EQ_0198,S_010,2025-12-24
R_20251224_10813,EQ_0202,S_017,2025-12-24
R_20251224_10814,EQ_0216,S_015,2025-12-24
R_20251224_10815,EQ_0221,S_009,2025-12-24
R_20251224_10816,EQ_0292,S_006,2025-12-24
R_20251224_10817,EQ_0296,S_015,2025-12-24
R_20251225_10818,EQ_0032,S_001,2025-12-25
R_20251225_10819,EQ_0048,S_002,2025-12-25
R_20251225_10820,EQ_0057,S_002,2025-12-25
R_20251225_10821,EQ_0083,S_014,2025-12-25
R_20251225_10822,EQ_0088,S_010,2025-12-25
R_20251225_10823,EQ_0100,S_015,2025-12-25
R_20251225_10824,EQ_0118,S_012,2025-12-25
R_20251225_10825,EQ_0120,S_019,2025-12-25
R_20251225_10826,EQ_0125,S_004,2025-12-25
R_20251225_10827,EQ_0154,S_016,2025-12-25
R_20251225_10828,EQ_0155,S_018,2025-12-25
R_20251225_10829,EQ_0157,S_001,2025-12-25
R_20251225_10830,EQ_0163,S_009,2025-12-25
R_20251225_10831,EQ_0194,S_004,2025-12-25
R_20251225_10832,EQ_0199,S_010,2025-12-25
R_20251225_10833,EQ_0207,S_007,2025-12-25
R_20251226_10834,EQ_0011,S_002,2025-12-26
R_20251226_10835,EQ_0030,S_005,2025-12-26
R_20251226_10836,EQ_0037,S_016,2025-12-26
R_20251226_10837,EQ_0075,S_000,2025-12-26
R_20251226_10838,EQ_0092,S_008,2025-12-26
R_20251226_10839,EQ_0101,S_014,2025-12-26
R_20251226_10840,EQ_0166,S_009,2025-12-26
R_20251226_10841,EQ_0171,S_018,2025-12-26
R_20251226_10842,EQ_0172,S_013,2025-12-26
R_20251226_10843,EQ_0177,S_006,2025-12-26
R_20251226_10844,EQ_0178,S_016,2025-12-26
R_20251226_10845,EQ_0179,S_015,2025-12-26
R_20251226_10846,EQ_0195,S_011,2025-12-26
R_20251226_10847,EQ_0196,S_011,2025-12-26
R_20251226_10848,EQ_0207,S_015,2025-12-26
R_20251226_10849,EQ_0222,S_014,2025-12-26
R_20251226_10850,EQ_0253,S_011,2025-12-26
R_20251226_10851,EQ_0263,S_000,2025-12-26
R_20251227_10852,EQ_0060,S_013,2025-12-27
R_20251227_10853,EQ_0101,S_004,2025-12-27
R_20251227_10854,EQ_0107,S_007,2025-12-27
R_20251227_10855,EQ_0111,S_019,2025-12-27
R_20251227_10856,EQ_0120,S_002,2025-12-27
R_20251227_10857,EQ_0135,S_010,2025-12-27
R_20251227_10858,EQ_0155,S_014,2025-12-27
R_20251227_10859,EQ_0162,S_004,2025-12-27
R_20251227_10860,EQ_0173,S_018,2025-12-27
R_20251227_10861,EQ_0183,S_011,2025-12-27
R_20251227_10862,EQ_0237,S_017,2025-12-27
R_20251227_10863,EQ_0252,S_008,2025-12-27
R_20251227_10864,EQ_0275,S_017,2025-12-27
R_20251227_10865,EQ_0289,S_011,2025-12-27
R_20251227_10866,EQ_0299,S_000,2025-12-27
R_20251228_10867,EQ_0006,S_011,2025-12-28
R_20251228_10868,EQ_0007,S_006,2025-12-28
R_20251228_10869,EQ_0038,S_001,2025-12-28
R_20251228_10870,EQ_0088,S_004,2025-12-28
R_20251228_10871,EQ_0098,S_004,2025-12-28
R_20251228_10872,EQ_0141,S_016,2025-12-28
R_20251228_10873,EQ_0161,S_017,2025-12-28
R_20251228_10874,EQ_0169,S_006,2025-12-28
R_20251228_10875,EQ_0198,S_003,2025-12-28
R_20251228_10876,EQ_0231,S_001,2025-12-28
R_20251228_10877,EQ_0283,S_010,2025-12-28
R_20251229_10878,EQ_0005,S_008,2025-12-29
R_20251229_10879,EQ_0006,S_016,2025-12-29
R_20251229_10880,EQ_0055,S_004,2025-12-29
R_20251229_10881,EQ_0072,S_019,2025-12-29
R_20251229_10882,EQ_0107,S_014,2025-12-29
R_20251229_10883,EQ_0128,S_016,2025-12-29
R_20251229_10884,EQ_0129,S_001,2025-12-29
R_20251229_10885,EQ_0157,S_000,2025-12-29
R_20251229_10886,EQ_0160,S_018,2025-12-29
R_20251229_10887,EQ_0164,S_019,2025-12-29
R_20251229_10888,EQ_0188,S_018,2025-12-29
R_20251229_10889,EQ_0222,S_015,2025-12-29
R_20251229_10890,EQ_0231,S_007,2025-12-29
R_20251229_10891,EQ_0278,S_017,2025-12-29
R_20251229_10892,EQ_0293,S_001,2025-12-29
R_20251230_10893,EQ_0007,S_007,2025-12-30
R_20251230_10894,EQ_0038,S_003,2025-12-30
R_20251230_10895,EQ_0056,S_017,2025-12-30
R_20251230_10896,EQ_0098,S_000,2025-12-30
R_20251230_10897,EQ_0099,S_006,2025-12-30
R_20251230_10898,EQ_0115,S_011,2025-12-30
R_20251230_10899,EQ_0135,S_005,2025-12-30
R_20251230_10900,EQ_0180,S_004,2025-12-30
R_20251230_10901,EQ_0197,S_003,2025-12-30
R_20251230_10902,EQ_0227,S_002,2025-12-30
R_20251230_10903,EQ_0238,S_003,2025-12-30
R_20251230_10904,EQ_0252,S_017,2025-12-30
R_20251230_10905,EQ_0259,S_018,2025-12-30
R_20251230_10906,EQ_0277,S_019,2025-12-30
R_20251230_10907,EQ_0279,S_002,2025-12-30
