maintenance_id,equipment_id,maintenance_date,maintenance_type,issue_category,severity,downtime_hours,maintenance_cost_inr,engine_hours_at_maintenance
M_000001,EQ_00001,2024-09-03,Preventive,Hydraulic,Low,9.6,15641.66,5306
M_000002,EQ_00001,2025-04-25,Preventive,Hydraulic,Medium,3.5,9047.25,5444
M_000003,EQ_00001,2025-08-25,Preventive,Hydraulic,Medium,19.8,77918.47,5500
M_000004,EQ_00001,2025-08-29,Corrective,Hydraulic,Medium,18.9,43326.87,6431
M_000005,EQ_00002,2025-10-13,Preventive,Scheduled Service,High,17.5,56025.72,11579
M_000006,EQ_00002,2024-05-15,Corrective,Electrical,Low,19.6,39561.37,11905
M_000007,EQ_00002,2025-05-04,Corrective,Scheduled Service,Medium,18.0,78955.64,11871
M_000008,EQ_00002,2026-05-13,Preventive,Tires/Tracks,Medium,14.8,20190.6,11073
M_000009,EQ_00003,2025-09-08,Corrective,Electrical,Low,23.2,58550.2,4157
M_000010,EQ_00003,2026-03-05,Corrective,Engine,Medium,35.7,120653.9,4501
M_000011,EQ_00003,2026-01-09,Preventive,Scheduled Service,High,36.7,127321.0,4479
M_000012,EQ_00003,2025-02-13,Preventive,Engine,Medium,10.2,33504.7,5082
M_000013,EQ_00004,2024-03-27,Preventive,Tires/Tracks,Low,3.9,13176.02,10208
M_000014,EQ_00004,2025-07-03,Corrective,Scheduled Service,Medium,10.6,17978.89,11429
M_000015,EQ_00004,2024-03-01,Preventive,Tires/Tracks,Medium,13.3,31118.86,10343
M_000016,EQ_00005,2024-06-20,Preventive,Engine,Medium,3.4,13069.44,10377
M_000017,EQ_00005,2025-03-22,Corrective,Scheduled Service,Low,9.9,31194.43,11180
M_000018,EQ_00005,2025-12-16,Preventive,Hydraulic,Low,7.9,20215.36,10321
M_000019,EQ_00005,2024-03-10,Preventive,Engine,Medium,3.4,14748.74,10985
M_000020,EQ_00006,2024-12-15,Corrective,Engine,Low,6.4,8717.46,753
M_000021,EQ_00006,2024-07-19,Preventive,Scheduled Service,Low,5.8,24725.94,-297
M_000022,EQ_00007,2024-10-03,Corrective,Electrical,Medium,10.4,40338.07,12365
M_000023,EQ_00007,2026-01-20,Preventive,Scheduled Service,Medium,5.4,20772.35,12215
M_000024,EQ_00007,2024-09-04,Preventive,Engine,Medium,14.6,30830.2,13686
M_000025,EQ_00008,2025-10-15,Corrective,Hydraulic,Low,6.8,25254.22,18115
M_000026,EQ_00008,2025-12-22,Corrective,Electrical,Medium,43.7,172931.33,17877
M_000027,EQ_00008,2024-04-15,Corrective,Electrical,Low,13.1,20261.39,16785
M_000028,EQ_00008,2025-08-30,Preventive,Engine,Medium,10.7,35932.96,17326
M_000029,EQ_00009,2025-01-21,Preventive,Electrical,Medium,10.5,46619.37,20648
M_000030,EQ_00009,2026-04-12,Preventive,Tires/Tracks,Medium,8.8,15842.51,21053
M_000031,EQ_00010,2026-08-08,Preventive,Hydraulic,Medium,9.4,24402.51,7116
M_000032,EQ_00010,2026-08-26,Corrective,Tires/Tracks,Low,3.1,9324.44,7906
M_000033,EQ_00010,2025-11-20,Corrective,Tires/Tracks,Medium,7.8,32020.27,7940
M_000034,EQ_00010,2025-01-11,Preventive,Hydraulic,Medium,16.3,52069.02,8089
M_000035,EQ_00011,2024-02-25,Corrective,Engine,Medium,8.9,32059.61,18865
M_000036,EQ_00011,2025-08-03,Corrective,Scheduled Service,Medium,14.4,22557.97,19970
M_000037,EQ_00011,2025-02-09,Corrective,Electrical,Low,6.6,12618.96,18881
M_000038,EQ_00011,2024-07-12,Preventive,Hydraulic,Medium,8.9,19210.84,20214
M_000039,EQ_00012,2024-03-11,Preventive,Tires/Tracks,Medium,4.7,6955.18,18621
M_000040,EQ_00012,2024-10-20,Preventive,Electrical,Low,8.6,19511.68,18610
M_000041,EQ_00012,2024-12-23,Preventive,Engine,Low,22.3,46278.46,18469
M_000042,EQ_00012,2025-01-18,Preventive,Engine,Medium,10.6,40624.6,19020
M_000043,EQ_00013,2024-07-07,Corrective,Electrical,Medium,3.3,10601.43,20968
M_000044,EQ_00013,2024-02-01,Preventive,Electrical,Low,9.2,36000.74,22137
M_000045,EQ_00013,2026-05-08,Preventive,Scheduled Service,Low,16.6,64359.67,21320
M_000046,EQ_00013,2024-07-02,Preventive,Engine,Medium,9.6,42842.78,20781
M_000047,EQ_00014,2024-04-07,Preventive,Engine,Low,7.4,27656.02,8094
M_000048,EQ_00014,2025-01-13,Preventive,Electrical,Low,30.4,43218.01,9290
M_000049,EQ_00014,2025-11-25,Preventive,Engine,Medium,5.4,19481.56,9397
M_000050,EQ_00014,2025-10-29,Corrective,Hydraulic,Low,1.3,2363.38,9428
M_000051,EQ_00015,2025-07-14,Corrective,Hydraulic,Low,1.0,2556.78,19425
M_000052,EQ_00015,2025-06-17,Preventive,Hydraulic,High,13.4,41731.65,18552
M_000053,EQ_00015,2024-10-18,Preventive,Engine,Medium,5.8,7521.54,19058
M_000054,EQ_00016,2026-06-07,Preventive,Engine,Low,17.7,48008.28,12419
M_000055,EQ_00016,2024-03-06,Preventive,Engine,Low,3.6,9479.72,12010
M_000056,EQ_00017,2024-08-22,Preventive,Engine,Medium,3.8,15159.28,1081
M_000057,EQ_00017,2026-04-30,Corrective,Engine,Low,12.3,54158.9,2194
M_000058,EQ_00017,2025-11-23,Corrective,Hydraulic,Medium,2.3,10224.97,2539
M_000059,EQ_00018,2025-11-14,Preventive,Hydraulic,Medium,4.3,16360.71,5946
M_000060,EQ_00019,2026-03-03,Preventive,Engine,Medium,19.6,69433.18,15777
M_000061,EQ_00019,2025-07-06,Preventive,Hydraulic,High,11.3,30106.15,15416
M_000062,EQ_00020,2025-01-29,Preventive,Electrical,Medium,6.3,22586.11,3262
M_000063,EQ_00020,2026-03-06,Preventive,Scheduled Service,Low,8.5,18113.16,4732
M_000064,EQ_00020,2025-04-18,Corrective,Electrical,Medium,7.1,19758.36,4630
M_000065,EQ_00020,2026-08-22,Corrective,Electrical,Medium,11.6,30192.36,3767
M_000066,EQ_00021,2025-07-10,Corrective,Electrical,Low,7.8,32348.49,10205
M_000067,EQ_00021,2025-10-18,Corrective,Scheduled Service,Medium,17.6,62028.87,9706
M_000068,EQ_00021,2025-09-06,Preventive,Engine,Low,8.4,15841.29,10483
M_000069,EQ_00021,2026-06-17,Corrective,Hydraulic,Medium,10.1,45118.63,10532
M_000070,EQ_00022,2026-02-17,Corrective,Hydraulic,Low,22.6,60986.02,17540
M_000071,EQ_00022,2025-04-03,Preventive,Hydraulic,Low,7.0,25097.65,16931
M_000072,EQ_00022,2026-05-05,Corrective,Electrical,High,24.2,83178.66,16809
M_000073,EQ_00022,2025-11-02,Corrective,Electrical,High,24.3,29882.59,17239
M_000074,EQ_00023,2025-09-12,Preventive,Electrical,Low,1.2,3396.06,4132
M_000075,EQ_00024,2026-01-01,Preventive,Engine,Medium,9.3,32686.69,11317
M_000076,EQ_00024,2025-11-20,Preventive,Electrical,Low,3.1,10761.01,11406
M_000077,EQ_00024,2025-01-06,Corrective,Electrical,Medium,7.1,28076.46,11064
M_000078,EQ_00024,2025-11-08,Corrective,Scheduled Service,High,5.1,7155.29,12144
M_000079,EQ_00025,2024-02-12,Preventive,Engine,Medium,7.1,17246.48,5206
M_000080,EQ_00026,2025-05-05,Preventive,Scheduled Service,Medium,8.1,17616.54,11527
M_000081,EQ_00026,2026-07-27,Corrective,Hydraulic,Medium,12.3,46590.76,12322
M_000082,EQ_00026,2024-07-05,Preventive,Tires/Tracks,Low,11.6,29414.5,11703
M_000083,EQ_00027,2024-04-29,Preventive,Tires/Tracks,Low,5.6,9571.33,5058
M_000084,EQ_00027,2025-10-28,Corrective,Engine,Medium,5.4,22770.19,6535
M_000085,EQ_00028,2024-02-17,Preventive,Hydraulic,Medium,16.1,38041.56,21577
M_000086,EQ_00029,2026-03-03,Preventive,Electrical,Medium,40.6,157494.89,2551
M_000087,EQ_00029,2025-09-30,Preventive,Hydraulic,High,13.0,27002.02,1947
M_000088,EQ_00029,2024-08-27,Preventive,Hydraulic,Low,11.2,39778.47,2154
M_000089,EQ_00030,2024-04-15,Preventive,Tires/Tracks,Low,4.6,16094.85,22015
M_000090,EQ_00031,2024-10-22,Preventive,Electrical,Medium,2.1,5186.49,17091
M_000091,EQ_00031,2025-04-22,Corrective,Electrical,Low,7.6,16869.15,18289
M_000092,EQ_00031,2025-03-31,Corrective,Tires/Tracks,Low,6.3,20035.01,16854
M_000093,EQ_00031,2025-06-26,Preventive,Scheduled Service,Low,16.8,42947.41,16646
M_000094,EQ_00032,2025-06-27,Preventive,Tires/Tracks,Low,4.3,18235.36,18995
M_000095,EQ_00032,2026-06-11,Preventive,Scheduled Service,Medium,1.8,7114.82,17935
M_000096,EQ_00033,2025-03-29,Preventive,Scheduled Service,Medium,2.1,5525.45,18308
M_000097,EQ_00033,2026-01-13,Preventive,Electrical,Medium,5.5,21356.55,17885
M_000098,EQ_00033,2026-04-20,Preventive,Scheduled Service,Low,0.8,2017.55,19036
M_000099,EQ_00034,2026-07-21,Corrective,Scheduled Service,Medium,4.1,12559.02,4930
M_000100,EQ_00034,2024-09-28,Corrective,Engine,Low,4.0,12333.38,4857
M_000101,EQ_00035,2024-09-15,Preventive,Scheduled Service,Low,11.6,15155.8,21077
M_000102,EQ_00035,2024-09-18,Preventive,Engine,Low,16.0,23805.38,20184
M_000103,EQ_00035,2025-02-28,Preventive,Scheduled Service,Low,9.5,38907.09,20004
M_000104,EQ_00036,2025-03-07,Corrective,Electrical,Medium,9.8,38082.86,12560
M_000105,EQ_00036,2026-05-21,Preventive,Tires/Tracks,Medium,10.7,46632.18,12726
M_000106,EQ_00037,2024-07-17,Corrective,Scheduled Service,Medium,32.4,136767.77,20684
M_000107,EQ_00037,2024-02-05,Preventive,Scheduled Service,Low,22.3,58390.15,21896
M_000108,EQ_00037,2024-04-17,Corrective,Electrical,Low,14.2,54106.77,20261
M_000109,EQ_00037,2026-04-13,Preventive,Engine,Medium,16.5,60078.59,21370
M_000110,EQ_00037,2025-04-15,Corrective,Tires/Tracks,Low,3.5,4535.28,20990
M_000111,EQ_00038,2025-03-31,Preventive,Electrical,Low,28.2,94944.98,18769
M_000112,EQ_00038,2024-05-04,Preventive,Tires/Tracks,Medium,6.5,23915.81,20116
M_000113,EQ_00038,2024-05-24,Preventive,Tires/Tracks,Low,8.9,20900.69,20318
M_000114,EQ_00038,2026-08-27,Preventive,Engine,Low,5.0,11262.07,20141
M_000115,EQ_00039,2025-02-22,Corrective,Scheduled Service,High,20.9,41696.19,12196
M_000116,EQ_00040,2025-02-01,Preventive,Hydraulic,Low,3.7,9556.36,8543
M_000117,EQ_00040,2026-07-30,Preventive,Hydraulic,Low,17.4,36417.21,9077
M_000118,EQ_00040,2024-05-23,Preventive,Tires/Tracks,Low,21.9,80233.42,8606
M_000119,EQ_00040,2024-09-14,Preventive,Hydraulic,Medium,27.0,101508.16,8481
M_000120,EQ_00041,2026-08-01,Preventive,Engine,Medium,4.2,5336.23,2104
M_000121,EQ_00041,2025-02-04,Preventive,Tires/Tracks,Low,5.9,20540.9,2788
M_000122,EQ_00042,2025-11-12,Corrective,Scheduled Service,Medium,6.4,27753.79,1832
M_000123,EQ_00042,2025-03-03,Preventive,Engine,Low,11.1,42126.7,2740
M_000124,EQ_00042,2025-04-08,Corrective,Hydraulic,Medium,9.4,15321.25,2752
M_000125,EQ_00043,2025-01-22,Preventive,Engine,High,40.9,147895.2,8852
M_000126,EQ_00043,2026-05-20,Preventive,Tires/Tracks,Medium,4.5,14436.77,8792
M_000127,EQ_00044,2024-04-23,Corrective,Electrical,Low,6.5,27012.31,18411
M_000128,EQ_00044,2025-01-31,Corrective,Hydraulic,High,26.0,38307.79,18683
M_000129,EQ_00045,2024-10-09,Corrective,Engine,Medium,10.0,18847.69,10984
M_000130,EQ_00046,2024-12-09,Preventive,Scheduled Service,Low,8.1,36394.39,10801
M_000131,EQ_00046,2024-05-14,Preventive,Hydraulic,Low,4.3,18115.6,11353
M_000132,EQ_00047,2025-05-20,Corrective,Hydraulic,Low,10.0,39700.31,5683
M_000133,EQ_00047,2024-06-15,Corrective,Scheduled Service,Low,8.1,25242.56,6126
M_000134,EQ_00047,2024-09-22,Preventive,Engine,Medium,2.2,2777.42,6434
M_000135,EQ_00047,2025-04-23,Preventive,Hydraulic,Medium,8.0,17558.34,5523
M_000136,EQ_00048,2025-11-12,Corrective,Hydraulic,Medium,3.0,9484.89,11778
M_000137,EQ_00049,2024-04-04,Preventive,Scheduled Service,Medium,11.4,23727.7,13444
M_000138,EQ_00049,2024-07-28,Corrective,Hydraulic,Low,6.6,17372.44,13303
M_000139,EQ_00049,2024-11-23,Preventive,Engine,Low,6.2,20860.96,13755
M_000140,EQ_00050,2025-01-10,Corrective,Electrical,Low,16.6,62655.6,21370
M_000141,EQ_00050,2024-02-13,Corrective,Hydraulic,Medium,34.3,143055.22,21422
M_000142,EQ_00050,2024-05-16,Preventive,Tires/Tracks,Medium,19.2,41328.82,21581
M_000143,EQ_00051,2024-11-23,Preventive,Tires/Tracks,Medium,13.6,28106.27,15993
M_000144,EQ_00051,2025-09-02,Corrective,Engine,Low,17.1,56835.43,15311
M_000145,EQ_00052,2026-04-01,Preventive,Engine,Medium,20.4,80289.41,13840
M_000146,EQ_00052,2024-01-26,Corrective,Tires/Tracks,High,7.2,14681.6,13016
M_000147,EQ_00052,2025-08-14,Corrective,Hydraulic,Low,28.4,117613.99,12615
M_000148,EQ_00052,2025-02-23,Preventive,Electrical,Medium,4.2,17634.74,13399
M_000149,EQ_00053,2026-04-01,Preventive,Tires/Tracks,Medium,2.1,8282.78,19587
M_000150,EQ_00053,2026-01-14,Preventive,Scheduled Service,Low,3.4,8719.27,20270
M_000151,EQ_00054,2026-07-08,Corrective,Tires/Tracks,Low,7.0,31248.06,8735
M_000152,EQ_00054,2024-08-15,Corrective,Tires/Tracks,Medium,9.5,16803.96,9204
M_000153,EQ_00054,2025-07-31,Corrective,Tires/Tracks,Low,10.9,47770.3,9335
M_000154,EQ_00054,2025-05-26,Preventive,Hydraulic,Low,13.7,56704.49,9790
M_000155,EQ_00055,2026-05-31,Corrective,Hydraulic,High,3.7,4805.81,20711
M_000156,EQ_00055,2025-12-29,Corrective,Hydraulic,Medium,14.7,49403.56,19613
M_000157,EQ_00056,2025-10-26,Corrective,Engine,Low,14.2,36011.09,8236
M_000158,EQ_00056,2026-02-02,Preventive,Electrical,Low,9.1,26334.31,7749
M_000159,EQ_00056,2025-02-08,Corrective,Tires/Tracks,Medium,28.5,67450.31,7520
M_000160,EQ_00057,2025-04-03,Preventive,Electrical,Low,2.5,8609.0,2363
M_000161,EQ_00057,2024-03-12,Preventive,Electrical,Medium,8.9,31458.52,3872
M_000162,EQ_00058,2025-11-05,Preventive,Electrical,High,1.8,4335.17,10470
M_000163,EQ_00058,2025-10-28,Preventive,Electrical,Low,1.8,5042.28,8605
M_000164,EQ_00058,2026-06-04,Preventive,Electrical,Low,11.4,24223.05,9113
M_000165,EQ_00058,2026-04-24,Corrective,Tires/Tracks,Medium,5.3,20822.24,9237
M_000166,EQ_00059,2024-01-28,Preventive,Engine,Medium,7.7,22361.51,3476
M_000167,EQ_00059,2024-06-22,Corrective,Tires/Tracks,Medium,9.7,16723.86,3307
M_000168,EQ_00059,2024-02-09,Preventive,Electrical,Low,7.9,11020.83,3687
M_000169,EQ_00060,2024-04-25,Corrective,Engine,High,10.9,28204.3,3642
M_000170,EQ_00060,2024-11-21,Preventive,Tires/Tracks,Low,9.1,22702.2,3252
M_000171,EQ_00060,2024-12-26,Preventive,Hydraulic,High,34.4,66881.01,3085
M_000172,EQ_00060,2025-03-01,Preventive,Scheduled Service,Medium,24.9,86800.68,3992
M_000173,EQ_00060,2025-12-11,Preventive,Electrical,Low,4.6,16616.81,2311
M_000174,EQ_00061,2024-10-01,Preventive,Tires/Tracks,Low,3.6,10849.48,19106
M_000175,EQ_00061,2024-02-03,Preventive,Hydraulic,Low,3.8,13473.18,20093
M_000176,EQ_00062,2024-07-20,Preventive,Hydraulic,Medium,7.6,24391.9,17867
M_000177,EQ_00062,2025-08-23,Corrective,Electrical,Medium,10.1,24591.49,18157
M_000178,EQ_00063,2024-06-17,Preventive,Tires/Tracks,High,15.9,49962.49,5907
M_000179,EQ_00063,2024-09-04,Preventive,Electrical,Low,16.2,24840.86,6090
M_000180,EQ_00063,2026-03-31,Corrective,Electrical,High,38.5,81118.72,4339
M_000181,EQ_00063,2025-10-12,Corrective,Hydraulic,Medium,17.1,29226.42,5667
M_000182,EQ_00064,2025-09-21,Preventive,Tires/Tracks,Medium,2.5,9008.83,18426
M_000183,EQ_00064,2024-02-04,Corrective,Scheduled Service,Medium,12.8,55162.27,17829
M_000184,EQ_00065,2024-10-18,Preventive,Hydraulic,Medium,4.1,13777.79,2872
M_000185,EQ_00065,2024-05-11,Preventive,Tires/Tracks,Medium,3.1,13874.6,1855
M_000186,EQ_00065,2025-06-28,Corrective,Tires/Tracks,Low,3.1,7219.75,2250
M_000187,EQ_00065,2024-04-26,Preventive,Engine,Medium,3.9,6645.75,2122
M_000188,EQ_00065,2026-02-03,Corrective,Hydraulic,Low,6.2,25961.54,2583
M_000189,EQ_00066,2025-09-05,Preventive,Hydraulic,Medium,20.6,62852.21,6329
M_000190,EQ_00066,2025-10-02,Corrective,Scheduled Service,Medium,13.3,29467.03,6675
M_000191,EQ_00066,2024-06-16,Preventive,Scheduled Service,Medium,10.3,12946.38,7320
M_000192,EQ_00066,2025-11-15,Corrective,Engine,Medium,17.2,63525.25,7174
M_000193,EQ_00067,2024-01-11,Corrective,Electrical,Low,16.5,45391.09,15749
M_000194,EQ_00067,2024-12-05,Preventive,Engine,Medium,8.2,34888.44,15909
M_000195,EQ_00067,2025-12-29,Preventive,Scheduled Service,Medium,4.9,9152.37,16214
M_000196,EQ_00067,2024-04-10,Preventive,Engine,Medium,11.4,46575.36,15370
M_000197,EQ_00068,2026-07-02,Preventive,Hydraulic,Low,12.8,36169.77,6366
M_000198,EQ_00068,2025-02-07,Preventive,Engine,High,4.8,7606.78,7278
M_000199,EQ_00068,2025-07-09,Corrective,Tires/Tracks,Low,11.4,24872.79,7258
M_000200,EQ_00068,2025-03-19,Corrective,Engine,Medium,2.6,11406.67,6859
M_000201,EQ_00069,2026-02-06,Preventive,Electrical,Low,10.0,36224.2,17104
M_000202,EQ_00069,2026-03-10,Preventive,Hydraulic,High,21.9,73624.31,15615
M_000203,EQ_00070,2025-07-13,Preventive,Electrical,Medium,6.6,12899.69,18750
M_000204,EQ_00070,2024-07-21,Preventive,Engine,Low,0.8,3376.81,18346
M_000205,EQ_00071,2025-08-26,Preventive,Scheduled Service,Low,2.6,8065.59,1313
M_000206,EQ_00071,2024-06-26,Preventive,Tires/Tracks,Low,15.3,57404.08,1822
M_000207,EQ_00071,2025-08-29,Preventive,Electrical,High,26.7,69782.81,2372
M_000208,EQ_00072,2025-04-21,Corrective,Scheduled Service,Medium,15.1,19985.39,1503
M_000209,EQ_00072,2025-01-06,Corrective,Scheduled Service,Medium,9.4,14216.06,1677
M_000210,EQ_00072,2024-12-04,Preventive,Hydraulic,Medium,5.4,21681.24,390
M_000211,EQ_00073,2026-04-14,Preventive,Tires/Tracks,Medium,4.1,17391.51,21340
M_000212,EQ_00073,2026-02-25,Preventive,Tires/Tracks,Low,9.5,30651.21,20931
M_000213,EQ_00074,2025-09-02,Preventive,Engine,High,7.0,13644.07,12306
M_000214,EQ_00074,2026-05-05,Preventive,Scheduled Service,Medium,5.3,15043.83,11551
M_000215,EQ_00075,2025-08-09,Preventive,Electrical,High,17.9,33226.87,12264
M_000216,EQ_00075,2025-07-13,Preventive,Hydraulic,Medium,7.2,13807.09,11856
M_000217,EQ_00076,2025-02-26,Preventive,Engine,Medium,2.9,10423.87,10653
M_000218,EQ_00076,2024-04-23,Corrective,Electrical,High,4.7,11347.57,10257
M_000219,EQ_00076,2024-01-05,Corrective,Scheduled Service,Medium,10.4,30391.79,10374
M_000220,EQ_00076,2024-08-26,Preventive,Engine,Medium,5.2,14670.58,10718
M_000221,EQ_00077,2024-02-26,Preventive,Engine,Medium,15.9,42768.83,10536
M_000222,EQ_00077,2025-06-06,Corrective,Hydraulic,Low,2.2,8630.19,9127
M_000223,EQ_00077,2025-01-03,Corrective,Tires/Tracks,Medium,8.4,23582.1,9122
M_000224,EQ_00078,2026-03-03,Preventive,Electrical,Medium,26.3,61104.24,15486
M_000225,EQ_00078,2026-07-15,Preventive,Scheduled Service,Low,6.0,21591.48,15952
M_000226,EQ_00078,2024-01-17,Preventive,Scheduled Service,High,14.8,20528.77,14820
M_000227,EQ_00078,2024-12-16,Preventive,Engine,Low,8.8,30296.26,14553
M_000228,EQ_00079,2026-03-16,Corrective,Electrical,Low,6.8,8747.58,12820
M_000229,EQ_00079,2024-12-24,Preventive,Electrical,Medium,4.2,11927.47,12668
M_000230,EQ_00080,2025-10-22,Corrective,Engine,Low,3.5,4948.06,4325
M_000231,EQ_00080,2024-04-22,Preventive,Electrical,Low,15.5,56087.06,3536
M_000232,EQ_00080,2026-03-25,Preventive,Hydraulic,Low,7.6,9440.38,4343
M_000233,EQ_00080,2025-03-15,Preventive,Electrical,Low,19.9,70402.02,4880
M_000234,EQ_00081,2026-01-24,Preventive,Scheduled Service,Low,27.9,39185.17,14533
M_000235,EQ_00081,2024-08-31,Preventive,Hydraulic,Low,2.6,4280.87,13472
M_000236,EQ_00082,2025-11-12,Preventive,Electrical,High,5.2,19781.07,15702
M_000237,EQ_00082,2025-11-06,Corrective,Electrical,Low,10.9,39864.54,14785
M_000238,EQ_00082,2024-02-05,Corrective,Scheduled Service,Medium,18.2,80793.56,15732
M_000239,EQ_00082,2024-07-24,Corrective,Scheduled Service,Low,25.9,69349.9,14975
M_000240,EQ_00083,2025-06-01,Corrective,Scheduled Service,Medium,8.3,29358.8,2211
M_000241,EQ_00084,2024-01-29,Corrective,Hydraulic,Low,9.5,13366.42,7905
M_000242,EQ_00084,2025-05-04,Preventive,Hydraulic,Medium,2.9,7438.35,8274
M_000243,EQ_00084,2025-06-17,Corrective,Electrical,Medium,6.2,15576.72,8654
M_000244,EQ_00085,2024-04-02,Preventive,Tires/Tracks,Low,6.4,12688.08,17153
M_000245,EQ_00085,2025-03-13,Preventive,Hydraulic,Low,18.3,22512.54,17337
M_000246,EQ_00086,2025-10-01,Preventive,Tires/Tracks,Low,8.6,33631.75,13640
M_000247,EQ_00086,2024-11-20,Preventive,Tires/Tracks,Low,12.2,50040.54,13974
M_000248,EQ_00086,2025-07-23,Corrective,Engine,Medium,1.3,5351.89,13967
M_000249,EQ_00087,2024-10-10,Preventive,Tires/Tracks,Low,5.3,6765.58,3122
M_000250,EQ_00087,2024-01-09,Preventive,Scheduled Service,Low,10.2,26766.14,2529
M_000251,EQ_00087,2026-01-01,Preventive,Hydraulic,Medium,10.5,28115.44,3099
M_000252,EQ_00087,2024-12-07,Preventive,Hydraulic,Low,5.6,10661.7,3488
M_000253,EQ_00087,2025-07-01,Corrective,Tires/Tracks,Low,7.2,28158.43,3617
M_000254,EQ_00088,2025-04-08,Preventive,Scheduled Service,High,38.7,61865.14,566
M_000255,EQ_00088,2026-01-04,Preventive,Hydraulic,Medium,5.5,20344.86,1011
M_000256,EQ_00088,2025-08-28,Preventive,Electrical,Low,5.6,23213.06,497
M_000257,EQ_00088,2026-03-22,Corrective,Tires/Tracks,Low,3.9,9949.64,528
M_000258,EQ_00089,2024-03-12,Preventive,Engine,Medium,1.1,2260.62,13653
M_000259,EQ_00089,2025-02-12,Preventive,Electrical,Medium,14.6,50861.03,12603
M_000260,EQ_00089,2025-08-24,Preventive,Tires/Tracks,High,13.6,55179.05,13401
M_000261,EQ_00090,2024-08-23,Preventive,Tires/Tracks,Medium,3.8,9336.15,9982
M_000262,EQ_00091,2026-02-05,Corrective,Engine,Medium,6.7,18035.3,21937
M_000263,EQ_00091,2025-05-05,Preventive,Electrical,Medium,9.3,33874.95,20797
M_000264,EQ_00091,2024-02-08,Preventive,Tires/Tracks,Low,9.2,35895.0,20682
M_000265,EQ_00091,2024-02-08,Preventive,Engine,Medium,8.9,15954.97,20600
M_000266,EQ_00092,2024-02-03,Preventive,Tires/Tracks,Medium,3.3,10320.27,12010
M_000267,EQ_00092,2024-02-07,Preventive,Scheduled Service,High,13.9,38957.78,11970
M_000268,EQ_00093,2024-08-12,Preventive,Engine,Low,2.8,7891.87,20246
M_000269,EQ_00094,2024-07-15,Preventive,Hydraulic,Low,1.8,3251.54,4381
M_000270,EQ_00094,2025-12-28,Preventive,Hydraulic,Medium,21.0,83589.11,5023
M_000271,EQ_00095,2026-05-26,Preventive,Electrical,Low,12.1,40189.84,9613
M_000272,EQ_00095,2024-11-04,Preventive,Engine,Medium,7.6,19573.24,9334
M_000273,EQ_00096,2026-04-26,Preventive,Scheduled Service,Medium,6.6,13660.77,3695
M_000274,EQ_00096,2025-07-30,Preventive,Engine,Low,1.9,8097.38,3340
M_000275,EQ_00096,2025-11-18,Corrective,Tires/Tracks,Low,17.6,37416.28,2925
M_000276,EQ_00096,2025-02-18,Corrective,Engine,High,2.5,10829.77,3520
M_000277,EQ_00096,2024-12-25,Preventive,Engine,Low,2.3,4560.21,2686
M_000278,EQ_00097,2026-07-01,Preventive,Engine,Medium,7.4,14423.38,12075
M_000279,EQ_00097,2025-10-24,Preventive,Engine,Medium,10.1,42444.21,12058
M_000280,EQ_00097,2026-08-06,Preventive,Scheduled Service,Medium,16.8,63563.98,12120
M_000281,EQ_00098,2026-05-01,Preventive,Scheduled Service,Medium,9.8,41108.25,4467
M_000282,EQ_00098,2024-10-04,Preventive,Scheduled Service,High,15.3,42018.84,5149
M_000283,EQ_00098,2025-12-30,Preventive,Hydraulic,High,5.8,13524.91,4980
M_000284,EQ_00098,2024-03-22,Corrective,Engine,Medium,10.1,41731.4,4122
M_000285,EQ_00099,2025-08-12,Preventive,Engine,Low,4.9,15373.97,11253
M_000286,EQ_00099,2026-01-25,Preventive,Hydraulic,Low,4.0,14979.5,12077
M_000287,EQ_00099,2024-05-27,Preventive,Engine,Low,5.8,9051.51,11226
M_000288,EQ_00100,2024-01-06,Corrective,Hydraulic,Medium,8.1,12212.18,7102
M_000289,EQ_00100,2026-04-30,Corrective,Hydraulic,Medium,11.2,17252.54,8045
M_000290,EQ_00100,2025-08-16,Preventive,Tires/Tracks,Medium,25.1,59236.2,8410
M_000291,EQ_00100,2026-05-23,Preventive,Scheduled Service,High,2.4,4758.28,7851
M_000292,EQ_00101,2024-06-14,Preventive,Engine,Medium,14.1,49773.14,3934
M_000293,EQ_00101,2026-04-04,Corrective,Scheduled Service,Medium,24.5,105715.94,3981
M_000294,EQ_00101,2024-01-15,Preventive,Hydraulic,Medium,0.6,919.65,5382
M_000295,EQ_00101,2025-06-11,Preventive,Tires/Tracks,Medium,5.7,12056.11,5428
M_000296,EQ_00102,2026-03-01,Corrective,Hydraulic,Low,6.7,15368.33,2395
M_000297,EQ_00102,2024-02-09,Preventive,Scheduled Service,Low,3.6,9270.98,3344
M_000298,EQ_00102,2025-07-27,Preventive,Hydraulic,Low,4.6,11391.33,1857
M_000299,EQ_00102,2024-01-13,Preventive,Engine,Low,4.1,15493.07,3050
M_000300,EQ_00102,2026-01-04,Preventive,Tires/Tracks,Medium,11.1,37968.27,3256
M_000301,EQ_00103,2026-06-21,Corrective,Scheduled Service,Low,13.1,29023.08,11378
M_000302,EQ_00104,2025-12-03,Preventive,Scheduled Service,Medium,3.4,5600.18,20974
M_000303,EQ_00104,2026-05-28,Corrective,Electrical,Low,13.9,22580.15,21023
M_000304,EQ_00104,2025-05-11,Corrective,Scheduled Service,Medium,25.8,45255.1,21847
M_000305,EQ_00105,2024-11-25,Corrective,Hydraulic,High,7.5,19743.47,4774
M_000306,EQ_00105,2026-01-17,Corrective,Tires/Tracks,High,15.1,59893.08,3878
M_000307,EQ_00105,2024-11-18,Preventive,Hydraulic,Medium,12.5,31894.1,5023
M_000308,EQ_00105,2024-04-17,Preventive,Hydraulic,High,13.1,32374.49,4950
M_000309,EQ_00106,2024-12-13,Corrective,Scheduled Service,Medium,5.8,10377.04,9853
M_000310,EQ_00106,2025-04-02,Preventive,Tires/Tracks,Medium,12.1,26136.14,8623
M_000311,EQ_00106,2024-02-13,Corrective,Engine,Low,5.9,19050.81,8528
M_000312,EQ_00107,2025-11-02,Preventive,Engine,Medium,4.7,11730.4,5918
M_000313,EQ_00107,2025-07-06,Preventive,Scheduled Service,Low,13.0,25924.62,6075
M_000314,EQ_00107,2025-05-08,Corrective,Engine,Medium,8.6,28260.18,5723
M_000315,EQ_00108,2025-03-08,Corrective,Hydraulic,Low,4.6,9400.38,18222
M_000316,EQ_00108,2024-10-17,Corrective,Tires/Tracks,Low,16.7,36827.44,18810
M_000317,EQ_00109,2024-10-02,Preventive,Tires/Tracks,Low,4.3,18617.12,9875
M_000318,EQ_00109,2025-01-05,Preventive,Engine,High,3.6,8957.16,9388
M_000319,EQ_00109,2025-04-26,Corrective,Electrical,High,5.5,10101.84,10106
M_000320,EQ_00110,2025-04-20,Corrective,Scheduled Service,High,49.6,194845.52,21156
M_000321,EQ_00110,2024-05-22,Corrective,Tires/Tracks,Medium,2.7,10661.13,21037
M_000322,EQ_00110,2026-01-14,Corrective,Electrical,Low,24.7,53504.47,20778
M_000323,EQ_00110,2024-06-05,Corrective,Hydraulic,High,4.1,6863.91,22382
M_000324,EQ_00111,2024-12-22,Corrective,Electrical,Low,13.9,24490.9,6088
M_000325,EQ_00111,2025-06-16,Preventive,Electrical,Low,16.9,29656.49,4777
M_000326,EQ_00111,2026-02-23,Corrective,Tires/Tracks,Low,5.9,9661.6,5492
M_000327,EQ_00112,2025-10-17,Preventive,Hydraulic,Medium,14.7,32033.94,1525
M_000328,EQ_00112,2024-10-09,Corrective,Scheduled Service,Medium,8.3,26556.68,2848
M_000329,EQ_00112,2025-10-28,Preventive,Electrical,Medium,7.2,16120.15,1694
M_000330,EQ_00113,2026-07-11,Corrective,Hydraulic,Medium,17.8,76449.91,12292
M_000331,EQ_00113,2026-05-14,Corrective,Hydraulic,High,16.3,55749.66,13177
M_000332,EQ_00114,2024-02-29,Preventive,Electrical,Low,0.3,1001.61,14892
M_000333,EQ_00114,2024-02-26,Preventive,Hydraulic,High,24.6,55925.95,15245
M_000334,EQ_00114,2024-03-18,Corrective,Hydraulic,Medium,17.6,74815.8,14485
M_000335,EQ_00114,2025-09-06,Preventive,Electrical,Low,5.4,12855.96,14655
M_000336,EQ_00115,2024-11-28,Corrective,Tires/Tracks,Medium,3.8,6300.88,21254
M_000337,EQ_00115,2024-09-15,Preventive,Tires/Tracks,Medium,8.5,25534.96,21525
M_000338,EQ_00115,2024-11-24,Corrective,Tires/Tracks,High,58.0,144706.92,22576
M_000339,EQ_00115,2024-12-30,Preventive,Scheduled Service,Medium,14.2,58403.64,21317
M_000340,EQ_00116,2026-04-02,Preventive,Hydraulic,Low,2.2,8973.15,20024
M_000341,EQ_00116,2026-08-02,Preventive,Scheduled Service,High,17.4,70364.42,18696
M_000342,EQ_00116,2026-03-19,Preventive,Scheduled Service,Medium,11.6,41383.02,18437
M_000343,EQ_00116,2024-06-21,Corrective,Scheduled Service,High,22.2,81656.9,19693
M_000344,EQ_00117,2025-08-30,Corrective,Tires/Tracks,Low,25.4,106386.22,19261
M_000345,EQ_00117,2025-07-23,Preventive,Electrical,Low,8.9,35560.88,18894
M_000346,EQ_00118,2024-01-02,Preventive,Tires/Tracks,Medium,19.7,79037.23,14260
M_000347,EQ_00119,2024-12-11,Corrective,Engine,Medium,11.3,30198.87,9183
M_000348,EQ_00119,2025-08-28,Preventive,Hydraulic,Medium,11.6,48292.89,7249
M_000349,EQ_00120,2024-02-07,Preventive,Electrical,Low,14.6,42425.18,9617
M_000350,EQ_00120,2024-06-16,Corrective,Electrical,Medium,7.2,20768.48,9279
M_000351,EQ_00120,2025-04-14,Preventive,Engine,Low,7.4,29912.57,9046
M_000352,EQ_00120,2025-10-25,Preventive,Electrical,Medium,8.1,35959.0,10444
M_000353,EQ_00121,2026-08-10,Corrective,Tires/Tracks,Medium,8.7,33412.45,3890
M_000354,EQ_00121,2024-09-30,Preventive,Electrical,Medium,2.6,9281.3,2972
M_000355,EQ_00121,2026-07-07,Preventive,Electrical,Low,6.2,23094.09,3529
M_000356,EQ_00122,2026-01-06,Corrective,Tires/Tracks,Medium,7.9,25265.26,10282
M_000357,EQ_00122,2024-01-05,Preventive,Tires/Tracks,Low,14.0,16905.12,10746
M_000358,EQ_00123,2025-06-29,Preventive,Electrical,Medium,2.1,6245.95,7917
M_000359,EQ_00123,2025-07-21,Corrective,Hydraulic,Medium,5.4,7874.49,8248
M_000360,EQ_00123,2025-10-10,Preventive,Engine,Low,1.9,4262.92,9134
M_000361,EQ_00124,2024-02-16,Preventive,Engine,Low,8.1,15960.63,358
M_000362,EQ_00125,2025-02-18,Preventive,Scheduled Service,Low,7.9,12465.89,5068
M_000363,EQ_00126,2025-07-05,Corrective,Electrical,High,37.1,122519.23,11107
M_000364,EQ_00126,2025-03-11,Preventive,Engine,Medium,6.5,8226.61,12219
M_000365,EQ_00126,2024-02-28,Preventive,Engine,Low,45.3,190087.79,12421
M_000366,EQ_00127,2026-03-18,Preventive,Hydraulic,Low,16.3,21483.7,7787
M_000367,EQ_00127,2026-02-28,Preventive,Scheduled Service,Low,22.9,75960.42,8559
M_000368,EQ_00127,2025-01-21,Preventive,Electrical,High,1.0,3809.71,8039
M_000369,EQ_00127,2025-02-06,Preventive,Tires/Tracks,High,8.5,19715.8,7849
M_000370,EQ_00128,2024-08-19,Preventive,Tires/Tracks,Medium,8.5,28965.77,22822
M_000371,EQ_00128,2026-05-18,Preventive,Tires/Tracks,High,34.0,92738.38,22537
M_000372,EQ_00129,2024-02-04,Corrective,Hydraulic,Medium,8.7,23848.87,11194
M_000373,EQ_00129,2025-06-30,Preventive,Electrical,Low,28.7,66042.41,10371
M_000374,EQ_00130,2025-06-08,Preventive,Tires/Tracks,High,19.4,44430.2,22054
M_000375,EQ_00130,2025-08-26,Preventive,Tires/Tracks,Low,17.4,30858.26,20279
M_000376,EQ_00130,2024-12-13,Corrective,Hydraulic,Medium,12.6,39394.38,21684
M_000377,EQ_00130,2025-12-23,Preventive,Hydraulic,Low,7.6,10759.47,20617
M_000378,EQ_00130,2024-01-03,Preventive,Engine,Low,21.6,58668.39,20461
M_000379,EQ_00131,2025-04-15,Corrective,Hydraulic,Low,13.2,19962.46,14335
M_000380,EQ_00131,2024-05-22,Preventive,Hydraulic,Low,6.7,24709.05,14363
M_000381,EQ_00132,2024-08-03,Preventive,Engine,Medium,8.0,18252.43,1633
M_000382,EQ_00133,2024-03-13,Preventive,Scheduled Service,Medium,5.1,9693.84,5709
M_000383,EQ_00133,2024-07-14,Preventive,Electrical,Low,9.4,16750.12,5225
M_000384,EQ_00133,2025-12-30,Corrective,Scheduled Service,Low,4.9,18493.81,5181
M_000385,EQ_00134,2024-09-22,Preventive,Tires/Tracks,Medium,6.7,14401.73,14728
M_000386,EQ_00134,2024-10-23,Preventive,Tires/Tracks,Medium,16.6,49433.03,15130
M_000387,EQ_00135,2026-05-19,Corrective,Electrical,Low,8.2,27122.92,11764
M_000388,EQ_00135,2025-07-15,Corrective,Engine,Medium,9.8,15752.49,11829
M_000389,EQ_00136,2024-12-28,Preventive,Tires/Tracks,Medium,8.5,24849.58,7469
M_000390,EQ_00136,2025-01-20,Preventive,Scheduled Service,Medium,7.9,21092.45,6850
M_000391,EQ_00136,2025-10-25,Preventive,Electrical,Low,9.3,14690.74,7756
M_000392,EQ_00136,2025-11-29,Preventive,Scheduled Service,Low,4.5,15446.73,6349
M_000393,EQ_00136,2024-07-19,Preventive,Electrical,Medium,3.0,12049.44,7182
M_000394,EQ_00137,2025-10-06,Corrective,Tires/Tracks,Low,6.8,17394.56,11515
M_000395,EQ_00137,2025-03-11,Preventive,Electrical,Low,5.0,18631.3,11390
M_000396,EQ_00137,2025-09-05,Preventive,Hydraulic,Medium,7.6,16527.36,12019
M_000397,EQ_00138,2025-07-08,Preventive,Scheduled Service,Medium,33.3,136267.62,19285
M_000398,EQ_00138,2024-01-28,Preventive,Electrical,Low,17.2,60500.35,20493
M_000399,EQ_00138,2025-03-14,Preventive,Electrical,Medium,4.4,11883.92,19111
M_000400,EQ_00139,2026-01-15,Corrective,Tires/Tracks,Medium,4.0,11524.21,8947
M_000401,EQ_00139,2026-07-16,Preventive,Scheduled Service,Low,19.8,43158.3,8028
M_000402,EQ_00139,2026-08-04,Preventive,Engine,Medium,18.5,41677.8,9007
M_000403,EQ_00140,2025-05-01,Preventive,Engine,Low,21.7,53315.86,755
M_000404,EQ_00140,2024-09-14,Preventive,Electrical,Low,6.3,16021.44,2011
M_000405,EQ_00140,2026-04-09,Preventive,Scheduled Service,Low,6.9,14208.58,1209
M_000406,EQ_00140,2025-08-29,Preventive,Hydraulic,Medium,15.4,65442.76,490
M_000407,EQ_00141,2024-12-19,Preventive,Scheduled Service,Low,3.0,8647.75,6695
M_000408,EQ_00141,2024-03-24,Preventive,Electrical,High,7.8,16416.1,7688
M_000409,EQ_00141,2026-01-29,Corrective,Tires/Tracks,Medium,8.7,36274.61,7043
M_000410,EQ_00142,2024-07-31,Preventive,Hydraulic,Low,9.7,37987.83,21144
M_000411,EQ_00143,2025-04-27,Preventive,Scheduled Service,High,10.4,36450.2,17233
M_000412,EQ_00143,2026-05-19,Preventive,Electrical,Medium,12.9,52624.78,17392
M_000413,EQ_00144,2025-11-11,Corrective,Tires/Tracks,Low,10.8,31181.55,19141
M_000414,EQ_00144,2025-12-01,Preventive,Tires/Tracks,Low,5.0,11290.58,18460
M_000415,EQ_00144,2024-05-23,Preventive,Electrical,Low,14.4,18385.96,19379
M_000416,EQ_00144,2025-01-15,Corrective,Hydraulic,Low,17.7,60207.97,19192
M_000417,EQ_00145,2026-01-06,Preventive,Engine,Low,2.4,3982.03,20146
M_000418,EQ_00146,2026-05-23,Preventive,Engine,Low,6.2,18020.43,2436
M_000419,EQ_00146,2024-07-27,Preventive,Hydraulic,Low,6.1,22590.58,3499
M_000420,EQ_00147,2025-06-13,Preventive,Engine,Medium,14.7,40205.57,5642
M_000421,EQ_00147,2026-08-19,Corrective,Scheduled Service,Medium,13.9,36336.79,5739
M_000422,EQ_00147,2026-07-31,Corrective,Engine,Low,19.5,72612.29,5965
M_000423,EQ_00148,2025-01-04,Corrective,Engine,Medium,3.2,10272.13,1453
M_000424,EQ_00148,2025-12-10,Corrective,Scheduled Service,Low,12.5,43148.23,1291
M_000425,EQ_00149,2024-11-15,Corrective,Electrical,Low,4.6,19890.83,265
M_000426,EQ_00149,2026-02-26,Preventive,Scheduled Service,Medium,14.8,42211.81,257
M_000427,EQ_00149,2025-10-26,Preventive,Electrical,Medium,10.8,35762.16,988
M_000428,EQ_00150,2024-11-10,Preventive,Hydraulic,Low,0.6,2479.05,19439
M_000429,EQ_00151,2025-10-11,Preventive,Electrical,Medium,20.4,57102.22,20833
M_000430,EQ_00152,2025-12-23,Preventive,Scheduled Service,Low,13.1,43758.93,3853
M_000431,EQ_00152,2025-07-13,Corrective,Tires/Tracks,Low,4.3,6718.75,3423
M_000432,EQ_00152,2025-05-31,Preventive,Scheduled Service,Low,1.9,4661.56,4110
M_000433,EQ_00153,2025-06-13,Preventive,Tires/Tracks,Low,10.1,36755.67,15834
M_000434,EQ_00153,2024-11-19,Preventive,Hydraulic,Low,12.4,31159.62,15044
M_000435,EQ_00153,2024-12-28,Preventive,Tires/Tracks,Medium,19.8,32368.8,15178
M_000436,EQ_00153,2024-10-03,Corrective,Tires/Tracks,Medium,5.2,13742.02,16011
M_000437,EQ_00154,2026-07-13,Preventive,Tires/Tracks,High,49.4,205079.38,12345
M_000438,EQ_00154,2025-07-13,Preventive,Engine,Low,6.2,12429.54,12792
M_000439,EQ_00154,2025-03-24,Corrective,Hydraulic,Low,3.3,11903.92,12448
M_000440,EQ_00154,2025-07-16,Preventive,Engine,Medium,3.9,7946.85,12308
M_000441,EQ_00155,2024-05-23,Preventive,Engine,Low,17.7,26847.96,1216
M_000442,EQ_00155,2026-01-31,Preventive,Engine,Low,6.7,13948.16,2421
M_000443,EQ_00156,2025-01-24,Preventive,Engine,Low,1.8,4932.75,20060
M_000444,EQ_00156,2024-05-07,Corrective,Tires/Tracks,Low,10.9,27599.28,20542
M_000445,EQ_00156,2025-01-19,Preventive,Electrical,Low,16.6,31723.89,19749
M_000446,EQ_00156,2024-11-16,Preventive,Scheduled Service,Low,9.7,22655.42,20835
M_000447,EQ_00157,2024-07-16,Preventive,Electrical,Low,13.2,30762.22,18753
M_000448,EQ_00158,2025-08-08,Preventive,Hydraulic,High,13.1,27404.3,12234
M_000449,EQ_00159,2025-02-10,Corrective,Tires/Tracks,Medium,5.7,9976.73,16477
M_000450,EQ_00159,2025-01-28,Corrective,Tires/Tracks,High,22.0,35489.66,15694
M_000451,EQ_00160,2025-01-30,Preventive,Electrical,Medium,35.7,42948.9,9565
M_000452,EQ_00160,2025-07-04,Corrective,Hydraulic,Low,9.2,22623.22,9163
M_000453,EQ_00161,2026-04-25,Preventive,Electrical,Medium,19.0,47463.77,18162
M_000454,EQ_00161,2024-06-25,Corrective,Tires/Tracks,Medium,9.1,37388.64,18439
M_000455,EQ_00161,2025-02-10,Preventive,Engine,High,24.0,74184.24,18279
M_000456,EQ_00161,2024-01-26,Preventive,Scheduled Service,Low,10.8,14218.8,16871
M_000457,EQ_00162,2024-11-19,Preventive,Engine,High,60.9,173461.89,10626
M_000458,EQ_00162,2024-01-07,Preventive,Tires/Tracks,Medium,14.4,51918.18,10247
M_000459,EQ_00162,2025-11-18,Preventive,Tires/Tracks,Medium,13.0,52428.11,9162
M_000460,EQ_00162,2024-08-20,Corrective,Tires/Tracks,Low,27.0,74186.76,10929
M_000461,EQ_00163,2026-01-07,Preventive,Engine,Low,4.1,13205.04,21522
M_000462,EQ_00163,2024-08-20,Corrective,Hydraulic,Low,12.6,28026.53,22153
M_000463,EQ_00163,2025-09-07,Preventive,Hydraulic,Low,5.0,14933.97,22057
M_000464,EQ_00163,2025-01-08,Corrective,Scheduled Service,High,29.4,131652.16,20771
M_000465,EQ_00164,2024-12-18,Preventive,Electrical,Low,43.6,85711.6,2790
M_000466,EQ_00164,2025-04-27,Preventive,Electrical,High,52.3,199391.33,2538
M_000467,EQ_00164,2024-03-02,Corrective,Scheduled Service,High,13.3,23558.54,2105
M_000468,EQ_00165,2024-08-21,Corrective,Tires/Tracks,Medium,0.7,1593.12,4354
M_000469,EQ_00165,2025-06-05,Preventive,Engine,Medium,13.7,34341.09,3869
M_000470,EQ_00166,2024-05-04,Corrective,Electrical,Medium,4.2,5200.65,21010
M_000471,EQ_00166,2025-05-10,Preventive,Tires/Tracks,Medium,9.7,24194.68,20731
M_000472,EQ_00166,2026-07-11,Preventive,Engine,Low,9.2,16612.63,21169
M_000473,EQ_00166,2024-08-26,Corrective,Tires/Tracks,Low,8.2,11987.53,21631
M_000474,EQ_00167,2025-09-05,Corrective,Hydraulic,Low,18.2,52608.06,6457
M_000475,EQ_00168,2026-08-17,Preventive,Tires/Tracks,Medium,12.5,37378.2,7695
M_000476,EQ_00168,2025-11-15,Corrective,Engine,Low,8.3,16163.04,6666
M_000477,EQ_00168,2025-01-21,Preventive,Electrical,Medium,7.4,10762.57,7474
M_000478,EQ_00168,2024-04-19,Preventive,Tires/Tracks,Medium,28.4,55996.41,6505
M_000479,EQ_00168,2026-02-27,Corrective,Electrical,Medium,8.2,27050.41,6829
M_000480,EQ_00169,2025-01-02,Preventive,Tires/Tracks,Low,4.4,17654.44,16512
M_000481,EQ_00169,2024-03-05,Preventive,Tires/Tracks,Medium,10.6,23420.61,17845
M_000482,EQ_00170,2024-06-05,Preventive,Engine,Medium,5.2,19639.68,5174
M_000483,EQ_00171,2024-02-12,Corrective,Scheduled Service,Medium,15.0,23595.67,11324
M_000484,EQ_00171,2025-02-19,Preventive,Engine,Medium,3.2,10864.25,11019
M_000485,EQ_00171,2024-02-05,Preventive,Electrical,Low,4.2,7684.53,11377
M_000486,EQ_00172,2025-01-31,Preventive,Engine,Medium,25.8,42791.49,6020
M_000487,EQ_00172,2025-11-12,Preventive,Hydraulic,Medium,2.9,12391.06,6812
M_000488,EQ_00173,2025-08-01,Preventive,Tires/Tracks,Medium,3.4,12165.19,4911
M_000489,EQ_00173,2024-08-29,Preventive,Hydraulic,Medium,0.8,3350.94,5736
M_000490,EQ_00173,2026-07-30,Preventive,Hydraulic,High,56.2,100543.84,4421
M_000491,EQ_00174,2025-07-03,Corrective,Electrical,Low,2.7,6273.01,21474
M_000492,EQ_00174,2026-02-13,Corrective,Scheduled Service,High,7.4,30547.56,21998
M_000493,EQ_00175,2025-11-05,Preventive,Tires/Tracks,High,11.4,32655.13,3871
M_000494,EQ_00175,2025-08-08,Corrective,Electrical,Medium,3.3,3972.25,4895
M_000495,EQ_00175,2024-01-12,Preventive,Hydraulic,Low,8.7,33204.39,5261
M_000496,EQ_00175,2024-07-09,Corrective,Scheduled Service,Medium,9.8,17095.3,5037
M_000497,EQ_00176,2026-02-15,Preventive,Scheduled Service,High,6.5,12457.6,1782
M_000498,EQ_00176,2026-03-26,Corrective,Hydraulic,Medium,2.2,6510.3,1756
M_000499,EQ_00176,2024-12-26,Preventive,Hydraulic,Low,7.0,14219.56,2323
M_000500,EQ_00176,2024-01-04,Preventive,Hydraulic,Low,2.1,5711.73,2560
M_000501,EQ_00177,2024-04-03,Preventive,Electrical,Low,11.5,37057.58,14061
M_000502,EQ_00178,2025-09-08,Corrective,Scheduled Service,Low,8.3,32075.03,19811
M_000503,EQ_00179,2025-11-02,Preventive,Tires/Tracks,Low,8.9,23004.02,2725
M_000504,EQ_00180,2024-11-05,Preventive,Scheduled Service,Medium,1.9,7795.14,15717
M_000505,EQ_00180,2025-10-08,Corrective,Electrical,Medium,9.1,35116.53,16396
M_000506,EQ_00180,2026-05-15,Corrective,Scheduled Service,Medium,9.1,30447.96,16191
M_000507,EQ_00181,2024-05-03,Preventive,Electrical,Low,14.3,25164.1,11431
M_000508,EQ_00181,2024-10-05,Preventive,Hydraulic,High,8.2,34115.58,11350
M_000509,EQ_00181,2024-11-14,Corrective,Scheduled Service,High,19.3,63945.16,12682
M_000510,EQ_00181,2024-05-14,Preventive,Tires/Tracks,Low,2.0,8124.74,11372
M_000511,EQ_00182,2025-02-10,Preventive,Hydraulic,Low,7.5,20243.02,19119
M_000512,EQ_00183,2024-11-02,Preventive,Electrical,Low,12.2,22343.55,3067
M_000513,EQ_00183,2025-07-26,Preventive,Electrical,Low,8.9,27362.61,4219
M_000514,EQ_00183,2024-08-20,Preventive,Engine,Medium,29.4,73685.46,2439
M_000515,EQ_00183,2025-07-21,Preventive,Hydraulic,Low,9.4,21208.84,3660
M_000516,EQ_00184,2024-07-27,Preventive,Scheduled Service,Low,13.2,30543.64,21366
M_000517,EQ_00184,2025-04-23,Preventive,Hydraulic,Medium,12.2,27998.9,22354
M_000518,EQ_00185,2026-05-29,Preventive,Engine,Medium,4.5,15914.87,14056
M_000519,EQ_00185,2024-09-11,Corrective,Engine,Low,4.9,14285.1,13319
M_000520,EQ_00185,2026-02-02,Corrective,Scheduled Service,Medium,2.4,3176.46,14438
M_000521,EQ_00185,2024-07-20,Corrective,Engine,Low,3.2,13856.51,13961
M_000522,EQ_00185,2024-07-01,Corrective,Electrical,Medium,5.4,18761.06,13822
M_000523,EQ_00186,2024-02-20,Preventive,Scheduled Service,High,19.6,79007.7,19094
M_000524,EQ_00187,2024-07-09,Preventive,Scheduled Service,Medium,15.7,48617.24,7509
M_000525,EQ_00187,2025-03-02,Preventive,Hydraulic,Medium,1.4,3055.1,8294
M_000526,EQ_00188,2025-04-07,Preventive,Electrical,High,46.3,164648.06,21541
M_000527,EQ_00188,2026-03-13,Preventive,Engine,Low,4.6,18978.64,21765
M_000528,EQ_00188,2024-01-15,Preventive,Electrical,High,41.5,79435.23,20986
M_000529,EQ_00188,2024-12-02,Preventive,Electrical,Low,6.9,29096.19,20228
M_000530,EQ_00189,2026-07-20,Preventive,Electrical,High,38.2,101815.13,13864
M_000531,EQ_00189,2025-06-17,Corrective,Scheduled Service,Low,22.8,78204.89,14766
M_000532,EQ_00189,2024-08-14,Preventive,Electrical,Low,7.4,20914.79,14809
M_000533,EQ_00190,2026-01-24,Preventive,Electrical,High,6.8,23237.68,2760
M_000534,EQ_00190,2024-06-17,Preventive,Electrical,Low,17.9,35392.05,3486
M_000535,EQ_00190,2024-09-18,Preventive,Scheduled Service,Medium,43.8,180158.71,3046
M_000536,EQ_00190,2026-02-20,Preventive,Electrical,Low,30.1,79661.82,3569
M_000537,EQ_00190,2024-05-02,Corrective,Engine,Medium,3.0,5422.68,3014
M_000538,EQ_00191,2024-11-27,Preventive,Electrical,Low,0.6,2272.66,19526
M_000539,EQ_00191,2025-08-23,Preventive,Engine,Medium,13.6,24921.8,20593
M_000540,EQ_00191,2024-07-14,Preventive,Engine,Low,7.5,26597.41,20598
M_000541,EQ_00192,2024-07-13,Corrective,Hydraulic,Medium,4.1,6448.12,17465
M_000542,EQ_00192,2025-01-21,Corrective,Tires/Tracks,Low,10.5,44639.14,18089
M_000543,EQ_00192,2026-01-09,Corrective,Electrical,Low,14.5,21530.53,17438
M_000544,EQ_00193,2025-08-18,Corrective,Scheduled Service,High,5.9,13864.66,7133
M_000545,EQ_00193,2025-12-19,Corrective,Hydraulic,Medium,25.5,32083.53,6584
M_000546,EQ_00193,2026-02-19,Corrective,Tires/Tracks,Medium,7.3,26693.06,7944
M_000547,EQ_00193,2025-10-03,Preventive,Scheduled Service,Medium,4.6,8540.87,6760
M_000548,EQ_00194,2024-07-06,Preventive,Hydraulic,Low,12.5,44662.89,11588
M_000549,EQ_00194,2026-06-14,Preventive,Hydraulic,Medium,28.2,98729.06,12622
M_000550,EQ_00195,2026-05-22,Corrective,Scheduled Service,Low,12.6,43364.89,9502
M_000551,EQ_00195,2026-06-09,Preventive,Tires/Tracks,Medium,11.2,24718.2,9339
M_000552,EQ_00195,2024-03-13,Preventive,Electrical,Medium,8.9,38907.7,9420
M_000553,EQ_00196,2026-03-14,Corrective,Scheduled Service,Low,3.6,12052.06,12706
M_000554,EQ_00196,2024-04-21,Preventive,Scheduled Service,Low,5.4,13576.89,12770
M_000555,EQ_00197,2024-02-29,Preventive,Scheduled Service,Low,13.4,49449.76,20465
M_000556,EQ_00197,2026-04-13,Corrective,Scheduled Service,Low,1.5,3756.77,21466
M_000557,EQ_00197,2024-05-04,Preventive,Scheduled Service,High,9.2,38136.97,20349
M_000558,EQ_00197,2024-11-29,Preventive,Hydraulic,High,3.3,6187.97,21663
M_000559,EQ_00198,2026-03-10,Preventive,Engine,Medium,7.6,21864.88,19887
M_000560,EQ_00198,2025-05-07,Preventive,Scheduled Service,Low,12.0,15377.74,19836
M_000561,EQ_00199,2025-08-12,Preventive,Tires/Tracks,Low,6.4,17589.03,4286
M_000562,EQ_00200,2024-01-06,Corrective,Tires/Tracks,Low,25.1,74674.08,20519
M_000563,EQ_00201,2026-01-28,Preventive,Hydraulic,Medium,2.2,2957.63,9973
M_000564,EQ_00201,2026-07-11,Preventive,Tires/Tracks,Medium,5.7,22112.81,9589
M_000565,EQ_00202,2026-05-14,Preventive,Engine,Medium,3.0,5253.51,15824
M_000566,EQ_00202,2024-04-12,Corrective,Tires/Tracks,Medium,1.9,5933.49,14682
M_000567,EQ_00202,2026-02-11,Corrective,Engine,Medium,28.3,46509.97,15702
M_000568,EQ_00203,2025-01-27,Preventive,Scheduled Service,Low,3.3,11007.65,16713
M_000569,EQ_00203,2025-10-19,Preventive,Hydraulic,Medium,4.7,10722.19,17743
M_000570,EQ_00203,2025-02-09,Preventive,Tires/Tracks,Medium,2.1,6427.88,17392
M_000571,EQ_00203,2026-04-16,Corrective,Hydraulic,Low,2.4,5473.83,16333
M_000572,EQ_00204,2024-06-08,Corrective,Scheduled Service,Medium,1.2,2015.41,10114
M_000573,EQ_00204,2026-02-14,Corrective,Tires/Tracks,High,7.3,25458.03,10547
M_000574,EQ_00204,2024-05-11,Preventive,Engine,Medium,3.9,8574.73,10908
M_000575,EQ_00204,2025-03-17,Preventive,Electrical,Medium,24.1,101180.21,11867
M_000576,EQ_00205,2025-01-29,Preventive,Electrical,Low,16.6,47718.46,11093
M_000577,EQ_00205,2026-02-12,Preventive,Electrical,Medium,4.2,5981.17,10499
M_000578,EQ_00205,2025-02-28,Corrective,Tires/Tracks,Low,5.7,22391.81,11308
M_000579,EQ_00205,2025-11-08,Preventive,Scheduled Service,Medium,2.2,8720.07,9337
M_000580,EQ_00206,2024-05-20,Corrective,Scheduled Service,Medium,26.9,80767.71,10099
M_000581,EQ_00206,2024-07-05,Preventive,Scheduled Service,Medium,15.2,51851.03,9790
M_000582,EQ_00206,2025-01-06,Corrective,Tires/Tracks,Low,7.3,28530.65,9425
M_000583,EQ_00207,2026-06-30,Preventive,Scheduled Service,Medium,7.3,21342.05,18659
M_000584,EQ_00207,2026-03-12,Corrective,Engine,Medium,29.8,86940.39,19306
M_000585,EQ_00207,2024-01-24,Preventive,Scheduled Service,Low,6.8,13833.25,18428
M_000586,EQ_00207,2024-02-03,Preventive,Scheduled Service,Low,12.2,17171.88,18731
M_000587,EQ_00208,2025-11-08,Preventive,Tires/Tracks,Medium,8.3,15891.39,9403
M_000588,EQ_00208,2026-03-19,Preventive,Engine,Low,22.1,42719.6,9656
M_000589,EQ_00208,2024-07-25,Preventive,Engine,Medium,8.6,35045.26,7879
M_000590,EQ_00209,2024-10-18,Corrective,Engine,Medium,12.8,55482.47,7277
M_000591,EQ_00209,2026-04-25,Preventive,Engine,Medium,11.9,26988.39,6856
M_000592,EQ_00210,2026-04-24,Preventive,Tires/Tracks,Medium,23.4,53930.87,7490
M_000593,EQ_00210,2024-01-30,Corrective,Scheduled Service,Low,10.5,45995.57,9251
M_000594,EQ_00210,2026-08-19,Preventive,Scheduled Service,Medium,3.8,14354.28,8189
M_000595,EQ_00210,2024-05-01,Corrective,Electrical,Medium,21.8,54719.11,8247
M_000596,EQ_00211,2025-06-29,Corrective,Hydraulic,Medium,12.7,22763.92,4527
M_000597,EQ_00211,2024-02-06,Preventive,Hydraulic,Low,5.6,18629.5,5306
M_000598,EQ_00211,2024-09-27,Preventive,Scheduled Service,Medium,3.1,8287.15,4711
M_000599,EQ_00212,2025-05-07,Corrective,Electrical,Medium,9.9,38791.71,9909
M_000600,EQ_00212,2025-01-29,Corrective,Hydraulic,Low,9.1,12368.24,8797
M_000601,EQ_00212,2024-03-03,Corrective,Scheduled Service,High,6.4,14796.47,9287
M_000602,EQ_00213,2025-04-19,Preventive,Tires/Tracks,High,8.8,32230.69,3677
M_000603,EQ_00213,2025-02-20,Preventive,Tires/Tracks,Medium,6.6,14151.09,3481
M_000604,EQ_00213,2025-10-26,Corrective,Hydraulic,Low,6.4,28155.22,2373
M_000605,EQ_00213,2024-12-05,Preventive,Electrical,Low,5.3,19443.73,3534
M_000606,EQ_00213,2025-10-29,Preventive,Scheduled Service,Medium,4.9,7278.94,3526
M_000607,EQ_00214,2026-03-10,Corrective,Engine,High,10.6,15070.76,1446
M_000608,EQ_00214,2026-02-17,Corrective,Electrical,Medium,15.6,54583.16,1527
M_000609,EQ_00214,2025-02-13,Preventive,Electrical,Low,6.4,9741.86,2767
M_000610,EQ_00214,2024-11-30,Preventive,Electrical,Low,5.2,19298.85,1480
M_000611,EQ_00215,2025-11-10,Preventive,Engine,High,6.0,26443.1,15640
M_000612,EQ_00215,2026-01-16,Preventive,Hydraulic,High,9.0,38288.1,17053
M_000613,EQ_00216,2025-01-05,Preventive,Tires/Tracks,Low,12.5,54334.49,2233
M_000614,EQ_00216,2025-07-29,Preventive,Electrical,High,18.9,31354.74,1887
M_000615,EQ_00216,2025-03-22,Corrective,Engine,Medium,3.2,6669.06,1564
M_000616,EQ_00217,2025-12-19,Preventive,Scheduled Service,Medium,22.1,77140.07,13262
M_000617,EQ_00217,2025-05-01,Corrective,Tires/Tracks,Medium,4.2,17052.97,12624
M_000618,EQ_00217,2025-04-12,Corrective,Scheduled Service,Medium,9.2,11409.57,13694
M_000619,EQ_00217,2025-08-24,Corrective,Scheduled Service,Medium,7.3,13272.5,13250
M_000620,EQ_00218,2024-12-07,Corrective,Electrical,Medium,9.8,38671.06,16750
M_000621,EQ_00218,2025-01-18,Preventive,Engine,Low,5.7,18301.04,18235
M_000622,EQ_00218,2025-09-04,Corrective,Engine,Low,21.8,93816.69,16845
M_000623,EQ_00218,2024-08-04,Preventive,Engine,Medium,18.8,79308.55,17220
M_000624,EQ_00219,2026-06-09,Corrective,Scheduled Service,Low,3.4,9579.49,15468
M_000625,EQ_00219,2026-07-12,Preventive,Engine,Medium,7.8,9546.78,15139
M_000626,EQ_00219,2025-03-06,Preventive,Tires/Tracks,Low,4.3,16083.67,16029
M_000627,EQ_00220,2024-04-29,Corrective,Engine,Medium,2.7,5021.49,10588
M_000628,EQ_00220,2025-09-10,Preventive,Engine,Low,2.9,7008.08,10725
M_000629,EQ_00221,2025-10-17,Preventive,Hydraulic,Low,31.9,76126.87,4957
M_000630,EQ_00221,2024-09-01,Corrective,Electrical,Medium,6.4,17987.11,4254
M_000631,EQ_00222,2025-02-06,Preventive,Tires/Tracks,Low,9.6,27047.01,20081
M_000632,EQ_00222,2025-08-15,Preventive,Hydraulic,Low,11.8,25764.2,21091
M_000633,EQ_00222,2025-08-09,Preventive,Electrical,Medium,5.3,9190.82,20383
M_000634,EQ_00223,2026-05-25,Preventive,Electrical,Low,12.1,52273.18,18680
M_000635,EQ_00223,2024-03-04,Preventive,Electrical,High,17.3,47159.42,19154
M_000636,EQ_00223,2026-05-17,Preventive,Engine,Low,7.9,24588.0,18961
M_000637,EQ_00224,2025-02-17,Preventive,Electrical,Medium,13.5,16553.19,14513
M_000638,EQ_00224,2026-06-10,Preventive,Scheduled Service,Low,10.1,30848.95,13774
M_000639,EQ_00224,2024-02-02,Preventive,Hydraulic,Medium,13.7,48723.08,13341
M_000640,EQ_00224,2025-10-26,Preventive,Tires/Tracks,Medium,1.6,3393.11,13754
M_000641,EQ_00225,2024-04-13,Corrective,Engine,Low,9.2,38508.48,1457
M_000642,EQ_00225,2024-03-19,Preventive,Scheduled Service,Low,20.6,57818.0,2229
M_000643,EQ_00225,2024-09-05,Corrective,Hydraulic,Low,7.9,27695.43,1957
M_000644,EQ_00226,2024-02-23,Preventive,Hydraulic,Medium,25.1,96803.51,1588
M_000645,EQ_00226,2025-07-10,Corrective,Tires/Tracks,Low,33.3,51191.46,1653
M_000646,EQ_00226,2024-12-13,Preventive,Hydraulic,Medium,17.2,24029.82,1695
M_000647,EQ_00226,2024-04-18,Preventive,Scheduled Service,Low,12.6,29593.04,588
M_000648,EQ_00227,2025-06-02,Preventive,Scheduled Service,Medium,26.4,45344.62,8090
M_000649,EQ_00227,2024-08-13,Preventive,Scheduled Service,High,3.7,12540.58,6866
M_000650,EQ_00227,2025-03-12,Preventive,Scheduled Service,Low,4.4,12822.14,8078
M_000651,EQ_00227,2024-03-29,Preventive,Engine,Medium,19.8,31023.54,7097
M_000652,EQ_00228,2024-01-10,Preventive,Scheduled Service,Low,3.8,11471.41,4787
M_000653,EQ_00229,2024-05-25,Corrective,Tires/Tracks,Low,6.5,18637.51,19484
M_000654,EQ_00229,2024-04-19,Corrective,Tires/Tracks,Low,16.3,44325.67,19159
M_000655,EQ_00229,2024-05-24,Preventive,Tires/Tracks,Low,14.8,24418.4,18319
M_000656,EQ_00229,2026-07-21,Corrective,Hydraulic,Medium,8.1,28461.8,19782
M_000657,EQ_00230,2025-12-07,Corrective,Electrical,Medium,9.1,33615.56,5337
M_000658,EQ_00230,2026-05-13,Preventive,Scheduled Service,High,54.1,81879.53,5622
M_000659,EQ_00230,2024-05-04,Corrective,Electrical,Medium,21.7,89091.3,4457
M_000660,EQ_00230,2025-06-08,Corrective,Tires/Tracks,High,8.2,30326.39,4934
M_000661,EQ_00231,2024-04-02,Preventive,Hydraulic,Low,11.1,17237.45,7192
M_000662,EQ_00231,2025-10-25,Corrective,Electrical,Low,16.3,20233.5,7339
M_000663,EQ_00232,2024-08-08,Preventive,Tires/Tracks,Medium,12.6,29594.62,21826
M_000664,EQ_00232,2024-03-01,Preventive,Scheduled Service,High,16.6,38303.08,20545
M_000665,EQ_00232,2024-06-01,Preventive,Tires/Tracks,Low,14.7,53247.81,22202
M_000666,EQ_00233,2024-05-16,Corrective,Tires/Tracks,Medium,4.5,13438.53,17398
M_000667,EQ_00233,2026-02-28,Preventive,Electrical,Low,41.5,118620.68,18854
M_000668,EQ_00233,2025-11-16,Preventive,Scheduled Service,Low,12.6,20290.52,18433
M_000669,EQ_00234,2026-03-03,Corrective,Hydraulic,Low,5.9,24922.9,4626
M_000670,EQ_00234,2024-11-10,Preventive,Hydraulic,Medium,28.5,38887.67,4743
M_000671,EQ_00234,2025-08-21,Preventive,Tires/Tracks,Medium,4.1,17844.82,5962
M_000672,EQ_00234,2024-10-06,Corrective,Scheduled Service,Medium,22.7,85105.38,4796
M_000673,EQ_00234,2025-07-20,Corrective,Hydraulic,High,8.4,12860.84,4305
M_000674,EQ_00235,2024-07-12,Preventive,Tires/Tracks,Low,14.5,38433.7,8650
M_000675,EQ_00235,2025-09-23,Preventive,Tires/Tracks,Medium,15.2,24677.0,8518
M_000676,EQ_00236,2024-10-22,Preventive,Engine,Low,15.1,66974.02,11552
M_000677,EQ_00236,2024-07-09,Corrective,Engine,Low,10.9,41286.62,11012
M_000678,EQ_00236,2026-06-24,Preventive,Engine,Low,6.7,29786.08,10682
M_000679,EQ_00237,2025-02-21,Corrective,Tires/Tracks,Low,2.1,6769.93,15684
M_000680,EQ_00237,2024-10-15,Corrective,Scheduled Service,Medium,2.5,6948.69,14121
M_000681,EQ_00238,2024-08-08,Corrective,Electrical,High,19.7,74233.62,20590
M_000682,EQ_00239,2025-04-07,Preventive,Scheduled Service,Low,16.0,67505.19,19032
M_000683,EQ_00239,2024-10-12,Preventive,Scheduled Service,High,12.7,35700.9,18775
M_000684,EQ_00240,2026-02-13,Preventive,Electrical,High,15.1,37687.54,20633
M_000685,EQ_00240,2025-08-12,Corrective,Electrical,Low,17.0,23145.63,22242
M_000686,EQ_00240,2026-06-21,Corrective,Hydraulic,Medium,5.6,19568.42,21115
M_000687,EQ_00240,2024-12-03,Preventive,Scheduled Service,Low,10.1,33181.23,20896
M_000688,EQ_00241,2026-08-07,Preventive,Engine,Medium,20.3,72658.74,2250
M_000689,EQ_00242,2025-12-01,Corrective,Tires/Tracks,Low,17.4,50873.42,6273
M_000690,EQ_00242,2024-03-31,Corrective,Engine,Medium,8.2,15058.46,6572
M_000691,EQ_00242,2025-04-24,Preventive,Tires/Tracks,Low,16.7,57210.19,6281
M_000692,EQ_00243,2024-06-15,Preventive,Tires/Tracks,Medium,5.9,17780.28,12831
M_000693,EQ_00243,2026-08-15,Preventive,Electrical,Low,11.6,17052.68,12028
M_000694,EQ_00244,2024-04-23,Preventive,Engine,Medium,11.2,33011.73,1295
M_000695,EQ_00245,2024-04-23,Preventive,Hydraulic,Low,2.9,7090.56,8863
M_000696,EQ_00245,2024-08-15,Preventive,Scheduled Service,Low,5.2,13272.99,8201
M_000697,EQ_00245,2026-04-03,Preventive,Electrical,Low,11.4,37766.52,8652
M_000698,EQ_00245,2026-06-22,Corrective,Electrical,Low,17.1,61187.34,7467
M_000699,EQ_00246,2026-03-19,Corrective,Hydraulic,Medium,7.3,14214.99,3686
M_000700,EQ_00246,2025-03-25,Preventive,Engine,High,5.5,15235.04,3432
M_000701,EQ_00246,2026-08-08,Corrective,Electrical,Low,15.7,49491.96,3673
M_000702,EQ_00247,2024-01-30,Preventive,Engine,Low,12.5,55083.54,20414
M_000703,EQ_00247,2025-01-23,Preventive,Engine,Medium,3.2,4589.9,21495
M_000704,EQ_00247,2026-05-20,Preventive,Tires/Tracks,Medium,13.6,28008.01,21030
M_000705,EQ_00248,2026-07-24,Preventive,Hydraulic,Medium,4.7,8083.21,1127
M_000706,EQ_00249,2025-07-21,Preventive,Tires/Tracks,Low,2.1,8009.45,4141
M_000707,EQ_00249,2025-02-05,Corrective,Hydraulic,Medium,11.7,51040.14,3367
M_000708,EQ_00250,2024-02-12,Corrective,Hydraulic,Low,10.8,16504.8,4023
M_000709,EQ_00250,2024-08-16,Preventive,Scheduled Service,Medium,4.1,13936.61,5248
M_000710,EQ_00250,2026-02-24,Corrective,Scheduled Service,Medium,11.5,31971.02,4294
M_000711,EQ_00250,2024-01-14,Preventive,Electrical,High,15.0,39032.61,3818
M_000712,EQ_00251,2024-07-30,Corrective,Engine,Low,12.5,28461.76,4454
M_000713,EQ_00251,2025-01-25,Corrective,Electrical,High,32.8,74772.61,4397
M_000714,EQ_00251,2024-11-22,Corrective,Engine,High,5.3,12252.49,2993
M_000715,EQ_00252,2026-03-05,Preventive,Engine,Low,3.3,12571.39,13040
M_000716,EQ_00252,2025-10-02,Corrective,Hydraulic,Medium,5.9,23844.25,13433
M_000717,EQ_00252,2024-04-12,Preventive,Scheduled Service,Medium,18.9,30625.32,12392
M_000718,EQ_00252,2026-05-25,Preventive,Engine,Medium,4.7,11343.7,11927
M_000719,EQ_00252,2024-09-06,Corrective,Electrical,Medium,13.4,22495.43,12305
M_000720,EQ_00253,2026-08-18,Preventive,Engine,Low,19.8,72858.16,9027
M_000721,EQ_00253,2024-06-03,Preventive,Scheduled Service,Medium,3.5,14151.19,8025
M_000722,EQ_00253,2025-02-05,Preventive,Electrical,Medium,3.7,16241.67,8962
M_000723,EQ_00254,2024-03-01,Corrective,Scheduled Service,Medium,27.1,69241.93,20717
M_000724,EQ_00254,2025-10-08,Preventive,Tires/Tracks,High,15.8,51617.12,19818
M_000725,EQ_00255,2024-05-15,Corrective,Hydraulic,Medium,3.8,15891.32,6922
M_000726,EQ_00255,2026-06-22,Corrective,Tires/Tracks,Medium,9.2,12000.16,6777
M_000727,EQ_00256,2025-09-10,Preventive,Hydraulic,Medium,6.4,13927.12,11312
M_000728,EQ_00256,2024-07-26,Corrective,Scheduled Service,Medium,13.3,44680.21,11658
M_000729,EQ_00256,2025-06-29,Corrective,Tires/Tracks,Low,12.6,26852.5,12758
M_000730,EQ_00257,2026-03-30,Preventive,Engine,Low,13.3,45440.11,14518
M_000731,EQ_00257,2025-12-12,Preventive,Electrical,Low,0.9,2526.01,14849
M_000732,EQ_00257,2024-09-25,Corrective,Engine,Low,2.0,2557.57,15432
M_000733,EQ_00258,2025-11-02,Preventive,Hydraulic,Low,1.9,3186.21,14691
M_000734,EQ_00258,2025-01-02,Corrective,Hydraulic,High,28.9,70545.91,13849
M_000735,EQ_00258,2025-05-24,Preventive,Tires/Tracks,Low,50.9,72938.81,13082
M_000736,EQ_00259,2026-03-03,Preventive,Scheduled Service,High,27.3,113735.78,17720
M_000737,EQ_00259,2025-08-22,Corrective,Tires/Tracks,Medium,11.6,40348.43,18289
M_000738,EQ_00259,2024-07-21,Preventive,Engine,Medium,1.3,2614.68,17454
M_000739,EQ_00260,2024-05-17,Preventive,Hydraulic,High,9.3,25832.87,4296
M_000740,EQ_00260,2024-01-03,Corrective,Engine,Medium,8.2,35684.4,5288
M_000741,EQ_00260,2024-03-31,Corrective,Tires/Tracks,Low,2.2,4251.55,4179
M_000742,EQ_00260,2024-12-29,Preventive,Electrical,Low,5.2,7334.2,4152
M_000743,EQ_00261,2024-03-01,Corrective,Hydraulic,Low,5.3,16415.28,11438
M_000744,EQ_00261,2024-12-02,Preventive,Engine,Low,18.7,78860.16,10949
M_000745,EQ_00262,2025-06-17,Preventive,Scheduled Service,Low,18.2,67820.69,16786
M_000746,EQ_00262,2024-07-23,Preventive,Tires/Tracks,Low,8.1,21103.48,18313
M_000747,EQ_00263,2025-04-03,Corrective,Electrical,Low,1.0,1871.58,19726
M_000748,EQ_00263,2026-07-11,Preventive,Hydraulic,Low,18.8,64246.43,20022
M_000749,EQ_00263,2024-04-12,Corrective,Scheduled Service,Low,10.4,43108.85,19298
M_000750,EQ_00263,2025-10-19,Corrective,Electrical,Medium,6.8,25239.01,19950
M_000751,EQ_00263,2026-06-07,Corrective,Scheduled Service,High,50.4,110112.84,18211
M_000752,EQ_00264,2025-10-08,Preventive,Engine,Medium,0.9,1890.44,13718
M_000753,EQ_00264,2025-04-14,Preventive,Engine,Low,11.1,27457.91,13581
M_000754,EQ_00264,2024-09-30,Preventive,Hydraulic,High,12.1,33443.17,14052
M_000755,EQ_00264,2025-12-24,Preventive,Engine,Medium,15.7,31260.81,13085
M_000756,EQ_00265,2025-07-10,Corrective,Electrical,Low,8.1,18428.78,15397
M_000757,EQ_00265,2025-11-12,Preventive,Electrical,Medium,7.0,22746.19,14955
M_000758,EQ_00266,2025-12-22,Corrective,Hydraulic,Low,1.9,3716.59,18587
M_000759,EQ_00266,2024-10-28,Preventive,Engine,Medium,2.0,5309.11,19441
M_000760,EQ_00266,2025-11-22,Preventive,Electrical,Medium,10.6,44406.54,19121
M_000761,EQ_00266,2025-01-22,Preventive,Hydraulic,Medium,12.8,31748.99,19436
M_000762,EQ_00266,2025-03-11,Corrective,Scheduled Service,Medium,2.4,10275.63,18177
M_000763,EQ_00267,2026-02-26,Preventive,Hydraulic,Medium,8.1,32992.34,14066
M_000764,EQ_00267,2025-05-28,Preventive,Engine,Medium,9.1,14684.32,13556
M_000765,EQ_00267,2026-08-08,Preventive,Hydraulic,High,31.8,121800.71,14590
M_000766,EQ_00268,2025-04-23,Preventive,Tires/Tracks,Medium,2.5,3427.34,19955
M_000767,EQ_00268,2024-03-17,Preventive,Electrical,Low,10.3,34958.42,21743
M_000768,EQ_00268,2026-02-16,Corrective,Tires/Tracks,Medium,8.5,15358.91,20951
M_000769,EQ_00269,2025-01-12,Preventive,Engine,High,13.6,29267.38,2913
M_000770,EQ_00269,2025-02-18,Corrective,Hydraulic,Medium,5.3,16149.45,3996
M_000771,EQ_00269,2024-01-11,Preventive,Scheduled Service,Low,16.5,70511.75,3882
M_000772,EQ_00269,2025-04-23,Preventive,Scheduled Service,Medium,3.4,13407.47,3926
M_000773,EQ_00270,2025-03-25,Corrective,Tires/Tracks,Medium,17.0,41350.2,8925
M_000774,EQ_00270,2025-04-02,Preventive,Electrical,Medium,7.0,19897.35,8054
M_000775,EQ_00271,2026-01-11,Preventive,Scheduled Service,Medium,10.9,27422.58,3087
M_000776,EQ_00271,2025-04-08,Corrective,Hydraulic,Medium,24.4,59963.58,2032
M_000777,EQ_00271,2026-03-05,Corrective,Electrical,Medium,19.9,77740.54,2973
M_000778,EQ_00271,2024-03-27,Preventive,Electrical,Medium,13.7,51823.35,2260
M_000779,EQ_00271,2024-02-10,Preventive,Tires/Tracks,High,11.5,27699.87,2296
M_000780,EQ_00272,2024-08-12,Corrective,Scheduled Service,High,10.9,34153.22,2640
M_000781,EQ_00272,2024-07-14,Preventive,Engine,Medium,11.0,26392.17,2757
M_000782,EQ_00272,2025-04-27,Preventive,Hydraulic,Medium,9.9,38901.47,1867
M_000783,EQ_00273,2024-05-03,Corrective,Hydraulic,Medium,12.5,31706.98,11244
M_000784,EQ_00274,2026-08-25,Preventive,Hydraulic,Medium,13.4,43170.72,5988
M_000785,EQ_00274,2024-07-15,Corrective,Engine,Medium,2.1,6793.25,6336
M_000786,EQ_00275,2026-01-27,Corrective,Scheduled Service,Low,4.5,11081.78,9579
M_000787,EQ_00275,2024-03-21,Corrective,Engine,Medium,3.4,4135.99,10115
M_000788,EQ_00275,2025-12-03,Corrective,Electrical,Medium,5.9,12583.53,8550
M_000789,EQ_00276,2025-11-11,Corrective,Tires/Tracks,Medium,4.6,9940.02,9558
M_000790,EQ_00276,2025-01-20,Preventive,Electrical,Medium,13.3,41397.35,10786
M_000791,EQ_00277,2026-03-18,Preventive,Scheduled Service,Low,3.6,11490.32,13667
M_000792,EQ_00277,2025-08-22,Preventive,Tires/Tracks,High,17.1,28359.81,14719
M_000793,EQ_00277,2024-11-02,Corrective,Electrical,Medium,5.0,14483.32,13322
M_000794,EQ_00278,2025-02-25,Corrective,Tires/Tracks,Low,8.2,30146.59,21420
M_000795,EQ_00278,2026-07-03,Corrective,Engine,Low,2.4,9239.43,21677
M_000796,EQ_00279,2025-09-18,Preventive,Hydraulic,Medium,14.7,65369.13,19726
M_000797,EQ_00279,2024-09-23,Preventive,Electrical,High,35.9,104824.34,18498
M_000798,EQ_00279,2024-12-24,Preventive,Scheduled Service,Medium,9.7,25300.4,17864
M_000799,EQ_00279,2025-01-12,Preventive,Engine,Low,6.7,19037.17,18500
M_000800,EQ_00280,2025-09-19,Preventive,Tires/Tracks,Medium,4.2,7001.14,8436
M_000801,EQ_00280,2025-11-24,Corrective,Electrical,Low,24.0,84855.06,8218
M_000802,EQ_00281,2025-05-21,Preventive,Hydraulic,Medium,6.7,11298.56,7515
M_000803,EQ_00281,2025-12-18,Corrective,Engine,Low,12.9,23048.88,7475
M_000804,EQ_00281,2024-09-20,Corrective,Engine,Low,7.6,31534.58,8079
M_000805,EQ_00281,2024-04-30,Preventive,Electrical,Medium,3.7,7162.17,7549
M_000806,EQ_00282,2026-03-04,Preventive,Engine,Low,2.7,7168.57,17601
M_000807,EQ_00282,2026-08-20,Corrective,Electrical,Low,8.1,30349.93,17668
M_000808,EQ_00283,2026-04-20,Preventive,Scheduled Service,Low,5.5,10381.74,3942
M_000809,EQ_00283,2025-10-18,Preventive,Hydraulic,Medium,10.5,40700.49,3543
M_000810,EQ_00283,2025-03-15,Preventive,Scheduled Service,Low,2.5,4293.56,3251
M_000811,EQ_00284,2024-03-10,Preventive,Tires/Tracks,Low,8.3,20702.64,13036
M_000812,EQ_00284,2024-06-25,Corrective,Hydraulic,Medium,26.8,55738.68,11150
M_000813,EQ_00284,2025-11-15,Preventive,Tires/Tracks,Medium,12.7,19446.07,12633
M_000814,EQ_00285,2024-06-11,Corrective,Scheduled Service,Low,3.1,9107.57,8811
M_000815,EQ_00285,2024-08-19,Corrective,Scheduled Service,Medium,12.1,44334.13,8919
M_000816,EQ_00285,2024-06-11,Preventive,Tires/Tracks,Low,8.2,27281.04,9164
M_000817,EQ_00286,2025-04-04,Preventive,Hydraulic,High,8.8,39042.79,4952
M_000818,EQ_00286,2025-11-04,Corrective,Tires/Tracks,Medium,6.2,22171.35,4678
M_000819,EQ_00286,2025-05-28,Corrective,Scheduled Service,Medium,3.6,11733.74,4725
M_000820,EQ_00286,2024-05-15,Preventive,Electrical,Medium,5.9,21975.72,4818
M_000821,EQ_00286,2024-02-20,Corrective,Hydraulic,Low,3.9,12341.31,4064
M_000822,EQ_00287,2025-03-10,Preventive,Tires/Tracks,Low,10.9,43379.58,12981
M_000823,EQ_00287,2024-01-23,Preventive,Engine,Medium,4.1,16220.85,14352
M_000824,EQ_00288,2026-07-19,Corrective,Scheduled Service,Low,1.5,2216.08,7017
M_000825,EQ_00288,2026-03-01,Preventive,Engine,Low,8.3,17210.96,7463
M_000826,EQ_00288,2026-03-25,Preventive,Hydraulic,Low,17.3,39832.36,6798
M_000827,EQ_00289,2024-07-05,Corrective,Hydraulic,Medium,5.0,9914.79,4468
M_000828,EQ_00289,2024-04-01,Preventive,Electrical,Medium,2.5,5750.92,4727
M_000829,EQ_00289,2026-01-20,Preventive,Tires/Tracks,Medium,17.2,67579.84,3827
M_000830,EQ_00290,2024-03-25,Preventive,Hydraulic,Medium,13.1,33595.62,15260
M_000831,EQ_00290,2026-01-09,Preventive,Electrical,Medium,11.8,36281.17,14366
M_000832,EQ_00290,2026-01-09,Corrective,Tires/Tracks,Medium,16.4,28537.83,14634
M_000833,EQ_00290,2024-11-19,Preventive,Electrical,Medium,7.8,27186.58,14334
M_000834,EQ_00290,2024-09-04,Preventive,Hydraulic,High,22.6,97102.35,14204
M_000835,EQ_00291,2025-07-02,Preventive,Engine,Medium,17.9,75444.49,3971
M_000836,EQ_00292,2025-09-11,Preventive,Scheduled Service,Low,12.6,44647.02,14881
M_000837,EQ_00292,2024-03-16,Preventive,Electrical,Low,6.1,26812.3,14829
M_000838,EQ_00293,2025-03-23,Corrective,Electrical,Low,8.2,17592.56,4953
M_000839,EQ_00293,2025-06-22,Corrective,Engine,Medium,4.7,16319.81,3034
M_000840,EQ_00293,2024-01-23,Preventive,Electrical,Medium,2.2,9251.9,4015
M_000841,EQ_00293,2025-03-10,Preventive,Engine,Low,5.9,23574.35,4688
M_000842,EQ_00294,2026-05-07,Corrective,Electrical,Low,8.6,36649.53,10672
M_000843,EQ_00294,2024-02-07,Corrective,Electrical,Medium,5.0,16643.91,9936
M_000844,EQ_00295,2026-02-09,Preventive,Scheduled Service,Low,3.9,8781.16,18320
M_000845,EQ_00296,2025-06-16,Preventive,Scheduled Service,Low,9.3,41623.55,5437
M_000846,EQ_00296,2024-02-16,Preventive,Hydraulic,Medium,7.4,31498.46,5025
M_000847,EQ_00296,2024-05-16,Preventive,Hydraulic,Low,11.6,41597.96,6052
M_000848,EQ_00296,2025-05-10,Preventive,Tires/Tracks,Low,5.7,9888.58,5966
M_000849,EQ_00297,2025-08-23,Corrective,Engine,Low,3.2,6131.21,16692
M_000850,EQ_00297,2024-05-17,Corrective,Hydraulic,Low,14.5,42661.56,17176
M_000851,EQ_00297,2024-08-23,Preventive,Electrical,Low,6.0,23567.69,17758
M_000852,EQ_00298,2024-06-26,Preventive,Engine,Medium,4.6,6070.67,16563
M_000853,EQ_00298,2024-04-29,Corrective,Tires/Tracks,High,32.5,126661.28,15337
M_000854,EQ_00299,2025-11-03,Preventive,Scheduled Service,Medium,13.8,35703.54,20126
M_000855,EQ_00300,2024-09-04,Corrective,Electrical,Medium,6.5,24546.43,3632
M_000856,EQ_00300,2026-05-16,Corrective,Scheduled Service,Medium,33.5,140887.04,3871
M_000857,EQ_00301,2025-05-22,Corrective,Engine,High,5.1,7146.14,16359
M_000858,EQ_00302,2025-05-20,Corrective,Tires/Tracks,Medium,5.8,10495.03,20164
M_000859,EQ_00302,2025-05-02,Preventive,Scheduled Service,Medium,3.8,4629.44,20152
M_000860,EQ_00302,2024-04-30,Preventive,Hydraulic,Low,3.5,13252.47,20144
M_000861,EQ_00303,2024-11-13,Corrective,Scheduled Service,Low,13.3,20412.57,16741
M_000862,EQ_00303,2024-02-12,Corrective,Engine,Medium,1.7,6557.91,16425
M_000863,EQ_00303,2025-12-10,Corrective,Scheduled Service,Low,19.3,85045.28,16255
M_000864,EQ_00304,2025-08-09,Preventive,Tires/Tracks,Medium,6.6,22382.01,5287
M_000865,EQ_00305,2024-04-09,Corrective,Electrical,High,22.5,93034.34,17580
M_000866,EQ_00305,2026-01-07,Corrective,Electrical,Low,15.7,18880.74,18927
M_000867,EQ_00305,2024-11-26,Preventive,Electrical,Low,19.0,59379.82,18472
M_000868,EQ_00305,2025-07-19,Corrective,Engine,Low,14.8,64033.46,17537
M_000869,EQ_00306,2024-10-23,Preventive,Scheduled Service,Low,16.9,34531.68,3092
M_000870,EQ_00306,2026-06-12,Preventive,Scheduled Service,Low,4.3,9304.61,2531
M_000871,EQ_00307,2025-08-03,Preventive,Tires/Tracks,Low,12.5,33882.03,13031
M_000872,EQ_00307,2025-05-09,Preventive,Hydraulic,Low,4.2,7843.13,12369
M_000873,EQ_00307,2024-12-31,Preventive,Electrical,Low,26.6,115977.45,14032
M_000874,EQ_00307,2024-05-16,Corrective,Engine,Low,9.6,12409.44,13070
M_000875,EQ_00307,2024-05-06,Preventive,Engine,Low,16.0,20191.49,13078
M_000876,EQ_00308,2026-03-26,Preventive,Engine,Low,2.0,6014.56,11543
M_000877,EQ_00308,2025-02-10,Preventive,Engine,Low,7.5,13720.71,11244
M_000878,EQ_00308,2025-11-05,Corrective,Tires/Tracks,Medium,15.0,66377.45,10210
M_000879,EQ_00309,2025-02-01,Preventive,Tires/Tracks,Medium,3.7,14923.27,12111
M_000880,EQ_00310,2024-10-28,Corrective,Scheduled Service,Low,33.4,41629.78,11284
M_000881,EQ_00310,2024-08-14,Preventive,Tires/Tracks,Low,2.1,9338.39,12323
M_000882,EQ_00310,2024-06-11,Corrective,Engine,Low,10.9,28511.65,11538
M_000883,EQ_00311,2025-05-23,Preventive,Tires/Tracks,Low,10.0,27356.94,1548
M_000884,EQ_00311,2024-10-14,Preventive,Hydraulic,Low,8.6,21186.81,1979
M_000885,EQ_00311,2025-06-08,Corrective,Hydraulic,Medium,3.5,6280.65,1641
M_000886,EQ_00312,2025-02-07,Preventive,Tires/Tracks,Medium,13.3,46316.44,11059
M_000887,EQ_00312,2025-12-27,Preventive,Tires/Tracks,Medium,8.7,33256.07,10940
M_000888,EQ_00312,2024-12-12,Preventive,Scheduled Service,Low,5.5,17535.76,10953
M_000889,EQ_00312,2024-11-27,Preventive,Tires/Tracks,High,3.7,14670.99,10820
M_000890,EQ_00312,2024-06-06,Corrective,Electrical,Low,7.5,27942.34,10630
M_000891,EQ_00313,2024-12-28,Preventive,Hydraulic,High,10.3,27478.35,19696
M_000892,EQ_00314,2026-08-20,Corrective,Tires/Tracks,High,22.7,85678.96,10833
M_000893,EQ_00315,2024-09-17,Corrective,Tires/Tracks,Low,17.7,63308.14,6480
M_000894,EQ_00315,2024-05-16,Preventive,Tires/Tracks,Medium,4.8,6951.58,6213
M_000895,EQ_00315,2026-03-23,Preventive,Engine,Low,11.8,30677.35,5778
M_000896,EQ_00315,2025-02-09,Preventive,Engine,Medium,14.9,37496.76,6849
M_000897,EQ_00316,2024-12-19,Preventive,Hydraulic,Medium,9.7,30348.01,21151
M_000898,EQ_00316,2025-02-19,Preventive,Electrical,Low,2.0,4518.26,22559
M_000899,EQ_00316,2026-04-17,Preventive,Scheduled Service,Medium,1.9,5131.34,21735
M_000900,EQ_00316,2024-08-20,Preventive,Scheduled Service,Low,4.3,16341.96,22466
M_000901,EQ_00317,2024-09-17,Preventive,Electrical,Medium,11.3,43828.31,1782
M_000902,EQ_00317,2024-12-10,Preventive,Hydraulic,Medium,0.5,759.2,2770
M_000903,EQ_00317,2026-02-16,Corrective,Scheduled Service,Medium,9.1,26799.28,2150
M_000904,EQ_00318,2026-08-09,Corrective,Engine,Low,16.8,68380.67,11516
M_000905,EQ_00318,2024-03-02,Corrective,Hydraulic,Medium,5.8,19383.63,11806
M_000906,EQ_00318,2025-09-15,Preventive,Engine,Low,5.1,19863.37,11857
M_000907,EQ_00319,2024-07-26,Corrective,Engine,Medium,4.4,13726.59,11403
M_000908,EQ_00319,2025-06-01,Corrective,Scheduled Service,Medium,26.9,85837.13,12440
M_000909,EQ_00320,2026-03-03,Preventive,Scheduled Service,Medium,1.4,4988.76,10374
M_000910,EQ_00320,2026-04-22,Corrective,Hydraulic,Medium,2.6,7066.64,11166
M_000911,EQ_00320,2024-08-06,Preventive,Tires/Tracks,Medium,9.3,15519.1,11630
M_000912,EQ_00320,2026-05-16,Preventive,Hydraulic,Medium,5.8,9858.21,10710
M_000913,EQ_00320,2025-08-25,Preventive,Scheduled Service,Medium,0.1,405.26,10441
M_000914,EQ_00321,2025-03-28,Preventive,Engine,Low,3.7,12689.12,20342
M_000915,EQ_00322,2024-07-13,Preventive,Electrical,Medium,7.6,20949.42,8739
M_000916,EQ_00322,2026-07-16,Preventive,Scheduled Service,Low,2.1,7406.1,10104
M_000917,EQ_00322,2025-05-08,Corrective,Hydraulic,Low,17.6,28040.91,8606
M_000918,EQ_00322,2026-06-04,Preventive,Electrical,Medium,6.7,15171.83,9092
M_000919,EQ_00323,2025-07-01,Corrective,Engine,Medium,6.3,23341.22,20898
M_000920,EQ_00323,2025-12-28,Corrective,Hydraulic,Low,9.3,37286.89,20882
M_000921,EQ_00324,2024-01-04,Corrective,Scheduled Service,Medium,2.5,3729.24,2249
M_000922,EQ_00324,2024-03-05,Corrective,Hydraulic,Medium,1.4,2903.11,1679
M_000923,EQ_00324,2024-09-25,Preventive,Tires/Tracks,Low,24.6,79780.95,1685
M_000924,EQ_00324,2025-08-07,Preventive,Tires/Tracks,Low,2.2,5189.04,2705
M_000925,EQ_00325,2024-08-08,Preventive,Hydraulic,Medium,16.1,26084.19,16645
M_000926,EQ_00325,2025-04-20,Corrective,Hydraulic,Medium,6.4,11395.25,15629
M_000927,EQ_00326,2025-05-12,Preventive,Tires/Tracks,Low,14.5,47148.45,12351
M_000928,EQ_00327,2025-02-07,Preventive,Engine,High,30.9,137645.92,6615
M_000929,EQ_00327,2026-03-06,Preventive,Engine,Low,11.8,48646.68,4774
M_000930,EQ_00328,2026-02-05,Preventive,Engine,Low,6.1,9674.74,4505
M_000931,EQ_00328,2025-03-12,Preventive,Electrical,Medium,11.9,53273.04,5606
M_000932,EQ_00329,2025-01-16,Corrective,Tires/Tracks,Medium,4.2,8706.9,16897
M_000933,EQ_00329,2024-05-17,Preventive,Engine,Low,9.5,39339.06,16410
M_000934,EQ_00329,2025-09-18,Corrective,Electrical,Medium,8.9,32910.38,16827
M_000935,EQ_00330,2024-11-28,Preventive,Hydraulic,Medium,4.8,10274.4,13692
M_000936,EQ_00330,2026-04-22,Corrective,Hydraulic,Medium,13.1,17060.51,14289
M_000937,EQ_00331,2026-01-01,Preventive,Electrical,Low,10.5,33773.14,13222
M_000938,EQ_00331,2024-08-10,Preventive,Scheduled Service,High,8.2,22973.82,13168
M_000939,EQ_00331,2026-04-28,Corrective,Engine,Medium,13.7,32954.32,13194
M_000940,EQ_00331,2025-07-08,Preventive,Scheduled Service,Low,20.4,33895.35,14404
M_000941,EQ_00332,2026-04-19,Preventive,Tires/Tracks,Medium,5.9,21413.97,1982
M_000942,EQ_00332,2026-02-18,Preventive,Scheduled Service,Low,7.2,26745.49,2404
M_000943,EQ_00332,2024-02-28,Corrective,Hydraulic,Medium,12.6,48696.43,2356
M_000944,EQ_00333,2025-10-03,Preventive,Scheduled Service,Medium,4.0,5786.19,12498
M_000945,EQ_00333,2025-11-03,Preventive,Hydraulic,Low,6.2,8946.11,12891
M_000946,EQ_00333,2025-10-26,Preventive,Hydraulic,Low,7.4,25879.18,12374
M_000947,EQ_00334,2024-02-18,Corrective,Tires/Tracks,Low,21.7,76509.38,21966
M_000948,EQ_00334,2024-12-06,Corrective,Hydraulic,Low,1.7,5525.91,20839
M_000949,EQ_00335,2026-08-22,Preventive,Tires/Tracks,Low,4.5,16664.23,631
M_000950,EQ_00335,2025-10-27,Corrective,Electrical,Medium,19.6,45826.78,815
M_000951,EQ_00335,2026-04-30,Corrective,Engine,Low,5.4,7524.56,528
M_000952,EQ_00335,2025-08-02,Corrective,Tires/Tracks,Low,3.4,8577.59,196
M_000953,EQ_00335,2024-06-08,Corrective,Electrical,Medium,9.0,36450.25,1479
M_000954,EQ_00336,2024-03-03,Corrective,Hydraulic,Medium,6.0,12209.61,9875
M_000955,EQ_00336,2025-05-09,Preventive,Scheduled Service,Medium,5.9,14168.81,11389
M_000956,EQ_00337,2024-02-05,Preventive,Hydraulic,Low,14.7,31361.58,12013
M_000957,EQ_00337,2024-07-31,Preventive,Electrical,Low,11.9,35987.07,11080
M_000958,EQ_00337,2024-02-14,Corrective,Engine,Medium,15.5,51461.1,10348
M_000959,EQ_00337,2024-09-09,Preventive,Engine,Low,6.0,21401.14,11633
M_000960,EQ_00337,2025-02-15,Preventive,Tires/Tracks,Medium,2.6,10941.54,10943
M_000961,EQ_00338,2025-05-14,Preventive,Tires/Tracks,Medium,6.9,22519.34,19957
M_000962,EQ_00338,2026-04-04,Corrective,Engine,Low,16.7,57972.36,19028
M_000963,EQ_00338,2026-02-03,Corrective,Tires/Tracks,Medium,2.8,7600.85,19471
M_000964,EQ_00338,2024-07-26,Preventive,Scheduled Service,High,11.8,31866.63,19539
M_000965,EQ_00339,2024-06-23,Preventive,Engine,High,55.1,222026.74,7503
M_000966,EQ_00339,2024-09-20,Preventive,Engine,Medium,2.6,9725.14,6091
M_000967,EQ_00339,2025-05-04,Preventive,Hydraulic,High,27.4,119677.82,6248
M_000968,EQ_00339,2025-11-02,Preventive,Electrical,Low,16.6,52071.14,6591
M_000969,EQ_00340,2024-05-01,Corrective,Engine,Medium,8.4,22326.51,11288
M_000970,EQ_00340,2024-10-04,Corrective,Engine,Low,14.4,63623.76,11685
M_000971,EQ_00340,2025-08-31,Preventive,Tires/Tracks,Low,0.5,2189.14,10798
M_000972,EQ_00341,2025-06-23,Preventive,Scheduled Service,High,18.4,41695.24,16535
M_000973,EQ_00341,2024-12-28,Corrective,Hydraulic,Low,15.1,31947.14,16797
M_000974,EQ_00341,2026-06-19,Preventive,Engine,Low,6.8,13123.49,16145
M_000975,EQ_00342,2024-02-14,Preventive,Scheduled Service,Low,9.1,35638.18,1690
M_000976,EQ_00342,2025-11-30,Preventive,Scheduled Service,Low,15.7,39194.83,1107
M_000977,EQ_00342,2024-11-15,Corrective,Electrical,Low,12.9,22852.43,1463
M_000978,EQ_00342,2026-02-21,Preventive,Hydraulic,Low,15.6,26231.67,1106
M_000979,EQ_00342,2026-02-26,Preventive,Scheduled Service,Low,21.3,48819.96,1359
M_000980,EQ_00343,2026-04-22,Preventive,Engine,Medium,5.7,12818.04,17749
M_000981,EQ_00343,2024-09-04,Preventive,Electrical,Low,10.6,45865.32,17096
M_000982,EQ_00344,2025-09-22,Corrective,Tires/Tracks,High,14.4,54475.56,17902
M_000983,EQ_00344,2025-10-14,Preventive,Scheduled Service,Medium,8.4,36768.73,18994
M_000984,EQ_00344,2025-01-19,Corrective,Scheduled Service,Low,1.5,4152.54,18620
M_000985,EQ_00345,2026-07-30,Preventive,Engine,Low,5.5,14763.05,15828
M_000986,EQ_00345,2026-03-09,Corrective,Tires/Tracks,Medium,7.8,15636.35,16742
M_000987,EQ_00346,2026-04-02,Corrective,Scheduled Service,Medium,6.3,20913.74,15278
M_000988,EQ_00346,2024-08-12,Corrective,Hydraulic,Medium,14.7,21907.9,14045
M_000989,EQ_00346,2025-10-25,Preventive,Electrical,Low,12.6,37449.22,14879
M_000990,EQ_00347,2026-01-01,Preventive,Electrical,Low,11.9,48689.5,17456
M_000991,EQ_00347,2024-07-23,Corrective,Scheduled Service,Low,10.5,30017.19,16894
M_000992,EQ_00347,2025-09-23,Preventive,Scheduled Service,Medium,25.1,79100.49,16003
M_000993,EQ_00347,2024-07-26,Corrective,Hydraulic,Low,9.5,32383.18,16197
M_000994,EQ_00348,2024-08-10,Preventive,Electrical,Medium,9.5,39778.85,17878
M_000995,EQ_00348,2024-12-16,Corrective,Tires/Tracks,Low,6.5,17798.18,17628
M_000996,EQ_00348,2024-06-12,Preventive,Hydraulic,High,17.9,38829.95,16817
M_000997,EQ_00348,2025-09-04,Preventive,Engine,Low,2.1,4713.79,16675
M_000998,EQ_00349,2024-03-30,Corrective,Tires/Tracks,Low,12.7,27417.39,20118
M_000999,EQ_00349,2026-01-19,Corrective,Hydraulic,Medium,1.4,2763.77,20705
M_001000,EQ_00349,2025-02-18,Preventive,Engine,Low,10.4,28013.99,19873
M_001001,EQ_00349,2024-03-21,Preventive,Tires/Tracks,Medium,15.4,59414.0,20436
M_001002,EQ_00350,2025-09-27,Preventive,Scheduled Service,Medium,2.8,9008.84,9800
M_001003,EQ_00350,2025-10-11,Corrective,Electrical,Medium,9.8,14305.89,9256
M_001004,EQ_00351,2024-02-08,Preventive,Hydraulic,Low,7.6,11082.72,9633
M_001005,EQ_00351,2024-08-12,Corrective,Engine,Low,11.4,40917.32,10105
M_001006,EQ_00351,2024-09-11,Preventive,Electrical,Low,7.1,26145.58,10712
M_001007,EQ_00351,2025-06-12,Preventive,Engine,Low,2.1,6096.37,10701
M_001008,EQ_00351,2026-01-02,Preventive,Hydraulic,Medium,5.4,6532.04,9353
M_001009,EQ_00352,2026-07-26,Preventive,Electrical,Medium,9.7,24726.57,13910
M_001010,EQ_00352,2025-01-30,Preventive,Engine,Low,5.9,17158.67,14150
M_001011,EQ_00352,2025-01-16,Preventive,Tires/Tracks,High,17.2,49246.95,14314
M_001012,EQ_00353,2025-11-12,Corrective,Hydraulic,Low,9.6,18377.06,3722
M_001013,EQ_00353,2026-06-18,Corrective,Hydraulic,Low,10.3,25408.58,3881
M_001014,EQ_00353,2026-04-24,Corrective,Electrical,Medium,35.4,129131.23,4736
M_001015,EQ_00354,2025-08-22,Corrective,Scheduled Service,Low,17.4,58908.35,18038
M_001016,EQ_00354,2024-04-03,Preventive,Hydraulic,Low,1.6,6457.33,19653
M_001017,EQ_00354,2026-05-18,Preventive,Hydraulic,Low,7.6,20249.18,18098
M_001018,EQ_00354,2026-07-22,Preventive,Scheduled Service,Low,5.4,14523.19,18622
M_001019,EQ_00355,2025-08-18,Corrective,Engine,Low,5.4,8719.95,16089
M_001020,EQ_00355,2024-12-20,Corrective,Electrical,Low,3.0,10561.37,17483
M_001021,EQ_00356,2025-09-06,Preventive,Engine,High,38.8,77055.0,13412
M_001022,EQ_00356,2026-06-24,Preventive,Electrical,Medium,13.3,47587.94,13535
M_001023,EQ_00356,2026-03-23,Corrective,Hydraulic,Medium,7.8,31715.2,13495
M_001024,EQ_00356,2026-03-29,Preventive,Hydraulic,Low,16.1,22107.66,13858
M_001025,EQ_00357,2024-11-03,Corrective,Tires/Tracks,Low,13.6,18240.69,7649
M_001026,EQ_00357,2026-05-12,Preventive,Scheduled Service,Low,22.3,55776.79,6784
M_001027,EQ_00357,2025-09-22,Corrective,Scheduled Service,Medium,6.6,15244.05,6323
M_001028,EQ_00357,2024-04-13,Preventive,Tires/Tracks,High,7.0,12319.94,7543
M_001029,EQ_00357,2025-08-05,Preventive,Tires/Tracks,Medium,8.9,23391.25,7437
M_001030,EQ_00358,2024-06-27,Corrective,Engine,Low,17.4,35991.54,7464
M_001031,EQ_00359,2025-01-19,Preventive,Electrical,Low,13.0,45570.14,10294
M_001032,EQ_00359,2026-01-28,Corrective,Tires/Tracks,Medium,24.0,63843.01,9236
M_001033,EQ_00359,2025-04-15,Preventive,Engine,Low,4.1,14721.47,8901
M_001034,EQ_00359,2026-05-19,Corrective,Tires/Tracks,Medium,4.6,11645.64,9392
M_001035,EQ_00360,2026-02-10,Corrective,Electrical,Medium,12.4,41397.46,13818
M_001036,EQ_00360,2026-05-14,Corrective,Engine,Medium,10.3,36380.86,14208
M_001037,EQ_00361,2024-07-02,Preventive,Electrical,Low,0.9,3168.09,16655
M_001038,EQ_00361,2025-06-28,Corrective,Scheduled Service,Medium,3.4,5834.56,18145
M_001039,EQ_00361,2026-06-12,Corrective,Engine,Low,2.4,7407.52,16650
M_001040,EQ_00362,2025-11-12,Preventive,Scheduled Service,High,28.3,40806.61,15484
M_001041,EQ_00362,2024-07-29,Corrective,Electrical,Low,5.7,17505.23,15911
M_001042,EQ_00362,2024-01-10,Preventive,Engine,Medium,16.9,36502.34,15615
M_001043,EQ_00363,2024-08-04,Preventive,Engine,Low,3.6,9926.43,19519
M_001044,EQ_00363,2025-04-30,Corrective,Engine,Low,11.0,42988.04,19711
M_001045,EQ_00363,2024-01-11,Corrective,Scheduled Service,Medium,13.6,43689.56,20535
M_001046,EQ_00364,2024-07-10,Preventive,Engine,Low,0.7,3016.95,21244
M_001047,EQ_00364,2026-02-25,Preventive,Tires/Tracks,Low,12.1,54231.5,22134
M_001048,EQ_00364,2025-03-20,Preventive,Engine,Low,3.9,7121.07,21232
M_001049,EQ_00364,2025-07-11,Corrective,Scheduled Service,Low,14.5,60928.55,20893
M_001050,EQ_00365,2025-12-28,Corrective,Scheduled Service,Low,6.7,15922.79,16193
M_001051,EQ_00365,2025-07-21,Preventive,Electrical,High,32.9,68776.04,15994
M_001052,EQ_00365,2025-01-29,Preventive,Engine,Low,6.1,16992.78,16463
M_001053,EQ_00365,2024-01-14,Corrective,Scheduled Service,Medium,13.7,41073.25,14981
M_001054,EQ_00366,2026-05-08,Corrective,Tires/Tracks,Medium,1.7,6283.56,8092
M_001055,EQ_00366,2025-10-06,Corrective,Tires/Tracks,High,56.8,78914.42,7806
M_001056,EQ_00366,2025-12-27,Corrective,Tires/Tracks,Medium,0.9,1523.48,8501
M_001057,EQ_00367,2025-08-31,Preventive,Scheduled Service,Medium,8.3,32202.27,13505
M_001058,EQ_00367,2025-09-28,Preventive,Electrical,Medium,17.2,74571.47,12442
M_001059,EQ_00367,2024-06-21,Preventive,Scheduled Service,Medium,4.8,10729.33,13562
M_001060,EQ_00368,2024-10-14,Preventive,Engine,Medium,14.6,58619.3,9606
M_001061,EQ_00368,2024-01-08,Corrective,Electrical,High,12.7,47621.11,9202
M_001062,EQ_00368,2026-03-31,Preventive,Electrical,Low,10.4,32653.15,10357
M_001063,EQ_00368,2024-11-04,Corrective,Electrical,Medium,7.5,14217.24,10428
M_001064,EQ_00369,2026-08-14,Preventive,Hydraulic,Low,12.7,43031.32,14786
M_001065,EQ_00369,2026-03-12,Preventive,Tires/Tracks,Medium,20.9,50876.21,14722
M_001066,EQ_00369,2026-04-03,Preventive,Engine,High,6.8,16013.47,14187
M_001067,EQ_00369,2026-01-05,Preventive,Electrical,Low,12.1,14551.77,14772
M_001068,EQ_00369,2024-01-04,Preventive,Tires/Tracks,Low,17.0,73279.54,14258
M_001069,EQ_00370,2025-07-23,Preventive,Hydraulic,Medium,7.9,13041.57,17966
M_001070,EQ_00370,2024-12-23,Preventive,Scheduled Service,Medium,8.0,14934.6,17709
M_001071,EQ_00370,2024-07-15,Corrective,Scheduled Service,Low,7.6,18133.59,17351
M_001072,EQ_00370,2024-03-05,Corrective,Scheduled Service,Low,5.3,16045.16,17824
M_001073,EQ_00370,2025-03-10,Corrective,Scheduled Service,Low,10.2,31640.52,17455
M_001074,EQ_00371,2024-04-02,Preventive,Electrical,Medium,12.3,31701.34,8089
M_001075,EQ_00371,2024-01-01,Preventive,Engine,Medium,2.6,9136.91,8051
M_001076,EQ_00371,2024-12-11,Corrective,Scheduled Service,Medium,7.9,23286.14,8599
M_001077,EQ_00371,2026-04-25,Corrective,Hydraulic,Medium,6.5,29129.85,8440
M_001078,EQ_00372,2025-12-05,Preventive,Electrical,Medium,10.2,24801.75,11424
M_001079,EQ_00372,2026-06-04,Preventive,Scheduled Service,Medium,7.8,25001.29,10490
M_001080,EQ_00372,2026-03-21,Preventive,Engine,High,43.3,194579.09,11854
M_001081,EQ_00372,2024-04-17,Preventive,Engine,Low,18.5,64859.53,10953
M_001082,EQ_00373,2024-01-11,Preventive,Electrical,Low,22.1,88856.7,1142
M_001083,EQ_00373,2025-03-02,Preventive,Scheduled Service,Medium,6.8,14011.54,2383
M_001084,EQ_00373,2025-04-23,Corrective,Electrical,Medium,21.6,84923.51,2040
M_001085,EQ_00374,2024-02-15,Preventive,Scheduled Service,High,2.0,3247.04,15532
M_001086,EQ_00374,2025-01-15,Corrective,Engine,Low,1.9,7769.51,15399
M_001087,EQ_00374,2026-07-22,Corrective,Electrical,Low,7.0,11742.09,16529
M_001088,EQ_00374,2026-04-06,Preventive,Hydraulic,Low,7.6,13980.65,17142
M_001089,EQ_00375,2025-12-14,Corrective,Engine,Low,5.3,20783.91,10109
M_001090,EQ_00375,2025-07-30,Corrective,Tires/Tracks,Low,21.5,34617.38,10651
M_001091,EQ_00375,2024-02-17,Preventive,Tires/Tracks,Medium,10.3,20918.86,10089
M_001092,EQ_00375,2026-04-20,Preventive,Engine,Low,3.1,9634.23,10803
M_001093,EQ_00376,2025-12-25,Corrective,Tires/Tracks,High,9.5,28283.62,9675
M_001094,EQ_00376,2024-01-19,Corrective,Engine,Low,15.0,23084.38,10747
M_001095,EQ_00376,2025-12-20,Corrective,Engine,Low,21.0,64297.93,10802
M_001096,EQ_00376,2024-02-23,Preventive,Hydraulic,Medium,3.2,13078.72,10877
M_001097,EQ_00376,2025-06-25,Corrective,Electrical,High,13.9,41363.41,10172
M_001098,EQ_00377,2024-02-08,Preventive,Tires/Tracks,Medium,6.6,23911.22,11552
M_001099,EQ_00378,2024-03-06,Preventive,Tires/Tracks,Medium,5.2,8449.6,6055
M_001100,EQ_00378,2024-05-04,Corrective,Tires/Tracks,High,15.8,51113.43,4738
M_001101,EQ_00379,2024-09-12,Preventive,Tires/Tracks,Low,7.4,30524.14,13256
M_001102,EQ_00379,2024-12-04,Preventive,Electrical,Low,8.4,12539.69,14262
M_001103,EQ_00379,2026-02-22,Corrective,Electrical,Medium,21.6,49160.58,13299
M_001104,EQ_00379,2025-06-26,Preventive,Tires/Tracks,Low,9.9,22067.52,14023
M_001105,EQ_00380,2026-02-25,Corrective,Engine,Low,13.2,44248.37,16707
M_001106,EQ_00380,2024-10-26,Preventive,Scheduled Service,Low,16.5,22356.92,17032
M_001107,EQ_00381,2026-04-15,Preventive,Scheduled Service,High,64.6,158432.48,8967
M_001108,EQ_00381,2024-06-20,Corrective,Hydraulic,Low,21.8,75285.56,8111
M_001109,EQ_00382,2024-01-10,Preventive,Scheduled Service,Low,19.0,55938.35,3711
M_001110,EQ_00382,2026-06-07,Corrective,Tires/Tracks,Low,5.6,13086.2,3655
M_001111,EQ_00383,2025-06-17,Corrective,Scheduled Service,High,18.9,75291.0,8691
M_001112,EQ_00383,2025-04-12,Preventive,Scheduled Service,Low,13.3,19451.44,8997
M_001113,EQ_00383,2024-08-22,Preventive,Engine,Medium,10.9,37372.9,9183
M_001114,EQ_00383,2024-07-03,Preventive,Scheduled Service,Low,6.9,30385.52,9244
M_001115,EQ_00384,2024-05-09,Corrective,Engine,High,9.9,42669.4,5279
M_001116,EQ_00384,2024-07-31,Corrective,Scheduled Service,Low,12.1,21415.64,4197
M_001117,EQ_00385,2024-06-26,Preventive,Engine,Medium,28.4,61895.22,9532
M_001118,EQ_00386,2026-03-29,Preventive,Electrical,Low,10.4,16825.81,13574
M_001119,EQ_00386,2026-04-01,Corrective,Scheduled Service,Medium,10.3,22494.14,13320
M_001120,EQ_00387,2025-02-14,Corrective,Tires/Tracks,High,30.7,39102.31,2912
M_001121,EQ_00388,2024-12-29,Preventive,Tires/Tracks,High,22.3,56294.5,16343
M_001122,EQ_00388,2024-07-18,Preventive,Electrical,Low,10.6,44974.06,15836
M_001123,EQ_00389,2026-04-03,Corrective,Scheduled Service,Medium,2.2,3299.28,5480
M_001124,EQ_00389,2025-03-26,Preventive,Scheduled Service,Low,2.9,5734.86,5355
M_001125,EQ_00389,2024-07-18,Preventive,Scheduled Service,Medium,5.9,11255.41,4886
M_001126,EQ_00389,2025-08-24,Corrective,Electrical,Low,5.2,20586.87,5532
M_001127,EQ_00390,2025-03-14,Corrective,Scheduled Service,Medium,7.2,11203.43,20461
M_001128,EQ_00390,2024-09-26,Preventive,Electrical,Low,2.8,7493.06,19789
M_001129,EQ_00390,2024-12-19,Corrective,Scheduled Service,Medium,24.0,51838.34,18979
M_001130,EQ_00390,2025-05-14,Corrective,Tires/Tracks,Low,15.1,23964.47,19738
M_001131,EQ_00391,2025-10-19,Preventive,Electrical,High,13.3,44789.34,16115
M_001132,EQ_00391,2024-11-15,Preventive,Scheduled Service,Low,1.0,2695.35,15878
M_001133,EQ_00392,2024-06-12,Preventive,Engine,Medium,6.4,26001.21,7217
M_001134,EQ_00392,2025-12-26,Preventive,Engine,High,16.6,65884.48,7256
M_001135,EQ_00393,2026-08-07,Preventive,Hydraulic,Medium,6.3,16641.94,13103
M_001136,EQ_00393,2024-04-30,Corrective,Tires/Tracks,High,13.2,48023.26,13488
M_001137,EQ_00394,2026-03-14,Preventive,Engine,Medium,8.7,14167.11,2498
M_001138,EQ_00394,2025-09-24,Corrective,Electrical,Medium,1.2,5091.43,3257
M_001139,EQ_00394,2026-05-18,Corrective,Tires/Tracks,Medium,17.9,61795.04,3185
M_001140,EQ_00394,2026-02-24,Preventive,Scheduled Service,Low,8.3,13157.06,1893
M_001141,EQ_00394,2026-04-16,Preventive,Hydraulic,Low,5.5,12213.13,3666
M_001142,EQ_00395,2025-08-18,Corrective,Engine,Medium,6.9,17037.61,3101
M_001143,EQ_00395,2026-08-10,Preventive,Tires/Tracks,Medium,25.9,108538.65,3221
M_001144,EQ_00396,2025-02-28,Preventive,Scheduled Service,Low,11.4,27572.88,20115
M_001145,EQ_00396,2026-03-04,Corrective,Scheduled Service,Medium,10.5,29424.04,21869
M_001146,EQ_00396,2025-07-17,Preventive,Tires/Tracks,Low,11.7,23316.94,21387
M_001147,EQ_00396,2025-04-07,Preventive,Electrical,High,6.4,16605.87,20931
M_001148,EQ_00397,2025-04-12,Corrective,Engine,Low,24.5,53032.14,17481
M_001149,EQ_00397,2025-04-15,Preventive,Tires/Tracks,Medium,4.8,7859.34,17242
M_001150,EQ_00397,2026-03-10,Preventive,Scheduled Service,Low,10.9,32546.4,18060
M_001151,EQ_00398,2024-10-05,Preventive,Engine,High,28.7,89421.43,4260
M_001152,EQ_00398,2024-06-09,Preventive,Hydraulic,Low,5.3,12875.08,4331
M_001153,EQ_00398,2026-01-06,Corrective,Hydraulic,Medium,5.5,8264.09,3916
M_001154,EQ_00399,2025-09-12,Preventive,Tires/Tracks,Medium,4.8,10434.46,6982
M_001155,EQ_00399,2026-05-30,Corrective,Engine,Low,4.6,16415.33,6792
M_001156,EQ_00400,2025-07-15,Preventive,Scheduled Service,Medium,1.2,5154.38,4186
M_001157,EQ_00400,2025-02-09,Preventive,Scheduled Service,Low,4.7,8629.78,4754
M_001158,EQ_00400,2024-04-23,Corrective,Engine,Medium,3.1,13061.91,4847
M_001159,EQ_00400,2025-12-15,Preventive,Engine,Low,2.2,7464.39,5037
M_001160,EQ_00401,2025-10-11,Preventive,Electrical,Low,20.3,90714.59,8972
M_001161,EQ_00401,2026-07-25,Corrective,Hydraulic,Medium,11.5,16203.52,9374
M_001162,EQ_00401,2026-04-09,Preventive,Engine,Low,2.9,8822.63,9513
M_001163,EQ_00401,2024-02-08,Preventive,Electrical,High,23.8,64924.48,9717
M_001164,EQ_00402,2024-06-12,Corrective,Hydraulic,Medium,7.1,21905.54,7000
M_001165,EQ_00402,2026-02-18,Preventive,Scheduled Service,Medium,7.2,9953.53,6822
M_001166,EQ_00402,2024-03-29,Preventive,Hydraulic,Low,13.8,54905.55,7510
M_001167,EQ_00402,2026-02-07,Preventive,Engine,Medium,30.7,61546.6,7585
M_001168,EQ_00403,2025-06-16,Preventive,Tires/Tracks,Medium,4.0,17669.16,7037
M_001169,EQ_00404,2024-11-26,Preventive,Scheduled Service,Medium,3.0,6911.59,11053
M_001170,EQ_00404,2025-10-06,Corrective,Hydraulic,Low,1.0,2378.14,11648
M_001171,EQ_00404,2024-01-28,Preventive,Engine,Medium,15.2,42801.74,12002
M_001172,EQ_00404,2024-05-16,Preventive,Tires/Tracks,Low,18.2,60869.47,11039
M_001173,EQ_00405,2025-09-28,Corrective,Tires/Tracks,Medium,17.7,43710.7,3611
M_001174,EQ_00405,2025-03-19,Preventive,Hydraulic,Low,8.6,13489.2,4454
M_001175,EQ_00406,2025-06-25,Corrective,Hydraulic,Low,1.6,3326.92,19787
M_001176,EQ_00407,2025-11-14,Corrective,Electrical,High,24.0,47431.17,16379
M_001177,EQ_00407,2026-01-14,Corrective,Hydraulic,Medium,9.3,27361.45,16917
M_001178,EQ_00408,2024-06-10,Preventive,Electrical,Low,4.0,17686.33,16960
M_001179,EQ_00408,2026-04-15,Preventive,Scheduled Service,Medium,10.0,12799.74,16068
M_001180,EQ_00408,2025-08-11,Preventive,Hydraulic,High,42.1,68244.57,17123
M_001181,EQ_00408,2025-08-10,Preventive,Electrical,Medium,16.0,50657.7,17237
M_001182,EQ_00408,2025-09-07,Corrective,Scheduled Service,Medium,12.7,16240.18,16679
M_001183,EQ_00409,2024-02-14,Preventive,Electrical,Low,8.5,18132.84,4947
M_001184,EQ_00409,2024-04-12,Preventive,Hydraulic,Low,10.2,18511.15,3299
M_001185,EQ_00409,2026-04-04,Corrective,Electrical,Low,1.7,7326.56,3185
M_001186,EQ_00409,2025-11-13,Preventive,Hydraulic,Medium,0.6,2441.5,4779
M_001187,EQ_00410,2025-08-17,Corrective,Tires/Tracks,Low,8.7,26688.39,15047
M_001188,EQ_00410,2026-03-07,Corrective,Scheduled Service,Low,13.9,16747.37,15922
M_001189,EQ_00411,2026-05-29,Preventive,Tires/Tracks,Medium,2.7,4837.68,18130
M_001190,EQ_00412,2025-06-11,Corrective,Electrical,Medium,41.3,183292.05,4018
M_001191,EQ_00412,2024-05-20,Preventive,Tires/Tracks,Medium,4.1,16729.96,3482
M_001192,EQ_00413,2024-12-19,Corrective,Electrical,High,19.1,27721.02,15670
M_001193,EQ_00413,2026-02-18,Corrective,Tires/Tracks,Low,10.7,38869.86,16228
M_001194,EQ_00413,2024-10-27,Preventive,Scheduled Service,Medium,9.7,19950.36,16765
M_001195,EQ_00413,2026-02-18,Preventive,Hydraulic,Medium,21.5,74392.58,16466
M_001196,EQ_00414,2026-01-13,Preventive,Scheduled Service,Medium,2.6,10936.11,9115
M_001197,EQ_00414,2024-12-06,Corrective,Tires/Tracks,High,10.3,42673.44,7818
M_001198,EQ_00415,2024-12-30,Preventive,Engine,Low,15.6,38353.23,17505
M_001199,EQ_00415,2024-07-12,Preventive,Tires/Tracks,Low,15.3,26060.86,18012
M_001200,EQ_00415,2026-07-24,Preventive,Electrical,Low,3.9,16176.12,16756
M_001201,EQ_00416,2026-07-30,Preventive,Hydraulic,Low,5.0,17601.59,10577
M_001202,EQ_00416,2025-02-14,Preventive,Hydraulic,Medium,24.2,105448.58,11587
M_001203,EQ_00416,2025-07-11,Corrective,Hydraulic,Medium,3.5,13404.15,10681
M_001204,EQ_00417,2025-07-25,Corrective,Hydraulic,Medium,3.9,10124.03,16866
M_001205,EQ_00418,2025-09-08,Preventive,Hydraulic,High,30.4,99744.15,2887
M_001206,EQ_00418,2024-04-15,Corrective,Tires/Tracks,Medium,13.4,32381.72,3227
M_001207,EQ_00418,2025-07-03,Preventive,Hydraulic,Low,3.3,9382.19,2930
M_001208,EQ_00419,2025-07-18,Preventive,Hydraulic,High,7.0,22746.95,8178
M_001209,EQ_00419,2024-09-27,Corrective,Electrical,High,53.9,191303.33,9551
M_001210,EQ_00420,2026-05-26,Preventive,Tires/Tracks,Low,13.8,61307.08,6405
M_001211,EQ_00420,2025-09-12,Preventive,Engine,Medium,6.5,22928.15,5914
M_001212,EQ_00421,2025-06-15,Corrective,Tires/Tracks,Low,9.7,27608.58,6734
M_001213,EQ_00421,2026-02-22,Corrective,Scheduled Service,Medium,4.6,12759.7,5328
M_001214,EQ_00422,2024-11-26,Preventive,Electrical,Low,10.7,33957.59,6346
M_001215,EQ_00422,2025-01-25,Preventive,Tires/Tracks,Low,10.3,16042.04,7416
M_001216,EQ_00422,2024-01-15,Corrective,Scheduled Service,Low,3.8,14132.84,7605
M_001217,EQ_00423,2025-10-11,Corrective,Tires/Tracks,Medium,8.5,12101.1,8751
M_001218,EQ_00423,2025-10-13,Corrective,Tires/Tracks,Medium,13.1,54294.97,8684
M_001219,EQ_00423,2024-03-01,Corrective,Electrical,Low,9.5,38906.0,7833
M_001220,EQ_00424,2024-12-18,Preventive,Scheduled Service,Medium,8.4,32235.84,2632
M_001221,EQ_00424,2025-08-19,Preventive,Electrical,Medium,2.9,12520.91,3068
M_001222,EQ_00425,2025-11-11,Corrective,Scheduled Service,Low,3.0,3676.82,15439
M_001223,EQ_00425,2024-06-14,Corrective,Electrical,Medium,9.5,21180.69,14950
M_001224,EQ_00425,2025-01-31,Preventive,Electrical,Low,2.4,10759.49,15470
M_001225,EQ_00425,2026-04-08,Corrective,Scheduled Service,Medium,6.0,21717.31,15010
M_001226,EQ_00425,2025-06-24,Preventive,Electrical,High,11.8,14891.91,14920
M_001227,EQ_00426,2025-04-26,Corrective,Electrical,High,23.3,57820.67,11655
M_001228,EQ_00426,2024-07-10,Preventive,Engine,Low,1.1,2399.31,12784
M_001229,EQ_00426,2025-10-22,Preventive,Electrical,Low,8.0,25879.59,12081
M_001230,EQ_00426,2026-04-02,Corrective,Electrical,Low,9.6,27198.83,12790
M_001231,EQ_00427,2025-02-11,Preventive,Tires/Tracks,Low,10.3,32106.31,18767
M_001232,EQ_00427,2024-10-19,Preventive,Scheduled Service,Low,0.8,2322.94,18109
M_001233,EQ_00428,2025-07-17,Corrective,Hydraulic,High,18.0,44719.51,16543
M_001234,EQ_00428,2025-07-31,Preventive,Electrical,Medium,18.2,48674.72,15286
M_001235,EQ_00428,2026-02-05,Preventive,Tires/Tracks,Medium,18.3,74045.72,14788
M_001236,EQ_00429,2025-10-14,Preventive,Tires/Tracks,High,16.7,59356.17,3729
M_001237,EQ_00429,2024-07-13,Preventive,Engine,Low,3.7,6494.89,3219
M_001238,EQ_00429,2026-04-27,Corrective,Electrical,Medium,7.2,13959.51,3449
M_001239,EQ_00429,2024-06-13,Preventive,Tires/Tracks,Low,35.7,129304.18,4260
M_001240,EQ_00430,2024-02-01,Preventive,Engine,Low,9.6,15015.81,1168
M_001241,EQ_00430,2025-03-22,Preventive,Engine,Medium,16.1,49650.51,1927
M_001242,EQ_00430,2025-06-22,Preventive,Engine,Low,3.0,8655.44,1069
M_001243,EQ_00430,2025-04-09,Preventive,Scheduled Service,Low,13.9,42665.02,2889
M_001244,EQ_00431,2026-04-23,Corrective,Hydraulic,Medium,13.5,47307.91,9967
M_001245,EQ_00431,2024-10-02,Corrective,Electrical,Low,3.2,4398.99,9659
M_001246,EQ_00431,2024-04-25,Preventive,Engine,Low,20.2,61485.02,8682
M_001247,EQ_00431,2025-10-06,Corrective,Hydraulic,Low,19.3,59449.95,8915
M_001248,EQ_00431,2024-10-27,Preventive,Engine,Low,1.5,3973.09,10125
M_001249,EQ_00432,2024-02-10,Preventive,Hydraulic,Medium,10.6,41956.77,10119
M_001250,EQ_00432,2026-05-06,Corrective,Electrical,High,16.5,40305.44,11513
M_001251,EQ_00432,2025-08-07,Corrective,Hydraulic,Medium,3.8,7355.22,11161
M_001252,EQ_00432,2025-01-25,Preventive,Hydraulic,Low,17.0,45133.64,10173
M_001253,EQ_00433,2025-05-04,Corrective,Tires/Tracks,Medium,2.4,7300.86,5846
M_001254,EQ_00433,2026-01-08,Preventive,Engine,High,9.0,16052.7,5861
M_001255,EQ_00433,2026-07-06,Corrective,Scheduled Service,Low,7.6,18183.45,4680
M_001256,EQ_00434,2025-08-19,Corrective,Scheduled Service,High,8.9,18175.55,17141
M_001257,EQ_00434,2024-11-11,Corrective,Tires/Tracks,Low,2.9,9292.15,16881
M_001258,EQ_00435,2026-07-08,Preventive,Tires/Tracks,Medium,6.2,18209.71,12100
M_001259,EQ_00435,2026-01-28,Preventive,Scheduled Service,Low,22.4,98281.02,12860
M_001260,EQ_00436,2025-12-01,Preventive,Engine,Medium,14.0,60684.27,16110
M_001261,EQ_00436,2025-02-02,Preventive,Tires/Tracks,Medium,0.8,2338.03,17504
M_001262,EQ_00436,2025-05-29,Preventive,Electrical,Medium,1.5,4778.7,17034
M_001263,EQ_00437,2026-06-12,Corrective,Tires/Tracks,Low,2.4,4641.06,2274
M_001264,EQ_00437,2025-05-10,Preventive,Electrical,Low,11.7,35057.37,2571
M_001265,EQ_00437,2026-02-05,Preventive,Electrical,Low,14.3,25260.61,3301
M_001266,EQ_00437,2025-09-20,Preventive,Engine,Low,14.2,56587.99,3418
M_001267,EQ_00437,2024-04-28,Preventive,Tires/Tracks,High,23.7,45735.77,2033
M_001268,EQ_00438,2024-01-11,Corrective,Hydraulic,Low,13.0,29457.28,18766
M_001269,EQ_00438,2025-04-17,Corrective,Electrical,Medium,23.2,36498.28,17105
M_001270,EQ_00438,2024-11-26,Preventive,Hydraulic,Low,2.5,7644.03,17290
M_001271,EQ_00439,2024-01-10,Preventive,Electrical,Low,16.5,34494.17,5697
M_001272,EQ_00439,2024-04-14,Preventive,Scheduled Service,High,3.9,15147.0,5193
M_001273,EQ_00439,2025-11-10,Corrective,Scheduled Service,Low,17.5,75675.99,4310
M_001274,EQ_00439,2025-02-20,Corrective,Scheduled Service,Medium,6.4,15144.94,5281
M_001275,EQ_00440,2026-07-03,Preventive,Tires/Tracks,Low,4.3,5826.22,10465
M_001276,EQ_00440,2024-12-01,Preventive,Electrical,Medium,4.6,10094.93,10676
M_001277,EQ_00440,2025-08-21,Preventive,Hydraulic,Low,2.4,3019.24,9983
M_001278,EQ_00440,2026-03-15,Corrective,Scheduled Service,High,50.2,208853.71,9435
M_001279,EQ_00441,2024-09-26,Preventive,Hydraulic,Medium,16.4,66905.72,8981
M_001280,EQ_00441,2024-03-05,Preventive,Engine,Low,14.1,33067.89,9788
M_001281,EQ_00441,2026-01-22,Preventive,Engine,Low,11.0,42703.33,9040
M_001282,EQ_00442,2024-03-03,Preventive,Tires/Tracks,Low,22.4,72202.33,18097
M_001283,EQ_00442,2024-11-27,Preventive,Engine,High,17.0,44791.61,17345
M_001284,EQ_00442,2024-03-11,Corrective,Tires/Tracks,Medium,0.9,3473.91,18405
M_001285,EQ_00443,2026-01-24,Preventive,Tires/Tracks,Medium,11.9,20734.39,6629
M_001286,EQ_00443,2024-12-05,Preventive,Electrical,Low,15.7,41642.83,7269
M_001287,EQ_00443,2025-10-02,Preventive,Tires/Tracks,High,28.2,96287.67,6002
M_001288,EQ_00443,2025-08-29,Preventive,Tires/Tracks,Low,8.0,34302.87,6786
M_001289,EQ_00443,2025-11-22,Corrective,Engine,Low,18.7,79147.93,6328
M_001290,EQ_00444,2024-06-27,Preventive,Scheduled Service,Low,8.1,31137.03,4680
M_001291,EQ_00444,2024-01-06,Corrective,Electrical,High,12.7,42095.43,5547
M_001292,EQ_00445,2025-07-19,Corrective,Electrical,Low,8.3,11922.36,7946
M_001293,EQ_00446,2024-08-08,Preventive,Scheduled Service,Low,9.4,16095.97,7699
M_001294,EQ_00446,2026-01-03,Preventive,Tires/Tracks,Low,11.7,52177.07,8485
M_001295,EQ_00446,2024-05-10,Preventive,Scheduled Service,Medium,8.4,17981.42,8458
M_001296,EQ_00447,2024-05-23,Corrective,Scheduled Service,Medium,7.1,16091.55,4560
M_001297,EQ_00447,2025-07-12,Corrective,Electrical,Low,4.6,12197.81,3809
M_001298,EQ_00447,2025-01-31,Preventive,Electrical,Low,13.6,31537.98,5352
M_001299,EQ_00448,2025-05-31,Preventive,Scheduled Service,Medium,16.2,27612.9,4033
M_001300,EQ_00448,2025-06-08,Preventive,Engine,Low,3.1,13027.21,3525
M_001301,EQ_00448,2025-03-17,Corrective,Engine,Medium,8.3,32791.41,4271
M_001302,EQ_00448,2026-04-28,Corrective,Engine,Medium,4.9,15747.27,3501
M_001303,EQ_00449,2024-04-25,Corrective,Electrical,Low,10.9,47303.92,5714
M_001304,EQ_00449,2024-01-05,Corrective,Scheduled Service,Medium,8.9,26088.99,5807
M_001305,EQ_00450,2025-04-07,Corrective,Engine,Medium,25.2,74938.95,9703
M_001306,EQ_00450,2025-12-21,Preventive,Engine,Medium,5.6,20709.26,10488
M_001307,EQ_00450,2025-03-08,Preventive,Scheduled Service,Low,0.2,307.33,10378
M_001308,EQ_00451,2024-06-30,Preventive,Scheduled Service,Medium,4.1,12810.15,8850
M_001309,EQ_00451,2025-12-25,Preventive,Tires/Tracks,Low,13.9,29411.44,7921
M_001310,EQ_00451,2025-09-14,Corrective,Engine,Low,4.8,10710.37,7469
M_001311,EQ_00451,2025-02-09,Preventive,Tires/Tracks,Low,26.3,79511.72,8550
M_001312,EQ_00451,2026-06-28,Preventive,Scheduled Service,Low,11.1,19873.03,7464
M_001313,EQ_00452,2024-08-14,Preventive,Electrical,Low,6.1,14668.45,9392
M_001314,EQ_00452,2025-03-27,Corrective,Electrical,High,52.0,71766.99,9119
M_001315,EQ_00452,2024-08-19,Corrective,Engine,High,13.1,47012.13,8908
M_001316,EQ_00452,2024-04-18,Preventive,Scheduled Service,Low,8.3,10697.97,8942
M_001317,EQ_00452,2025-03-21,Corrective,Scheduled Service,High,15.0,67465.29,8323
M_001318,EQ_00453,2024-06-12,Preventive,Tires/Tracks,Low,6.1,13429.15,16691
M_001319,EQ_00453,2026-03-24,Preventive,Scheduled Service,Low,11.9,27939.9,16958
M_001320,EQ_00453,2024-07-02,Preventive,Scheduled Service,Medium,1.6,4479.9,15395
M_001321,EQ_00453,2024-07-12,Corrective,Tires/Tracks,Medium,11.4,47717.23,16052
M_001322,EQ_00454,2026-05-03,Preventive,Electrical,Medium,4.5,14375.9,6003
M_001323,EQ_00454,2024-02-01,Corrective,Engine,High,12.7,23722.96,5473
M_001324,EQ_00454,2026-05-09,Corrective,Tires/Tracks,Medium,11.9,18067.96,5656
M_001325,EQ_00455,2026-01-16,Corrective,Engine,Low,4.5,15177.48,19842
M_001326,EQ_00455,2026-03-14,Corrective,Scheduled Service,Low,1.4,4699.9,21038
M_001327,EQ_00455,2026-06-06,Preventive,Hydraulic,Low,10.5,17584.96,19295
M_001328,EQ_00456,2024-10-05,Preventive,Scheduled Service,Medium,6.6,28699.9,17505
M_001329,EQ_00457,2026-01-22,Preventive,Scheduled Service,Medium,11.4,26854.9,4035
M_001330,EQ_00457,2025-03-12,Corrective,Hydraulic,Low,7.4,19856.92,3980
M_001331,EQ_00457,2025-07-05,Corrective,Scheduled Service,Low,4.6,19306.9,3273
M_001332,EQ_00458,2025-04-03,Corrective,Scheduled Service,High,46.6,172262.86,7298
M_001333,EQ_00458,2024-11-01,Corrective,Hydraulic,Low,15.8,41645.79,7648
M_001334,EQ_00458,2026-03-07,Preventive,Electrical,Medium,3.9,9683.25,6523
M_001335,EQ_00459,2026-08-06,Corrective,Hydraulic,High,15.3,35942.31,4691
M_001336,EQ_00459,2025-05-14,Corrective,Scheduled Service,Medium,1.5,6404.43,5340
M_001337,EQ_00459,2024-05-28,Preventive,Tires/Tracks,Low,26.6,108661.08,3913
M_001338,EQ_00459,2025-08-20,Preventive,Tires/Tracks,Medium,4.9,18048.09,4666
M_001339,EQ_00459,2026-05-28,Corrective,Hydraulic,High,27.1,92267.22,4419
M_001340,EQ_00460,2024-10-12,Preventive,Hydraulic,Medium,2.8,4094.23,6022
M_001341,EQ_00461,2024-04-04,Preventive,Scheduled Service,Medium,3.9,7187.81,8214
M_001342,EQ_00461,2025-09-20,Preventive,Electrical,Medium,22.2,51931.48,7736
M_001343,EQ_00462,2025-06-27,Preventive,Tires/Tracks,Medium,10.1,17565.25,2689
M_001344,EQ_00462,2025-05-22,Corrective,Engine,Low,19.2,69352.24,3178
M_001345,EQ_00462,2024-11-03,Preventive,Hydraulic,High,45.5,161174.59,4037
M_001346,EQ_00462,2024-11-20,Preventive,Engine,Medium,8.3,24783.34,4034
M_001347,EQ_00463,2024-10-02,Corrective,Electrical,High,12.8,54369.25,135
M_001348,EQ_00463,2026-05-12,Corrective,Hydraulic,Medium,10.7,26647.88,869
M_001349,EQ_00463,2025-08-26,Corrective,Electrical,Low,15.7,48518.75,684
M_001350,EQ_00464,2025-07-18,Preventive,Hydraulic,Low,7.8,25844.73,9076
M_001351,EQ_00464,2025-03-27,Preventive,Engine,Medium,21.3,62570.61,9295
M_001352,EQ_00464,2024-08-30,Corrective,Tires/Tracks,Low,21.1,65297.54,9850
M_001353,EQ_00464,2025-10-28,Preventive,Tires/Tracks,Medium,13.0,44639.5,10289
M_001354,EQ_00465,2025-06-15,Corrective,Tires/Tracks,High,6.0,9441.27,16288
M_001355,EQ_00466,2024-05-31,Corrective,Scheduled Service,Low,12.5,23268.76,7203
M_001356,EQ_00466,2026-08-13,Corrective,Tires/Tracks,Low,5.4,15879.08,6997
M_001357,EQ_00466,2025-10-30,Preventive,Engine,Medium,18.9,78630.45,7416
M_001358,EQ_00466,2024-08-01,Corrective,Engine,Low,10.1,12763.16,6210
M_001359,EQ_00467,2025-02-02,Preventive,Tires/Tracks,Low,4.6,11264.72,19037
M_001360,EQ_00467,2024-12-10,Corrective,Engine,Low,4.5,11193.15,18101
M_001361,EQ_00467,2024-02-06,Corrective,Tires/Tracks,Medium,4.0,16000.53,19092
M_001362,EQ_00467,2026-02-04,Corrective,Hydraulic,Low,7.4,29976.61,19730
M_001363,EQ_00468,2026-06-24,Preventive,Electrical,Low,8.8,31286.96,8954
M_001364,EQ_00468,2026-07-22,Corrective,Tires/Tracks,Medium,24.4,55703.42,9329
M_001365,EQ_00468,2024-07-16,Preventive,Electrical,Low,14.1,24879.67,8333
M_001366,EQ_00468,2026-06-07,Corrective,Hydraulic,Medium,2.9,8256.55,8914
M_001367,EQ_00469,2026-05-21,Preventive,Electrical,Medium,7.5,18612.62,19057
M_001368,EQ_00469,2024-02-15,Corrective,Electrical,Low,11.5,37245.75,20156
M_001369,EQ_00469,2025-08-12,Corrective,Tires/Tracks,Medium,8.7,13826.65,19293
M_001370,EQ_00470,2025-03-09,Preventive,Engine,Medium,12.4,28387.08,6408
M_001371,EQ_00470,2024-05-02,Corrective,Hydraulic,High,18.0,62160.49,5679
M_001372,EQ_00470,2025-05-17,Preventive,Engine,Medium,7.9,28941.42,5776
M_001373,EQ_00471,2025-04-02,Corrective,Engine,Medium,8.2,23398.43,12537
M_001374,EQ_00471,2024-07-08,Corrective,Electrical,Low,6.3,17801.63,11183
M_001375,EQ_00471,2025-11-18,Corrective,Electrical,Medium,9.4,16522.81,12920
M_001376,EQ_00472,2024-05-06,Preventive,Electrical,Low,11.8,37429.64,16512
M_001377,EQ_00472,2025-12-29,Corrective,Electrical,Low,5.8,11790.1,17533
M_001378,EQ_00472,2026-04-17,Corrective,Tires/Tracks,Low,3.1,6277.9,17056
M_001379,EQ_00472,2026-02-10,Preventive,Electrical,Medium,1.8,6143.77,17552
M_001380,EQ_00472,2024-03-31,Corrective,Scheduled Service,Low,10.7,16759.43,17297
M_001381,EQ_00473,2025-11-22,Preventive,Hydraulic,Low,14.1,37906.04,2396
M_001382,EQ_00473,2025-07-20,Preventive,Electrical,Medium,9.1,26806.09,804
M_001383,EQ_00473,2025-06-12,Preventive,Hydraulic,Medium,19.7,77363.44,1167
M_001384,EQ_00474,2024-12-05,Preventive,Engine,Low,6.8,8213.38,21013
M_001385,EQ_00474,2024-02-01,Preventive,Engine,Medium,25.2,58112.33,20431
M_001386,EQ_00474,2026-04-27,Corrective,Hydraulic,High,11.0,40105.68,20664
M_001387,EQ_00474,2025-07-01,Preventive,Hydraulic,Low,3.4,10846.37,20907
M_001388,EQ_00474,2025-12-03,Preventive,Tires/Tracks,High,1.3,3579.86,20967
M_001389,EQ_00475,2025-12-26,Preventive,Tires/Tracks,Medium,10.5,45033.28,8544
M_001390,EQ_00475,2026-08-15,Preventive,Scheduled Service,Low,1.0,2019.67,7668
M_001391,EQ_00475,2026-05-12,Preventive,Tires/Tracks,Medium,16.2,56583.66,9194
M_001392,EQ_00475,2025-05-06,Preventive,Hydraulic,Low,7.1,21600.32,8573
M_001393,EQ_00475,2026-03-29,Preventive,Engine,Low,26.6,45942.84,8778
M_001394,EQ_00476,2024-06-01,Preventive,Hydraulic,Low,12.7,43230.15,11205
M_001395,EQ_00476,2026-07-12,Preventive,Scheduled Service,Medium,3.7,16113.05,10533
M_001396,EQ_00476,2024-03-31,Corrective,Scheduled Service,Low,10.8,21620.03,11373
M_001397,EQ_00476,2024-11-18,Preventive,Electrical,High,11.1,17215.24,10631
M_001398,EQ_00477,2024-12-19,Preventive,Scheduled Service,Low,4.0,8166.42,13486
M_001399,EQ_00477,2026-08-07,Preventive,Engine,Medium,7.5,30676.76,14001
M_001400,EQ_00477,2024-08-23,Preventive,Electrical,Low,4.2,11189.64,13154
M_001401,EQ_00477,2024-08-17,Preventive,Hydraulic,Medium,4.5,6941.81,13419
M_001402,EQ_00477,2024-05-28,Preventive,Electrical,Low,9.4,30668.36,14547
M_001403,EQ_00478,2024-07-29,Corrective,Scheduled Service,Medium,6.6,29136.35,13621
M_001404,EQ_00478,2025-01-25,Corrective,Hydraulic,Low,13.7,37206.5,13380
M_001405,EQ_00478,2025-12-16,Preventive,Tires/Tracks,Low,13.5,19448.71,14940
M_001406,EQ_00479,2026-03-21,Preventive,Electrical,Medium,6.3,15950.07,1302
M_001407,EQ_00480,2025-10-30,Preventive,Electrical,Medium,2.6,7814.84,18592
M_001408,EQ_00480,2026-03-25,Preventive,Tires/Tracks,Medium,2.9,4821.49,18601
M_001409,EQ_00480,2024-10-07,Preventive,Scheduled Service,Medium,19.8,39929.63,19084
M_001410,EQ_00480,2024-06-21,Corrective,Tires/Tracks,Low,1.7,7446.09,19255
M_001411,EQ_00481,2026-06-15,Corrective,Engine,High,27.7,70684.31,13933
M_001412,EQ_00481,2025-03-23,Preventive,Engine,Low,13.4,43055.72,13681
M_001413,EQ_00481,2025-02-18,Corrective,Electrical,Medium,4.4,7417.47,14554
M_001414,EQ_00482,2024-10-20,Corrective,Tires/Tracks,Low,2.2,7357.97,21383
M_001415,EQ_00482,2026-05-09,Corrective,Tires/Tracks,Low,8.4,24086.22,21550
M_001416,EQ_00482,2025-03-08,Corrective,Scheduled Service,High,7.6,19105.36,21526
M_001417,EQ_00482,2024-06-18,Preventive,Hydraulic,Low,5.0,12031.47,22647
M_001418,EQ_00482,2025-07-15,Preventive,Tires/Tracks,Medium,2.1,2693.84,22812
M_001419,EQ_00483,2024-04-16,Corrective,Engine,Medium,7.6,14056.16,10958
M_001420,EQ_00483,2024-01-12,Preventive,Engine,Low,2.2,4929.17,9886
M_001421,EQ_00484,2024-11-07,Preventive,Hydraulic,Low,6.4,11478.94,13625
M_001422,EQ_00485,2024-02-06,Corrective,Tires/Tracks,Medium,16.7,36360.29,10675
M_001423,EQ_00485,2025-03-26,Preventive,Tires/Tracks,Low,5.8,7800.44,10954
M_001424,EQ_00486,2024-06-26,Preventive,Scheduled Service,Low,31.5,114154.84,18975
M_001425,EQ_00486,2025-04-20,Corrective,Electrical,Low,1.8,4640.51,19398
M_001426,EQ_00486,2024-07-31,Preventive,Tires/Tracks,Low,6.0,14171.18,19904
M_001427,EQ_00487,2025-02-18,Preventive,Hydraulic,Low,27.5,110504.04,18129
M_001428,EQ_00487,2026-02-16,Corrective,Scheduled Service,Medium,12.3,36066.45,19322
M_001429,EQ_00487,2024-02-12,Preventive,Tires/Tracks,Medium,14.9,42528.9,18188
M_001430,EQ_00487,2024-09-01,Corrective,Hydraulic,Low,12.2,34505.32,18678
M_001431,EQ_00488,2024-03-19,Preventive,Electrical,Low,3.1,5538.73,20863
M_001432,EQ_00488,2024-03-06,Corrective,Scheduled Service,Low,6.3,19840.51,19452
M_001433,EQ_00488,2025-04-15,Preventive,Scheduled Service,Low,14.0,60013.28,20333
M_001434,EQ_00489,2026-05-13,Preventive,Hydraulic,Low,1.4,1795.33,10483
M_001435,EQ_00489,2025-11-07,Preventive,Electrical,Low,8.6,21813.83,10843
M_001436,EQ_00489,2024-07-30,Preventive,Scheduled Service,Low,8.0,15225.83,10740
M_001437,EQ_00490,2026-08-11,Preventive,Electrical,Medium,12.8,22668.55,17419
M_001438,EQ_00490,2025-06-28,Corrective,Hydraulic,Low,13.2,24547.5,16802
M_001439,EQ_00490,2025-07-02,Preventive,Engine,Medium,9.6,32963.09,18240
M_001440,EQ_00491,2025-09-04,Corrective,Engine,Low,7.7,34536.08,9165
M_001441,EQ_00491,2025-09-02,Preventive,Hydraulic,Medium,33.3,81393.74,7604
M_001442,EQ_00491,2026-03-30,Preventive,Electrical,Low,7.7,15511.18,8544
M_001443,EQ_00491,2024-09-20,Preventive,Engine,High,0.6,2019.83,8324
M_001444,EQ_00492,2026-02-14,Corrective,Hydraulic,Low,1.9,3698.77,9438
M_001445,EQ_00492,2026-06-25,Corrective,Engine,High,10.9,13648.64,10289
M_001446,EQ_00492,2025-02-01,Corrective,Scheduled Service,Low,15.0,34735.25,10223
M_001447,EQ_00492,2024-12-16,Preventive,Tires/Tracks,Low,6.8,8430.47,10854
M_001448,EQ_00493,2024-02-23,Corrective,Electrical,Medium,19.8,75933.47,16764
M_001449,EQ_00493,2025-03-28,Corrective,Engine,Medium,8.0,34894.7,17577
M_001450,EQ_00493,2025-03-25,Corrective,Tires/Tracks,Medium,5.1,14229.65,16018
M_001451,EQ_00493,2025-10-09,Corrective,Electrical,Low,16.7,60320.17,16500
M_001452,EQ_00494,2026-06-09,Preventive,Hydraulic,Low,3.3,13676.16,2894
M_001453,EQ_00495,2026-04-10,Preventive,Electrical,Medium,1.9,2449.13,14992
M_001454,EQ_00496,2025-09-27,Corrective,Tires/Tracks,Low,24.2,74909.36,188
M_001455,EQ_00496,2026-04-04,Corrective,Scheduled Service,Low,6.9,25172.45,1586
M_001456,EQ_00496,2024-12-16,Corrective,Tires/Tracks,Low,2.3,5075.01,441
M_001457,EQ_00496,2025-09-06,Preventive,Hydraulic,Medium,9.7,30695.56,1254
M_001458,EQ_00497,2025-01-13,Corrective,Scheduled Service,Medium,11.8,50879.12,13260
M_001459,EQ_00498,2025-11-27,Preventive,Engine,Low,6.0,19187.25,10509
M_001460,EQ_00499,2026-04-29,Corrective,Scheduled Service,Medium,8.5,13086.04,9748
M_001461,EQ_00499,2024-01-06,Preventive,Tires/Tracks,Medium,1.3,3112.99,10903
M_001462,EQ_00499,2024-04-06,Preventive,Scheduled Service,Low,9.3,34100.72,10617
M_001463,EQ_00499,2026-03-03,Corrective,Hydraulic,Low,15.8,56734.48,9829
M_001464,EQ_00499,2026-07-01,Corrective,Engine,Low,8.8,32002.99,10450
M_001465,EQ_00500,2025-05-29,Preventive,Scheduled Service,Medium,7.1,27488.05,11932
M_001466,EQ_00500,2024-06-21,Preventive,Scheduled Service,Medium,13.8,35267.83,11448
M_001467,EQ_00500,2025-05-02,Corrective,Scheduled Service,Medium,7.0,25962.3,10561
M_001468,EQ_00500,2026-05-09,Preventive,Engine,Medium,4.1,12495.33,11214
M_001469,EQ_00501,2025-01-12,Corrective,Engine,Medium,24.7,32260.64,10316
M_001470,EQ_00501,2024-06-07,Corrective,Scheduled Service,Low,15.5,24425.9,10577
M_001471,EQ_00501,2026-08-16,Corrective,Electrical,Low,4.5,18660.86,12073
M_001472,EQ_00501,2026-03-24,Preventive,Scheduled Service,Low,1.8,7288.46,11516
M_001473,EQ_00502,2025-03-16,Corrective,Engine,Low,10.3,31725.99,8979
M_001474,EQ_00502,2025-07-04,Preventive,Hydraulic,Medium,1.9,7532.75,8651
M_001475,EQ_00502,2024-11-10,Preventive,Hydraulic,Low,7.4,27449.5,8692
M_001476,EQ_00502,2025-11-23,Preventive,Engine,Medium,2.1,5549.12,9434
M_001477,EQ_00503,2024-07-30,Corrective,Electrical,Medium,15.4,39116.64,10309
M_001478,EQ_00503,2024-06-21,Corrective,Electrical,Medium,18.4,74538.06,9238
M_001479,EQ_00504,2025-07-08,Corrective,Tires/Tracks,Medium,6.3,14235.24,13266
M_001480,EQ_00504,2024-05-04,Preventive,Tires/Tracks,Low,1.5,6215.77,12075
M_001481,EQ_00505,2024-06-15,Preventive,Tires/Tracks,Medium,1.4,4420.22,16854
M_001482,EQ_00505,2024-01-02,Corrective,Scheduled Service,High,12.7,52067.12,17430
M_001483,EQ_00506,2025-12-18,Preventive,Hydraulic,Low,8.3,12195.98,11916
M_001484,EQ_00506,2024-07-20,Preventive,Engine,Low,6.7,19450.28,12266
M_001485,EQ_00506,2024-07-23,Preventive,Engine,Low,9.9,37531.9,12601
M_001486,EQ_00506,2024-07-03,Corrective,Tires/Tracks,Medium,11.4,20883.18,13057
M_001487,EQ_00507,2024-01-22,Preventive,Engine,High,7.0,27984.48,14365
M_001488,EQ_00507,2025-02-07,Preventive,Engine,Medium,6.1,11816.23,13847
M_001489,EQ_00507,2024-10-24,Preventive,Electrical,Low,8.0,25149.11,13899
M_001490,EQ_00508,2025-02-27,Preventive,Scheduled Service,Low,1.6,6135.93,18235
M_001491,EQ_00509,2024-03-02,Corrective,Electrical,Medium,9.3,38928.08,21754
M_001492,EQ_00509,2024-09-11,Corrective,Tires/Tracks,High,37.5,45509.76,22101
M_001493,EQ_00509,2025-06-09,Preventive,Engine,Medium,1.4,3069.71,22325
M_001494,EQ_00509,2026-04-04,Corrective,Engine,Medium,15.0,31916.2,22083
M_001495,EQ_00510,2026-03-05,Preventive,Scheduled Service,High,26.5,77582.39,2200
M_001496,EQ_00510,2025-07-10,Preventive,Hydraulic,Medium,22.1,58138.99,1995
M_001497,EQ_00510,2024-11-04,Preventive,Electrical,Low,2.5,8454.11,3013
M_001498,EQ_00511,2026-08-20,Preventive,Hydraulic,Medium,6.8,20931.15,16005
M_001499,EQ_00512,2025-07-21,Preventive,Tires/Tracks,Low,2.8,9775.57,4525
M_001500,EQ_00513,2025-02-14,Preventive,Scheduled Service,Low,11.9,52810.01,4464
M_001501,EQ_00513,2025-06-29,Corrective,Hydraulic,Low,5.0,19897.95,4205
M_001502,EQ_00513,2026-04-17,Corrective,Tires/Tracks,Medium,4.7,5885.5,3779
M_001503,EQ_00514,2024-11-06,Preventive,Hydraulic,High,9.5,25056.36,17265
M_001504,EQ_00514,2024-09-22,Preventive,Engine,High,8.2,11697.67,17504
M_001505,EQ_00514,2024-11-20,Corrective,Hydraulic,Medium,4.9,7936.41,17631
M_001506,EQ_00514,2024-03-31,Corrective,Hydraulic,Medium,19.2,38130.89,17653
M_001507,EQ_00515,2024-05-11,Preventive,Scheduled Service,Medium,9.6,34487.57,1142
M_001508,EQ_00515,2024-02-29,Preventive,Scheduled Service,Low,4.9,14870.56,1919
M_001509,EQ_00515,2025-02-16,Preventive,Scheduled Service,Medium,4.5,7819.05,2838
M_001510,EQ_00516,2024-07-17,Preventive,Tires/Tracks,Low,4.8,17744.62,18229
M_001511,EQ_00516,2025-04-19,Preventive,Scheduled Service,Low,3.6,7881.2,18155
M_001512,EQ_00516,2025-10-14,Preventive,Scheduled Service,Low,12.0,24471.33,18204
M_001513,EQ_00517,2024-12-12,Preventive,Engine,Medium,3.9,6667.18,16692
M_001514,EQ_00517,2026-06-30,Corrective,Tires/Tracks,Medium,1.2,2426.22,17573
M_001515,EQ_00518,2024-11-25,Preventive,Engine,Low,20.3,55412.76,21117
M_001516,EQ_00518,2024-01-13,Preventive,Engine,High,30.9,39090.47,21979
M_001517,EQ_00519,2025-08-05,Corrective,Engine,Low,2.8,3488.72,14550
M_001518,EQ_00520,2024-04-05,Corrective,Engine,High,30.8,111070.11,19669
M_001519,EQ_00520,2024-10-19,Preventive,Engine,Low,7.4,10864.63,19490
M_001520,EQ_00520,2026-06-21,Corrective,Electrical,High,13.3,36981.33,20158
M_001521,EQ_00521,2024-03-24,Corrective,Hydraulic,High,1.8,5658.3,3688
M_001522,EQ_00521,2025-01-11,Corrective,Scheduled Service,Low,5.7,17263.07,2447
M_001523,EQ_00521,2025-04-12,Corrective,Tires/Tracks,Medium,7.1,20360.18,3664
M_001524,EQ_00522,2025-05-17,Preventive,Tires/Tracks,Low,1.6,5864.43,19733
M_001525,EQ_00522,2025-06-22,Preventive,Engine,Low,11.2,43936.44,20530
M_001526,EQ_00523,2026-06-06,Corrective,Engine,Medium,8.2,20269.91,4780
M_001527,EQ_00523,2024-06-17,Preventive,Tires/Tracks,Medium,5.3,13946.72,3422
M_001528,EQ_00524,2024-10-19,Corrective,Tires/Tracks,Low,0.3,1304.39,7572
M_001529,EQ_00524,2024-01-07,Corrective,Electrical,Medium,10.4,16629.34,7828
M_001530,EQ_00524,2026-04-05,Corrective,Hydraulic,Low,1.6,3863.42,7036
M_001531,EQ_00524,2024-01-22,Corrective,Scheduled Service,High,9.6,41960.39,6553
M_001532,EQ_00524,2024-03-04,Preventive,Electrical,Medium,17.1,47284.97,7359
M_001533,EQ_00525,2026-08-25,Corrective,Electrical,Low,3.1,5070.65,3968
M_001534,EQ_00525,2025-01-19,Preventive,Tires/Tracks,Low,5.1,8293.64,3607
M_001535,EQ_00525,2026-04-15,Preventive,Hydraulic,Low,11.1,40722.64,3912
M_001536,EQ_00526,2026-08-14,Preventive,Hydraulic,Low,19.6,66215.83,8761
M_001537,EQ_00526,2024-06-26,Preventive,Tires/Tracks,Low,4.8,8439.02,8542
M_001538,EQ_00526,2025-05-12,Preventive,Hydraulic,High,14.5,32158.5,9068
M_001539,EQ_00526,2026-03-04,Corrective,Scheduled Service,Medium,34.6,61761.53,10048
M_001540,EQ_00526,2024-06-22,Corrective,Scheduled Service,High,27.6,45648.83,10045
M_001541,EQ_00527,2024-05-21,Preventive,Engine,Medium,11.7,23863.27,15893
M_001542,EQ_00527,2025-02-06,Corrective,Hydraulic,Low,5.7,7607.18,16807
M_001543,EQ_00527,2024-07-14,Preventive,Electrical,Low,8.7,14117.3,17497
M_001544,EQ_00528,2024-03-09,Preventive,Electrical,Low,2.9,6676.04,5732
M_001545,EQ_00528,2024-07-17,Preventive,Electrical,Medium,17.7,23949.46,7102
M_001546,EQ_00529,2025-08-17,Corrective,Electrical,Low,4.2,18450.36,17617
M_001547,EQ_00529,2024-10-31,Preventive,Hydraulic,Low,9.6,38112.76,17597
M_001548,EQ_00529,2024-06-27,Corrective,Scheduled Service,Medium,11.0,20919.71,17760
M_001549,EQ_00529,2025-09-01,Preventive,Scheduled Service,Low,4.0,8108.35,17920
M_001550,EQ_00530,2024-09-23,Preventive,Electrical,Low,25.3,60240.84,12991
M_001551,EQ_00530,2024-09-07,Corrective,Engine,Low,9.6,36350.64,13513
M_001552,EQ_00530,2024-07-06,Preventive,Engine,Low,12.5,54909.79,14127
M_001553,EQ_00530,2026-01-03,Corrective,Engine,Medium,3.5,13415.19,13306
M_001554,EQ_00530,2025-03-19,Preventive,Scheduled Service,Medium,5.7,18089.37,14443
M_001555,EQ_00531,2024-09-01,Preventive,Tires/Tracks,Medium,1.8,6541.89,13600
M_001556,EQ_00531,2026-01-07,Corrective,Scheduled Service,Low,8.9,28126.74,13247
M_001557,EQ_00531,2024-07-08,Corrective,Electrical,Low,13.9,52545.94,14100
M_001558,EQ_00531,2024-12-23,Preventive,Scheduled Service,Low,27.5,46302.07,14256
M_001559,EQ_00531,2025-02-06,Preventive,Tires/Tracks,Low,15.8,33679.62,13741
M_001560,EQ_00532,2025-11-15,Preventive,Hydraulic,Medium,5.4,21705.93,21631
M_001561,EQ_00533,2024-03-18,Preventive,Electrical,High,31.4,62477.31,9289
M_001562,EQ_00533,2025-04-14,Preventive,Engine,Low,3.6,5096.23,9864
M_001563,EQ_00533,2024-09-02,Corrective,Tires/Tracks,Low,5.3,23380.05,8873
M_001564,EQ_00533,2025-07-23,Preventive,Engine,High,28.2,64557.5,9366
M_001565,EQ_00534,2024-03-15,Corrective,Electrical,Low,17.7,53706.57,8343
M_001566,EQ_00534,2024-02-15,Preventive,Hydraulic,Low,20.0,44273.61,8570
M_001567,EQ_00535,2026-02-24,Preventive,Scheduled Service,Low,4.3,16516.81,21388
M_001568,EQ_00535,2024-09-22,Corrective,Electrical,High,20.1,87191.17,21221
M_001569,EQ_00535,2025-01-03,Preventive,Tires/Tracks,Low,5.3,8490.37,22425
M_001570,EQ_00536,2024-12-28,Corrective,Hydraulic,Low,31.5,124220.35,11743
M_001571,EQ_00537,2025-09-19,Corrective,Engine,Medium,33.1,138288.22,13333
M_001572,EQ_00537,2025-05-02,Preventive,Hydraulic,Low,5.5,16165.6,13725
M_001573,EQ_00537,2026-03-30,Corrective,Engine,Medium,26.8,69806.79,14169
M_001574,EQ_00537,2025-04-06,Preventive,Scheduled Service,Medium,1.9,7727.72,13191
M_001575,EQ_00538,2026-01-22,Corrective,Engine,Low,8.2,21319.38,6552
M_001576,EQ_00538,2025-09-10,Preventive,Electrical,Low,12.6,25915.65,7778
M_001577,EQ_00538,2025-04-29,Corrective,Hydraulic,Low,8.1,25630.41,6763
M_001578,EQ_00539,2024-12-23,Corrective,Scheduled Service,High,31.2,44640.96,4770
M_001579,EQ_00539,2026-07-23,Preventive,Electrical,High,5.2,9319.22,4560
M_001580,EQ_00539,2025-01-08,Corrective,Engine,Low,12.8,56573.88,4211
M_001581,EQ_00539,2024-12-04,Preventive,Engine,Medium,2.4,10456.91,5237
M_001582,EQ_00540,2024-11-06,Preventive,Engine,Medium,1.0,1925.09,4913
M_001583,EQ_00541,2024-08-06,Preventive,Electrical,Medium,8.5,30129.88,5606
M_001584,EQ_00541,2026-03-01,Preventive,Engine,Medium,14.7,22259.36,4634
M_001585,EQ_00542,2024-04-07,Preventive,Scheduled Service,Medium,9.8,42233.49,5001
M_001586,EQ_00542,2024-06-21,Corrective,Electrical,High,14.8,40902.24,4338
M_001587,EQ_00543,2025-07-10,Corrective,Scheduled Service,Medium,4.8,12118.15,15566
M_001588,EQ_00543,2024-10-19,Corrective,Tires/Tracks,Low,3.7,5519.87,17046
M_001589,EQ_00543,2024-11-15,Preventive,Engine,Medium,9.1,31335.55,15834
M_001590,EQ_00544,2025-05-31,Preventive,Electrical,Medium,14.4,34779.3,909
M_001591,EQ_00544,2025-08-29,Corrective,Electrical,Low,11.9,27659.1,1305
M_001592,EQ_00544,2024-10-08,Preventive,Tires/Tracks,Medium,1.4,3717.59,1341
M_001593,EQ_00544,2025-08-28,Corrective,Tires/Tracks,Low,17.2,44386.97,1573
M_001594,EQ_00544,2026-02-20,Preventive,Electrical,Medium,7.7,14125.07,995
M_001595,EQ_00545,2024-02-09,Preventive,Tires/Tracks,Medium,10.2,38205.66,13344
M_001596,EQ_00545,2026-01-04,Corrective,Hydraulic,Low,10.8,20791.79,13120
M_001597,EQ_00546,2024-02-06,Preventive,Hydraulic,Medium,9.5,38575.61,21568
M_001598,EQ_00546,2026-07-05,Preventive,Engine,Low,10.0,13767.91,21172
M_001599,EQ_00547,2026-07-16,Preventive,Tires/Tracks,Medium,9.0,15127.27,16328
M_001600,EQ_00547,2025-10-27,Corrective,Hydraulic,Medium,17.0,70356.8,17535
M_001601,EQ_00547,2025-03-07,Preventive,Engine,High,14.8,51617.11,17722
M_001602,EQ_00548,2024-12-17,Preventive,Scheduled Service,Medium,41.4,73303.47,9085
M_001603,EQ_00548,2024-06-04,Corrective,Tires/Tracks,Medium,8.4,16489.75,8853
M_001604,EQ_00549,2025-01-13,Preventive,Hydraulic,High,9.7,14009.0,1102
M_001605,EQ_00549,2025-02-23,Preventive,Engine,Low,6.7,15727.09,1025
M_001606,EQ_00550,2026-08-14,Preventive,Tires/Tracks,Low,37.4,93442.03,17862
M_001607,EQ_00550,2025-11-15,Corrective,Tires/Tracks,Low,17.9,36922.59,17773
M_001608,EQ_00550,2024-01-29,Preventive,Hydraulic,Medium,30.0,104740.68,17971
M_001609,EQ_00551,2025-07-02,Corrective,Electrical,Low,7.7,20798.15,-23
M_001610,EQ_00551,2024-04-05,Preventive,Electrical,Medium,11.4,48206.92,440
M_001611,EQ_00552,2024-10-02,Preventive,Hydraulic,Medium,4.5,17224.03,14682
M_001612,EQ_00552,2024-06-18,Preventive,Tires/Tracks,Medium,5.5,15267.53,14249
M_001613,EQ_00552,2025-09-14,Preventive,Scheduled Service,Medium,4.6,12427.47,14411
M_001614,EQ_00553,2024-06-10,Preventive,Scheduled Service,Low,16.1,24710.59,15251
M_001615,EQ_00554,2024-04-23,Corrective,Scheduled Service,High,37.5,130569.57,5323
M_001616,EQ_00554,2024-10-02,Preventive,Scheduled Service,Low,1.4,3265.74,4665
M_001617,EQ_00555,2026-03-01,Corrective,Scheduled Service,Medium,1.4,3730.19,16092
M_001618,EQ_00555,2025-08-16,Preventive,Engine,Medium,3.2,6326.24,16274
M_001619,EQ_00555,2024-02-16,Preventive,Engine,High,31.1,39943.87,15916
M_001620,EQ_00556,2024-05-20,Preventive,Scheduled Service,Medium,22.6,66112.38,3996
M_001621,EQ_00556,2025-07-16,Preventive,Engine,Medium,3.6,11603.41,5031
M_001622,EQ_00556,2025-06-13,Preventive,Hydraulic,Low,4.8,17170.21,4554
M_001623,EQ_00556,2024-10-27,Preventive,Hydraulic,Medium,36.4,132520.78,4030
M_001624,EQ_00557,2025-05-09,Preventive,Engine,Medium,7.4,10307.13,4809
M_001625,EQ_00557,2025-05-18,Preventive,Hydraulic,High,3.4,12609.47,6076
M_001626,EQ_00558,2025-07-14,Corrective,Engine,Low,4.3,11205.81,17965
M_001627,EQ_00558,2024-04-14,Preventive,Tires/Tracks,Medium,11.7,31597.17,18042
M_001628,EQ_00559,2024-04-26,Corrective,Tires/Tracks,Medium,12.1,48841.81,20584
M_001629,EQ_00559,2024-01-14,Corrective,Scheduled Service,Medium,6.3,25106.78,20567
M_001630,EQ_00559,2025-09-16,Preventive,Scheduled Service,Low,2.9,11843.36,21020
M_001631,EQ_00559,2024-02-29,Corrective,Engine,Medium,6.8,12063.71,21183
M_001632,EQ_00560,2025-06-14,Preventive,Hydraulic,Low,3.0,4303.83,5248
M_001633,EQ_00560,2024-10-11,Preventive,Hydraulic,Medium,15.0,22704.59,7006
M_001634,EQ_00560,2024-09-17,Corrective,Hydraulic,Medium,10.2,21756.23,6236
M_001635,EQ_00561,2024-09-19,Corrective,Hydraulic,High,36.5,131176.1,19827
M_001636,EQ_00561,2025-08-13,Preventive,Electrical,Medium,14.2,48771.34,20576
M_001637,EQ_00561,2026-03-31,Preventive,Engine,Medium,8.9,12748.04,19422
M_001638,EQ_00561,2025-01-01,Preventive,Scheduled Service,Medium,11.2,23113.75,19655
M_001639,EQ_00562,2025-05-07,Corrective,Scheduled Service,Medium,10.1,22623.16,20473
M_001640,EQ_00562,2025-06-09,Corrective,Tires/Tracks,Medium,3.4,4394.68,19136
M_001641,EQ_00562,2025-11-22,Preventive,Engine,Low,7.0,13237.92,20001
M_001642,EQ_00563,2026-03-11,Corrective,Electrical,Low,1.5,3587.06,17493
M_001643,EQ_00564,2024-02-22,Corrective,Scheduled Service,Medium,7.7,33049.24,2869
M_001644,EQ_00564,2024-12-10,Preventive,Engine,Medium,0.9,2950.3,2819
M_001645,EQ_00565,2024-08-18,Corrective,Electrical,Low,9.5,14563.98,7737
M_001646,EQ_00565,2026-05-06,Corrective,Hydraulic,Low,12.0,36845.71,6161
M_001647,EQ_00566,2026-01-02,Preventive,Engine,Medium,13.8,35482.76,15861
M_001648,EQ_00566,2024-10-01,Preventive,Tires/Tracks,Medium,12.1,51935.93,15838
M_001649,EQ_00566,2025-10-16,Preventive,Engine,Low,12.9,51561.61,15235
M_001650,EQ_00567,2025-09-30,Preventive,Electrical,Medium,9.4,40549.89,22075
M_001651,EQ_00567,2024-10-12,Corrective,Electrical,Low,11.4,34088.8,21728
M_001652,EQ_00568,2025-06-02,Preventive,Hydraulic,Low,4.7,11926.59,18734
M_001653,EQ_00568,2026-04-07,Corrective,Engine,Low,5.3,9298.96,18326
M_001654,EQ_00568,2026-01-26,Preventive,Hydraulic,Medium,14.3,29655.35,17615
M_001655,EQ_00568,2025-08-14,Corrective,Electrical,High,14.5,61477.7,17098
M_001656,EQ_00569,2024-01-11,Corrective,Hydraulic,High,37.9,66730.24,8765
M_001657,EQ_00569,2025-01-20,Preventive,Electrical,Low,22.7,74554.79,9404
M_001658,EQ_00570,2024-02-18,Corrective,Hydraulic,Low,4.9,17495.2,6026
M_001659,EQ_00570,2026-06-14,Corrective,Electrical,Low,11.7,17479.94,5651
M_001660,EQ_00570,2026-04-16,Preventive,Engine,Low,1.6,2999.92,5466
M_001661,EQ_00570,2024-10-29,Preventive,Hydraulic,Low,18.6,61901.83,5089
M_001662,EQ_00571,2024-07-31,Preventive,Engine,Low,5.0,8034.85,21056
M_001663,EQ_00571,2024-11-17,Preventive,Tires/Tracks,Low,2.2,5408.74,21603
M_001664,EQ_00571,2024-09-05,Preventive,Scheduled Service,Low,20.7,81025.17,20476
M_001665,EQ_00571,2025-11-16,Preventive,Scheduled Service,Medium,5.7,17881.6,20451
M_001666,EQ_00572,2025-06-21,Corrective,Electrical,High,3.8,7232.35,6094
M_001667,EQ_00572,2024-04-15,Preventive,Hydraulic,Low,8.2,11418.18,5632
M_001668,EQ_00572,2025-10-24,Preventive,Tires/Tracks,Low,7.7,16763.42,6671
M_001669,EQ_00573,2024-09-21,Preventive,Tires/Tracks,Low,6.6,13772.62,7751
M_001670,EQ_00573,2025-10-06,Corrective,Tires/Tracks,Low,17.5,51373.39,7143
M_001671,EQ_00573,2024-09-15,Corrective,Scheduled Service,High,4.2,5936.28,8546
M_001672,EQ_00573,2026-06-04,Corrective,Hydraulic,Low,10.1,27381.71,7187
M_001673,EQ_00574,2026-08-26,Corrective,Tires/Tracks,High,15.9,34363.77,21303
M_001674,EQ_00574,2026-03-13,Preventive,Tires/Tracks,Low,18.1,28910.0,20775
M_001675,EQ_00574,2024-05-05,Preventive,Engine,Low,9.5,15702.33,21860
M_001676,EQ_00574,2024-12-13,Preventive,Scheduled Service,Low,28.2,49498.67,21553
M_001677,EQ_00575,2025-12-04,Preventive,Hydraulic,Medium,27.5,48835.84,13017
M_001678,EQ_00575,2025-12-19,Corrective,Tires/Tracks,Low,14.1,45739.83,12573
M_001679,EQ_00576,2024-08-19,Corrective,Electrical,Medium,7.6,25039.21,6143
M_001680,EQ_00577,2024-07-23,Preventive,Electrical,High,4.5,17950.82,227
M_001681,EQ_00577,2025-06-12,Corrective,Tires/Tracks,Medium,18.7,82824.82,-169
M_001682,EQ_00577,2025-09-30,Preventive,Scheduled Service,Low,8.4,36269.04,-88
M_001683,EQ_00577,2025-11-07,Preventive,Scheduled Service,Low,5.6,10137.29,-50
M_001684,EQ_00578,2025-04-28,Preventive,Hydraulic,Low,3.7,15219.37,10482
M_001685,EQ_00578,2026-04-16,Preventive,Scheduled Service,Medium,19.1,46805.92,10319
M_001686,EQ_00579,2024-12-18,Preventive,Scheduled Service,Medium,7.2,16053.41,21199
M_001687,EQ_00579,2025-01-02,Corrective,Engine,Medium,3.1,12514.17,22465
M_001688,EQ_00579,2025-07-15,Preventive,Electrical,Medium,17.6,73858.62,21511
M_001689,EQ_00580,2026-03-05,Preventive,Hydraulic,High,7.2,20017.24,10530
M_001690,EQ_00580,2025-06-17,Preventive,Engine,Medium,19.2,36718.65,10739
M_001691,EQ_00581,2024-04-15,Corrective,Scheduled Service,Medium,11.4,24352.8,15339
M_001692,EQ_00581,2024-09-25,Preventive,Tires/Tracks,Low,8.1,35211.03,14724
M_001693,EQ_00582,2024-01-15,Preventive,Electrical,Low,6.8,23876.77,5073
M_001694,EQ_00582,2025-05-22,Corrective,Scheduled Service,Medium,13.3,32739.57,5041
M_001695,EQ_00582,2024-01-05,Preventive,Hydraulic,Low,13.1,16381.29,5947
M_001696,EQ_00582,2024-09-15,Corrective,Tires/Tracks,Low,3.3,12658.16,6364
M_001697,EQ_00583,2026-08-04,Preventive,Electrical,Medium,1.3,3656.32,16289
M_001698,EQ_00583,2024-04-11,Preventive,Hydraulic,Low,6.8,16735.79,17161
M_001699,EQ_00583,2026-07-11,Preventive,Hydraulic,Low,16.4,67416.03,18058
M_001700,EQ_00583,2025-10-14,Preventive,Tires/Tracks,Medium,3.7,13373.54,16711
M_001701,EQ_00584,2024-10-21,Corrective,Engine,Low,6.4,10858.49,16651
M_001702,EQ_00584,2026-06-01,Preventive,Hydraulic,Low,10.4,23986.38,16380
M_001703,EQ_00585,2025-04-08,Preventive,Hydraulic,Medium,12.8,37901.92,13243
M_001704,EQ_00585,2026-01-22,Corrective,Hydraulic,Low,0.8,1597.49,13141
M_001705,EQ_00585,2025-09-28,Preventive,Engine,Medium,16.3,43168.81,13732
M_001706,EQ_00586,2025-04-23,Preventive,Electrical,High,32.1,48294.03,16808
M_001707,EQ_00586,2025-08-28,Corrective,Electrical,Medium,22.0,50024.71,16618
M_001708,EQ_00586,2024-12-04,Preventive,Engine,Medium,2.7,11759.37,16509
M_001709,EQ_00587,2025-06-14,Preventive,Scheduled Service,Low,7.6,10174.19,12083
M_001710,EQ_00587,2026-03-02,Preventive,Scheduled Service,Low,7.2,10070.31,13650
M_001711,EQ_00587,2024-01-07,Preventive,Electrical,Low,6.2,24994.47,12407
M_001712,EQ_00587,2024-02-07,Preventive,Electrical,Medium,5.9,10053.6,13837
M_001713,EQ_00588,2025-11-08,Preventive,Hydraulic,Low,9.7,15862.47,9371
M_001714,EQ_00588,2025-03-30,Preventive,Tires/Tracks,Medium,6.8,25070.75,7689
M_001715,EQ_00588,2026-08-11,Preventive,Engine,Medium,3.0,8226.45,7875
M_001716,EQ_00589,2024-02-27,Preventive,Hydraulic,Medium,21.2,42401.48,16343
M_001717,EQ_00589,2024-07-30,Preventive,Hydraulic,Low,5.9,15992.28,16948
M_001718,EQ_00589,2024-12-13,Preventive,Electrical,Low,7.9,18608.17,16785
M_001719,EQ_00590,2024-07-10,Corrective,Tires/Tracks,High,84.4,124829.3,19415
M_001720,EQ_00590,2025-02-04,Preventive,Hydraulic,Medium,8.1,16357.27,18536
M_001721,EQ_00591,2026-06-06,Corrective,Tires/Tracks,Medium,19.4,74536.23,18686
M_001722,EQ_00591,2025-10-24,Corrective,Electrical,Low,3.1,7472.08,18070
M_001723,EQ_00592,2025-10-14,Corrective,Scheduled Service,Low,6.1,23564.09,4916
M_001724,EQ_00592,2024-07-03,Corrective,Engine,Medium,21.1,82003.02,5465
M_001725,EQ_00592,2026-08-15,Preventive,Tires/Tracks,High,17.3,65294.89,5900
M_001726,EQ_00593,2026-01-25,Corrective,Tires/Tracks,Low,10.8,35413.82,14721
M_001727,EQ_00593,2026-01-29,Corrective,Tires/Tracks,Medium,10.7,39072.72,14385
M_001728,EQ_00594,2025-10-15,Preventive,Engine,Medium,6.8,16138.52,1407
M_001729,EQ_00594,2025-08-20,Preventive,Engine,Medium,9.8,39611.15,1413
M_001730,EQ_00594,2025-05-01,Preventive,Tires/Tracks,Low,5.8,21843.88,1462
M_001731,EQ_00594,2025-05-01,Preventive,Scheduled Service,Medium,16.9,21883.83,1118
M_001732,EQ_00594,2024-09-05,Preventive,Engine,Medium,6.9,18567.89,1213
M_001733,EQ_00595,2025-10-18,Corrective,Scheduled Service,Low,6.0,18929.71,12834
M_001734,EQ_00595,2026-06-17,Preventive,Tires/Tracks,Medium,8.1,27983.41,13377
M_001735,EQ_00595,2024-11-25,Corrective,Electrical,Low,1.8,4208.13,12357
M_001736,EQ_00595,2026-03-09,Preventive,Engine,Low,7.4,31406.18,12629
M_001737,EQ_00596,2024-07-29,Corrective,Electrical,Medium,17.7,55102.96,13275
M_001738,EQ_00597,2025-10-06,Preventive,Scheduled Service,Medium,11.4,44191.3,7545
M_001739,EQ_00597,2026-02-16,Corrective,Engine,Low,7.7,12424.13,7666
M_001740,EQ_00597,2026-04-25,Preventive,Hydraulic,Low,17.2,46696.57,7493
M_001741,EQ_00597,2024-09-24,Preventive,Scheduled Service,Medium,31.3,60911.96,8282
M_001742,EQ_00598,2025-09-17,Corrective,Hydraulic,Medium,6.6,23958.62,22343
M_001743,EQ_00598,2026-05-15,Corrective,Engine,Low,5.6,16729.03,20976
M_001744,EQ_00598,2026-03-30,Corrective,Electrical,Medium,8.7,17447.52,22411
M_001745,EQ_00598,2024-01-27,Corrective,Tires/Tracks,Medium,17.1,28562.18,22456
M_001746,EQ_00599,2025-01-26,Preventive,Engine,Low,11.9,23802.44,19744
M_001747,EQ_00599,2025-08-29,Preventive,Electrical,Medium,9.6,28147.61,19453
M_001748,EQ_00599,2025-10-28,Preventive,Engine,Medium,9.7,23015.98,19714
M_001749,EQ_00599,2024-07-21,Corrective,Hydraulic,High,10.9,40474.57,18852
M_001750,EQ_00600,2024-06-06,Corrective,Electrical,Medium,13.9,31411.39,351
M_001751,EQ_00600,2024-02-11,Corrective,Engine,Low,12.0,47415.02,448
M_001752,EQ_00601,2025-09-26,Corrective,Tires/Tracks,Low,17.5,39676.3,5853
M_001753,EQ_00601,2025-10-17,Corrective,Hydraulic,Medium,12.9,32555.86,4025
M_001754,EQ_00601,2024-05-27,Corrective,Engine,Medium,15.7,20576.92,4303
M_001755,EQ_00602,2024-02-26,Corrective,Hydraulic,Low,2.8,5602.31,5692
M_001756,EQ_00602,2024-03-24,Corrective,Engine,Low,38.9,168997.71,4907
M_001757,EQ_00602,2024-12-15,Corrective,Electrical,High,25.4,78181.95,5806
M_001758,EQ_00602,2025-05-19,Corrective,Tires/Tracks,Medium,22.9,27548.26,4216
M_001759,EQ_00602,2026-02-03,Corrective,Engine,High,7.2,26646.36,5240
M_001760,EQ_00603,2024-01-08,Preventive,Electrical,High,19.2,81274.68,18930
M_001761,EQ_00603,2025-02-17,Corrective,Scheduled Service,Medium,4.5,7639.76,19119
M_001762,EQ_00603,2025-11-21,Preventive,Engine,Low,4.3,18814.51,20213
M_001763,EQ_00603,2025-02-11,Corrective,Electrical,Medium,3.2,5795.55,19401
M_001764,EQ_00604,2025-06-17,Corrective,Engine,Medium,14.0,56144.46,11705
M_001765,EQ_00604,2026-02-06,Corrective,Scheduled Service,Medium,4.1,17476.63,12466
M_001766,EQ_00604,2024-11-27,Corrective,Electrical,Medium,5.0,8810.27,12068
M_001767,EQ_00604,2026-06-02,Preventive,Hydraulic,Low,13.1,30062.47,11154
M_001768,EQ_00604,2024-07-02,Preventive,Scheduled Service,Medium,6.7,25005.1,10820
M_001769,EQ_00605,2024-09-22,Preventive,Scheduled Service,Medium,7.1,29040.72,16676
M_001770,EQ_00605,2024-10-09,Preventive,Hydraulic,Low,11.3,42668.74,16449
M_001771,EQ_00605,2024-06-03,Preventive,Hydraulic,Low,8.4,12104.56,15736
M_001772,EQ_00605,2025-09-23,Preventive,Scheduled Service,Low,2.5,11067.22,16504
M_001773,EQ_00606,2025-04-01,Preventive,Scheduled Service,Low,12.7,43499.93,18180
M_001774,EQ_00607,2026-02-04,Preventive,Scheduled Service,Low,4.1,18184.15,16726
M_001775,EQ_00607,2024-10-16,Corrective,Hydraulic,Low,3.6,5462.2,17528
M_001776,EQ_00607,2025-12-21,Preventive,Scheduled Service,Medium,22.1,60020.48,16601
M_001777,EQ_00608,2025-08-22,Corrective,Tires/Tracks,Low,12.7,17978.62,2788
M_001778,EQ_00608,2024-09-15,Preventive,Scheduled Service,Low,4.0,8747.09,1602
M_001779,EQ_00608,2025-05-21,Corrective,Electrical,Low,8.6,38562.64,3333
M_001780,EQ_00608,2025-12-04,Preventive,Electrical,Medium,5.9,22455.56,2163
M_001781,EQ_00609,2026-06-02,Preventive,Tires/Tracks,Low,10.4,26776.04,3983
M_001782,EQ_00609,2024-08-12,Preventive,Electrical,Medium,2.0,6145.47,2539
M_001783,EQ_00609,2026-02-23,Corrective,Electrical,Low,18.0,62454.09,3070
M_001784,EQ_00609,2025-07-12,Preventive,Engine,Low,15.4,66708.49,3493
M_001785,EQ_00610,2024-05-19,Preventive,Electrical,Medium,7.5,12608.72,9349
M_001786,EQ_00610,2024-11-24,Corrective,Electrical,High,42.8,124873.77,8846
M_001787,EQ_00611,2024-09-24,Preventive,Electrical,Medium,5.5,18897.86,8755
M_001788,EQ_00611,2026-07-24,Corrective,Tires/Tracks,Medium,1.2,2427.11,7957
M_001789,EQ_00611,2025-05-05,Preventive,Engine,Low,4.3,16341.04,7760
M_001790,EQ_00611,2025-01-25,Preventive,Tires/Tracks,Medium,7.4,19936.98,7995
M_001791,EQ_00612,2026-04-21,Corrective,Tires/Tracks,Low,16.7,36347.58,17072
M_001792,EQ_00612,2025-05-04,Preventive,Engine,Medium,22.9,66785.51,16892
M_001793,EQ_00613,2024-07-06,Corrective,Engine,Low,9.3,33010.29,4042
M_001794,EQ_00613,2026-07-14,Preventive,Scheduled Service,Medium,20.1,36058.57,3426
M_001795,EQ_00613,2024-12-19,Corrective,Engine,Low,8.9,28836.21,4287
M_001796,EQ_00614,2025-06-14,Preventive,Tires/Tracks,Medium,3.1,7495.23,8178
M_001797,EQ_00614,2024-08-06,Preventive,Hydraulic,Low,10.6,32448.82,8448
M_001798,EQ_00614,2025-03-31,Preventive,Scheduled Service,Medium,13.1,28709.93,8206
M_001799,EQ_00615,2024-08-12,Preventive,Tires/Tracks,Low,5.4,11207.8,5250
M_001800,EQ_00616,2024-12-10,Preventive,Electrical,Medium,7.9,10837.04,4041
M_001801,EQ_00616,2025-01-10,Preventive,Electrical,Medium,5.7,17772.67,4929
M_001802,EQ_00617,2026-05-21,Corrective,Electrical,Low,1.5,4216.52,5156
M_001803,EQ_00617,2025-12-29,Corrective,Scheduled Service,Low,10.5,26470.58,3224
M_001804,EQ_00617,2024-08-30,Preventive,Engine,Low,8.8,35500.82,4978
M_001805,EQ_00618,2026-06-05,Corrective,Engine,High,7.6,14763.51,5425
M_001806,EQ_00618,2024-04-06,Preventive,Electrical,Low,8.7,18612.34,5030
M_001807,EQ_00618,2024-03-30,Preventive,Scheduled Service,Medium,12.4,52891.02,4560
M_001808,EQ_00619,2024-09-22,Preventive,Electrical,Low,5.2,10132.34,12482
M_001809,EQ_00619,2024-10-17,Corrective,Hydraulic,Medium,16.6,53594.08,13516
M_001810,EQ_00619,2024-11-12,Preventive,Engine,Medium,12.6,19615.17,12047
M_001811,EQ_00620,2025-08-24,Preventive,Engine,Medium,13.1,57393.0,9609
M_001812,EQ_00620,2024-10-29,Preventive,Scheduled Service,Medium,4.5,16879.38,9829
M_001813,EQ_00620,2024-03-03,Preventive,Tires/Tracks,Medium,10.2,25772.48,9666
M_001814,EQ_00620,2026-04-16,Preventive,Engine,Low,4.0,15382.72,9469
M_001815,EQ_00621,2026-06-12,Preventive,Scheduled Service,Low,11.4,41867.15,10175
M_001816,EQ_00621,2024-02-11,Corrective,Scheduled Service,Low,22.2,98518.63,10299
M_001817,EQ_00621,2025-08-28,Preventive,Electrical,Low,3.4,14770.4,9405
M_001818,EQ_00621,2024-12-24,Preventive,Tires/Tracks,Medium,3.0,6334.54,9670
M_001819,EQ_00621,2024-08-25,Preventive,Electrical,Low,5.6,7272.53,10179
M_001820,EQ_00622,2024-04-12,Preventive,Tires/Tracks,Low,4.4,12972.34,11544
M_001821,EQ_00622,2024-01-21,Preventive,Electrical,Low,6.4,22249.46,10038
M_001822,EQ_00623,2026-08-11,Corrective,Tires/Tracks,Medium,1.4,5097.73,17269
M_001823,EQ_00623,2024-12-17,Preventive,Engine,Low,4.5,10474.16,16731
M_001824,EQ_00624,2026-05-23,Preventive,Electrical,Medium,4.6,17387.09,19379
M_001825,EQ_00624,2024-03-15,Preventive,Engine,Low,8.8,38831.32,19674
M_001826,EQ_00625,2025-02-01,Preventive,Tires/Tracks,Medium,21.9,41273.86,11970
M_001827,EQ_00625,2025-11-23,Corrective,Electrical,Medium,0.2,715.68,12316
M_001828,EQ_00626,2024-12-27,Preventive,Hydraulic,Medium,9.5,19778.83,13760
M_001829,EQ_00626,2025-05-10,Preventive,Electrical,Low,4.0,5997.09,13344
M_001830,EQ_00627,2025-11-08,Corrective,Engine,High,8.1,20354.64,16636
M_001831,EQ_00627,2024-09-28,Preventive,Hydraulic,Low,11.6,23601.2,16090
M_001832,EQ_00627,2026-01-06,Preventive,Electrical,Medium,31.4,130092.92,17152
M_001833,EQ_00627,2024-09-08,Corrective,Scheduled Service,Low,4.9,16854.92,16445
M_001834,EQ_00628,2025-02-19,Corrective,Electrical,Low,3.8,12138.62,16219
M_001835,EQ_00628,2025-07-20,Preventive,Electrical,Medium,9.0,40194.98,15219
M_001836,EQ_00628,2026-05-23,Preventive,Scheduled Service,Medium,19.5,79567.35,15824
M_001837,EQ_00628,2024-02-14,Preventive,Tires/Tracks,Medium,14.8,43355.43,14589
M_001838,EQ_00629,2026-07-11,Preventive,Tires/Tracks,Low,21.6,43064.92,4156
M_001839,EQ_00629,2026-06-12,Corrective,Hydraulic,Medium,11.2,31510.08,3671
M_001840,EQ_00630,2025-05-20,Corrective,Tires/Tracks,High,17.8,70104.58,22163
M_001841,EQ_00630,2026-06-24,Preventive,Electrical,Medium,14.8,30147.46,21119
M_001842,EQ_00630,2024-09-13,Preventive,Scheduled Service,High,5.0,15767.73,21171
M_001843,EQ_00631,2025-10-10,Corrective,Engine,Medium,20.9,63111.26,4516
M_001844,EQ_00631,2025-07-11,Preventive,Hydraulic,High,26.8,51528.02,4972
M_001845,EQ_00632,2025-02-11,Corrective,Electrical,Low,10.8,44032.39,9444
M_001846,EQ_00632,2024-06-24,Corrective,Scheduled Service,Medium,14.8,57037.65,9379
M_001847,EQ_00632,2026-06-09,Preventive,Engine,Low,13.3,47559.74,8491
M_001848,EQ_00632,2025-10-27,Preventive,Hydraulic,Low,6.1,17306.51,9300
M_001849,EQ_00633,2024-05-10,Preventive,Hydraulic,Medium,11.5,43006.6,13587
M_001850,EQ_00634,2024-06-02,Preventive,Scheduled Service,Medium,17.2,49450.28,8790
M_001851,EQ_00634,2025-01-12,Preventive,Electrical,Medium,0.9,2553.3,8389
M_001852,EQ_00635,2026-04-01,Corrective,Tires/Tracks,Low,13.1,27467.87,6460
M_001853,EQ_00635,2026-01-12,Preventive,Hydraulic,Medium,5.0,20607.8,6178
M_001854,EQ_00636,2026-02-13,Corrective,Tires/Tracks,Medium,8.3,23284.07,20311
M_001855,EQ_00636,2026-08-01,Preventive,Hydraulic,Medium,24.6,110333.12,19675
M_001856,EQ_00636,2024-03-11,Preventive,Hydraulic,Low,12.5,18306.34,20509
M_001857,EQ_00637,2026-07-24,Corrective,Scheduled Service,Medium,7.3,27311.17,2330
M_001858,EQ_00637,2024-12-12,Preventive,Electrical,High,33.2,65551.94,1101
M_001859,EQ_00637,2024-04-24,Preventive,Scheduled Service,Medium,7.4,25130.22,1261
M_001860,EQ_00638,2025-10-30,Preventive,Tires/Tracks,Low,13.6,30110.75,5621
M_001861,EQ_00638,2025-12-27,Preventive,Tires/Tracks,Low,1.9,7241.8,5432
M_001862,EQ_00638,2025-04-07,Preventive,Hydraulic,Low,15.6,55357.4,5087
M_001863,EQ_00638,2025-06-30,Preventive,Scheduled Service,Low,15.1,44801.25,4908
M_001864,EQ_00638,2026-02-28,Preventive,Electrical,Low,17.6,51388.16,6350
M_001865,EQ_00639,2024-10-01,Preventive,Tires/Tracks,Low,11.7,29918.04,21774
M_001866,EQ_00639,2025-12-27,Corrective,Hydraulic,Low,4.8,11183.67,22380
M_001867,EQ_00640,2024-07-28,Preventive,Electrical,Medium,4.9,15601.23,15534
M_001868,EQ_00640,2025-03-29,Preventive,Scheduled Service,Medium,9.8,16907.35,15573
M_001869,EQ_00640,2025-10-30,Preventive,Scheduled Service,Low,17.4,73310.04,16100
M_001870,EQ_00640,2024-05-22,Preventive,Engine,Medium,50.3,94638.93,16499
M_001871,EQ_00641,2025-12-26,Preventive,Tires/Tracks,Low,12.0,24669.55,2158
M_001872,EQ_00641,2024-12-09,Corrective,Electrical,Medium,26.9,43967.46,1561
M_001873,EQ_00641,2026-06-24,Preventive,Hydraulic,Low,6.8,29033.75,2676
M_001874,EQ_00641,2025-08-10,Corrective,Engine,Low,13.1,16407.16,2592
M_001875,EQ_00642,2025-11-22,Preventive,Tires/Tracks,Medium,2.4,4105.85,16699
M_001876,EQ_00643,2024-08-14,Preventive,Scheduled Service,Low,5.7,6974.92,20753
M_001877,EQ_00643,2025-02-20,Preventive,Hydraulic,Low,23.9,45014.09,21591
M_001878,EQ_00644,2024-05-06,Preventive,Hydraulic,Medium,24.5,41328.34,2179
M_001879,EQ_00644,2026-03-23,Preventive,Engine,Low,2.3,7665.11,2897
M_001880,EQ_00644,2025-01-26,Preventive,Scheduled Service,Low,10.9,36168.12,1652
M_001881,EQ_00645,2026-04-16,Corrective,Scheduled Service,Low,11.9,35118.12,9633
M_001882,EQ_00645,2024-01-23,Preventive,Electrical,Medium,3.8,10694.47,10173
M_001883,EQ_00645,2024-04-12,Corrective,Tires/Tracks,Medium,6.2,25541.79,8496
M_001884,EQ_00645,2025-06-18,Preventive,Scheduled Service,Low,6.3,14214.52,9037
M_001885,EQ_00645,2026-06-20,Preventive,Tires/Tracks,Low,13.2,51684.53,9109
M_001886,EQ_00646,2025-02-09,Preventive,Electrical,Medium,20.4,62162.38,10540
M_001887,EQ_00646,2026-01-15,Corrective,Engine,Low,12.6,32262.14,11564
M_001888,EQ_00646,2026-04-30,Corrective,Tires/Tracks,Low,9.3,22570.7,11281
M_001889,EQ_00646,2024-02-24,Preventive,Tires/Tracks,Low,4.8,9106.3,9575
M_001890,EQ_00647,2024-11-14,Preventive,Hydraulic,Low,26.5,45415.22,2580
M_001891,EQ_00647,2024-08-11,Corrective,Tires/Tracks,Medium,2.9,3485.93,4291
M_001892,EQ_00647,2024-11-13,Corrective,Engine,Low,10.0,19021.18,4248
M_001893,EQ_00648,2026-06-11,Corrective,Tires/Tracks,Low,5.4,21635.64,4097
M_001894,EQ_00648,2024-03-15,Corrective,Tires/Tracks,Low,39.8,126947.7,4741
M_001895,EQ_00649,2024-11-28,Preventive,Scheduled Service,Low,2.2,8252.64,4656
M_001896,EQ_00649,2026-01-19,Corrective,Hydraulic,Low,7.8,28856.22,3785
M_001897,EQ_00649,2026-01-20,Corrective,Engine,Medium,3.1,7261.34,4759
M_001898,EQ_00650,2024-01-29,Preventive,Tires/Tracks,Medium,5.7,20798.17,4440
M_001899,EQ_00650,2025-03-03,Preventive,Hydraulic,Medium,7.1,19142.02,5248
M_001900,EQ_00650,2025-03-21,Preventive,Electrical,Medium,14.3,20325.53,4495
M_001901,EQ_00650,2026-01-14,Corrective,Engine,Low,2.3,3539.05,3676
M_001902,EQ_00651,2025-07-04,Corrective,Electrical,Medium,9.6,13029.76,8670
M_001903,EQ_00651,2025-07-23,Corrective,Tires/Tracks,High,14.4,58182.93,8231
M_001904,EQ_00651,2026-04-03,Corrective,Hydraulic,Low,7.2,21885.21,8550
M_001905,EQ_00652,2024-03-23,Corrective,Electrical,Low,9.1,39866.71,10134
M_001906,EQ_00652,2024-08-21,Preventive,Hydraulic,Low,4.2,16599.33,11319
M_001907,EQ_00653,2025-06-29,Corrective,Scheduled Service,Medium,2.3,6660.09,6133
M_001908,EQ_00653,2025-04-29,Corrective,Electrical,High,18.0,49542.14,6580
M_001909,EQ_00654,2024-11-04,Preventive,Engine,Low,12.7,37662.6,6937
M_001910,EQ_00654,2024-11-11,Preventive,Engine,Low,4.8,15775.64,7149
M_001911,EQ_00654,2024-05-21,Corrective,Engine,Low,12.9,57800.11,6910
M_001912,EQ_00654,2025-06-25,Corrective,Engine,Low,0.5,861.31,6307
M_001913,EQ_00655,2024-03-30,Corrective,Electrical,Low,3.6,9512.84,4963
M_001914,EQ_00655,2026-06-19,Corrective,Engine,Medium,9.5,25909.62,5535
M_001915,EQ_00656,2025-08-17,Corrective,Hydraulic,Medium,9.2,18098.1,18488
M_001916,EQ_00656,2025-04-16,Corrective,Tires/Tracks,Medium,27.2,83164.62,17045
M_001917,EQ_00657,2025-02-22,Preventive,Tires/Tracks,Medium,6.8,30035.07,4331
M_001918,EQ_00657,2024-02-24,Preventive,Scheduled Service,Medium,7.2,27650.87,4372
M_001919,EQ_00657,2024-02-17,Preventive,Tires/Tracks,Medium,6.1,25360.31,4667
M_001920,EQ_00658,2024-06-19,Corrective,Electrical,Medium,17.1,24592.11,20463
M_001921,EQ_00659,2025-08-10,Corrective,Tires/Tracks,Medium,8.7,32394.89,12845
M_001922,EQ_00659,2026-05-05,Corrective,Hydraulic,High,13.1,55213.09,11987
M_001923,EQ_00660,2025-04-17,Preventive,Scheduled Service,Low,15.1,63755.92,18682
M_001924,EQ_00660,2026-07-18,Preventive,Scheduled Service,Low,1.6,4755.54,17524
M_001925,EQ_00660,2026-01-16,Preventive,Engine,High,6.6,17406.68,16967
M_001926,EQ_00660,2026-05-14,Preventive,Tires/Tracks,Medium,9.8,27628.25,18427
M_001927,EQ_00661,2024-05-24,Preventive,Tires/Tracks,Medium,14.8,64305.51,13958
M_001928,EQ_00662,2024-10-17,Preventive,Tires/Tracks,Low,2.3,3788.87,7154
M_001929,EQ_00662,2025-10-17,Preventive,Scheduled Service,Medium,27.9,72505.41,6035
M_001930,EQ_00662,2026-07-23,Corrective,Tires/Tracks,Medium,5.6,8672.58,7211
M_001931,EQ_00662,2025-06-14,Corrective,Scheduled Service,Low,4.8,18524.72,6697
M_001932,EQ_00662,2024-01-20,Preventive,Tires/Tracks,Medium,6.1,14215.9,6723
M_001933,EQ_00663,2025-10-23,Corrective,Electrical,Low,18.8,38785.46,12734
M_001934,EQ_00663,2024-03-04,Corrective,Tires/Tracks,Low,3.5,8420.81,13248
M_001935,EQ_00663,2025-03-30,Corrective,Scheduled Service,Low,12.0,29022.57,13536
M_001936,EQ_00663,2025-11-15,Corrective,Scheduled Service,Medium,8.1,19844.35,13224
M_001937,EQ_00664,2025-12-12,Corrective,Tires/Tracks,Medium,4.9,8968.68,7269
M_001938,EQ_00664,2025-06-04,Preventive,Engine,Medium,18.7,64863.47,6391
M_001939,EQ_00664,2024-11-18,Corrective,Scheduled Service,Medium,10.1,40352.15,5563
M_001940,EQ_00664,2024-04-02,Preventive,Electrical,Medium,5.6,17104.0,6275
M_001941,EQ_00664,2025-05-21,Preventive,Tires/Tracks,Low,30.0,64812.5,6982
M_001942,EQ_00665,2025-05-25,Corrective,Tires/Tracks,Low,9.7,28598.79,3695
M_001943,EQ_00665,2025-07-17,Corrective,Hydraulic,Low,2.8,8273.51,2644
M_001944,EQ_00665,2024-04-25,Preventive,Scheduled Service,Low,18.9,38117.58,4004
M_001945,EQ_00666,2025-08-07,Preventive,Scheduled Service,Medium,10.6,18017.17,6086
M_001946,EQ_00666,2025-05-15,Preventive,Tires/Tracks,Low,16.8,37909.01,5833
M_001947,EQ_00667,2026-05-13,Preventive,Engine,Low,9.1,26367.57,6154
M_001948,EQ_00668,2026-05-30,Corrective,Scheduled Service,Low,5.9,11311.22,2853
M_001949,EQ_00668,2024-10-31,Preventive,Engine,Medium,9.9,43219.94,2983
M_001950,EQ_00668,2024-02-17,Preventive,Tires/Tracks,Low,15.3,56459.74,3080
M_001951,EQ_00669,2024-11-12,Corrective,Tires/Tracks,Medium,5.7,9202.88,1655
M_001952,EQ_00669,2025-07-31,Preventive,Hydraulic,Medium,19.2,75444.38,560
M_001953,EQ_00669,2025-05-02,Corrective,Hydraulic,High,32.4,142988.8,1281
M_001954,EQ_00669,2024-11-17,Preventive,Tires/Tracks,Low,6.7,24626.36,1780
M_001955,EQ_00670,2025-08-27,Preventive,Hydraulic,Medium,9.8,40402.88,21504
M_001956,EQ_00670,2026-05-06,Preventive,Electrical,Low,16.8,68743.44,20552
M_001957,EQ_00670,2026-03-21,Corrective,Electrical,High,13.2,53460.44,21693
M_001958,EQ_00670,2025-08-10,Preventive,Electrical,Medium,9.3,13441.27,21121
M_001959,EQ_00671,2025-02-04,Corrective,Engine,Low,27.9,66799.68,11358
M_001960,EQ_00671,2024-10-25,Preventive,Electrical,Medium,4.2,6285.29,11031
M_001961,EQ_00671,2025-12-04,Corrective,Electrical,Low,10.4,22134.61,12270
M_001962,EQ_00671,2024-02-07,Preventive,Tires/Tracks,Medium,13.9,52764.08,10921
M_001963,EQ_00672,2026-08-07,Preventive,Tires/Tracks,Medium,8.0,13267.44,10030
M_001964,EQ_00672,2024-05-24,Corrective,Hydraulic,High,3.1,9775.09,9408
M_001965,EQ_00672,2025-01-05,Preventive,Engine,Low,3.5,13817.08,9644
M_001966,EQ_00673,2025-04-25,Preventive,Scheduled Service,Medium,9.2,22940.67,20474
M_001967,EQ_00674,2025-08-07,Preventive,Tires/Tracks,Medium,9.7,27332.53,5247
M_001968,EQ_00675,2026-02-08,Corrective,Hydraulic,Low,2.2,3062.56,9849
M_001969,EQ_00675,2024-03-09,Preventive,Engine,Medium,4.6,12871.12,8950
M_001970,EQ_00675,2025-02-19,Preventive,Engine,Medium,8.0,10209.27,8779
M_001971,EQ_00675,2025-11-02,Preventive,Tires/Tracks,Medium,10.4,13644.59,9873
M_001972,EQ_00676,2024-02-25,Preventive,Scheduled Service,Low,14.1,22132.88,18493
M_001973,EQ_00677,2025-10-26,Preventive,Electrical,Low,14.1,41046.21,14405
M_001974,EQ_00677,2025-04-23,Preventive,Hydraulic,Low,18.9,71288.15,13159
M_001975,EQ_00677,2026-02-01,Preventive,Hydraulic,High,8.8,16099.19,14175
M_001976,EQ_00677,2026-01-27,Preventive,Scheduled Service,Low,14.5,20003.3,14906
M_001977,EQ_00678,2025-04-22,Preventive,Tires/Tracks,High,17.1,36408.32,9860
M_001978,EQ_00678,2025-07-27,Preventive,Electrical,Medium,7.3,28144.69,8646
M_001979,EQ_00678,2026-02-27,Corrective,Tires/Tracks,Low,6.2,15107.05,9288
M_001980,EQ_00678,2025-07-04,Preventive,Scheduled Service,Low,2.7,8274.01,8661
M_001981,EQ_00679,2025-01-15,Corrective,Tires/Tracks,Medium,8.8,16846.16,6172
M_001982,EQ_00679,2025-02-03,Preventive,Hydraulic,Medium,14.9,47623.29,5322
M_001983,EQ_00679,2024-02-18,Corrective,Electrical,Low,17.2,61694.57,5138
M_001984,EQ_00680,2024-05-25,Preventive,Hydraulic,Low,9.9,19610.72,800
M_001985,EQ_00681,2024-07-04,Preventive,Electrical,Medium,9.4,13485.8,1771
M_001986,EQ_00681,2025-07-22,Preventive,Engine,Medium,9.4,37522.14,2418
M_001987,EQ_00682,2025-06-03,Preventive,Engine,Medium,20.1,80277.82,2991
M_001988,EQ_00682,2025-07-02,Preventive,Engine,Medium,19.7,67547.72,4685
M_001989,EQ_00682,2026-02-20,Preventive,Scheduled Service,Medium,7.5,25599.38,4900
M_001990,EQ_00682,2025-07-06,Preventive,Tires/Tracks,Medium,14.2,54025.26,3963
M_001991,EQ_00682,2025-03-13,Preventive,Hydraulic,Medium,22.2,73090.98,3339
M_001992,EQ_00683,2026-02-01,Preventive,Scheduled Service,Medium,8.9,39810.3,18295
M_001993,EQ_00683,2024-09-03,Preventive,Hydraulic,Medium,1.3,4172.35,17928
M_001994,EQ_00683,2024-08-09,Preventive,Tires/Tracks,Medium,7.5,25924.64,17883
M_001995,EQ_00684,2025-05-22,Preventive,Scheduled Service,Low,8.6,18882.48,14373
M_001996,EQ_00685,2026-06-08,Corrective,Engine,High,20.4,39345.04,8974
M_001997,EQ_00685,2025-01-15,Preventive,Tires/Tracks,Low,12.2,25689.79,9855
M_001998,EQ_00686,2025-03-20,Preventive,Electrical,High,3.8,11023.29,17775
M_001999,EQ_00686,2026-08-17,Preventive,Hydraulic,Medium,3.6,12898.57,16438
M_002000,EQ_00686,2025-05-23,Preventive,Engine,High,36.9,162630.72,17883
M_002001,EQ_00687,2024-12-04,Preventive,Engine,Medium,11.7,19288.72,4098
M_002002,EQ_00687,2024-12-10,Corrective,Tires/Tracks,High,3.6,5071.11,4594
M_002003,EQ_00687,2024-06-21,Preventive,Engine,Medium,12.0,28331.79,4544
M_002004,EQ_00687,2026-01-11,Preventive,Engine,Low,23.4,99042.5,4870
M_002005,EQ_00688,2025-01-25,Corrective,Engine,Medium,8.6,26091.43,4573
M_002006,EQ_00688,2025-04-13,Preventive,Scheduled Service,Low,12.8,16398.73,5145
M_002007,EQ_00688,2024-06-18,Preventive,Electrical,Low,14.1,24814.85,5919
M_002008,EQ_00689,2026-04-11,Preventive,Hydraulic,Medium,16.9,58011.2,8126
M_002009,EQ_00689,2024-07-27,Corrective,Engine,Low,13.9,26182.79,8760
M_002010,EQ_00689,2025-05-07,Preventive,Engine,Medium,4.6,12750.36,9219
M_002011,EQ_00689,2024-06-02,Preventive,Electrical,Medium,8.8,17437.18,9575
M_002012,EQ_00689,2025-04-13,Corrective,Hydraulic,Low,9.5,16696.02,9624
M_002013,EQ_00690,2025-07-20,Corrective,Engine,Low,19.8,88503.12,20046
M_002014,EQ_00691,2024-05-01,Preventive,Scheduled Service,High,6.6,15929.66,13573
M_002015,EQ_00692,2025-09-13,Corrective,Tires/Tracks,Medium,12.1,53724.13,18373
M_002016,EQ_00693,2026-02-24,Preventive,Scheduled Service,Medium,6.6,27844.57,4983
M_002017,EQ_00694,2025-05-01,Corrective,Engine,Medium,8.5,37547.65,18677
M_002018,EQ_00694,2026-05-13,Preventive,Tires/Tracks,Low,25.6,63296.72,19711
M_002019,EQ_00694,2024-10-28,Preventive,Hydraulic,Low,26.4,82260.41,19628
M_002020,EQ_00695,2025-09-02,Corrective,Engine,High,30.0,77401.87,2657
M_002021,EQ_00695,2026-05-28,Corrective,Hydraulic,High,29.9,115648.43,1069
M_002022,EQ_00695,2025-11-10,Preventive,Tires/Tracks,Medium,10.1,42130.84,2098
M_002023,EQ_00696,2024-03-14,Preventive,Tires/Tracks,Low,3.7,6740.62,4731
M_002024,EQ_00696,2024-12-28,Corrective,Scheduled Service,High,9.8,32806.55,6203
M_002025,EQ_00696,2025-09-16,Preventive,Tires/Tracks,Medium,2.2,7359.39,4766
M_002026,EQ_00696,2025-07-18,Preventive,Electrical,Low,12.4,40957.66,4657
M_002027,EQ_00697,2026-01-09,Preventive,Hydraulic,Low,3.5,12738.1,11612
M_002028,EQ_00697,2026-08-06,Preventive,Electrical,Low,8.4,34392.83,11673
M_002029,EQ_00697,2026-06-05,Preventive,Scheduled Service,Low,7.7,32115.75,12073
M_002030,EQ_00697,2026-03-23,Corrective,Hydraulic,Medium,4.6,16004.34,11595
M_002031,EQ_00697,2024-12-05,Corrective,Engine,Low,11.5,37522.8,11870
M_002032,EQ_00698,2024-12-22,Corrective,Scheduled Service,Low,6.1,19183.26,710
M_002033,EQ_00698,2026-01-05,Corrective,Scheduled Service,High,8.5,35865.29,912
M_002034,EQ_00698,2025-05-28,Preventive,Electrical,Low,11.9,37081.45,1467
M_002035,EQ_00698,2024-10-15,Corrective,Hydraulic,Low,12.8,37966.28,2413
M_002036,EQ_00699,2025-05-30,Preventive,Scheduled Service,Low,4.8,11547.07,18195
M_002037,EQ_00699,2024-10-06,Corrective,Engine,Low,33.5,79089.85,19155
M_002038,EQ_00700,2026-02-09,Preventive,Engine,Medium,8.4,30624.02,18985
M_002039,EQ_00700,2025-04-02,Corrective,Tires/Tracks,Low,10.0,21034.39,19954
M_002040,EQ_00700,2025-11-03,Preventive,Hydraulic,High,25.6,62562.08,18858
M_002041,EQ_00700,2024-05-31,Preventive,Electrical,Low,16.9,36334.67,19827
M_002042,EQ_00701,2026-01-24,Preventive,Scheduled Service,Medium,14.3,52940.07,11186
M_002043,EQ_00701,2024-09-18,Preventive,Scheduled Service,Low,12.1,30732.99,12886
M_002044,EQ_00701,2024-03-24,Preventive,Engine,High,16.8,48816.24,11926
M_002045,EQ_00702,2024-06-01,Preventive,Tires/Tracks,Low,4.5,10463.47,6945
M_002046,EQ_00702,2025-08-07,Preventive,Scheduled Service,Medium,12.6,29090.67,6518
M_002047,EQ_00702,2024-11-01,Corrective,Scheduled Service,Medium,25.4,44109.31,6491
M_002048,EQ_00703,2026-02-22,Preventive,Electrical,Low,12.1,21434.13,2112
M_002049,EQ_00703,2024-12-29,Preventive,Hydraulic,High,14.2,53969.93,2516
M_002050,EQ_00704,2025-08-14,Preventive,Electrical,Medium,10.9,20788.86,14454
M_002051,EQ_00704,2025-06-10,Preventive,Tires/Tracks,Medium,3.9,7866.12,14208
M_002052,EQ_00705,2026-05-24,Corrective,Hydraulic,Low,15.5,60819.15,11831
M_002053,EQ_00706,2025-09-30,Corrective,Engine,Low,5.6,10690.17,16695
M_002054,EQ_00706,2024-12-17,Preventive,Engine,Medium,5.4,19278.49,16726
M_002055,EQ_00707,2026-03-27,Preventive,Engine,High,19.1,69691.01,12990
M_002056,EQ_00707,2024-12-17,Preventive,Tires/Tracks,Medium,10.0,43511.05,12723
M_002057,EQ_00707,2025-12-18,Preventive,Engine,Medium,9.0,25332.37,14004
M_002058,EQ_00707,2024-10-05,Preventive,Tires/Tracks,Low,0.4,920.34,13553
M_002059,EQ_00708,2025-02-13,Preventive,Tires/Tracks,Medium,5.4,24033.18,3387
M_002060,EQ_00709,2025-05-29,Preventive,Hydraulic,Low,9.2,27232.98,2374
M_002061,EQ_00709,2026-02-04,Preventive,Engine,Low,4.1,11926.69,2594
M_002062,EQ_00709,2025-10-02,Preventive,Scheduled Service,Medium,8.4,18649.22,3156
M_002063,EQ_00710,2025-02-15,Corrective,Engine,Medium,14.4,40556.04,17146
M_002064,EQ_00710,2024-10-13,Preventive,Scheduled Service,High,21.7,41434.74,16537
M_002065,EQ_00711,2024-05-21,Preventive,Electrical,Low,3.2,12039.14,3327
M_002066,EQ_00711,2026-06-25,Preventive,Engine,Low,13.1,39854.98,4852
M_002067,EQ_00712,2025-04-09,Preventive,Electrical,Medium,9.6,11929.55,21446
M_002068,EQ_00712,2026-01-20,Preventive,Tires/Tracks,Medium,2.4,5722.41,20687
M_002069,EQ_00712,2024-12-14,Corrective,Engine,Medium,5.4,15818.7,20172
M_002070,EQ_00713,2024-06-17,Corrective,Hydraulic,Medium,26.3,94082.44,3541
M_002071,EQ_00713,2024-02-01,Preventive,Engine,Low,6.8,30483.12,3706
M_002072,EQ_00713,2025-12-07,Preventive,Engine,High,18.4,79490.22,3093
M_002073,EQ_00714,2026-02-09,Preventive,Hydraulic,Medium,15.9,29790.75,16477
M_002074,EQ_00714,2025-06-28,Corrective,Engine,Low,6.9,23033.42,15782
M_002075,EQ_00714,2025-06-09,Corrective,Tires/Tracks,Low,20.8,51449.56,15990
M_002076,EQ_00715,2024-06-28,Preventive,Hydraulic,Medium,15.4,31469.56,21724
M_002077,EQ_00715,2024-01-14,Corrective,Electrical,Medium,3.5,9728.53,21403
M_002078,EQ_00715,2026-01-14,Preventive,Hydraulic,Medium,4.7,6434.08,22178
M_002079,EQ_00715,2026-04-26,Preventive,Hydraulic,High,42.2,111830.97,22440
M_002080,EQ_00716,2025-10-24,Preventive,Tires/Tracks,High,10.3,42735.1,10354
M_002081,EQ_00716,2025-12-10,Preventive,Tires/Tracks,High,16.4,24875.3,9348
M_002082,EQ_00717,2024-06-15,Corrective,Scheduled Service,High,10.7,44430.69,1311
M_002083,EQ_00717,2024-05-15,Preventive,Scheduled Service,Low,17.8,77999.2,918
M_002084,EQ_00717,2025-08-27,Preventive,Tires/Tracks,Low,1.0,1568.36,1758
M_002085,EQ_00717,2026-06-13,Preventive,Engine,Medium,7.7,31515.06,1691
M_002086,EQ_00718,2024-11-06,Preventive,Scheduled Service,High,32.6,64932.32,19509
M_002087,EQ_00718,2024-07-18,Corrective,Engine,Medium,10.1,34649.0,19329
M_002088,EQ_00718,2026-03-17,Preventive,Hydraulic,Low,14.7,35666.87,18758
M_002089,EQ_00718,2025-09-25,Preventive,Engine,High,63.3,275884.51,20307
M_002090,EQ_00719,2024-12-31,Preventive,Scheduled Service,Low,15.5,66081.3,3766
M_002091,EQ_00719,2025-05-16,Corrective,Tires/Tracks,High,38.8,68688.35,4784
M_002092,EQ_00719,2025-05-29,Preventive,Engine,Low,45.3,160040.09,4490
M_002093,EQ_00719,2025-08-28,Preventive,Electrical,Medium,7.2,24992.85,3799
M_002094,EQ_00720,2024-03-18,Corrective,Electrical,Medium,2.2,6409.83,10975
M_002095,EQ_00720,2024-02-29,Preventive,Engine,Medium,0.6,1094.98,11576
M_002096,EQ_00720,2024-10-19,Preventive,Engine,Medium,5.0,10577.11,12754
M_002097,EQ_00720,2024-02-05,Preventive,Electrical,High,21.8,66084.04,11978
M_002098,EQ_00721,2024-02-24,Corrective,Hydraulic,Medium,6.0,7779.37,21402
M_002099,EQ_00721,2025-02-16,Preventive,Hydraulic,Medium,4.4,10950.81,21283
M_002100,EQ_00721,2024-07-01,Preventive,Tires/Tracks,Low,9.5,11914.0,21214
M_002101,EQ_00722,2025-12-07,Corrective,Engine,High,6.8,30139.38,16631
M_002102,EQ_00722,2024-08-21,Corrective,Hydraulic,Low,11.1,16092.65,17489
M_002103,EQ_00722,2026-04-09,Preventive,Tires/Tracks,Low,5.4,24252.02,17184
M_002104,EQ_00722,2025-04-15,Corrective,Engine,Medium,2.5,7905.68,16000
M_002105,EQ_00723,2024-10-02,Corrective,Hydraulic,Low,19.3,80017.59,1189
M_002106,EQ_00723,2026-04-09,Preventive,Tires/Tracks,Low,8.3,10422.74,2306
M_002107,EQ_00723,2025-01-03,Corrective,Electrical,Low,2.2,8577.13,1024
M_002108,EQ_00724,2024-03-17,Preventive,Electrical,Medium,4.4,7779.27,18918
M_002109,EQ_00724,2024-08-15,Preventive,Hydraulic,Low,16.3,55867.18,18054
M_002110,EQ_00725,2025-09-06,Preventive,Hydraulic,Medium,7.1,21374.4,4488
M_002111,EQ_00725,2025-01-30,Corrective,Electrical,Medium,10.8,36096.11,3432
M_002112,EQ_00725,2024-01-02,Preventive,Tires/Tracks,Low,15.0,38494.12,3069
M_002113,EQ_00726,2024-05-12,Corrective,Engine,Medium,7.2,26260.95,16627
M_002114,EQ_00727,2024-04-18,Preventive,Electrical,Low,1.8,4445.96,14290
M_002115,EQ_00728,2025-09-24,Preventive,Tires/Tracks,Low,17.8,77512.07,7492
M_002116,EQ_00728,2025-07-12,Corrective,Hydraulic,Medium,15.2,32224.83,5711
M_002117,EQ_00729,2026-02-04,Preventive,Hydraulic,Medium,7.5,27710.7,10093
M_002118,EQ_00729,2025-04-02,Preventive,Engine,Medium,3.8,8298.17,9671
M_002119,EQ_00729,2024-05-23,Preventive,Hydraulic,Medium,3.3,13773.1,10290
M_002120,EQ_00730,2024-04-30,Preventive,Scheduled Service,Low,3.6,15915.5,2262
M_002121,EQ_00730,2026-06-07,Preventive,Electrical,Low,27.0,57986.06,2735
M_002122,EQ_00731,2025-02-09,Preventive,Engine,Medium,8.7,12132.19,21931
M_002123,EQ_00731,2024-09-21,Corrective,Scheduled Service,Medium,12.0,34836.2,21307
M_002124,EQ_00732,2024-01-05,Corrective,Hydraulic,Medium,10.4,14092.89,5434
M_002125,EQ_00733,2024-11-18,Corrective,Hydraulic,High,2.1,8136.2,7795
M_002126,EQ_00734,2024-11-07,Corrective,Electrical,Low,30.5,58523.77,12006
M_002127,EQ_00734,2025-04-21,Corrective,Tires/Tracks,Low,3.0,4935.93,11100
M_002128,EQ_00734,2024-11-06,Preventive,Hydraulic,Medium,11.9,30332.58,11831
M_002129,EQ_00734,2024-07-11,Preventive,Scheduled Service,Low,5.9,20053.85,11553
M_002130,EQ_00734,2025-06-06,Corrective,Tires/Tracks,Low,2.3,10150.0,10469
M_002131,EQ_00735,2026-02-26,Preventive,Scheduled Service,Low,12.0,53575.75,14022
M_002132,EQ_00735,2026-04-17,Preventive,Engine,Low,1.9,7939.25,15024
M_002133,EQ_00736,2024-08-19,Corrective,Engine,Medium,4.5,10670.87,10733
M_002134,EQ_00736,2024-02-14,Preventive,Tires/Tracks,Medium,14.0,59752.43,11214
M_002135,EQ_00736,2025-03-30,Preventive,Tires/Tracks,Medium,10.6,20158.39,12346
M_002136,EQ_00737,2025-03-11,Corrective,Hydraulic,Medium,5.6,23539.34,11439
M_002137,EQ_00737,2024-08-12,Preventive,Tires/Tracks,Low,6.4,27335.66,12125
M_002138,EQ_00737,2026-08-11,Corrective,Tires/Tracks,Low,14.8,34293.17,11249
M_002139,EQ_00737,2024-02-28,Corrective,Engine,Medium,7.7,17047.19,12051
M_002140,EQ_00738,2024-06-27,Preventive,Hydraulic,High,17.8,78136.98,12592
M_002141,EQ_00738,2025-03-12,Preventive,Tires/Tracks,Medium,2.2,3232.76,12565
M_002142,EQ_00739,2026-01-20,Preventive,Electrical,Low,4.9,20440.86,19845
M_002143,EQ_00740,2024-02-12,Corrective,Scheduled Service,Low,14.7,58265.73,8453
M_002144,EQ_00741,2024-05-24,Preventive,Engine,Low,14.9,23352.67,17514
M_002145,EQ_00741,2026-01-04,Corrective,Electrical,Medium,14.0,53996.56,19371
M_002146,EQ_00742,2024-04-27,Preventive,Electrical,Low,17.7,57393.97,17334
M_002147,EQ_00742,2026-08-09,Preventive,Scheduled Service,Medium,25.7,68070.52,18205
M_002148,EQ_00743,2025-02-23,Corrective,Electrical,Medium,9.3,36101.86,20694
M_002149,EQ_00743,2026-03-30,Corrective,Scheduled Service,Medium,5.0,17645.07,21499
M_002150,EQ_00744,2024-07-19,Corrective,Hydraulic,Medium,2.5,9721.57,20833
M_002151,EQ_00745,2025-05-28,Preventive,Engine,Medium,16.8,33738.68,17583
M_002152,EQ_00745,2026-08-17,Preventive,Hydraulic,Low,5.7,15757.08,17172
M_002153,EQ_00745,2024-01-12,Preventive,Scheduled Service,Medium,2.1,3731.97,17810
M_002154,EQ_00746,2025-12-19,Preventive,Tires/Tracks,Medium,7.6,11033.66,6656
M_002155,EQ_00746,2025-02-23,Preventive,Electrical,Medium,5.9,8451.45,4813
M_002156,EQ_00747,2025-12-23,Preventive,Hydraulic,Medium,4.0,15512.44,16765
M_002157,EQ_00747,2026-05-12,Preventive,Engine,Medium,16.9,57541.97,17371
M_002158,EQ_00747,2026-07-08,Corrective,Electrical,Low,10.1,20564.82,17709
M_002159,EQ_00747,2024-06-02,Corrective,Tires/Tracks,High,11.6,50464.17,16157
M_002160,EQ_00747,2025-05-25,Corrective,Tires/Tracks,Medium,1.2,1987.12,16790
M_002161,EQ_00748,2026-06-07,Preventive,Electrical,Medium,3.8,8536.84,16294
M_002162,EQ_00748,2024-03-14,Corrective,Hydraulic,Medium,7.5,17522.23,15942
M_002163,EQ_00748,2024-01-18,Corrective,Electrical,Medium,13.4,22561.84,16550
M_002164,EQ_00748,2026-08-01,Preventive,Engine,Low,9.3,21640.61,16043
M_002165,EQ_00749,2025-11-29,Corrective,Hydraulic,Low,9.8,21035.13,5873
M_002166,EQ_00749,2024-06-07,Preventive,Hydraulic,Low,3.9,10807.87,6248
M_002167,EQ_00749,2024-04-30,Corrective,Electrical,Medium,15.8,44560.95,6534
M_002168,EQ_00749,2024-08-11,Preventive,Engine,Medium,5.7,10404.78,7271
M_002169,EQ_00750,2025-11-16,Corrective,Electrical,Low,4.0,8842.23,14913
M_002170,EQ_00750,2026-01-16,Corrective,Hydraulic,High,13.2,52664.72,14858
M_002171,EQ_00750,2024-06-18,Preventive,Electrical,Low,9.5,41894.26,15644
M_002172,EQ_00751,2025-09-03,Preventive,Tires/Tracks,Medium,1.3,2214.22,5941
M_002173,EQ_00751,2026-04-20,Corrective,Hydraulic,Medium,8.9,15052.94,5677
M_002174,EQ_00752,2025-10-31,Preventive,Tires/Tracks,Low,7.0,17248.47,10938
M_002175,EQ_00752,2026-03-16,Corrective,Scheduled Service,Medium,11.4,17769.18,12348
M_002176,EQ_00752,2024-05-22,Preventive,Electrical,Medium,3.0,10551.89,12384
M_002177,EQ_00752,2026-07-31,Corrective,Scheduled Service,Low,12.5,49350.3,11402
M_002178,EQ_00752,2025-05-22,Corrective,Electrical,Low,9.0,17828.54,11249
M_002179,EQ_00753,2025-11-23,Preventive,Hydraulic,Low,4.8,20823.05,17723
M_002180,EQ_00753,2025-11-28,Corrective,Scheduled Service,Low,5.0,10804.53,17555
M_002181,EQ_00753,2025-02-21,Preventive,Tires/Tracks,High,9.6,30100.38,18075
M_002182,EQ_00754,2024-10-07,Preventive,Tires/Tracks,Low,4.6,18265.52,3898
M_002183,EQ_00754,2024-12-27,Corrective,Tires/Tracks,Low,12.1,30403.81,4284
M_002184,EQ_00754,2025-06-15,Preventive,Engine,Medium,4.6,11765.66,4466
M_002185,EQ_00754,2025-04-08,Corrective,Tires/Tracks,Medium,2.2,6524.7,4282
M_002186,EQ_00754,2024-09-20,Corrective,Electrical,Medium,2.9,12898.36,3677
M_002187,EQ_00755,2024-04-05,Preventive,Engine,Medium,10.4,41693.36,6838
M_002188,EQ_00755,2025-02-26,Corrective,Electrical,Medium,9.6,19614.17,7014
M_002189,EQ_00755,2025-05-11,Preventive,Electrical,High,26.7,64153.92,7194
M_002190,EQ_00755,2025-12-19,Corrective,Scheduled Service,Medium,21.4,35541.22,8737
M_002191,EQ_00756,2025-03-01,Corrective,Scheduled Service,High,7.6,23902.02,18064
M_002192,EQ_00756,2026-01-04,Preventive,Hydraulic,High,42.3,160124.68,17140
M_002193,EQ_00757,2026-06-12,Preventive,Engine,Low,5.9,19618.93,9470
M_002194,EQ_00757,2024-12-14,Preventive,Hydraulic,Low,17.6,62434.7,10181
M_002195,EQ_00757,2024-03-22,Corrective,Hydraulic,Low,22.5,58470.06,10718
M_002196,EQ_00758,2026-04-21,Preventive,Engine,Medium,15.0,65087.26,21700
M_002197,EQ_00758,2024-11-14,Corrective,Engine,Low,7.0,10395.16,20309
M_002198,EQ_00759,2025-04-29,Preventive,Scheduled Service,Low,13.7,59053.53,404
M_002199,EQ_00759,2025-10-16,Preventive,Scheduled Service,Low,14.3,20259.52,783
M_002200,EQ_00760,2024-06-05,Preventive,Scheduled Service,Low,17.0,73401.39,15797
M_002201,EQ_00760,2026-01-18,Preventive,Engine,Medium,8.2,30459.26,16842
M_002202,EQ_00760,2024-12-22,Preventive,Scheduled Service,Low,3.8,6880.78,16266
M_002203,EQ_00761,2025-09-30,Preventive,Engine,Low,3.1,12658.05,17779
M_002204,EQ_00761,2024-10-12,Corrective,Hydraulic,Medium,5.1,15317.42,18807
M_002205,EQ_00761,2024-09-08,Preventive,Electrical,High,7.8,13159.85,18502
M_002206,EQ_00762,2025-10-08,Preventive,Scheduled Service,Low,1.8,5628.52,20792
M_002207,EQ_00762,2026-05-13,Preventive,Scheduled Service,Medium,18.9,73922.62,19291
M_002208,EQ_00763,2025-12-12,Preventive,Electrical,Low,3.6,11628.06,3925
M_002209,EQ_00763,2025-05-14,Preventive,Engine,Medium,5.8,12912.6,3327
M_002210,EQ_00763,2026-02-21,Preventive,Tires/Tracks,High,77.3,213329.64,3497
M_002211,EQ_00764,2025-12-21,Preventive,Hydraulic,Medium,9.8,17360.81,20804
M_002212,EQ_00764,2026-07-07,Preventive,Scheduled Service,Medium,25.0,111783.46,22418
M_002213,EQ_00764,2024-12-08,Corrective,Engine,Medium,14.9,51693.88,22558
M_002214,EQ_00765,2024-05-31,Corrective,Scheduled Service,High,12.7,48556.9,8263
M_002215,EQ_00765,2024-06-06,Corrective,Electrical,Medium,3.5,5945.67,8252
M_002216,EQ_00766,2025-11-06,Preventive,Tires/Tracks,Medium,11.9,25459.06,7571
M_002217,EQ_00766,2025-08-15,Preventive,Scheduled Service,Low,8.5,37724.28,7474
M_002218,EQ_00766,2025-07-26,Preventive,Electrical,Low,7.0,24734.61,8322
M_002219,EQ_00766,2024-06-11,Corrective,Hydraulic,Medium,8.1,12817.48,9038
M_002220,EQ_00767,2026-05-04,Preventive,Scheduled Service,Medium,10.8,43747.4,8712
M_002221,EQ_00767,2025-12-07,Preventive,Engine,High,1.0,3726.68,7308
M_002222,EQ_00768,2025-05-05,Preventive,Engine,Low,11.7,20565.68,13626
M_002223,EQ_00768,2024-04-04,Preventive,Tires/Tracks,Low,21.4,72367.69,14330
M_002224,EQ_00768,2025-04-10,Corrective,Scheduled Service,Low,1.2,4640.61,14479
M_002225,EQ_00768,2025-01-31,Preventive,Electrical,Medium,10.6,14319.46,15168
M_002226,EQ_00768,2025-11-23,Preventive,Engine,Low,11.3,40312.85,14797
M_002227,EQ_00769,2024-06-25,Preventive,Scheduled Service,High,20.8,30432.9,15253
M_002228,EQ_00769,2024-12-22,Preventive,Electrical,Low,3.0,8291.92,13989
M_002229,EQ_00770,2024-10-07,Corrective,Hydraulic,Medium,13.3,35364.09,10055
M_002230,EQ_00770,2025-07-19,Corrective,Hydraulic,Medium,12.9,19844.22,10926
M_002231,EQ_00771,2025-02-26,Corrective,Electrical,High,18.9,52420.76,1103
M_002232,EQ_00771,2026-02-27,Preventive,Scheduled Service,High,18.0,28155.73,2379
M_002233,EQ_00771,2025-06-09,Preventive,Scheduled Service,Medium,41.0,128463.98,1786
M_002234,EQ_00772,2025-10-08,Preventive,Hydraulic,Medium,10.3,23168.96,22330
M_002235,EQ_00773,2025-11-05,Preventive,Engine,Low,1.2,5249.26,4643
M_002236,EQ_00773,2025-01-21,Preventive,Engine,Low,3.5,14905.19,5148
M_002237,EQ_00773,2026-07-30,Corrective,Scheduled Service,High,22.8,90253.79,5986
M_002238,EQ_00773,2024-04-19,Corrective,Hydraulic,Low,3.1,9524.49,4740
M_002239,EQ_00773,2024-03-21,Preventive,Electrical,Low,11.6,48273.29,6204
M_002240,EQ_00774,2025-06-14,Preventive,Engine,Low,3.9,8004.3,2395
M_002241,EQ_00775,2025-09-08,Corrective,Electrical,Medium,9.5,13908.57,12484
M_002242,EQ_00775,2025-06-26,Corrective,Engine,Low,10.6,20929.89,12496
M_002243,EQ_00775,2026-01-29,Corrective,Hydraulic,Low,7.1,9556.82,13278
M_002244,EQ_00775,2025-04-01,Corrective,Electrical,Low,2.1,4082.36,13548
M_002245,EQ_00776,2025-02-11,Preventive,Engine,Low,11.4,49291.96,8567
M_002246,EQ_00776,2026-05-09,Preventive,Hydraulic,Low,14.9,26243.03,9931
M_002247,EQ_00776,2024-01-19,Preventive,Engine,Medium,4.9,7132.99,9872
M_002248,EQ_00777,2024-06-23,Corrective,Hydraulic,Low,5.9,20830.69,12855
M_002249,EQ_00777,2025-01-11,Preventive,Electrical,Medium,3.6,9360.33,14068
M_002250,EQ_00777,2024-06-29,Preventive,Tires/Tracks,Low,28.4,86760.85,13551
M_002251,EQ_00777,2026-05-10,Preventive,Tires/Tracks,Medium,6.1,15703.29,13368
M_002252,EQ_00778,2025-11-05,Preventive,Scheduled Service,Medium,2.2,7850.2,19411
M_002253,EQ_00778,2025-06-02,Preventive,Engine,Low,30.2,127474.4,19763
M_002254,EQ_00779,2026-08-13,Corrective,Tires/Tracks,Low,7.6,17740.52,3262
M_002255,EQ_00780,2025-06-09,Corrective,Scheduled Service,Medium,14.9,38687.51,7473
M_002256,EQ_00780,2024-08-10,Preventive,Hydraulic,Low,12.3,53594.3,5919
M_002257,EQ_00780,2025-12-30,Preventive,Tires/Tracks,Medium,6.5,26996.67,6520
M_002258,EQ_00781,2026-06-21,Corrective,Scheduled Service,Low,6.1,24998.92,10630
M_002259,EQ_00781,2026-02-24,Preventive,Electrical,Medium,4.9,11447.66,11777
M_002260,EQ_00781,2024-11-07,Preventive,Tires/Tracks,Low,19.6,56300.96,12424
M_002261,EQ_00782,2026-05-13,Preventive,Electrical,Medium,14.5,49154.1,17382
M_002262,EQ_00782,2026-07-08,Preventive,Tires/Tracks,Low,8.5,17117.78,16733
M_002263,EQ_00782,2025-01-24,Corrective,Engine,Medium,12.3,29813.96,16442
M_002264,EQ_00783,2025-11-22,Corrective,Tires/Tracks,Low,13.9,31422.6,13641
M_002265,EQ_00783,2024-10-31,Preventive,Hydraulic,Medium,5.9,16889.87,13342
M_002266,EQ_00783,2025-09-10,Preventive,Hydraulic,Medium,11.3,34523.13,13458
M_002267,EQ_00783,2024-10-26,Corrective,Engine,Medium,9.3,25709.99,13922
M_002268,EQ_00784,2024-04-19,Preventive,Tires/Tracks,High,44.9,103187.35,9441
M_002269,EQ_00785,2025-02-06,Corrective,Hydraulic,Low,16.9,75085.97,13729
M_002270,EQ_00786,2024-05-21,Preventive,Hydraulic,Low,23.1,28947.61,20862
M_002271,EQ_00786,2024-09-02,Preventive,Electrical,Medium,10.8,34621.59,20989
M_002272,EQ_00787,2024-10-28,Preventive,Engine,Low,21.0,62676.44,9934
M_002273,EQ_00787,2026-02-17,Corrective,Scheduled Service,Low,2.3,8719.9,11453
M_002274,EQ_00787,2025-07-13,Preventive,Electrical,High,13.8,55630.76,11090
M_002275,EQ_00788,2025-01-12,Preventive,Tires/Tracks,High,17.7,76457.39,19028
M_002276,EQ_00788,2024-02-16,Preventive,Scheduled Service,Low,11.5,31035.79,19957
M_002277,EQ_00788,2026-05-09,Corrective,Scheduled Service,Medium,4.7,18957.05,19965
M_002278,EQ_00788,2026-05-19,Preventive,Electrical,Low,1.0,2346.37,19596
M_002279,EQ_00789,2024-10-21,Corrective,Electrical,Low,14.3,41983.68,17011
M_002280,EQ_00790,2025-01-01,Corrective,Scheduled Service,Low,6.0,7203.23,6248
M_002281,EQ_00790,2025-08-03,Corrective,Engine,Low,7.4,12576.17,6336
M_002282,EQ_00790,2024-03-18,Corrective,Scheduled Service,Medium,17.0,66866.61,7181
M_002283,EQ_00791,2025-04-14,Corrective,Electrical,Medium,5.9,13228.92,5639
M_002284,EQ_00791,2024-08-12,Preventive,Scheduled Service,Medium,7.8,17139.11,5892
M_002285,EQ_00791,2024-02-07,Corrective,Hydraulic,Low,8.9,10975.6,5334
M_002286,EQ_00792,2026-04-29,Preventive,Hydraulic,Low,9.5,25582.83,16431
M_002287,EQ_00792,2026-08-24,Corrective,Hydraulic,Medium,5.1,8979.44,16139
M_002288,EQ_00792,2024-10-15,Corrective,Engine,Low,18.0,60417.06,17796
M_002289,EQ_00793,2026-06-20,Preventive,Tires/Tracks,Low,15.0,65138.37,5846
M_002290,EQ_00793,2024-06-03,Preventive,Tires/Tracks,Medium,17.9,59575.55,4593
M_002291,EQ_00793,2024-05-07,Preventive,Hydraulic,Low,4.8,10020.34,4489
M_002292,EQ_00793,2026-03-22,Corrective,Engine,Medium,5.9,15043.41,4718
M_002293,EQ_00794,2025-05-02,Preventive,Hydraulic,Medium,5.3,13281.47,7708
M_002294,EQ_00794,2024-02-29,Corrective,Hydraulic,Medium,6.7,24096.85,8016
M_002295,EQ_00795,2024-12-11,Corrective,Scheduled Service,Medium,7.3,24185.95,6088
M_002296,EQ_00795,2025-11-19,Preventive,Engine,Low,10.3,28233.9,4659
M_002297,EQ_00795,2024-06-17,Preventive,Hydraulic,Low,7.4,22611.56,5601
M_002298,EQ_00795,2024-07-15,Preventive,Engine,High,6.0,17017.47,6232
M_002299,EQ_00796,2025-12-12,Corrective,Scheduled Service,Medium,1.3,2600.77,13393
M_002300,EQ_00796,2024-11-05,Preventive,Electrical,Medium,12.0,35800.72,13644
M_002301,EQ_00797,2025-04-06,Corrective,Hydraulic,Medium,5.2,13680.96,7736
M_002302,EQ_00797,2025-03-28,Preventive,Electrical,Medium,8.7,20841.19,5851
M_002303,EQ_00797,2024-07-07,Preventive,Electrical,Low,16.3,63946.91,6699
M_002304,EQ_00797,2025-01-06,Corrective,Electrical,Medium,5.6,17937.45,6835
M_002305,EQ_00798,2026-07-03,Preventive,Tires/Tracks,Low,8.8,13221.58,14638
M_002306,EQ_00799,2026-04-24,Preventive,Electrical,Low,2.5,8890.49,20739
M_002307,EQ_00799,2024-12-19,Corrective,Electrical,Low,5.7,10549.77,21538
M_002308,EQ_00799,2026-04-16,Preventive,Tires/Tracks,Medium,3.1,8592.08,20015
M_002309,EQ_00800,2024-08-25,Corrective,Scheduled Service,Medium,11.9,46773.67,17387
M_002310,EQ_00800,2026-06-03,Corrective,Engine,Low,2.8,7927.39,18899
M_002311,EQ_00800,2025-07-15,Corrective,Electrical,High,25.8,48125.65,18836
