rental_id,equipment_id,site_id,operator_id,checkout_date,expected_return_date,actual_return_date,planned_duration_days,rental_status,extension_requested,rental_cost_inr
R_000001,EQ_00504,SITE_029,OP_0201,2024-05-17,2024-07-01,2024-06-29,45,Returned,0,630000
R_000002,EQ_00418,SITE_019,OP_0071,2026-05-14,2026-05-19,2026-05-19,5,Returned,0,90000
R_000003,EQ_00774,SITE_020,OP_0131,2024-03-23,2024-04-20,2024-04-20,28,Returned,0,504000
R_000004,EQ_00353,SITE_001,OP_0131,2024-07-26,2024-08-01,2024-08-01,6,Returned,0,108000
R_000005,EQ_00051,SITE_030,OP_0165,2026-08-04,2026-09-13,2026-09-11,40,Returned,0,640000
R_000006,EQ_00784,SITE_026,OP_0114,2024-01-08,2024-01-21,2024-01-20,13,Returned,0,182000
R_000007,EQ_00678,SITE_014,OP_0252,2024-11-18,2024-11-26,2024-11-26,8,Returned,0,144000
R_000008,EQ_00145,SITE_029,OP_0299,2025-01-27,2025-02-09,2025-02-09,13,Returned,0,91000
R_000009,EQ_00053,SITE_015,OP_0280,2024-05-24,2024-06-13,2024-06-13,20,Returned,0,320000
R_000010,EQ_00130,SITE_030,OP_0061,2024-06-28,2024-08-09,2024-08-09,42,Returned,0,588000
R_000011,EQ_00203,SITE_017,OP_0227,2024-08-26,2024-10-02,2024-10-02,37,Returned,1,1110000
R_000012,EQ_00363,SITE_027,OP_0078,2026-07-20,2026-07-31,2026-08-02,11,Overdue Returned,1,242000
R_000013,EQ_00587,SITE_024,OP_0089,2026-06-18,2026-07-09,2026-07-09,21,Returned,0,189000
R_000014,EQ_00522,SITE_020,OP_0317,2025-01-05,2025-01-29,2025-01-29,24,Returned,0,216000
R_000015,EQ_00169,SITE_017,OP_0285,2024-04-27,2024-05-02,2024-05-03,5,Overdue Returned,0,70000
R_000016,EQ_00315,SITE_016,OP_0133,2024-02-09,2024-03-18,2024-03-18,38,Returned,0,684000
R_000017,EQ_00557,SITE_005,OP_0236,2026-05-28,2026-07-02,2026-07-02,35,Returned,0,245000
R_000018,EQ_00385,SITE_011,OP_0093,2024-11-14,2024-12-02,2024-12-07,18,Overdue Returned,1,252000
R_000019,EQ_00145,SITE_021,OP_0063,2025-06-03,2025-06-27,,24,Overdue,0,168000
R_000020,EQ_00359,SITE_006,OP_0103,2024-10-22,2024-12-04,2024-12-05,43,Overdue Returned,0,946000
R_000021,EQ_00389,SITE_030,OP_0260,2025-10-30,2025-12-04,2025-12-03,35,Returned,0,490000
R_000022,EQ_00130,SITE_005,OP_0277,2025-09-16,2025-10-01,2025-10-03,15,Overdue Returned,0,210000
R_000023,EQ_00706,SITE_006,OP_0270,2025-01-08,2025-01-28,2025-01-28,20,Returned,0,360000
R_000024,EQ_00518,SITE_003,OP_0011,2026-02-12,2026-03-04,2026-03-04,20,Returned,1,180000
R_000025,EQ_00047,SITE_005,OP_0327,2025-03-04,2025-03-14,2025-03-14,10,Returned,0,90000
R_000026,EQ_00296,SITE_004,OP_0109,2025-03-20,2025-04-15,,26,Active,0,416000
R_000027,EQ_00018,SITE_019,OP_0054,2024-03-10,2024-04-10,2024-04-11,31,Overdue Returned,0,434000
R_000028,EQ_00143,SITE_018,OP_0293,2025-02-18,2025-03-01,2025-03-01,11,Returned,0,330000
R_000029,EQ_00172,SITE_018,OP_0052,2025-08-13,2025-08-30,,17,Active,0,306000
R_000030,EQ_00550,SITE_018,OP_0231,2025-02-21,2025-03-20,2025-03-22,27,Overdue Returned,0,378000
R_000031,EQ_00541,SITE_003,OP_0337,2025-11-07,2025-11-12,,5,Active,1,80000
R_000032,EQ_00583,SITE_010,OP_0113,2025-08-10,2025-09-17,2025-09-17,38,Returned,1,684000
R_000033,EQ_00272,SITE_024,OP_0112,2024-09-11,2024-10-21,,40,Active,0,720000
R_000034,EQ_00472,SITE_016,OP_0170,2025-10-28,2025-12-10,,43,Overdue,1,602000
R_000035,EQ_00324,SITE_012,OP_0148,2026-08-04,2026-09-02,2026-09-02,29,Returned,0,522000
R_000036,EQ_00123,SITE_017,OP_0280,2025-05-05,2025-06-16,2025-06-16,42,Returned,0,672000
R_000037,EQ_00041,SITE_013,OP_0050,2025-04-29,2025-05-08,2025-05-08,9,Returned,0,162000
R_000038,EQ_00408,SITE_003,OP_0300,2025-12-21,2026-01-23,,33,Active,0,231000
R_000039,EQ_00001,SITE_016,OP_0279,2024-02-01,2024-02-06,2024-02-06,5,Returned,1,110000
R_000040,EQ_00307,SITE_002,OP_0011,2024-04-03,2024-05-05,2024-05-05,32,Returned,0,512000
R_000041,EQ_00789,SITE_008,OP_0172,2025-05-25,2025-06-11,2025-06-11,17,Returned,0,272000
R_000042,EQ_00351,SITE_002,OP_0003,2025-01-25,2025-03-08,2025-03-08,42,Returned,0,588000
R_000043,EQ_00185,SITE_007,OP_0233,2025-05-12,2025-06-11,,30,Active,0,210000
R_000044,EQ_00225,SITE_005,OP_0224,2024-01-31,2024-02-13,2024-02-13,13,Returned,1,117000
R_000045,EQ_00319,SITE_017,OP_0224,2025-03-12,2025-04-22,2025-05-02,41,Overdue Returned,1,369000
R_000046,EQ_00770,SITE_008,OP_0104,2025-11-09,2025-12-15,2025-12-15,36,Returned,0,792000
R_000047,EQ_00446,SITE_030,OP_0327,2025-09-13,2025-10-15,2025-10-14,32,Returned,0,704000
R_000048,EQ_00720,SITE_027,OP_0245,2024-11-25,2024-12-18,,23,Overdue,0,322000
R_000049,EQ_00522,SITE_004,OP_0321,2024-05-07,2024-05-17,2024-05-15,10,Returned,1,90000
R_000050,EQ_00056,SITE_013,OP_0254,2026-08-02,2026-08-28,,26,Active,0,468000
R_000051,EQ_00794,SITE_016,OP_0326,2024-04-21,2024-04-28,2024-04-27,7,Returned,0,49000
R_000052,EQ_00708,SITE_021,OP_0072,2024-03-08,2024-04-14,2024-04-14,37,Returned,0,592000
R_000053,EQ_00023,SITE_023,OP_0321,2025-12-14,2025-12-26,2025-12-26,12,Returned,1,84000
R_000054,EQ_00153,SITE_023,OP_0071,2025-12-25,2026-01-27,2026-01-27,33,Returned,0,594000
R_000055,EQ_00209,SITE_004,OP_0196,2025-06-23,2025-06-29,2025-06-27,6,Returned,0,132000
R_000056,EQ_00149,SITE_006,OP_0342,2024-08-30,2024-10-01,2024-09-28,32,Returned,0,576000
R_000057,EQ_00598,SITE_011,OP_0175,2024-05-25,2024-07-02,,38,Active,0,684000
R_000058,EQ_00175,SITE_027,OP_0062,2026-07-04,2026-07-30,2026-08-04,26,Overdue Returned,0,234000
R_000059,EQ_00553,SITE_001,OP_0165,2025-11-26,2025-12-16,2025-12-16,20,Returned,1,140000
R_000060,EQ_00619,SITE_015,OP_0135,2026-02-05,2026-03-17,2026-03-17,40,Returned,0,1200000
R_000061,EQ_00509,SITE_024,OP_0344,2026-02-25,2026-03-05,2026-03-05,8,Returned,1,176000
R_000062,EQ_00382,SITE_013,OP_0093,2025-03-10,2025-04-18,2025-04-18,39,Returned,0,273000
R_000063,EQ_00483,SITE_025,OP_0097,2024-11-19,2024-12-04,2024-12-04,15,Returned,1,105000
R_000064,EQ_00120,SITE_001,OP_0297,2025-10-04,2025-10-10,2025-10-10,6,Returned,0,108000
R_000065,EQ_00402,SITE_029,OP_0325,2024-09-22,2024-10-19,,27,Active,0,810000
R_000066,EQ_00768,SITE_016,OP_0286,2026-06-01,2026-07-03,2026-07-03,32,Returned,0,576000
R_000067,EQ_00399,SITE_025,OP_0195,2026-01-23,2026-01-27,,4,Active,1,72000
R_000068,EQ_00606,SITE_004,OP_0283,2025-10-28,2025-12-07,2025-12-05,40,Returned,0,720000
R_000069,EQ_00407,SITE_013,OP_0329,2026-03-24,2026-05-04,2026-05-01,41,Returned,0,287000
R_000070,EQ_00232,SITE_030,OP_0125,2024-05-01,2024-05-30,2024-06-01,29,Overdue Returned,0,522000
R_000071,EQ_00747,SITE_005,OP_0317,2026-05-14,2026-06-28,,45,Active,0,315000
R_000072,EQ_00174,SITE_006,OP_0030,2024-09-03,2024-09-08,2024-09-08,5,Returned,0,90000
R_000073,EQ_00415,SITE_025,OP_0144,2025-01-17,2025-01-28,2025-01-28,11,Returned,0,198000
R_000074,EQ_00356,SITE_009,OP_0241,2026-02-18,2026-03-13,2026-03-23,23,Overdue Returned,0,690000
R_000075,EQ_00255,SITE_011,OP_0255,2024-01-12,2024-01-23,2024-01-23,11,Returned,0,198000
R_000076,EQ_00101,SITE_024,OP_0329,2024-01-14,2024-02-12,2024-02-13,29,Overdue Returned,0,870000
R_000077,EQ_00187,SITE_008,OP_0275,2026-02-17,2026-03-04,2026-03-09,15,Overdue Returned,0,450000
R_000078,EQ_00003,SITE_025,OP_0276,2024-01-20,2024-02-28,2024-02-29,39,Overdue Returned,1,702000
R_000079,EQ_00725,SITE_017,OP_0015,2025-08-10,2025-09-11,2025-09-11,32,Returned,0,576000
R_000080,EQ_00048,SITE_010,OP_0021,2024-01-17,2024-02-20,,34,Overdue,0,306000
R_000081,EQ_00754,SITE_004,OP_0227,2026-06-11,2026-06-27,2026-06-28,16,Overdue Returned,0,480000
R_000082,EQ_00055,SITE_021,OP_0025,2024-09-02,2024-09-05,2024-09-05,3,Returned,1,54000
R_000083,EQ_00467,SITE_025,OP_0314,2024-05-01,2024-05-04,2024-05-04,3,Returned,1,54000
R_000084,EQ_00100,SITE_017,OP_0256,2024-11-22,2025-01-04,2025-01-06,43,Overdue Returned,0,1290000
R_000085,EQ_00583,SITE_016,OP_0156,2026-03-01,2026-03-27,2026-03-27,26,Returned,1,468000
R_000086,EQ_00147,SITE_018,OP_0019,2025-04-12,2025-05-23,2025-05-28,41,Overdue Returned,0,656000
R_000087,EQ_00413,SITE_010,OP_0245,2025-04-06,2025-05-05,2025-05-05,29,Returned,1,870000
R_000088,EQ_00594,SITE_028,OP_0231,2026-04-27,2026-06-11,2026-06-10,45,Returned,1,315000
R_000089,EQ_00309,SITE_015,OP_0274,2025-07-13,2025-08-03,2025-08-03,21,Returned,0,378000
R_000090,EQ_00118,SITE_027,OP_0042,2025-01-20,2025-02-14,2025-02-14,25,Returned,1,225000
R_000091,EQ_00169,SITE_006,OP_0150,2025-11-18,2025-12-22,,34,Active,0,476000
R_000092,EQ_00157,SITE_029,OP_0183,2026-01-07,2026-01-23,2026-01-23,16,Returned,0,480000
R_000093,EQ_00085,SITE_026,OP_0179,2026-05-19,2026-06-12,2026-06-12,24,Returned,1,432000
R_000094,EQ_00243,SITE_005,OP_0204,2025-05-26,2025-06-06,2025-06-06,11,Returned,0,198000
R_000095,EQ_00199,SITE_020,OP_0018,2024-12-07,2025-01-02,2025-01-02,26,Returned,0,416000
R_000096,EQ_00352,SITE_011,OP_0055,2026-03-16,2026-04-21,,36,Active,0,504000
R_000097,EQ_00408,SITE_001,OP_0209,2024-09-16,2024-10-22,2024-10-24,36,Overdue Returned,0,252000
R_000098,EQ_00375,SITE_015,OP_0132,2024-12-18,2025-01-27,2025-01-27,40,Returned,0,360000
R_000099,EQ_00518,SITE_002,OP_0250,2025-12-06,2025-12-18,2025-12-19,12,Overdue Returned,1,108000
R_000100,EQ_00121,SITE_029,OP_0188,2026-06-10,2026-06-13,2026-06-13,3,Returned,1,27000
R_000101,EQ_00231,SITE_010,OP_0226,2024-06-20,2024-07-15,2024-07-15,25,Returned,1,550000
R_000102,EQ_00491,SITE_008,OP_0133,2025-05-31,2025-06-11,2025-06-11,11,Returned,0,242000
R_000103,EQ_00230,SITE_001,OP_0337,2024-10-19,2024-11-25,,37,Active,1,666000
R_000104,EQ_00722,SITE_023,OP_0202,2024-01-06,2024-02-02,,27,Active,0,243000
R_000105,EQ_00248,SITE_009,OP_0122,2024-10-13,2024-11-04,2024-11-06,22,Overdue Returned,0,484000
R_000106,EQ_00033,SITE_021,OP_0320,2025-06-17,2025-06-24,2025-06-24,7,Returned,0,126000
R_000107,EQ_00396,SITE_015,OP_0100,2025-06-10,2025-07-14,,34,Overdue,0,612000
R_000108,EQ_00017,SITE_019,OP_0229,2026-05-04,2026-06-04,2026-06-04,31,Returned,0,217000
R_000109,EQ_00545,SITE_005,OP_0236,2025-07-08,2025-07-24,,16,Active,0,480000
R_000110,EQ_00036,SITE_020,OP_0146,2024-12-06,2024-12-23,,17,Active,1,374000
R_000111,EQ_00693,SITE_005,OP_0208,2024-06-06,2024-06-24,,18,Active,0,126000
R_000112,EQ_00527,SITE_003,OP_0317,2026-05-26,2026-06-09,2026-06-07,14,Returned,1,252000
R_000113,EQ_00750,SITE_015,OP_0040,2025-09-13,2025-10-01,2025-10-02,18,Overdue Returned,0,288000
R_000114,EQ_00430,SITE_013,OP_0340,2025-03-01,2025-03-23,2025-03-24,22,Overdue Returned,0,308000
R_000115,EQ_00570,SITE_008,OP_0140,2026-04-01,2026-04-30,2026-04-29,29,Returned,0,638000
R_000116,EQ_00225,SITE_023,OP_0101,2025-12-28,2026-01-22,2026-01-23,25,Overdue Returned,1,225000
R_000117,EQ_00170,SITE_030,OP_0262,2024-04-11,2024-04-14,2024-04-14,3,Returned,0,54000
R_000118,EQ_00218,SITE_001,OP_0173,2024-07-27,2024-09-04,2024-09-01,39,Returned,0,351000
R_000119,EQ_00539,SITE_014,OP_0271,2025-08-10,2025-09-15,2025-09-15,36,Returned,1,792000
R_000120,EQ_00369,SITE_024,OP_0145,2026-03-28,2026-04-08,2026-04-08,11,Returned,1,242000
R_000121,EQ_00602,SITE_018,OP_0273,2025-05-04,2025-06-12,2025-06-11,39,Returned,1,546000
R_000122,EQ_00702,SITE_007,OP_0106,2025-09-05,2025-09-26,2025-09-27,21,Overdue Returned,0,462000
R_000123,EQ_00785,SITE_008,OP_0257,2024-03-21,2024-04-16,2024-04-17,26,Overdue Returned,0,182000
R_000124,EQ_00332,SITE_013,OP_0257,2024-01-29,2024-02-24,2024-02-24,26,Returned,0,182000
R_000125,EQ_00672,SITE_008,OP_0348,2025-06-07,2025-07-09,2025-07-09,32,Returned,0,448000
R_000126,EQ_00617,SITE_026,OP_0169,2025-04-21,2025-05-15,2025-05-15,24,Returned,0,384000
R_000127,EQ_00336,SITE_026,OP_0246,2024-05-14,2024-05-21,2024-05-18,7,Returned,0,126000
R_000128,EQ_00293,SITE_013,OP_0347,2025-10-11,2025-11-04,2025-11-04,24,Returned,1,432000
R_000129,EQ_00565,SITE_030,OP_0073,2024-08-27,2024-09-04,2024-09-02,8,Returned,0,176000
R_000130,EQ_00581,SITE_015,OP_0240,2024-08-11,2024-08-14,2024-08-14,3,Returned,1,48000
R_000131,EQ_00124,SITE_023,OP_0302,2026-01-01,2026-01-26,2026-01-26,25,Returned,0,350000
R_000132,EQ_00580,SITE_020,OP_0347,2026-08-05,2026-08-18,2026-08-19,13,Overdue Returned,0,208000
R_000133,EQ_00080,SITE_005,OP_0198,2025-09-19,2025-11-03,2025-11-03,45,Returned,0,1350000
R_000134,EQ_00605,SITE_028,OP_0202,2025-04-21,2025-05-07,,16,Active,0,288000
R_000135,EQ_00564,SITE_011,OP_0153,2026-03-17,2026-04-25,,39,Active,0,546000
R_000136,EQ_00153,SITE_026,OP_0172,2025-07-14,2025-07-20,2025-07-21,6,Overdue Returned,1,108000
R_000137,EQ_00757,SITE_026,OP_0261,2026-07-21,2026-08-22,2026-08-22,32,Returned,0,960000
R_000138,EQ_00538,SITE_013,OP_0320,2024-03-09,2024-04-08,,30,Active,0,480000
R_000139,EQ_00698,SITE_015,OP_0340,2025-11-24,2025-11-28,2025-12-03,4,Overdue Returned,0,56000
R_000140,EQ_00163,SITE_027,OP_0153,2024-07-23,2024-08-02,2024-08-02,10,Returned,0,160000
R_000141,EQ_00364,SITE_019,OP_0119,2026-05-26,2026-06-25,2026-06-25,30,Returned,0,900000
R_000142,EQ_00790,SITE_023,OP_0113,2026-06-09,2026-07-18,2026-07-17,39,Returned,0,624000
R_000143,EQ_00085,SITE_030,OP_0054,2026-03-31,2026-04-21,2026-04-21,21,Returned,0,378000
R_000144,EQ_00243,SITE_025,OP_0114,2025-06-08,2025-06-23,2025-06-23,15,Returned,1,270000
R_000145,EQ_00446,SITE_014,OP_0226,2025-05-01,2025-05-16,,15,Active,1,330000
R_000146,EQ_00173,SITE_028,OP_0315,2025-04-26,2025-05-03,2025-05-04,7,Overdue Returned,0,49000
R_000147,EQ_00696,SITE_010,OP_0167,2024-07-04,2024-07-14,2024-07-14,10,Returned,1,70000
R_000148,EQ_00213,SITE_019,OP_0115,2025-05-21,2025-06-04,2025-06-02,14,Returned,0,308000
R_000149,EQ_00683,SITE_011,OP_0024,2025-10-17,2025-10-27,2025-10-27,10,Returned,0,70000
R_000150,EQ_00141,SITE_004,OP_0001,2024-01-16,2024-02-08,2024-02-08,23,Returned,0,414000
R_000151,EQ_00458,SITE_030,OP_0243,2026-05-22,2026-06-02,2026-06-02,11,Returned,0,242000
R_000152,EQ_00173,SITE_007,OP_0296,2025-06-06,2025-07-13,2025-07-12,37,Returned,1,259000
R_000153,EQ_00531,SITE_013,OP_0278,2026-04-06,2026-04-26,2026-04-26,20,Returned,1,280000
R_000154,EQ_00706,SITE_014,OP_0055,2024-10-01,2024-11-02,,32,Active,1,576000
R_000155,EQ_00131,SITE_003,OP_0154,2025-07-04,2025-07-11,,7,Active,0,154000
R_000156,EQ_00327,SITE_012,OP_0307,2025-10-20,2025-11-03,2025-11-03,14,Returned,0,98000
R_000157,EQ_00795,SITE_002,OP_0300,2024-09-24,2024-09-28,2024-09-27,4,Returned,0,28000
R_000158,EQ_00529,SITE_013,OP_0047,2025-10-29,2025-11-04,,6,Overdue,0,132000
R_000159,EQ_00752,SITE_002,OP_0120,2025-12-23,2026-01-09,,17,Active,1,306000
R_000160,EQ_00590,SITE_001,OP_0100,2024-09-23,2024-10-15,,22,Active,1,308000
R_000161,EQ_00005,SITE_015,OP_0256,2024-08-20,2024-09-10,,21,Active,1,378000
R_000162,EQ_00582,SITE_012,OP_0235,2025-02-02,2025-02-22,2025-02-22,20,Returned,1,600000
R_000163,EQ_00711,SITE_024,OP_0168,2026-07-17,2026-08-31,2026-08-31,45,Returned,0,990000
R_000164,EQ_00356,SITE_008,OP_0047,2026-03-11,2026-03-26,2026-03-26,15,Returned,1,450000
R_000165,EQ_00352,SITE_006,OP_0026,2024-11-25,2024-12-18,2024-12-18,23,Returned,1,322000
R_000166,EQ_00635,SITE_014,OP_0316,2025-02-21,2025-03-20,2025-03-20,27,Returned,0,594000
R_000167,EQ_00337,SITE_018,OP_0021,2025-04-26,2025-05-13,2025-05-13,17,Returned,0,119000
R_000168,EQ_00119,SITE_023,OP_0094,2026-07-07,2026-08-05,2026-08-05,29,Returned,0,522000
R_000169,EQ_00569,SITE_025,OP_0088,2024-09-03,2024-09-08,2024-09-08,5,Returned,0,45000
R_000170,EQ_00485,SITE_013,OP_0321,2024-04-27,2024-05-14,2024-05-16,17,Overdue Returned,0,119000
R_000171,EQ_00305,SITE_023,OP_0265,2025-10-09,2025-10-20,2025-10-20,11,Returned,1,242000
R_000172,EQ_00040,SITE_018,OP_0074,2024-01-17,2024-01-29,2024-01-29,12,Returned,1,108000
R_000173,EQ_00442,SITE_003,OP_0079,2024-02-04,2024-02-29,2024-03-02,25,Overdue Returned,1,400000
R_000174,EQ_00355,SITE_028,OP_0039,2026-05-24,2026-06-04,2026-06-04,11,Returned,0,176000
R_000175,EQ_00156,SITE_015,OP_0286,2026-05-27,2026-06-08,2026-06-18,12,Overdue Returned,0,360000
R_000176,EQ_00436,SITE_013,OP_0023,2026-05-20,2026-07-02,2026-07-02,43,Returned,0,688000
R_000177,EQ_00385,SITE_028,OP_0291,2025-04-26,2025-05-05,2025-05-05,9,Returned,0,126000
R_000178,EQ_00351,SITE_003,OP_0200,2025-12-01,2025-12-13,2025-12-13,12,Returned,0,168000
R_000179,EQ_00208,SITE_012,OP_0227,2024-01-05,2024-01-08,2024-01-06,3,Returned,1,42000
R_000180,EQ_00358,SITE_015,OP_0151,2025-03-20,2025-03-26,2025-03-26,6,Returned,1,132000
R_000181,EQ_00442,SITE_010,OP_0229,2026-08-05,2026-09-16,2026-09-21,42,Overdue Returned,1,672000
R_000182,EQ_00734,SITE_029,OP_0304,2024-06-03,2024-06-19,2024-06-18,16,Returned,0,112000
R_000183,EQ_00110,SITE_021,OP_0159,2025-04-11,2025-05-19,2025-05-24,38,Overdue Returned,0,684000
R_000184,EQ_00014,SITE_016,OP_0111,2024-08-09,2024-08-19,2024-08-19,10,Returned,0,300000
R_000185,EQ_00544,SITE_026,OP_0196,2025-12-21,2026-01-17,2026-01-15,27,Returned,0,486000
R_000186,EQ_00350,SITE_010,OP_0162,2025-03-25,2025-05-02,2025-05-02,38,Returned,1,532000
R_000187,EQ_00584,SITE_018,OP_0161,2025-02-18,2025-03-10,2025-03-10,20,Returned,0,140000
R_000188,EQ_00464,SITE_026,OP_0178,2025-01-03,2025-02-15,2025-02-12,43,Returned,0,1290000
R_000189,EQ_00178,SITE_008,OP_0253,2025-04-20,2025-06-04,2025-06-04,45,Returned,1,405000
R_000190,EQ_00433,SITE_014,OP_0097,2025-03-25,2025-04-25,2025-04-25,31,Returned,0,558000
R_000191,EQ_00237,SITE_013,OP_0294,2024-06-18,2024-08-01,,44,Overdue,0,396000
R_000192,EQ_00332,SITE_006,OP_0208,2024-04-04,2024-04-19,2024-04-19,15,Returned,1,105000
R_000193,EQ_00141,SITE_010,OP_0237,2026-02-24,2026-04-06,2026-04-05,41,Returned,0,738000
R_000194,EQ_00059,SITE_025,OP_0055,2024-01-15,2024-02-24,2024-02-24,40,Returned,0,280000
R_000195,EQ_00553,SITE_013,OP_0096,2025-01-10,2025-01-13,2025-01-13,3,Returned,0,21000
R_000196,EQ_00242,SITE_013,OP_0048,2025-12-11,2026-01-16,2026-01-16,36,Returned,0,648000
R_000197,EQ_00060,SITE_025,OP_0112,2024-04-29,2024-06-08,,40,Active,0,360000
R_000198,EQ_00070,SITE_021,OP_0221,2025-08-05,2025-08-09,2025-08-09,4,Returned,0,64000
R_000199,EQ_00100,SITE_027,OP_0100,2024-09-14,2024-10-27,2024-10-26,43,Returned,0,1290000
R_000200,EQ_00621,SITE_018,OP_0103,2025-01-13,2025-01-26,2025-01-26,13,Returned,0,234000
R_000201,EQ_00280,SITE_014,OP_0186,2024-08-20,2024-09-14,2024-09-14,25,Returned,0,350000
R_000202,EQ_00557,SITE_009,OP_0195,2026-01-23,2026-02-04,2026-02-04,12,Returned,0,84000
R_000203,EQ_00712,SITE_011,OP_0210,2024-05-22,2024-07-03,2024-07-03,42,Returned,0,924000
R_000204,EQ_00478,SITE_022,OP_0301,2024-05-01,2024-06-09,2024-06-09,39,Returned,0,858000
R_000205,EQ_00675,SITE_012,OP_0225,2026-08-07,2026-08-23,2026-08-23,16,Returned,1,288000
R_000206,EQ_00181,SITE_016,OP_0095,2025-10-07,2025-11-08,2025-11-08,32,Returned,0,288000
R_000207,EQ_00790,SITE_016,OP_0218,2026-04-24,2026-05-27,2026-05-27,33,Returned,0,528000
R_000208,EQ_00634,SITE_027,OP_0063,2026-04-19,2026-05-29,2026-05-29,40,Returned,0,560000
R_000209,EQ_00273,SITE_027,OP_0180,2024-04-25,2024-05-08,2024-05-07,13,Returned,0,286000
R_000210,EQ_00546,SITE_007,OP_0163,2024-02-07,2024-02-26,,19,Active,0,171000
R_000211,EQ_00052,SITE_025,OP_0131,2025-12-12,2025-12-20,,8,Active,0,112000
R_000212,EQ_00535,SITE_030,OP_0137,2025-09-17,2025-09-26,2025-09-28,9,Overdue Returned,0,63000
R_000213,EQ_00529,SITE_015,OP_0067,2024-11-20,2024-12-29,2024-12-29,39,Returned,0,858000
R_000214,EQ_00173,SITE_011,OP_0101,2025-05-17,2025-06-21,2025-06-22,35,Overdue Returned,0,245000
R_000215,EQ_00216,SITE_008,OP_0170,2025-08-22,2025-09-21,2025-09-21,30,Returned,0,660000
R_000216,EQ_00123,SITE_030,OP_0222,2025-05-16,2025-05-27,,11,Active,0,176000
R_000217,EQ_00197,SITE_018,OP_0221,2026-07-23,2026-09-04,,43,Active,0,1290000
R_000218,EQ_00426,SITE_015,OP_0275,2026-01-30,2026-03-02,2026-03-02,31,Returned,0,434000
R_000219,EQ_00228,SITE_023,OP_0217,2024-08-14,2024-09-23,2024-09-23,40,Returned,0,640000
R_000220,EQ_00785,SITE_013,OP_0301,2025-05-09,2025-05-22,2025-05-22,13,Returned,1,91000
R_000221,EQ_00179,SITE_005,OP_0246,2024-05-31,2024-06-05,2024-06-05,5,Returned,0,45000
R_000222,EQ_00390,SITE_011,OP_0004,2024-01-12,2024-01-30,2024-01-27,18,Returned,0,324000
R_000223,EQ_00495,SITE_019,OP_0201,2025-08-18,2025-09-24,2025-09-26,37,Overdue Returned,0,592000
R_000224,EQ_00057,SITE_028,OP_0204,2025-01-24,2025-02-13,2025-02-13,20,Returned,0,280000
R_000225,EQ_00615,SITE_025,OP_0106,2026-05-18,2026-05-25,2026-05-25,7,Returned,0,126000
R_000226,EQ_00729,SITE_024,OP_0057,2024-08-20,2024-09-05,2024-09-05,16,Returned,1,288000
R_000227,EQ_00444,SITE_006,OP_0071,2026-05-23,2026-06-05,2026-06-06,13,Overdue Returned,0,286000
R_000228,EQ_00083,SITE_009,OP_0247,2025-04-10,2025-04-28,2025-04-28,18,Returned,0,252000
R_000229,EQ_00734,SITE_006,OP_0336,2025-03-23,2025-05-07,2025-05-07,45,Returned,1,315000
R_000230,EQ_00283,SITE_016,OP_0233,2024-09-05,2024-10-10,2024-10-08,35,Returned,0,315000
R_000231,EQ_00523,SITE_014,OP_0229,2026-01-05,2026-02-06,2026-02-06,32,Returned,0,576000
R_000232,EQ_00521,SITE_007,OP_0083,2025-08-04,2025-08-29,2025-08-29,25,Returned,1,225000
R_000233,EQ_00604,SITE_006,OP_0023,2024-10-03,2024-11-11,2024-11-11,39,Returned,0,273000
R_000234,EQ_00406,SITE_029,OP_0154,2025-07-19,2025-08-30,,42,Overdue,0,1260000
R_000235,EQ_00375,SITE_019,OP_0114,2025-08-26,2025-09-12,2025-09-12,17,Returned,1,153000
R_000236,EQ_00488,SITE_022,OP_0208,2025-05-05,2025-05-09,2025-05-10,4,Overdue Returned,0,72000
R_000237,EQ_00055,SITE_002,OP_0274,2025-05-13,2025-05-29,2025-05-31,16,Overdue Returned,1,288000
R_000238,EQ_00492,SITE_024,OP_0067,2025-06-17,2025-07-28,2025-07-28,41,Returned,0,902000
R_000239,EQ_00175,SITE_005,OP_0062,2024-10-27,2024-11-22,2024-12-02,26,Overdue Returned,0,234000
R_000240,EQ_00319,SITE_018,OP_0081,2026-02-08,2026-03-18,2026-03-28,38,Overdue Returned,0,342000
R_000241,EQ_00646,SITE_007,OP_0313,2025-02-04,2025-02-28,2025-03-01,24,Overdue Returned,1,432000
R_000242,EQ_00447,SITE_017,OP_0097,2024-02-23,2024-03-20,2024-03-20,26,Returned,0,234000
R_000243,EQ_00407,SITE_002,OP_0196,2024-06-09,2024-07-13,2024-07-12,34,Returned,0,238000
R_000244,EQ_00129,SITE_007,OP_0323,2024-09-26,2024-10-21,2024-10-21,25,Returned,0,750000
R_000245,EQ_00310,SITE_009,OP_0085,2025-04-23,2025-05-12,2025-05-12,19,Returned,0,171000
R_000246,EQ_00236,SITE_029,OP_0178,2025-07-21,2025-09-04,2025-09-04,45,Returned,0,630000
R_000247,EQ_00380,SITE_005,OP_0038,2024-11-28,2025-01-09,2025-01-09,42,Returned,1,588000
R_000248,EQ_00574,SITE_014,OP_0146,2024-12-07,2024-12-12,,5,Active,0,150000
R_000249,EQ_00415,SITE_024,OP_0346,2025-01-30,2025-03-06,2025-03-06,35,Returned,0,630000
R_000250,EQ_00750,SITE_001,OP_0266,2026-03-04,2026-03-21,2026-03-31,17,Overdue Returned,0,272000
R_000251,EQ_00019,SITE_017,OP_0006,2025-10-16,2025-11-26,,41,Overdue,0,369000
R_000252,EQ_00515,SITE_007,OP_0198,2026-02-16,2026-03-03,2026-03-03,15,Returned,0,270000
R_000253,EQ_00595,SITE_025,OP_0077,2025-03-04,2025-04-12,2025-04-12,39,Returned,0,351000
R_000254,EQ_00132,SITE_021,OP_0293,2024-11-27,2024-12-07,2024-12-07,10,Returned,1,70000
R_000255,EQ_00272,SITE_029,OP_0030,2024-04-20,2024-04-24,2024-04-25,4,Overdue Returned,0,72000
R_000256,EQ_00742,SITE_029,OP_0019,2025-01-21,2025-02-14,2025-02-14,24,Returned,0,216000
R_000257,EQ_00086,SITE_013,OP_0091,2025-06-10,2025-07-17,2025-07-17,37,Returned,0,592000
R_000258,EQ_00443,SITE_004,OP_0075,2026-01-11,2026-02-22,,42,Active,0,378000
R_000259,EQ_00745,SITE_006,OP_0231,2024-07-27,2024-08-13,,17,Active,1,306000
R_000260,EQ_00383,SITE_016,OP_0020,2024-08-10,2024-08-14,2024-08-15,4,Overdue Returned,0,28000
R_000261,EQ_00571,SITE_019,OP_0014,2025-06-18,2025-07-15,,27,Active,0,432000
R_000262,EQ_00256,SITE_010,OP_0293,2024-03-14,2024-04-24,2024-04-26,41,Overdue Returned,1,738000
R_000263,EQ_00616,SITE_009,OP_0018,2025-09-17,2025-09-26,2025-09-26,9,Returned,0,198000
R_000264,EQ_00071,SITE_004,OP_0022,2024-12-02,2024-12-05,2024-12-05,3,Returned,0,21000
R_000265,EQ_00247,SITE_014,OP_0028,2024-10-13,2024-11-27,,45,Active,0,405000
R_000266,EQ_00793,SITE_027,OP_0146,2025-08-04,2025-09-03,2025-09-03,30,Returned,0,210000
R_000267,EQ_00239,SITE_023,OP_0088,2024-04-27,2024-06-06,2024-06-06,40,Returned,0,560000
R_000268,EQ_00266,SITE_022,OP_0294,2026-06-15,2026-06-20,2026-06-18,5,Returned,0,35000
R_000269,EQ_00198,SITE_006,OP_0212,2024-01-05,2024-01-08,2024-01-08,3,Returned,1,66000
R_000270,EQ_00404,SITE_017,OP_0135,2025-07-13,2025-07-16,2025-07-14,3,Returned,0,66000
R_000271,EQ_00100,SITE_026,OP_0116,2024-01-22,2024-02-25,,34,Active,0,1020000
R_000272,EQ_00425,SITE_023,OP_0213,2024-07-16,2024-08-17,2024-08-17,32,Returned,0,576000
R_000273,EQ_00096,SITE_027,OP_0039,2026-07-14,2026-08-14,2026-08-14,31,Returned,0,279000
R_000274,EQ_00355,SITE_007,OP_0191,2026-08-01,2026-08-15,2026-08-15,14,Returned,0,224000
R_000275,EQ_00239,SITE_014,OP_0130,2024-06-10,2024-07-10,2024-07-12,30,Overdue Returned,0,420000
R_000276,EQ_00016,SITE_005,OP_0026,2025-12-07,2025-12-13,2025-12-13,6,Returned,0,108000
R_000277,EQ_00113,SITE_029,OP_0267,2026-05-15,2026-05-31,2026-05-31,16,Returned,0,112000
R_000278,EQ_00324,SITE_019,OP_0014,2024-11-15,2024-11-30,2024-11-29,15,Returned,0,270000
R_000279,EQ_00276,SITE_017,OP_0306,2024-04-03,2024-04-24,2024-04-24,21,Returned,0,294000
R_000280,EQ_00083,SITE_029,OP_0049,2024-02-20,2024-02-23,2024-02-23,3,Returned,0,42000
R_000281,EQ_00780,SITE_025,OP_0007,2026-05-19,2026-05-30,2026-05-30,11,Returned,0,154000
R_000282,EQ_00325,SITE_018,OP_0220,2025-11-22,2025-12-02,2025-12-02,10,Returned,0,160000
R_000283,EQ_00510,SITE_017,OP_0096,2024-05-11,2024-06-24,2024-06-24,44,Returned,1,396000
R_000284,EQ_00235,SITE_030,OP_0162,2026-03-29,2026-04-29,2026-04-29,31,Returned,1,434000
R_000285,EQ_00440,SITE_004,OP_0245,2026-02-19,2026-02-25,2026-02-25,6,Returned,1,84000
R_000286,EQ_00384,SITE_002,OP_0282,2025-02-26,2025-04-02,,35,Active,1,490000
R_000287,EQ_00282,SITE_013,OP_0289,2025-02-09,2025-03-06,2025-03-06,25,Returned,1,175000
R_000288,EQ_00156,SITE_013,OP_0055,2026-04-11,2026-05-22,2026-05-20,41,Returned,0,1230000
R_000289,EQ_00586,SITE_010,OP_0313,2026-04-06,2026-04-14,2026-04-19,8,Overdue Returned,0,176000
R_000290,EQ_00734,SITE_020,OP_0307,2025-07-20,2025-08-27,,38,Active,0,266000
R_000291,EQ_00788,SITE_023,OP_0322,2025-07-02,2025-08-13,2025-08-13,42,Returned,0,756000
R_000292,EQ_00576,SITE_023,OP_0336,2024-11-06,2024-11-22,,16,Active,1,224000
R_000293,EQ_00759,SITE_006,OP_0275,2024-04-16,2024-04-26,2024-04-26,10,Returned,0,220000
R_000294,EQ_00628,SITE_016,OP_0213,2025-12-03,2025-12-20,2025-12-22,17,Overdue Returned,0,238000
R_000295,EQ_00315,SITE_021,OP_0330,2025-12-25,2026-02-08,,45,Active,0,810000
R_000296,EQ_00467,SITE_010,OP_0092,2026-03-02,2026-03-08,2026-03-08,6,Returned,0,108000
R_000297,EQ_00603,SITE_022,OP_0185,2024-11-14,2024-11-24,2024-12-04,10,Overdue Returned,0,180000
R_000298,EQ_00010,SITE_018,OP_0104,2026-07-03,2026-07-13,2026-07-13,10,Returned,0,220000
R_000299,EQ_00796,SITE_008,OP_0341,2024-11-25,2024-12-10,2024-12-10,15,Returned,0,105000
R_000300,EQ_00511,SITE_017,OP_0015,2024-03-15,2024-04-26,2024-04-26,42,Returned,0,294000
R_000301,EQ_00396,SITE_003,OP_0279,2025-08-25,2025-10-03,2025-10-02,39,Returned,0,702000
R_000302,EQ_00692,SITE_016,OP_0052,2026-05-25,2026-06-22,,28,Active,0,504000
R_000303,EQ_00118,SITE_011,OP_0205,2025-12-28,2026-01-11,2026-01-11,14,Returned,0,126000
R_000304,EQ_00595,SITE_013,OP_0126,2024-09-23,2024-10-29,2024-10-29,36,Returned,1,324000
R_000305,EQ_00216,SITE_025,OP_0083,2024-09-20,2024-10-30,2024-11-01,40,Overdue Returned,0,880000
R_000306,EQ_00272,SITE_022,OP_0204,2026-03-17,2026-04-01,2026-04-01,15,Returned,0,270000
R_000307,EQ_00602,SITE_023,OP_0045,2025-09-24,2025-10-29,,35,Overdue,1,490000
R_000308,EQ_00164,SITE_016,OP_0231,2025-08-18,2025-09-17,,30,Overdue,1,480000
R_000309,EQ_00503,SITE_018,OP_0115,2025-01-30,2025-03-02,,31,Active,0,217000
R_000310,EQ_00291,SITE_001,OP_0028,2026-03-16,2026-03-25,,9,Overdue,0,198000
R_000311,EQ_00342,SITE_029,OP_0083,2025-02-10,2025-03-01,,19,Active,1,342000
R_000312,EQ_00628,SITE_018,OP_0051,2025-04-10,2025-05-25,2025-05-25,45,Returned,0,630000
R_000313,EQ_00055,SITE_020,OP_0183,2025-10-09,2025-10-24,2025-10-24,15,Returned,1,270000
R_000314,EQ_00205,SITE_018,OP_0291,2024-07-10,2024-07-22,2024-07-23,12,Overdue Returned,0,108000
R_000315,EQ_00763,SITE_006,OP_0096,2024-08-14,2024-08-19,2024-08-19,5,Returned,1,35000
R_000316,EQ_00624,SITE_013,OP_0160,2024-10-01,2024-11-12,2024-11-12,42,Returned,1,756000
R_000317,EQ_00661,SITE_030,OP_0003,2025-03-16,2025-03-24,2025-03-24,8,Returned,0,128000
R_000318,EQ_00347,SITE_009,OP_0114,2024-12-21,2025-01-22,2025-01-22,32,Returned,1,704000
R_000319,EQ_00207,SITE_007,OP_0219,2024-12-30,2025-02-02,2025-02-02,34,Returned,0,306000
R_000320,EQ_00118,SITE_016,OP_0125,2024-05-31,2024-06-10,2024-06-11,10,Overdue Returned,0,90000
R_000321,EQ_00719,SITE_009,OP_0039,2026-01-05,2026-02-06,2026-02-06,32,Returned,0,448000
R_000322,EQ_00265,SITE_009,OP_0164,2024-11-13,2024-11-17,,4,Active,0,120000
R_000323,EQ_00036,SITE_011,OP_0344,2024-12-31,2025-02-14,,45,Active,0,990000
R_000324,EQ_00392,SITE_028,OP_0327,2024-05-05,2024-06-04,,30,Overdue,0,270000
R_000325,EQ_00518,SITE_028,OP_0052,2025-07-24,2025-07-28,2025-07-28,4,Returned,0,36000
R_000326,EQ_00286,SITE_010,OP_0150,2024-12-15,2025-01-18,2025-01-19,34,Overdue Returned,0,238000
R_000327,EQ_00382,SITE_007,OP_0017,2026-06-15,2026-07-20,2026-07-21,35,Overdue Returned,0,245000
R_000328,EQ_00125,SITE_005,OP_0287,2024-01-02,2024-02-05,,34,Active,1,748000
R_000329,EQ_00195,SITE_025,OP_0142,2024-11-30,2025-01-03,2024-12-31,34,Returned,0,1020000
R_000330,EQ_00430,SITE_002,OP_0202,2025-05-02,2025-06-06,2025-06-11,35,Overdue Returned,1,490000
R_000331,EQ_00493,SITE_016,OP_0062,2024-06-18,2024-06-21,2024-06-19,3,Returned,0,21000
R_000332,EQ_00517,SITE_020,OP_0240,2025-08-23,2025-08-30,2025-08-30,7,Returned,0,154000
R_000333,EQ_00236,SITE_002,OP_0112,2026-02-08,2026-02-17,2026-02-17,9,Returned,1,126000
R_000334,EQ_00637,SITE_021,OP_0034,2024-12-19,2025-01-18,2025-01-23,30,Overdue Returned,0,900000
R_000335,EQ_00630,SITE_007,OP_0320,2025-10-10,2025-10-15,2025-10-15,5,Returned,0,45000
R_000336,EQ_00103,SITE_016,OP_0201,2025-09-17,2025-11-01,2025-10-29,45,Returned,1,990000
R_000337,EQ_00317,SITE_011,OP_0327,2024-12-13,2024-12-17,,4,Overdue,0,72000
R_000338,EQ_00708,SITE_025,OP_0051,2025-08-17,2025-09-06,2025-09-06,20,Returned,0,320000
R_000339,EQ_00734,SITE_020,OP_0310,2024-08-13,2024-09-21,,39,Active,0,273000
R_000340,EQ_00259,SITE_028,OP_0338,2024-10-22,2024-11-07,2024-11-07,16,Returned,0,480000
R_000341,EQ_00680,SITE_006,OP_0223,2025-04-26,2025-05-25,2025-05-27,29,Overdue Returned,0,261000
R_000342,EQ_00091,SITE_016,OP_0127,2024-01-30,2024-02-09,2024-02-10,10,Overdue Returned,1,220000
R_000343,EQ_00128,SITE_018,OP_0160,2024-04-06,2024-05-07,2024-05-07,31,Returned,0,434000
R_000344,EQ_00430,SITE_011,OP_0039,2024-07-13,2024-08-27,2024-08-27,45,Returned,0,630000
R_000345,EQ_00355,SITE_005,OP_0217,2025-06-25,2025-07-25,2025-07-25,30,Returned,0,480000
R_000346,EQ_00355,SITE_014,OP_0236,2024-02-19,2024-03-05,,15,Active,0,240000
R_000347,EQ_00110,SITE_006,OP_0047,2026-06-25,2026-08-04,2026-08-05,40,Overdue Returned,0,720000
R_000348,EQ_00649,SITE_025,OP_0182,2026-03-06,2026-03-23,,17,Overdue,1,306000
R_000349,EQ_00363,SITE_009,OP_0077,2025-07-30,2025-08-22,2025-08-27,23,Overdue Returned,0,506000
R_000350,EQ_00296,SITE_020,OP_0193,2024-01-14,2024-02-11,2024-02-11,28,Returned,0,448000
R_000351,EQ_00463,SITE_009,OP_0020,2026-07-11,2026-08-13,2026-08-13,33,Returned,0,594000
R_000352,EQ_00498,SITE_027,OP_0101,2026-07-12,2026-07-17,2026-07-17,5,Returned,1,150000
R_000353,EQ_00184,SITE_020,OP_0100,2026-04-15,2026-05-25,2026-05-25,40,Returned,0,560000
R_000354,EQ_00243,SITE_009,OP_0053,2024-09-03,2024-10-15,2024-10-14,42,Returned,0,756000
R_000355,EQ_00215,SITE_006,OP_0324,2026-06-05,2026-07-10,2026-07-09,35,Returned,0,630000
R_000356,EQ_00198,SITE_023,OP_0068,2025-06-24,2025-08-03,2025-07-31,40,Returned,0,880000
R_000357,EQ_00549,SITE_016,OP_0122,2026-03-30,2026-05-08,2026-05-18,39,Overdue Returned,1,624000
R_000358,EQ_00261,SITE_018,OP_0237,2024-08-07,2024-09-15,2024-09-15,39,Returned,0,858000
R_000359,EQ_00436,SITE_012,OP_0209,2024-11-04,2024-12-17,2024-12-22,43,Overdue Returned,0,688000
R_000360,EQ_00574,SITE_007,OP_0200,2024-03-06,2024-03-21,2024-03-21,15,Returned,0,450000
R_000361,EQ_00330,SITE_013,OP_0215,2026-01-21,2026-02-04,2026-02-04,14,Returned,1,308000
R_000362,EQ_00468,SITE_008,OP_0222,2025-10-05,2025-11-16,2025-11-16,42,Returned,0,1260000
R_000363,EQ_00402,SITE_015,OP_0344,2025-05-20,2025-06-09,,20,Overdue,0,600000
R_000364,EQ_00054,SITE_016,OP_0192,2025-02-12,2025-03-10,2025-03-10,26,Returned,1,182000
R_000365,EQ_00441,SITE_013,OP_0103,2025-11-04,2025-12-03,2025-12-03,29,Returned,1,522000
R_000366,EQ_00038,SITE_028,OP_0229,2025-02-19,2025-03-20,2025-03-20,29,Returned,0,638000
R_000367,EQ_00068,SITE_026,OP_0340,2025-07-29,2025-09-12,2025-09-12,45,Returned,0,810000
R_000368,EQ_00055,SITE_017,OP_0225,2024-06-04,2024-07-03,2024-07-03,29,Returned,0,522000
R_000369,EQ_00274,SITE_023,OP_0217,2025-12-31,2026-01-06,2026-01-06,6,Returned,1,132000
R_000370,EQ_00048,SITE_022,OP_0063,2026-07-13,2026-08-03,2026-08-02,21,Returned,0,189000
R_000371,EQ_00336,SITE_021,OP_0180,2024-09-06,2024-09-13,2024-09-13,7,Returned,0,126000
R_000372,EQ_00570,SITE_006,OP_0138,2024-04-28,2024-06-04,,37,Active,0,814000
R_000373,EQ_00215,SITE_019,OP_0288,2024-08-04,2024-09-09,2024-09-09,36,Returned,1,648000
R_000374,EQ_00465,SITE_009,OP_0064,2026-07-24,2026-09-02,2026-09-02,40,Returned,0,280000
R_000375,EQ_00152,SITE_011,OP_0129,2024-10-01,2024-11-14,,44,Overdue,0,792000
R_000376,EQ_00163,SITE_005,OP_0047,2026-01-13,2026-02-17,2026-02-14,35,Returned,1,560000
R_000377,EQ_00233,SITE_016,OP_0045,2024-05-03,2024-05-07,2024-05-07,4,Returned,0,88000
R_000378,EQ_00168,SITE_018,OP_0313,2024-11-30,2024-12-31,,31,Active,0,930000
R_000379,EQ_00467,SITE_027,OP_0240,2024-12-09,2025-01-08,2025-01-10,30,Overdue Returned,0,540000
R_000380,EQ_00440,SITE_018,OP_0058,2026-07-27,2026-08-23,2026-08-23,27,Returned,1,378000
R_000381,EQ_00672,SITE_027,OP_0184,2024-12-20,2025-01-29,2025-01-29,40,Returned,0,560000
R_000382,EQ_00139,SITE_025,OP_0006,2025-12-21,2025-12-27,2025-12-28,6,Overdue Returned,0,108000
R_000383,EQ_00084,SITE_027,OP_0089,2025-06-02,2025-06-08,2025-06-09,6,Overdue Returned,1,108000
R_000384,EQ_00085,SITE_005,OP_0263,2024-01-06,2024-01-21,2024-01-23,15,Overdue Returned,1,270000
R_000385,EQ_00534,SITE_026,OP_0208,2024-02-21,2024-03-09,2024-03-07,17,Returned,0,272000
R_000386,EQ_00659,SITE_029,OP_0266,2025-09-23,2025-10-19,2025-10-21,26,Overdue Returned,0,234000
R_000387,EQ_00358,SITE_026,OP_0272,2024-02-24,2024-03-24,2024-03-24,29,Returned,0,638000
R_000388,EQ_00493,SITE_010,OP_0345,2026-07-04,2026-08-05,2026-08-05,32,Returned,0,224000
R_000389,EQ_00412,SITE_025,OP_0079,2026-08-04,2026-08-12,2026-08-13,8,Overdue Returned,0,72000
R_000390,EQ_00079,SITE_010,OP_0023,2024-10-20,2024-10-25,,5,Overdue,1,90000
R_000391,EQ_00620,SITE_027,OP_0270,2025-09-09,2025-10-24,,45,Active,0,630000
R_000392,EQ_00259,SITE_005,OP_0097,2025-07-17,2025-08-27,2025-08-29,41,Overdue Returned,0,1230000
R_000393,EQ_00601,SITE_005,OP_0172,2026-06-23,2026-08-04,2026-08-06,42,Overdue Returned,0,588000
R_000394,EQ_00491,SITE_006,OP_0134,2024-08-14,2024-09-16,2024-09-17,33,Overdue Returned,1,726000
R_000395,EQ_00246,SITE_027,OP_0127,2025-10-08,2025-11-01,2025-11-06,24,Overdue Returned,0,336000
R_000396,EQ_00055,SITE_013,OP_0340,2024-02-16,2024-03-31,2024-03-31,44,Returned,0,792000
R_000397,EQ_00234,SITE_023,OP_0117,2025-12-16,2025-12-27,2025-12-26,11,Returned,0,242000
R_000398,EQ_00069,SITE_023,OP_0173,2025-02-13,2025-02-26,2025-02-24,13,Returned,1,117000
R_000399,EQ_00198,SITE_028,OP_0121,2025-12-08,2025-12-25,2025-12-25,17,Returned,0,374000
R_000400,EQ_00746,SITE_029,OP_0126,2026-03-05,2026-04-03,2026-04-03,29,Returned,0,203000
R_000401,EQ_00653,SITE_025,OP_0056,2026-04-12,2026-05-21,2026-05-21,39,Returned,1,858000
R_000402,EQ_00195,SITE_011,OP_0014,2025-10-18,2025-11-20,2025-11-20,33,Returned,0,990000
R_000403,EQ_00698,SITE_003,OP_0135,2026-08-03,2026-09-12,2026-09-14,40,Overdue Returned,0,560000
R_000404,EQ_00796,SITE_016,OP_0086,2024-03-26,2024-04-29,,34,Overdue,0,238000
R_000405,EQ_00630,SITE_025,OP_0350,2025-03-15,2025-04-19,2025-04-18,35,Returned,0,315000
R_000406,EQ_00656,SITE_006,OP_0040,2026-05-02,2026-06-07,2026-06-07,36,Returned,0,252000
R_000407,EQ_00485,SITE_028,OP_0182,2025-09-18,2025-10-15,2025-10-15,27,Returned,0,189000
R_000408,EQ_00317,SITE_021,OP_0267,2025-11-30,2025-12-27,2025-12-27,27,Returned,0,486000
R_000409,EQ_00704,SITE_022,OP_0271,2026-02-27,2026-03-17,2026-03-17,18,Returned,1,396000
R_000410,EQ_00051,SITE_024,OP_0027,2025-09-03,2025-10-05,2025-10-05,32,Returned,0,512000
R_000411,EQ_00484,SITE_024,OP_0088,2024-10-12,2024-11-02,2024-11-02,21,Returned,0,189000
R_000412,EQ_00162,SITE_016,OP_0244,2024-10-14,2024-11-22,2024-11-22,39,Returned,0,702000
R_000413,EQ_00363,SITE_011,OP_0174,2024-05-30,2024-06-22,2024-06-22,23,Returned,0,506000
R_000414,EQ_00550,SITE_016,OP_0278,2025-01-05,2025-02-05,2025-02-05,31,Returned,1,434000
R_000415,EQ_00268,SITE_020,OP_0218,2025-06-05,2025-06-17,,12,Active,0,84000
R_000416,EQ_00078,SITE_027,OP_0166,2024-03-12,2024-03-23,2024-03-23,11,Returned,0,77000
R_000417,EQ_00491,SITE_009,OP_0226,2025-06-23,2025-07-02,,9,Overdue,0,198000
R_000418,EQ_00370,SITE_027,OP_0077,2025-11-02,2025-11-09,,7,Overdue,0,154000
R_000419,EQ_00678,SITE_026,OP_0036,2024-01-23,2024-03-07,2024-03-08,44,Overdue Returned,0,792000
R_000420,EQ_00202,SITE_026,OP_0204,2025-09-20,2025-10-15,2025-10-15,25,Returned,0,350000
R_000421,EQ_00377,SITE_019,OP_0200,2024-01-30,2024-02-14,2024-02-14,15,Returned,1,210000
R_000422,EQ_00517,SITE_018,OP_0117,2024-12-17,2025-01-24,2025-01-23,38,Returned,0,836000
R_000423,EQ_00173,SITE_006,OP_0213,2025-08-28,2025-09-23,2025-09-22,26,Returned,0,182000
R_000424,EQ_00232,SITE_003,OP_0058,2024-04-15,2024-05-08,2024-05-08,23,Returned,0,414000
R_000425,EQ_00017,SITE_022,OP_0344,2024-09-23,2024-10-04,2024-10-05,11,Overdue Returned,1,77000
R_000426,EQ_00250,SITE_022,OP_0336,2024-12-05,2024-12-29,2024-12-29,24,Returned,0,168000
R_000427,EQ_00383,SITE_005,OP_0260,2026-03-11,2026-04-24,,44,Active,0,308000
R_000428,EQ_00068,SITE_010,OP_0182,2025-05-23,2025-07-01,2025-07-02,39,Overdue Returned,1,702000
R_000429,EQ_00239,SITE_004,OP_0050,2026-03-09,2026-03-31,2026-04-01,22,Overdue Returned,1,308000
R_000430,EQ_00424,SITE_017,OP_0010,2025-10-29,2025-11-06,,8,Active,0,56000
R_000431,EQ_00215,SITE_027,OP_0196,2025-08-26,2025-09-03,2025-09-02,8,Returned,0,144000
R_000432,EQ_00499,SITE_022,OP_0337,2025-06-22,2025-06-29,2025-06-29,7,Returned,0,126000
R_000433,EQ_00501,SITE_008,OP_0196,2025-07-18,2025-08-17,2025-08-19,30,Overdue Returned,0,270000
R_000434,EQ_00639,SITE_008,OP_0103,2025-05-21,2025-06-13,2025-06-13,23,Returned,0,414000
R_000435,EQ_00658,SITE_010,OP_0109,2025-06-17,2025-07-10,,23,Overdue,0,414000
R_000436,EQ_00136,SITE_020,OP_0308,2024-08-25,2024-08-29,,4,Active,0,36000
R_000437,EQ_00684,SITE_010,OP_0210,2024-08-24,2024-08-31,2024-08-31,7,Returned,0,154000
R_000438,EQ_00215,SITE_018,OP_0138,2025-08-27,2025-09-27,,31,Active,1,558000
R_000439,EQ_00502,SITE_018,OP_0280,2024-05-20,2024-06-08,2024-06-08,19,Returned,1,266000
R_000440,EQ_00653,SITE_006,OP_0020,2025-05-26,2025-06-26,2025-06-26,31,Returned,0,682000
R_000441,EQ_00727,SITE_011,OP_0084,2025-03-08,2025-04-01,2025-04-01,24,Returned,0,720000
R_000442,EQ_00367,SITE_007,OP_0225,2026-01-31,2026-02-26,2026-02-26,26,Returned,1,364000
R_000443,EQ_00251,SITE_010,OP_0302,2024-01-14,2024-01-20,2024-01-20,6,Returned,0,54000
R_000444,EQ_00125,SITE_030,OP_0244,2024-07-31,2024-08-13,2024-08-13,13,Returned,0,286000
R_000445,EQ_00279,SITE_019,OP_0213,2026-01-29,2026-02-13,2026-02-13,15,Returned,0,210000
R_000446,EQ_00309,SITE_015,OP_0349,2024-06-18,2024-08-01,2024-08-01,44,Returned,0,792000
R_000447,EQ_00290,SITE_011,OP_0293,2024-06-01,2024-06-04,2024-06-04,3,Returned,0,21000
R_000448,EQ_00533,SITE_008,OP_0290,2025-08-04,2025-08-21,2025-08-21,17,Returned,0,374000
R_000449,EQ_00457,SITE_002,OP_0142,2024-12-25,2025-01-19,2025-01-18,25,Returned,0,175000
R_000450,EQ_00761,SITE_015,OP_0241,2025-10-10,2025-11-23,,44,Active,0,616000
R_000451,EQ_00074,SITE_012,OP_0268,2025-07-05,2025-08-17,,43,Overdue,1,387000
R_000452,EQ_00653,SITE_016,OP_0160,2024-03-09,2024-03-17,2024-03-16,8,Returned,0,176000
R_000453,EQ_00408,SITE_002,OP_0051,2025-04-18,2025-05-17,,29,Overdue,0,203000
R_000454,EQ_00525,SITE_003,OP_0301,2025-01-02,2025-02-06,2025-02-03,35,Returned,1,770000
R_000455,EQ_00137,SITE_019,OP_0190,2024-04-24,2024-05-27,2024-05-28,33,Overdue Returned,0,297000
R_000456,EQ_00047,SITE_016,OP_0261,2025-10-30,2025-12-12,,43,Overdue,0,387000
R_000457,EQ_00587,SITE_004,OP_0226,2026-04-14,2026-04-22,,8,Active,0,72000
R_000458,EQ_00671,SITE_022,OP_0041,2025-06-23,2025-08-04,2025-08-04,42,Returned,0,672000
R_000459,EQ_00039,SITE_014,OP_0091,2024-04-28,2024-05-12,,14,Overdue,0,126000
R_000460,EQ_00017,SITE_014,OP_0320,2024-06-13,2024-06-28,2024-06-28,15,Returned,1,105000
R_000461,EQ_00324,SITE_014,OP_0280,2024-01-06,2024-02-10,,35,Active,0,630000
R_000462,EQ_00624,SITE_014,OP_0136,2026-02-24,2026-03-15,2026-03-15,19,Returned,0,342000
R_000463,EQ_00349,SITE_016,OP_0251,2025-02-14,2025-02-23,,9,Active,1,162000
R_000464,EQ_00437,SITE_008,OP_0010,2024-12-12,2024-12-16,2024-12-16,4,Returned,0,64000
R_000465,EQ_00190,SITE_025,OP_0039,2026-04-22,2026-05-26,2026-05-25,34,Returned,1,612000
R_000466,EQ_00509,SITE_028,OP_0141,2026-02-26,2026-03-15,,17,Active,0,374000
R_000467,EQ_00636,SITE_007,OP_0009,2024-10-01,2024-10-29,,28,Active,0,448000
R_000468,EQ_00110,SITE_013,OP_0005,2024-01-27,2024-02-06,,10,Active,0,180000
R_000469,EQ_00565,SITE_019,OP_0229,2024-12-05,2025-01-15,,41,Active,0,902000
R_000470,EQ_00055,SITE_006,OP_0012,2024-04-21,2024-05-18,2024-05-17,27,Returned,1,486000
R_000471,EQ_00550,SITE_025,OP_0183,2025-04-12,2025-04-19,2025-04-19,7,Returned,0,98000
R_000472,EQ_00194,SITE_021,OP_0024,2024-02-18,2024-02-26,2024-02-26,8,Returned,0,240000
R_000473,EQ_00141,SITE_030,OP_0255,2024-12-21,2025-01-11,2025-01-11,21,Returned,1,378000
R_000474,EQ_00053,SITE_012,OP_0049,2025-05-23,2025-06-18,2025-06-19,26,Overdue Returned,0,416000
R_000475,EQ_00216,SITE_026,OP_0254,2025-02-12,2025-03-24,,40,Active,1,880000
R_000476,EQ_00774,SITE_002,OP_0129,2026-06-09,2026-07-07,2026-07-07,28,Returned,0,504000
R_000477,EQ_00384,SITE_008,OP_0071,2026-06-23,2026-07-20,2026-07-20,27,Returned,0,378000
R_000478,EQ_00330,SITE_021,OP_0047,2025-05-21,2025-06-30,2025-06-28,40,Returned,0,880000
R_000479,EQ_00401,SITE_011,OP_0047,2025-10-14,2025-10-24,2025-10-24,10,Returned,0,70000
R_000480,EQ_00274,SITE_016,OP_0086,2026-07-10,2026-07-13,2026-07-12,3,Returned,0,66000
R_000481,EQ_00083,SITE_009,OP_0117,2025-09-01,2025-09-17,2025-09-17,16,Returned,0,224000
R_000482,EQ_00581,SITE_026,OP_0087,2024-09-16,2024-10-30,2024-10-30,44,Returned,0,704000
R_000483,EQ_00130,SITE_014,OP_0242,2024-06-28,2024-08-02,2024-08-02,35,Returned,1,490000
R_000484,EQ_00126,SITE_008,OP_0215,2025-10-16,2025-11-15,2025-11-15,30,Returned,0,210000
R_000485,EQ_00587,SITE_028,OP_0286,2025-11-27,2026-01-01,2026-01-01,35,Returned,0,315000
R_000486,EQ_00644,SITE_029,OP_0100,2026-03-12,2026-04-02,2026-04-02,21,Returned,1,378000
R_000487,EQ_00410,SITE_002,OP_0094,2024-01-04,2024-01-20,2024-01-20,16,Returned,0,480000
R_000488,EQ_00746,SITE_028,OP_0120,2024-07-06,2024-08-02,,27,Active,1,189000
R_000489,EQ_00512,SITE_019,OP_0258,2025-03-13,2025-04-26,2025-05-06,44,Overdue Returned,0,396000
R_000490,EQ_00277,SITE_012,OP_0149,2025-06-17,2025-07-06,2025-07-06,19,Returned,0,171000
R_000491,EQ_00181,SITE_030,OP_0185,2025-11-02,2025-11-30,2025-11-30,28,Returned,0,252000
R_000492,EQ_00288,SITE_001,OP_0013,2026-07-13,2026-08-07,,25,Active,0,225000
R_000493,EQ_00549,SITE_006,OP_0031,2025-11-22,2025-11-25,2025-11-25,3,Returned,0,48000
R_000494,EQ_00576,SITE_024,OP_0214,2024-02-15,2024-03-25,2024-03-25,39,Returned,0,546000
R_000495,EQ_00429,SITE_015,OP_0270,2024-02-11,2024-02-18,,7,Active,0,63000
R_000496,EQ_00333,SITE_030,OP_0161,2026-07-05,2026-08-19,2026-08-19,45,Returned,0,405000
R_000497,EQ_00248,SITE_017,OP_0173,2024-06-25,2024-07-10,2024-07-10,15,Returned,0,330000
R_000498,EQ_00118,SITE_003,OP_0102,2026-05-28,2026-06-01,,4,Active,0,36000
R_000499,EQ_00392,SITE_023,OP_0121,2024-12-28,2025-01-27,2025-01-26,30,Returned,0,270000
R_000500,EQ_00479,SITE_020,OP_0187,2024-11-25,2024-12-27,2024-12-27,32,Returned,1,224000
R_000501,EQ_00325,SITE_014,OP_0320,2024-07-24,2024-08-07,2024-08-07,14,Returned,1,224000
R_000502,EQ_00453,SITE_020,OP_0040,2026-03-22,2026-04-14,2026-04-14,23,Returned,1,322000
R_000503,EQ_00376,SITE_014,OP_0162,2026-05-12,2026-06-25,,44,Active,0,968000
R_000504,EQ_00392,SITE_014,OP_0124,2024-04-01,2024-04-07,2024-04-07,6,Returned,0,54000
R_000505,EQ_00069,SITE_026,OP_0174,2025-06-21,2025-08-04,2025-08-01,44,Returned,0,396000
R_000506,EQ_00513,SITE_006,OP_0278,2024-05-15,2024-05-25,2024-05-30,10,Overdue Returned,0,180000
R_000507,EQ_00506,SITE_029,OP_0124,2025-08-08,2025-08-21,,13,Active,1,182000
R_000508,EQ_00303,SITE_014,OP_0151,2024-10-25,2024-11-12,,18,Overdue,0,324000
R_000509,EQ_00790,SITE_020,OP_0289,2024-04-15,2024-05-28,2024-05-30,43,Overdue Returned,0,688000
R_000510,EQ_00386,SITE_014,OP_0049,2025-09-17,2025-09-22,2025-09-22,5,Returned,0,45000
R_000511,EQ_00296,SITE_026,OP_0065,2024-03-11,2024-03-20,2024-03-17,9,Returned,0,144000
R_000512,EQ_00641,SITE_025,OP_0162,2024-03-05,2024-03-17,2024-03-14,12,Returned,0,108000
R_000513,EQ_00056,SITE_002,OP_0138,2025-11-21,2025-12-22,2025-12-22,31,Returned,1,558000
R_000514,EQ_00169,SITE_013,OP_0021,2025-01-06,2025-02-11,2025-02-11,36,Returned,0,504000
R_000515,EQ_00369,SITE_003,OP_0349,2026-03-07,2026-03-18,2026-03-23,11,Overdue Returned,1,242000
R_000516,EQ_00449,SITE_009,OP_0118,2024-12-19,2025-01-29,2025-01-31,41,Overdue Returned,0,1230000
R_000517,EQ_00686,SITE_028,OP_0332,2026-07-30,2026-08-29,,30,Overdue,0,540000
R_000518,EQ_00106,SITE_029,OP_0226,2025-12-27,2026-01-10,,14,Active,0,98000
R_000519,EQ_00750,SITE_015,OP_0296,2025-05-10,2025-06-07,2025-06-05,28,Returned,0,448000
R_000520,EQ_00130,SITE_003,OP_0243,2025-02-28,2025-04-08,2025-04-08,39,Returned,0,546000
R_000521,EQ_00687,SITE_005,OP_0114,2026-03-14,2026-03-18,2026-03-18,4,Returned,0,88000
R_000522,EQ_00762,SITE_001,OP_0178,2024-03-03,2024-03-28,2024-03-28,25,Returned,0,550000
R_000523,EQ_00514,SITE_019,OP_0345,2024-08-07,2024-08-20,,13,Active,0,390000
R_000524,EQ_00303,SITE_019,OP_0210,2024-12-22,2025-01-01,,10,Active,0,180000
R_000525,EQ_00210,SITE_013,OP_0024,2024-08-25,2024-09-16,,22,Active,0,352000
R_000526,EQ_00350,SITE_014,OP_0165,2026-03-13,2026-04-17,2026-04-17,35,Returned,0,490000
R_000527,EQ_00450,SITE_011,OP_0162,2024-05-23,2024-06-20,,28,Overdue,0,392000
R_000528,EQ_00572,SITE_003,OP_0309,2024-11-13,2024-12-05,2024-12-05,22,Returned,0,154000
R_000529,EQ_00774,SITE_029,OP_0147,2025-11-21,2025-12-15,2025-12-16,24,Overdue Returned,1,432000
R_000530,EQ_00396,SITE_019,OP_0322,2024-04-07,2024-05-12,2024-05-12,35,Returned,0,630000
R_000531,EQ_00707,SITE_015,OP_0123,2024-11-07,2024-11-28,2024-11-28,21,Returned,1,462000
R_000532,EQ_00755,SITE_017,OP_0122,2024-05-09,2024-06-08,2024-06-07,30,Returned,0,270000
R_000533,EQ_00756,SITE_027,OP_0316,2024-12-07,2025-01-05,2025-01-05,29,Returned,0,203000
R_000534,EQ_00347,SITE_004,OP_0246,2025-03-10,2025-04-19,2025-04-24,40,Overdue Returned,0,880000
R_000535,EQ_00258,SITE_022,OP_0296,2024-09-27,2024-10-27,2024-10-29,30,Overdue Returned,0,420000
R_000536,EQ_00164,SITE_008,OP_0102,2026-02-18,2026-03-12,2026-03-14,22,Overdue Returned,1,352000
R_000537,EQ_00293,SITE_020,OP_0152,2025-12-16,2026-01-14,,29,Active,1,522000
R_000538,EQ_00139,SITE_005,OP_0045,2026-05-23,2026-07-06,2026-07-05,44,Returned,0,792000
R_000539,EQ_00440,SITE_019,OP_0345,2024-10-29,2024-11-09,2024-11-09,11,Returned,0,154000
R_000540,EQ_00107,SITE_014,OP_0278,2025-03-16,2025-03-25,2025-03-26,9,Overdue Returned,0,162000
R_000541,EQ_00702,SITE_005,OP_0111,2024-07-16,2024-07-23,2024-07-23,7,Returned,0,154000
R_000542,EQ_00002,SITE_004,OP_0254,2025-08-26,2025-10-09,2025-10-09,44,Returned,0,968000
R_000543,EQ_00105,SITE_007,OP_0148,2024-01-18,2024-02-06,2024-02-11,19,Overdue Returned,0,304000
R_000544,EQ_00607,SITE_016,OP_0188,2026-06-03,2026-06-12,2026-06-12,9,Returned,0,144000
R_000545,EQ_00096,SITE_027,OP_0216,2025-10-18,2025-10-26,2025-10-26,8,Returned,0,72000
R_000546,EQ_00273,SITE_013,OP_0275,2024-09-03,2024-09-09,2024-09-08,6,Returned,0,132000
R_000547,EQ_00186,SITE_012,OP_0046,2025-03-19,2025-04-30,2025-04-30,42,Returned,0,588000
R_000548,EQ_00110,SITE_010,OP_0039,2025-07-17,2025-08-28,2025-08-28,42,Returned,0,756000
R_000549,EQ_00097,SITE_016,OP_0305,2024-10-25,2024-12-04,2024-12-04,40,Returned,0,720000
R_000550,EQ_00684,SITE_021,OP_0319,2025-08-18,2025-09-26,,39,Active,0,858000
R_000551,EQ_00015,SITE_005,OP_0088,2025-10-17,2025-11-10,2025-11-11,24,Overdue Returned,0,528000
R_000552,EQ_00375,SITE_004,OP_0104,2024-02-21,2024-03-07,2024-03-07,15,Returned,0,135000
R_000553,EQ_00212,SITE_021,OP_0345,2025-12-10,2026-01-13,2026-01-13,34,Returned,0,544000
R_000554,EQ_00378,SITE_003,OP_0250,2026-05-25,2026-06-06,2026-06-06,12,Returned,0,264000
R_000555,EQ_00563,SITE_008,OP_0015,2025-06-12,2025-07-02,2025-07-02,20,Returned,0,360000
R_000556,EQ_00685,SITE_019,OP_0334,2026-01-13,2026-02-22,2026-02-22,40,Returned,0,720000
R_000557,EQ_00612,SITE_030,OP_0239,2025-06-24,2025-07-21,2025-07-22,27,Overdue Returned,0,486000
R_000558,EQ_00093,SITE_008,OP_0149,2025-04-04,2025-04-17,2025-04-17,13,Returned,0,234000
R_000559,EQ_00079,SITE_014,OP_0347,2026-04-05,2026-05-12,,37,Overdue,0,666000
R_000560,EQ_00588,SITE_028,OP_0090,2024-01-14,2024-02-14,2024-02-24,31,Overdue Returned,0,279000
R_000561,EQ_00291,SITE_008,OP_0230,2025-09-23,2025-10-10,2025-10-11,17,Overdue Returned,0,374000
R_000562,EQ_00680,SITE_003,OP_0005,2025-09-15,2025-10-07,2025-10-07,22,Returned,0,198000
R_000563,EQ_00188,SITE_018,OP_0236,2026-05-19,2026-05-24,2026-05-26,5,Overdue Returned,0,110000
R_000564,EQ_00262,SITE_028,OP_0271,2024-07-07,2024-07-11,,4,Active,1,28000
R_000565,EQ_00545,SITE_018,OP_0312,2025-06-30,2025-08-04,2025-08-04,35,Returned,0,1050000
R_000566,EQ_00630,SITE_007,OP_0264,2024-07-13,2024-07-22,2024-07-22,9,Returned,0,81000
R_000567,EQ_00725,SITE_020,OP_0265,2024-07-19,2024-08-05,,17,Active,0,306000
R_000568,EQ_00244,SITE_011,OP_0016,2026-05-08,2026-05-20,2026-05-30,12,Overdue Returned,1,216000
R_000569,EQ_00152,SITE_010,OP_0095,2024-01-26,2024-01-29,2024-01-29,3,Returned,0,54000
R_000570,EQ_00411,SITE_013,OP_0348,2024-10-18,2024-11-20,2024-11-20,33,Returned,0,726000
R_000571,EQ_00407,SITE_006,OP_0163,2024-04-26,2024-06-08,2024-06-08,43,Returned,0,301000
R_000572,EQ_00470,SITE_009,OP_0313,2024-06-25,2024-07-08,,13,Active,0,234000
R_000573,EQ_00535,SITE_008,OP_0025,2026-03-14,2026-04-27,2026-04-27,44,Returned,1,308000
R_000574,EQ_00029,SITE_029,OP_0098,2024-10-06,2024-11-15,2024-11-16,40,Overdue Returned,0,560000
R_000575,EQ_00741,SITE_003,OP_0282,2024-05-31,2024-06-08,,8,Active,1,72000
R_000576,EQ_00305,SITE_018,OP_0307,2025-09-20,2025-10-02,2025-10-02,12,Returned,1,264000
R_000577,EQ_00088,SITE_004,OP_0186,2026-06-16,2026-07-14,2026-07-14,28,Returned,0,616000
R_000578,EQ_00351,SITE_023,OP_0176,2025-08-13,2025-09-11,,29,Active,1,406000
R_000579,EQ_00026,SITE_016,OP_0315,2025-09-04,2025-09-18,2025-09-18,14,Returned,0,224000
R_000580,EQ_00486,SITE_006,OP_0156,2026-06-11,2026-07-16,,35,Overdue,0,315000
R_000581,EQ_00282,SITE_025,OP_0332,2025-07-25,2025-08-23,2025-08-23,29,Returned,0,203000
R_000582,EQ_00600,SITE_023,OP_0091,2025-06-20,2025-06-23,,3,Overdue,0,21000
R_000583,EQ_00263,SITE_016,OP_0237,2024-08-29,2024-10-03,2024-10-04,35,Overdue Returned,0,315000
R_000584,EQ_00555,SITE_030,OP_0350,2026-01-02,2026-01-20,2026-01-20,18,Returned,0,396000
R_000585,EQ_00323,SITE_003,OP_0029,2025-01-09,2025-02-04,2025-02-04,26,Returned,0,234000
R_000586,EQ_00014,SITE_012,OP_0056,2026-02-22,2026-03-28,2026-03-30,34,Overdue Returned,0,1020000
R_000587,EQ_00088,SITE_007,OP_0191,2024-04-13,2024-04-29,2024-04-29,16,Returned,0,352000
R_000588,EQ_00009,SITE_013,OP_0179,2024-06-06,2024-06-13,,7,Active,0,126000
R_000589,EQ_00242,SITE_013,OP_0064,2026-03-20,2026-05-02,2026-05-03,43,Overdue Returned,0,774000
R_000590,EQ_00196,SITE_011,OP_0096,2024-08-24,2024-08-27,2024-08-24,3,Returned,0,90000
R_000591,EQ_00161,SITE_028,OP_0347,2025-09-01,2025-09-26,2025-09-26,25,Returned,0,450000
R_000592,EQ_00467,SITE_020,OP_0238,2025-08-01,2025-08-06,,5,Active,1,90000
R_000593,EQ_00180,SITE_024,OP_0159,2024-09-06,2024-09-30,2024-10-01,24,Overdue Returned,1,528000
R_000594,EQ_00098,SITE_002,OP_0136,2025-09-10,2025-09-14,,4,Active,0,72000
R_000595,EQ_00600,SITE_011,OP_0258,2025-08-19,2025-08-26,2025-08-23,7,Returned,0,49000
R_000596,EQ_00080,SITE_029,OP_0321,2024-06-12,2024-06-28,2024-07-08,16,Overdue Returned,0,480000
R_000597,EQ_00504,SITE_021,OP_0176,2025-05-13,2025-05-28,2025-05-28,15,Returned,0,210000
R_000598,EQ_00417,SITE_024,OP_0336,2025-05-30,2025-07-05,2025-07-05,36,Returned,0,504000
R_000599,EQ_00573,SITE_027,OP_0115,2024-05-08,2024-06-15,2024-06-15,38,Returned,1,608000
R_000600,EQ_00680,SITE_024,OP_0283,2026-06-23,2026-07-16,2026-07-17,23,Overdue Returned,0,207000
R_000601,EQ_00009,SITE_012,OP_0086,2024-10-31,2024-11-30,2024-11-30,30,Returned,0,540000
R_000602,EQ_00409,SITE_002,OP_0049,2024-11-20,2024-12-11,,21,Active,0,189000
R_000603,EQ_00081,SITE_014,OP_0206,2025-09-19,2025-09-28,2025-09-29,9,Overdue Returned,1,81000
R_000604,EQ_00711,SITE_017,OP_0078,2024-10-29,2024-11-16,,18,Overdue,1,396000
R_000605,EQ_00283,SITE_017,OP_0161,2025-03-27,2025-04-24,2025-04-26,28,Overdue Returned,0,252000
R_000606,EQ_00361,SITE_027,OP_0287,2024-12-16,2025-01-07,2025-01-07,22,Returned,0,308000
R_000607,EQ_00385,SITE_004,OP_0174,2025-11-16,2025-12-13,2025-12-13,27,Returned,1,378000
R_000608,EQ_00446,SITE_015,OP_0343,2024-02-26,2024-03-05,2024-03-05,8,Returned,0,176000
R_000609,EQ_00350,SITE_006,OP_0152,2025-05-20,2025-06-17,2025-06-16,28,Returned,0,392000
R_000610,EQ_00485,SITE_019,OP_0300,2026-04-18,2026-05-04,2026-05-04,16,Returned,0,112000
R_000611,EQ_00307,SITE_026,OP_0219,2025-12-03,2025-12-23,2025-12-23,20,Returned,1,320000
R_000612,EQ_00673,SITE_026,OP_0138,2024-01-21,2024-02-09,2024-02-08,19,Returned,0,570000
R_000613,EQ_00260,SITE_013,OP_0011,2025-01-04,2025-01-20,2025-01-20,16,Returned,0,144000
R_000614,EQ_00028,SITE_003,OP_0203,2025-09-24,2025-10-31,2025-11-01,37,Overdue Returned,0,518000
R_000615,EQ_00169,SITE_024,OP_0162,2024-04-03,2024-05-02,2024-05-02,29,Returned,0,406000
R_000616,EQ_00782,SITE_007,OP_0278,2025-01-08,2025-01-25,2025-01-25,17,Returned,0,272000
R_000617,EQ_00245,SITE_002,OP_0268,2024-01-09,2024-02-22,2024-02-22,44,Returned,0,968000
R_000618,EQ_00076,SITE_003,OP_0185,2026-01-03,2026-01-25,2026-01-22,22,Returned,0,396000
R_000619,EQ_00350,SITE_009,OP_0010,2026-01-08,2026-02-05,2026-02-03,28,Returned,0,392000
R_000620,EQ_00728,SITE_011,OP_0280,2024-10-04,2024-11-14,2024-11-14,41,Returned,0,902000
R_000621,EQ_00775,SITE_002,OP_0094,2025-07-15,2025-08-12,2025-08-12,28,Returned,0,252000
R_000622,EQ_00728,SITE_025,OP_0226,2024-01-23,2024-03-01,2024-03-02,38,Overdue Returned,0,836000
R_000623,EQ_00215,SITE_012,OP_0014,2024-11-27,2024-12-03,2024-12-08,6,Overdue Returned,0,108000
R_000624,EQ_00467,SITE_002,OP_0181,2025-05-16,2025-06-04,2025-06-04,19,Returned,1,342000
R_000625,EQ_00162,SITE_011,OP_0176,2025-11-17,2025-12-01,2025-12-01,14,Returned,0,252000
R_000626,EQ_00305,SITE_009,OP_0022,2025-07-02,2025-08-02,2025-08-02,31,Returned,0,682000
R_000627,EQ_00513,SITE_022,OP_0250,2025-12-21,2026-01-03,2026-01-03,13,Returned,0,234000
R_000628,EQ_00678,SITE_003,OP_0251,2025-09-20,2025-10-18,2025-10-18,28,Returned,0,504000
R_000629,EQ_00407,SITE_024,OP_0342,2024-06-29,2024-07-06,2024-07-06,7,Returned,0,49000
R_000630,EQ_00445,SITE_010,OP_0233,2024-10-07,2024-10-31,2024-11-02,24,Overdue Returned,1,528000
R_000631,EQ_00220,SITE_024,OP_0267,2025-05-14,2025-05-20,2025-05-21,6,Overdue Returned,0,42000
R_000632,EQ_00761,SITE_023,OP_0059,2025-08-24,2025-09-08,2025-09-07,15,Returned,0,210000
R_000633,EQ_00582,SITE_016,OP_0140,2024-07-01,2024-08-06,2024-08-05,36,Returned,0,1080000
R_000634,EQ_00508,SITE_001,OP_0340,2024-12-15,2025-01-15,,31,Active,0,558000
R_000635,EQ_00371,SITE_002,OP_0269,2025-06-29,2025-07-17,2025-07-19,18,Overdue Returned,0,162000
R_000636,EQ_00447,SITE_022,OP_0217,2024-03-27,2024-05-01,2024-05-01,35,Returned,0,315000
R_000637,EQ_00097,SITE_008,OP_0278,2026-07-14,2026-07-28,2026-07-26,14,Returned,0,252000
R_000638,EQ_00321,SITE_008,OP_0223,2024-11-26,2025-01-10,,45,Active,0,315000
R_000639,EQ_00408,SITE_030,OP_0034,2025-11-17,2025-11-26,2025-11-24,9,Returned,0,63000
R_000640,EQ_00272,SITE_019,OP_0078,2024-03-14,2024-04-03,2024-04-08,20,Overdue Returned,1,360000
R_000641,EQ_00278,SITE_030,OP_0292,2024-12-18,2025-01-14,2025-01-13,27,Returned,0,432000
R_000642,EQ_00568,SITE_001,OP_0118,2026-01-25,2026-02-07,2026-02-07,13,Returned,1,91000
R_000643,EQ_00177,SITE_004,OP_0117,2024-07-25,2024-09-01,2024-09-01,38,Returned,0,266000
R_000644,EQ_00725,SITE_014,OP_0185,2024-10-15,2024-11-02,2024-10-31,18,Returned,0,324000
R_000645,EQ_00383,SITE_020,OP_0236,2025-06-19,2025-07-14,2025-07-14,25,Returned,0,175000
R_000646,EQ_00545,SITE_004,OP_0123,2024-05-14,2024-05-26,2024-05-23,12,Returned,1,360000
R_000647,EQ_00719,SITE_010,OP_0254,2025-10-05,2025-11-18,2025-11-18,44,Returned,0,616000
R_000648,EQ_00087,SITE_015,OP_0140,2024-03-29,2024-05-05,,37,Overdue,0,666000
R_000649,EQ_00710,SITE_013,OP_0247,2024-09-08,2024-10-15,2024-10-15,37,Returned,0,592000
R_000650,EQ_00487,SITE_015,OP_0113,2026-07-15,2026-07-20,2026-07-19,5,Returned,1,35000
R_000651,EQ_00082,SITE_004,OP_0292,2026-05-29,2026-06-26,2026-07-01,28,Overdue Returned,0,196000
R_000652,EQ_00012,SITE_013,OP_0127,2026-01-10,2026-02-04,2026-02-04,25,Returned,1,175000
R_000653,EQ_00058,SITE_015,OP_0227,2026-02-15,2026-03-01,,14,Overdue,1,98000
R_000654,EQ_00597,SITE_020,OP_0130,2025-02-18,2025-03-25,2025-03-25,35,Returned,0,770000
R_000655,EQ_00338,SITE_023,OP_0026,2025-12-13,2026-01-19,2026-01-19,37,Returned,1,518000
R_000656,EQ_00709,SITE_003,OP_0099,2025-10-29,2025-11-26,2025-11-27,28,Overdue Returned,0,196000
R_000657,EQ_00470,SITE_013,OP_0163,2025-04-28,2025-05-24,2025-05-24,26,Returned,0,468000
R_000658,EQ_00268,SITE_016,OP_0320,2024-04-12,2024-04-28,,16,Active,0,112000
R_000659,EQ_00332,SITE_022,OP_0336,2025-06-29,2025-07-13,2025-07-13,14,Returned,1,98000
R_000660,EQ_00558,SITE_001,OP_0317,2026-04-17,2026-05-14,2026-05-14,27,Returned,0,378000
R_000661,EQ_00210,SITE_022,OP_0329,2025-04-14,2025-05-08,2025-05-08,24,Returned,0,384000
R_000662,EQ_00439,SITE_024,OP_0271,2026-03-19,2026-04-22,2026-04-22,34,Returned,0,748000
R_000663,EQ_00670,SITE_027,OP_0345,2025-07-19,2025-08-21,2025-08-21,33,Returned,0,726000
R_000664,EQ_00774,SITE_013,OP_0251,2024-02-01,2024-02-24,2024-02-24,23,Returned,0,414000
R_000665,EQ_00113,SITE_011,OP_0085,2026-05-13,2026-05-28,2026-05-28,15,Returned,0,105000
R_000666,EQ_00286,SITE_014,OP_0139,2025-09-25,2025-10-02,2025-10-02,7,Returned,0,49000
R_000667,EQ_00682,SITE_006,OP_0184,2025-07-21,2025-08-27,2025-08-27,37,Returned,0,1110000
R_000668,EQ_00454,SITE_022,OP_0088,2026-03-13,2026-04-25,2026-04-22,43,Returned,0,387000
R_000669,EQ_00565,SITE_025,OP_0305,2024-07-05,2024-08-09,2024-08-14,35,Overdue Returned,1,770000
R_000670,EQ_00629,SITE_002,OP_0338,2025-06-26,2025-07-10,2025-07-10,14,Returned,0,126000
R_000671,EQ_00787,SITE_019,OP_0068,2025-07-21,2025-08-27,2025-08-25,37,Returned,0,518000
R_000672,EQ_00044,SITE_028,OP_0045,2024-03-09,2024-03-23,,14,Active,1,252000
R_000673,EQ_00620,SITE_024,OP_0054,2026-03-07,2026-04-16,2026-04-18,40,Overdue Returned,0,560000
R_000674,EQ_00588,SITE_016,OP_0260,2025-01-14,2025-02-17,,34,Active,0,306000
R_000675,EQ_00152,SITE_016,OP_0002,2026-04-25,2026-05-30,,35,Active,0,630000
R_000676,EQ_00364,SITE_008,OP_0001,2025-06-28,2025-07-23,2025-07-28,25,Overdue Returned,0,750000
R_000677,EQ_00473,SITE_001,OP_0139,2025-11-13,2025-12-18,,35,Active,0,1050000
R_000678,EQ_00195,SITE_016,OP_0010,2025-05-12,2025-05-16,2025-05-26,4,Overdue Returned,1,120000
R_000679,EQ_00407,SITE_030,OP_0283,2024-11-16,2024-12-28,2024-12-28,42,Returned,0,294000
R_000680,EQ_00387,SITE_009,OP_0210,2024-03-16,2024-03-29,2024-03-31,13,Overdue Returned,0,390000
R_000681,EQ_00649,SITE_001,OP_0211,2024-08-05,2024-08-19,2024-08-19,14,Returned,0,252000
R_000682,EQ_00168,SITE_016,OP_0220,2024-06-19,2024-06-26,2024-06-28,7,Overdue Returned,1,210000
R_000683,EQ_00177,SITE_028,OP_0040,2025-09-19,2025-09-22,2025-09-22,3,Returned,0,21000
R_000684,EQ_00158,SITE_003,OP_0337,2026-07-21,2026-09-03,2026-09-03,44,Returned,0,616000
R_000685,EQ_00334,SITE_016,OP_0170,2024-10-04,2024-11-18,2024-11-18,45,Returned,0,810000
R_000686,EQ_00784,SITE_030,OP_0151,2024-02-07,2024-02-15,2024-02-16,8,Overdue Returned,0,112000
R_000687,EQ_00713,SITE_005,OP_0331,2025-07-08,2025-07-24,2025-07-21,16,Returned,0,480000
R_000688,EQ_00326,SITE_003,OP_0096,2024-05-16,2024-05-21,2024-05-22,5,Overdue Returned,1,45000
R_000689,EQ_00707,SITE_022,OP_0183,2026-06-19,2026-07-07,2026-07-07,18,Returned,0,396000
R_000690,EQ_00342,SITE_024,OP_0076,2025-08-04,2025-08-20,2025-08-21,16,Overdue Returned,0,288000
R_000691,EQ_00316,SITE_014,OP_0286,2024-08-04,2024-08-26,2024-08-31,22,Overdue Returned,1,352000
R_000692,EQ_00795,SITE_023,OP_0284,2024-08-28,2024-10-06,,39,Active,1,273000
R_000693,EQ_00751,SITE_019,OP_0256,2025-12-19,2025-12-29,2025-12-29,10,Returned,1,90000
R_000694,EQ_00597,SITE_030,OP_0115,2025-01-02,2025-01-25,2025-01-26,23,Overdue Returned,0,506000
R_000695,EQ_00397,SITE_024,OP_0319,2025-10-04,2025-10-08,2025-10-08,4,Returned,1,120000
R_000696,EQ_00211,SITE_003,OP_0083,2026-01-13,2026-01-16,2026-01-16,3,Returned,0,27000
R_000697,EQ_00664,SITE_018,OP_0299,2024-02-29,2024-04-06,2024-04-06,37,Returned,1,814000
R_000698,EQ_00217,SITE_030,OP_0199,2024-05-30,2024-06-16,2024-06-21,17,Overdue Returned,0,306000
R_000699,EQ_00451,SITE_018,OP_0247,2025-10-07,2025-10-12,,5,Overdue,0,150000
R_000700,EQ_00426,SITE_018,OP_0134,2025-02-24,2025-03-28,2025-03-28,32,Returned,0,448000
R_000701,EQ_00611,SITE_012,OP_0226,2024-01-07,2024-01-22,,15,Active,0,450000
R_000702,EQ_00765,SITE_030,OP_0350,2026-04-13,2026-04-29,2026-04-30,16,Overdue Returned,0,288000
R_000703,EQ_00348,SITE_010,OP_0342,2025-03-04,2025-03-25,2025-03-25,21,Returned,1,147000
R_000704,EQ_00533,SITE_001,OP_0109,2025-03-15,2025-04-16,2025-04-16,32,Returned,0,704000
R_000705,EQ_00216,SITE_022,OP_0282,2024-05-28,2024-06-25,2024-06-26,28,Overdue Returned,1,616000
R_000706,EQ_00338,SITE_013,OP_0034,2026-01-22,2026-03-02,2026-03-02,39,Returned,0,546000
R_000707,EQ_00280,SITE_023,OP_0124,2025-11-22,2025-12-08,2025-12-08,16,Returned,0,224000
R_000708,EQ_00481,SITE_001,OP_0350,2026-03-08,2026-04-04,,27,Active,0,378000
R_000709,EQ_00302,SITE_026,OP_0303,2026-06-25,2026-07-17,2026-07-17,22,Returned,0,396000
R_000710,EQ_00155,SITE_011,OP_0158,2024-06-13,2024-07-10,,27,Overdue,0,594000
R_000711,EQ_00049,SITE_013,OP_0120,2025-11-13,2025-12-14,2025-12-11,31,Returned,0,930000
R_000712,EQ_00158,SITE_006,OP_0177,2024-09-04,2024-09-30,2024-09-30,26,Returned,1,364000
R_000713,EQ_00670,SITE_011,OP_0049,2024-01-06,2024-01-24,,18,Overdue,0,396000
R_000714,EQ_00093,SITE_018,OP_0114,2025-02-28,2025-03-14,2025-03-14,14,Returned,0,252000
R_000715,EQ_00300,SITE_011,OP_0080,2024-03-04,2024-03-08,2024-03-08,4,Returned,0,28000
R_000716,EQ_00323,SITE_010,OP_0058,2025-06-19,2025-07-20,2025-07-20,31,Returned,0,279000
R_000717,EQ_00554,SITE_017,OP_0024,2025-04-13,2025-05-02,,19,Active,1,171000
R_000718,EQ_00637,SITE_013,OP_0310,2024-08-29,2024-10-01,2024-10-01,33,Returned,0,990000
R_000719,EQ_00279,SITE_011,OP_0308,2024-01-06,2024-02-01,2024-02-01,26,Returned,1,364000
R_000720,EQ_00786,SITE_019,OP_0191,2024-02-14,2024-02-18,2024-02-18,4,Returned,0,88000
R_000721,EQ_00461,SITE_016,OP_0343,2026-01-17,2026-03-01,2026-03-02,43,Overdue Returned,0,602000
R_000722,EQ_00527,SITE_027,OP_0024,2026-05-15,2026-06-16,2026-06-16,32,Returned,0,576000
R_000723,EQ_00151,SITE_006,OP_0089,2024-07-22,2024-08-12,2024-08-11,21,Returned,0,378000
R_000724,EQ_00159,SITE_016,OP_0231,2025-11-01,2025-11-08,2025-11-08,7,Returned,0,49000
R_000725,EQ_00683,SITE_006,OP_0274,2026-07-28,2026-09-10,2026-09-10,44,Returned,0,308000
R_000726,EQ_00243,SITE_020,OP_0131,2025-12-29,2026-01-27,,29,Active,0,522000
R_000727,EQ_00424,SITE_019,OP_0289,2025-04-02,2025-04-21,2025-04-21,19,Returned,1,133000
R_000728,EQ_00678,SITE_014,OP_0247,2025-09-28,2025-11-05,2025-11-15,38,Overdue Returned,1,684000
R_000729,EQ_00114,SITE_027,OP_0003,2024-07-06,2024-08-14,2024-08-14,39,Returned,0,858000
R_000730,EQ_00630,SITE_016,OP_0180,2024-10-04,2024-11-12,2024-11-12,39,Returned,0,351000
R_000731,EQ_00490,SITE_002,OP_0111,2025-03-01,2025-03-20,2025-03-18,19,Returned,1,266000
R_000732,EQ_00727,SITE_023,OP_0310,2025-04-10,2025-05-18,2025-05-15,38,Returned,0,1140000
R_000733,EQ_00606,SITE_017,OP_0054,2024-02-21,2024-04-05,2024-04-07,44,Overdue Returned,0,792000
R_000734,EQ_00257,SITE_021,OP_0126,2024-09-10,2024-10-19,,39,Active,0,273000
R_000735,EQ_00720,SITE_008,OP_0296,2025-11-05,2025-11-17,2025-11-17,12,Returned,1,168000
R_000736,EQ_00606,SITE_017,OP_0215,2025-03-28,2025-05-01,2025-04-29,34,Returned,0,612000
R_000737,EQ_00579,SITE_005,OP_0270,2024-05-06,2024-05-15,,9,Overdue,1,198000
R_000738,EQ_00746,SITE_029,OP_0041,2024-11-09,2024-12-06,2024-12-06,27,Returned,0,189000
R_000739,EQ_00164,SITE_009,OP_0046,2026-02-26,2026-04-04,2026-04-14,37,Overdue Returned,0,592000
R_000740,EQ_00116,SITE_020,OP_0241,2024-02-01,2024-02-07,,6,Active,1,54000
R_000741,EQ_00169,SITE_014,OP_0263,2025-09-18,2025-09-25,2025-09-25,7,Returned,0,98000
R_000742,EQ_00704,SITE_025,OP_0159,2024-01-29,2024-02-04,,6,Active,1,132000
R_000743,EQ_00137,SITE_012,OP_0081,2025-01-02,2025-01-29,2025-01-29,27,Returned,0,243000
R_000744,EQ_00225,SITE_010,OP_0109,2025-07-08,2025-07-18,,10,Overdue,0,90000
R_000745,EQ_00019,SITE_014,OP_0234,2024-11-06,2024-11-17,2024-11-17,11,Returned,0,99000
R_000746,EQ_00038,SITE_030,OP_0326,2026-02-15,2026-03-21,2026-03-26,34,Overdue Returned,0,748000
R_000747,EQ_00308,SITE_013,OP_0050,2024-09-19,2024-10-19,2024-10-21,30,Overdue Returned,0,270000
R_000748,EQ_00342,SITE_013,OP_0127,2024-09-28,2024-10-29,2024-10-31,31,Overdue Returned,0,558000
R_000749,EQ_00159,SITE_020,OP_0339,2025-04-08,2025-04-12,,4,Active,0,28000
R_000750,EQ_00106,SITE_015,OP_0100,2025-08-23,2025-10-02,2025-10-02,40,Returned,0,280000
R_000751,EQ_00582,SITE_017,OP_0007,2024-11-18,2024-12-22,2024-12-21,34,Returned,0,1020000
R_000752,EQ_00382,SITE_003,OP_0013,2025-08-16,2025-08-25,,9,Active,0,63000
R_000753,EQ_00094,SITE_015,OP_0312,2024-12-31,2025-02-07,2025-02-07,38,Returned,0,342000
R_000754,EQ_00567,SITE_010,OP_0230,2025-06-27,2025-07-20,2025-07-22,23,Overdue Returned,1,322000
R_000755,EQ_00288,SITE_025,OP_0148,2024-06-23,2024-07-02,2024-07-03,9,Overdue Returned,0,81000
R_000756,EQ_00074,SITE_014,OP_0320,2026-05-12,2026-06-23,2026-06-24,42,Overdue Returned,0,378000
R_000757,EQ_00699,SITE_017,OP_0025,2026-02-20,2026-03-07,2026-03-05,15,Returned,0,330000
R_000758,EQ_00439,SITE_029,OP_0336,2025-02-09,2025-03-02,2025-03-02,21,Returned,0,462000
R_000759,EQ_00493,SITE_012,OP_0221,2026-06-16,2026-06-27,2026-06-28,11,Overdue Returned,0,77000
R_000760,EQ_00051,SITE_013,OP_0193,2026-01-07,2026-01-15,2026-01-15,8,Returned,0,128000
R_000761,EQ_00729,SITE_008,OP_0071,2024-01-14,2024-01-22,2024-01-23,8,Overdue Returned,1,144000
R_000762,EQ_00173,SITE_029,OP_0315,2025-03-08,2025-03-27,2025-04-06,19,Overdue Returned,1,133000
R_000763,EQ_00159,SITE_024,OP_0328,2025-05-25,2025-06-12,2025-06-12,18,Returned,1,126000
R_000764,EQ_00204,SITE_007,OP_0190,2026-02-07,2026-02-10,,3,Active,0,42000
R_000765,EQ_00725,SITE_018,OP_0183,2024-07-19,2024-08-25,2024-08-24,37,Returned,0,666000
R_000766,EQ_00612,SITE_005,OP_0209,2025-08-15,2025-09-15,,31,Active,0,558000
R_000767,EQ_00093,SITE_027,OP_0248,2025-03-14,2025-03-25,2025-03-25,11,Returned,0,198000
R_000768,EQ_00078,SITE_004,OP_0099,2025-10-26,2025-11-19,2025-11-19,24,Returned,0,168000
R_000769,EQ_00553,SITE_030,OP_0190,2024-06-02,2024-06-18,,16,Overdue,0,112000
R_000770,EQ_00480,SITE_018,OP_0227,2025-11-28,2025-12-31,2025-12-28,33,Returned,0,726000
R_000771,EQ_00341,SITE_014,OP_0349,2024-03-26,2024-04-18,2024-04-20,23,Overdue Returned,0,506000
R_000772,EQ_00287,SITE_012,OP_0309,2025-11-28,2026-01-05,2026-01-04,38,Returned,0,608000
R_000773,EQ_00574,SITE_002,OP_0259,2025-09-13,2025-10-18,2025-10-18,35,Returned,0,1050000
R_000774,EQ_00514,SITE_011,OP_0172,2025-05-24,2025-06-06,2025-06-06,13,Returned,1,390000
R_000775,EQ_00083,SITE_019,OP_0257,2026-06-27,2026-07-12,2026-07-13,15,Overdue Returned,0,210000
R_000776,EQ_00431,SITE_026,OP_0040,2024-12-03,2025-01-03,2025-01-03,31,Returned,0,434000
R_000777,EQ_00593,SITE_002,OP_0208,2026-05-10,2026-06-06,2026-06-06,27,Returned,1,243000
R_000778,EQ_00763,SITE_001,OP_0064,2026-06-06,2026-07-12,2026-07-12,36,Returned,0,252000
R_000779,EQ_00791,SITE_025,OP_0128,2024-12-01,2025-01-08,2025-01-08,38,Returned,1,342000
R_000780,EQ_00369,SITE_002,OP_0169,2025-02-21,2025-03-07,2025-03-09,14,Overdue Returned,1,308000
R_000781,EQ_00423,SITE_016,OP_0093,2026-05-20,2026-05-23,2026-05-23,3,Returned,1,27000
R_000782,EQ_00441,SITE_002,OP_0277,2025-01-11,2025-01-25,2025-01-25,14,Returned,0,252000
R_000783,EQ_00102,SITE_001,OP_0066,2026-06-18,2026-07-10,2026-07-09,22,Returned,0,308000
R_000784,EQ_00800,SITE_001,OP_0315,2025-09-30,2025-11-03,2025-11-03,34,Returned,0,748000
R_000785,EQ_00435,SITE_020,OP_0165,2024-01-23,2024-01-29,2024-01-29,6,Returned,1,108000
R_000786,EQ_00402,SITE_012,OP_0156,2026-07-23,2026-08-17,2026-08-22,25,Overdue Returned,0,750000
R_000787,EQ_00540,SITE_026,OP_0263,2025-08-13,2025-08-17,2025-08-17,4,Returned,0,120000
R_000788,EQ_00467,SITE_010,OP_0021,2025-09-29,2025-11-01,2025-11-01,33,Returned,1,594000
R_000789,EQ_00039,SITE_027,OP_0164,2025-09-30,2025-11-11,2025-11-09,42,Returned,0,378000
R_000790,EQ_00291,SITE_017,OP_0124,2024-02-03,2024-02-25,2024-02-25,22,Returned,0,484000
R_000791,EQ_00100,SITE_007,OP_0201,2026-01-11,2026-02-12,2026-02-12,32,Returned,0,960000
R_000792,EQ_00618,SITE_021,OP_0039,2025-12-28,2026-01-03,2026-01-01,6,Returned,0,180000
R_000793,EQ_00206,SITE_011,OP_0256,2026-07-02,2026-07-31,,29,Active,0,638000
R_000794,EQ_00407,SITE_007,OP_0094,2025-03-14,2025-04-26,2025-04-26,43,Returned,0,301000
R_000795,EQ_00203,SITE_030,OP_0168,2025-06-07,2025-07-18,2025-07-16,41,Returned,0,1230000
R_000796,EQ_00245,SITE_009,OP_0040,2025-10-03,2025-10-06,,3,Active,0,66000
R_000797,EQ_00535,SITE_009,OP_0222,2024-07-29,2024-08-28,,30,Active,0,210000
R_000798,EQ_00547,SITE_017,OP_0113,2025-08-10,2025-09-18,,39,Overdue,0,351000
R_000799,EQ_00059,SITE_009,OP_0044,2024-04-24,2024-04-29,2024-05-01,5,Overdue Returned,0,35000
R_000800,EQ_00352,SITE_029,OP_0013,2025-09-19,2025-10-19,,30,Overdue,1,420000
R_000801,EQ_00092,SITE_020,OP_0046,2026-06-21,2026-07-20,2026-07-17,29,Returned,1,638000
R_000802,EQ_00061,SITE_028,OP_0344,2025-05-24,2025-07-04,2025-07-01,41,Returned,0,287000
R_000803,EQ_00654,SITE_012,OP_0050,2024-09-02,2024-10-04,2024-10-05,32,Overdue Returned,1,288000
R_000804,EQ_00678,SITE_013,OP_0195,2026-07-04,2026-07-23,2026-08-02,19,Overdue Returned,0,342000
R_000805,EQ_00592,SITE_019,OP_0114,2025-02-21,2025-02-25,,4,Overdue,0,88000
R_000806,EQ_00297,SITE_001,OP_0284,2024-07-26,2024-08-24,,29,Active,1,522000
R_000807,EQ_00417,SITE_022,OP_0180,2025-01-19,2025-02-08,,20,Overdue,0,280000
R_000808,EQ_00480,SITE_002,OP_0180,2025-01-31,2025-02-27,,27,Overdue,0,594000
R_000809,EQ_00552,SITE_024,OP_0049,2024-03-02,2024-03-22,,20,Overdue,1,440000
R_000810,EQ_00259,SITE_002,OP_0260,2024-04-04,2024-05-05,2024-05-05,31,Returned,0,930000
R_000811,EQ_00700,SITE_025,OP_0120,2024-10-06,2024-10-30,2024-10-31,24,Overdue Returned,0,384000
R_000812,EQ_00548,SITE_017,OP_0112,2024-11-03,2024-12-07,2024-12-06,34,Returned,0,238000
R_000813,EQ_00790,SITE_013,OP_0120,2024-02-22,2024-03-03,,10,Active,0,160000
R_000814,EQ_00759,SITE_012,OP_0294,2025-04-15,2025-05-09,2025-05-11,24,Overdue Returned,0,528000
R_000815,EQ_00501,SITE_018,OP_0127,2024-04-20,2024-05-23,2024-05-28,33,Overdue Returned,0,297000
R_000816,EQ_00003,SITE_017,OP_0201,2025-04-08,2025-04-27,2025-04-29,19,Overdue Returned,0,342000
R_000817,EQ_00044,SITE_010,OP_0213,2025-10-31,2025-12-04,2025-12-02,34,Returned,0,612000
R_000818,EQ_00556,SITE_011,OP_0135,2026-07-18,2026-08-03,2026-08-04,16,Overdue Returned,0,480000
R_000819,EQ_00674,SITE_007,OP_0148,2025-05-16,2025-06-30,2025-07-01,45,Overdue Returned,0,810000
R_000820,EQ_00033,SITE_007,OP_0278,2026-08-02,2026-09-07,2026-09-07,36,Returned,0,648000
R_000821,EQ_00623,SITE_013,OP_0059,2026-07-30,2026-09-09,,41,Active,0,287000
R_000822,EQ_00524,SITE_019,OP_0158,2026-01-29,2026-03-06,2026-03-06,36,Returned,0,576000
R_000823,EQ_00510,SITE_016,OP_0187,2026-07-31,2026-08-13,,13,Active,1,117000
R_000824,EQ_00140,SITE_011,OP_0164,2024-02-19,2024-03-15,2024-03-20,25,Overdue Returned,0,550000
R_000825,EQ_00165,SITE_028,OP_0182,2026-07-13,2026-08-01,2026-08-01,19,Returned,0,418000
R_000826,EQ_00798,SITE_016,OP_0298,2026-01-22,2026-01-26,,4,Active,1,72000
R_000827,EQ_00269,SITE_021,OP_0233,2024-12-21,2025-01-10,2025-01-10,20,Returned,0,360000
R_000828,EQ_00295,SITE_016,OP_0143,2026-06-26,2026-07-08,2026-07-08,12,Returned,0,216000
R_000829,EQ_00248,SITE_010,OP_0235,2026-02-27,2026-03-11,2026-03-11,12,Returned,0,264000
R_000830,EQ_00090,SITE_002,OP_0185,2026-07-30,2026-08-25,2026-08-25,26,Returned,0,364000
R_000831,EQ_00617,SITE_016,OP_0069,2024-06-20,2024-07-21,2024-07-21,31,Returned,0,496000
R_000832,EQ_00371,SITE_001,OP_0153,2024-12-18,2025-01-23,2025-01-23,36,Returned,0,324000
R_000833,EQ_00170,SITE_009,OP_0267,2024-02-13,2024-02-17,,4,Overdue,0,72000
R_000834,EQ_00432,SITE_014,OP_0154,2025-02-08,2025-02-19,,11,Active,0,198000
R_000835,EQ_00452,SITE_012,OP_0280,2026-03-24,2026-05-06,2026-05-06,43,Returned,0,387000
R_000836,EQ_00315,SITE_028,OP_0211,2024-12-13,2024-12-22,2024-12-22,9,Returned,0,162000
R_000837,EQ_00120,SITE_011,OP_0218,2024-08-16,2024-08-22,2024-08-22,6,Returned,1,108000
R_000838,EQ_00659,SITE_001,OP_0155,2024-08-29,2024-09-04,2024-09-04,6,Returned,1,54000
R_000839,EQ_00627,SITE_014,OP_0207,2026-02-14,2026-03-17,,31,Active,0,930000
R_000840,EQ_00729,SITE_001,OP_0190,2026-03-26,2026-04-25,2026-04-26,30,Overdue Returned,0,540000
R_000841,EQ_00356,SITE_026,OP_0279,2024-09-10,2024-09-21,,11,Active,0,330000
R_000842,EQ_00723,SITE_002,OP_0319,2025-07-08,2025-07-16,2025-07-16,8,Returned,1,112000
R_000843,EQ_00364,SITE_017,OP_0294,2024-11-29,2025-01-02,2025-01-02,34,Returned,1,1020000
R_000844,EQ_00754,SITE_015,OP_0223,2024-10-05,2024-10-08,2024-10-08,3,Returned,0,90000
R_000845,EQ_00210,SITE_030,OP_0330,2025-10-18,2025-11-08,2025-11-06,21,Returned,0,336000
R_000846,EQ_00042,SITE_021,OP_0334,2024-10-19,2024-11-20,2024-11-20,32,Returned,0,224000
R_000847,EQ_00343,SITE_027,OP_0233,2024-07-10,2024-08-04,2024-08-04,25,Returned,1,175000
R_000848,EQ_00566,SITE_013,OP_0177,2026-05-20,2026-06-01,2026-06-06,12,Overdue Returned,0,360000
R_000849,EQ_00364,SITE_021,OP_0322,2026-03-15,2026-04-16,2026-04-16,32,Returned,0,960000
R_000850,EQ_00433,SITE_001,OP_0176,2026-03-22,2026-04-01,2026-04-01,10,Returned,0,180000
R_000851,EQ_00126,SITE_023,OP_0020,2024-08-19,2024-09-29,2024-09-29,41,Returned,0,287000
R_000852,EQ_00701,SITE_030,OP_0069,2025-09-01,2025-10-08,2025-10-08,37,Returned,1,666000
R_000853,EQ_00086,SITE_007,OP_0262,2025-10-13,2025-11-07,2025-11-12,25,Overdue Returned,0,400000
R_000854,EQ_00625,SITE_030,OP_0011,2026-01-21,2026-01-29,2026-01-29,8,Returned,0,112000
R_000855,EQ_00484,SITE_008,OP_0283,2025-06-10,2025-07-06,2025-07-06,26,Returned,0,234000
R_000856,EQ_00255,SITE_011,OP_0341,2025-10-08,2025-10-30,2025-10-30,22,Returned,0,396000
R_000857,EQ_00746,SITE_010,OP_0152,2024-08-28,2024-09-24,2024-09-25,27,Overdue Returned,0,189000
R_000858,EQ_00791,SITE_014,OP_0052,2025-01-17,2025-02-23,2025-02-28,37,Overdue Returned,0,333000
R_000859,EQ_00358,SITE_021,OP_0127,2024-03-26,2024-04-15,2024-04-15,20,Returned,0,440000
R_000860,EQ_00555,SITE_008,OP_0092,2024-08-30,2024-10-02,2024-10-02,33,Returned,0,726000
R_000861,EQ_00740,SITE_027,OP_0141,2024-09-12,2024-10-15,2024-10-14,33,Returned,0,462000
R_000862,EQ_00056,SITE_001,OP_0097,2024-04-23,2024-05-17,2024-05-17,24,Returned,1,432000
R_000863,EQ_00036,SITE_022,OP_0090,2025-06-03,2025-07-05,2025-07-05,32,Returned,0,704000
R_000864,EQ_00672,SITE_002,OP_0092,2026-01-25,2026-03-03,2026-03-03,37,Returned,0,518000
R_000865,EQ_00593,SITE_026,OP_0017,2025-12-05,2026-01-09,2026-01-08,35,Returned,1,315000
R_000866,EQ_00491,SITE_027,OP_0175,2024-03-27,2024-05-01,2024-04-28,35,Returned,0,770000
R_000867,EQ_00727,SITE_006,OP_0295,2025-07-13,2025-08-14,2025-08-12,32,Returned,0,960000
R_000868,EQ_00556,SITE_030,OP_0092,2026-03-14,2026-03-20,2026-03-19,6,Returned,1,180000
R_000869,EQ_00030,SITE_020,OP_0018,2026-01-08,2026-01-12,,4,Active,0,72000
R_000870,EQ_00777,SITE_014,OP_0011,2024-04-07,2024-04-24,2024-04-22,17,Returned,0,272000
R_000871,EQ_00525,SITE_011,OP_0278,2024-10-10,2024-10-28,2024-10-28,18,Returned,0,396000
R_000872,EQ_00176,SITE_003,OP_0188,2025-03-11,2025-04-22,2025-04-21,42,Returned,0,294000
R_000873,EQ_00728,SITE_012,OP_0275,2025-09-15,2025-10-07,2025-10-12,22,Overdue Returned,0,484000
R_000874,EQ_00468,SITE_026,OP_0107,2024-12-06,2024-12-24,2024-12-29,18,Overdue Returned,0,540000
R_000875,EQ_00314,SITE_020,OP_0176,2026-06-26,2026-07-14,2026-07-15,18,Overdue Returned,0,162000
R_000876,EQ_00151,SITE_001,OP_0179,2024-05-31,2024-06-18,,18,Active,0,324000
R_000877,EQ_00558,SITE_013,OP_0152,2026-04-09,2026-05-21,,42,Overdue,0,588000
R_000878,EQ_00721,SITE_017,OP_0018,2026-02-14,2026-03-28,2026-03-28,42,Returned,1,756000
R_000879,EQ_00540,SITE_012,OP_0300,2026-02-11,2026-03-26,,43,Active,1,1290000
R_000880,EQ_00461,SITE_009,OP_0065,2025-11-18,2025-12-09,2025-12-09,21,Returned,0,294000
R_000881,EQ_00636,SITE_009,OP_0026,2025-06-13,2025-07-19,2025-07-19,36,Returned,0,576000
R_000882,EQ_00057,SITE_002,OP_0107,2024-05-11,2024-05-23,2024-05-23,12,Returned,0,168000
R_000883,EQ_00070,SITE_019,OP_0341,2024-06-08,2024-07-12,2024-07-12,34,Returned,0,544000
R_000884,EQ_00291,SITE_016,OP_0210,2024-05-08,2024-05-21,,13,Active,0,286000
R_000885,EQ_00706,SITE_009,OP_0157,2026-05-09,2026-06-22,2026-06-24,44,Overdue Returned,0,792000
R_000886,EQ_00525,SITE_002,OP_0021,2025-07-25,2025-09-02,2025-09-02,39,Returned,0,858000
R_000887,EQ_00341,SITE_008,OP_0147,2024-04-09,2024-04-25,2024-04-25,16,Returned,0,352000
R_000888,EQ_00753,SITE_009,OP_0242,2026-04-30,2026-06-02,2026-06-03,33,Overdue Returned,0,231000
R_000889,EQ_00543,SITE_016,OP_0203,2026-03-17,2026-04-23,2026-04-23,37,Returned,0,666000
R_000890,EQ_00070,SITE_007,OP_0053,2025-04-11,2025-05-06,2025-05-07,25,Overdue Returned,0,400000
R_000891,EQ_00546,SITE_027,OP_0286,2026-03-07,2026-03-31,,24,Active,0,216000
R_000892,EQ_00767,SITE_021,OP_0140,2024-05-19,2024-06-29,,41,Overdue,1,1230000
R_000893,EQ_00483,SITE_024,OP_0265,2024-07-10,2024-08-17,,38,Active,1,266000
R_000894,EQ_00756,SITE_015,OP_0301,2024-06-25,2024-07-22,,27,Active,1,189000
R_000895,EQ_00267,SITE_026,OP_0184,2024-02-22,2024-03-01,2024-03-01,8,Returned,1,72000
R_000896,EQ_00272,SITE_006,OP_0082,2025-09-23,2025-11-05,2025-11-07,43,Overdue Returned,0,774000
R_000897,EQ_00761,SITE_009,OP_0141,2024-01-25,2024-03-02,2024-03-02,37,Returned,0,518000
R_000898,EQ_00621,SITE_007,OP_0286,2025-01-19,2025-02-27,2025-03-04,39,Overdue Returned,0,702000
R_000899,EQ_00446,SITE_022,OP_0031,2025-10-05,2025-10-12,2025-10-12,7,Returned,1,154000
R_000900,EQ_00290,SITE_016,OP_0268,2024-06-18,2024-07-21,2024-07-21,33,Returned,0,231000
R_000901,EQ_00525,SITE_006,OP_0203,2024-09-07,2024-09-21,2024-09-21,14,Returned,0,308000
R_000902,EQ_00758,SITE_024,OP_0171,2025-11-14,2025-12-03,2025-12-08,19,Overdue Returned,1,570000
R_000903,EQ_00693,SITE_018,OP_0006,2025-07-15,2025-08-16,2025-08-16,32,Returned,0,224000
R_000904,EQ_00292,SITE_014,OP_0001,2025-10-30,2025-12-09,2025-12-09,40,Returned,0,880000
R_000905,EQ_00753,SITE_003,OP_0075,2026-03-06,2026-04-02,2026-04-03,27,Overdue Returned,0,189000
R_000906,EQ_00137,SITE_027,OP_0161,2025-02-05,2025-03-20,2025-03-20,43,Returned,0,387000
R_000907,EQ_00188,SITE_030,OP_0104,2025-06-06,2025-06-30,2025-06-30,24,Returned,0,528000
R_000908,EQ_00554,SITE_029,OP_0319,2025-12-16,2026-01-18,,33,Active,1,297000
R_000909,EQ_00028,SITE_018,OP_0139,2024-10-16,2024-11-26,,41,Active,0,574000
R_000910,EQ_00568,SITE_005,OP_0082,2024-06-24,2024-07-20,2024-07-25,26,Overdue Returned,1,182000
R_000911,EQ_00299,SITE_005,OP_0013,2024-05-01,2024-05-23,2024-06-02,22,Overdue Returned,0,396000
R_000912,EQ_00331,SITE_001,OP_0149,2024-07-07,2024-08-01,2024-08-01,25,Returned,0,450000
R_000913,EQ_00639,SITE_030,OP_0034,2025-04-09,2025-05-14,2025-05-19,35,Overdue Returned,0,630000
R_000914,EQ_00008,SITE_020,OP_0347,2025-07-27,2025-08-08,2025-08-06,12,Returned,0,216000
R_000915,EQ_00519,SITE_018,OP_0271,2024-04-29,2024-05-25,,26,Active,1,234000
R_000916,EQ_00655,SITE_018,OP_0162,2024-08-10,2024-08-17,2024-08-15,7,Returned,0,126000
R_000917,EQ_00085,SITE_008,OP_0306,2026-07-29,2026-08-19,,21,Active,0,378000
R_000918,EQ_00036,SITE_026,OP_0186,2024-11-28,2024-12-20,,22,Active,0,484000
R_000919,EQ_00588,SITE_006,OP_0159,2025-12-12,2025-12-16,2025-12-13,4,Returned,1,36000
R_000920,EQ_00581,SITE_023,OP_0091,2026-06-23,2026-08-01,2026-08-01,39,Returned,0,624000
R_000921,EQ_00446,SITE_009,OP_0228,2024-09-04,2024-10-16,2024-10-15,42,Returned,0,924000
R_000922,EQ_00758,SITE_023,OP_0329,2024-08-01,2024-08-29,2024-08-29,28,Returned,0,840000
R_000923,EQ_00269,SITE_022,OP_0130,2024-12-23,2025-02-04,2025-02-04,43,Returned,0,774000
R_000924,EQ_00463,SITE_029,OP_0331,2024-02-08,2024-02-26,2024-02-26,18,Returned,0,324000
R_000925,EQ_00171,SITE_019,OP_0342,2025-02-22,2025-04-05,,42,Overdue,0,378000
R_000926,EQ_00520,SITE_006,OP_0289,2026-02-06,2026-02-20,2026-02-20,14,Returned,0,98000
R_000927,EQ_00066,SITE_002,OP_0153,2026-01-01,2026-01-17,2026-01-17,16,Returned,0,352000
R_000928,EQ_00259,SITE_011,OP_0100,2025-10-08,2025-10-25,2025-10-25,17,Returned,0,510000
R_000929,EQ_00739,SITE_008,OP_0344,2024-07-15,2024-07-23,2024-07-23,8,Returned,0,240000
R_000930,EQ_00662,SITE_007,OP_0183,2025-10-13,2025-11-09,,27,Active,0,189000
R_000931,EQ_00254,SITE_030,OP_0089,2026-04-07,2026-05-07,2026-05-07,30,Returned,0,900000
R_000932,EQ_00172,SITE_021,OP_0138,2025-06-24,2025-07-20,2025-07-20,26,Returned,0,468000
R_000933,EQ_00735,SITE_012,OP_0142,2025-09-30,2025-11-05,,36,Active,0,576000
R_000934,EQ_00551,SITE_005,OP_0138,2026-03-04,2026-04-17,2026-04-17,44,Returned,0,792000
R_000935,EQ_00148,SITE_017,OP_0068,2024-03-12,2024-04-25,2024-04-25,44,Returned,0,792000
R_000936,EQ_00715,SITE_023,OP_0189,2024-09-24,2024-10-13,2024-10-13,19,Returned,0,171000
R_000937,EQ_00713,SITE_016,OP_0079,2024-02-02,2024-02-28,,26,Active,0,780000
R_000938,EQ_00320,SITE_021,OP_0145,2025-04-16,2025-05-15,,29,Active,0,638000
R_000939,EQ_00787,SITE_026,OP_0017,2024-04-18,2024-05-18,,30,Active,1,420000
R_000940,EQ_00740,SITE_022,OP_0219,2026-01-08,2026-01-20,2026-01-20,12,Returned,0,168000
R_000941,EQ_00262,SITE_001,OP_0054,2026-07-20,2026-08-28,2026-08-28,39,Returned,0,273000
R_000942,EQ_00208,SITE_030,OP_0130,2025-11-12,2025-12-02,2025-12-02,20,Returned,1,280000
R_000943,EQ_00232,SITE_029,OP_0249,2025-02-11,2025-02-19,2025-02-19,8,Returned,0,144000
R_000944,EQ_00779,SITE_007,OP_0083,2024-03-16,2024-03-21,,5,Active,0,90000
R_000945,EQ_00100,SITE_013,OP_0277,2026-02-10,2026-03-25,,43,Active,0,1290000
R_000946,EQ_00249,SITE_004,OP_0323,2024-07-12,2024-07-26,2024-07-26,14,Returned,0,420000
R_000947,EQ_00126,SITE_005,OP_0008,2026-06-20,2026-07-11,2026-07-11,21,Returned,0,147000
R_000948,EQ_00525,SITE_019,OP_0324,2024-10-16,2024-11-14,,29,Active,0,638000
R_000949,EQ_00789,SITE_028,OP_0113,2025-05-09,2025-06-05,2025-06-03,27,Returned,1,432000
R_000950,EQ_00535,SITE_001,OP_0336,2024-06-17,2024-08-01,2024-08-06,45,Overdue Returned,1,315000
R_000951,EQ_00288,SITE_006,OP_0170,2024-05-26,2024-07-01,2024-06-29,36,Returned,0,324000
R_000952,EQ_00059,SITE_016,OP_0139,2024-05-03,2024-05-11,2024-05-12,8,Overdue Returned,1,56000
R_000953,EQ_00056,SITE_021,OP_0264,2024-07-09,2024-08-04,2024-08-04,26,Returned,0,468000
R_000954,EQ_00614,SITE_001,OP_0199,2025-04-24,2025-05-12,2025-05-13,18,Overdue Returned,1,540000
R_000955,EQ_00336,SITE_029,OP_0325,2025-09-24,2025-10-21,,27,Active,0,486000
R_000956,EQ_00772,SITE_020,OP_0256,2026-02-18,2026-03-08,2026-03-07,18,Returned,0,126000
R_000957,EQ_00257,SITE_030,OP_0251,2025-11-20,2025-12-31,2025-12-31,41,Returned,0,287000
R_000958,EQ_00214,SITE_026,OP_0262,2026-01-03,2026-02-14,2026-02-14,42,Returned,0,294000
R_000959,EQ_00052,SITE_018,OP_0154,2025-01-08,2025-01-15,2025-01-15,7,Returned,1,98000
R_000960,EQ_00404,SITE_005,OP_0141,2025-01-04,2025-02-15,2025-02-15,42,Returned,0,924000
R_000961,EQ_00786,SITE_023,OP_0332,2026-06-20,2026-06-27,2026-06-27,7,Returned,0,154000
R_000962,EQ_00368,SITE_024,OP_0146,2026-03-30,2026-04-30,2026-04-27,31,Returned,1,496000
R_000963,EQ_00087,SITE_011,OP_0348,2025-10-31,2025-11-09,2025-11-09,9,Returned,0,162000
R_000964,EQ_00315,SITE_023,OP_0264,2026-03-02,2026-03-10,2026-03-10,8,Returned,0,144000
R_000965,EQ_00509,SITE_012,OP_0036,2026-07-10,2026-08-17,2026-08-14,38,Returned,1,836000
R_000966,EQ_00716,SITE_006,OP_0108,2026-07-27,2026-08-07,2026-08-09,11,Overdue Returned,0,242000
R_000967,EQ_00075,SITE_027,OP_0261,2024-10-17,2024-11-22,2024-11-22,36,Returned,0,648000
R_000968,EQ_00343,SITE_028,OP_0023,2026-01-09,2026-02-21,,43,Active,0,301000
R_000969,EQ_00684,SITE_021,OP_0005,2025-06-23,2025-07-24,2025-07-24,31,Returned,0,682000
R_000970,EQ_00642,SITE_003,OP_0224,2026-06-30,2026-07-06,2026-07-06,6,Returned,0,108000
R_000971,EQ_00228,SITE_021,OP_0105,2026-02-25,2026-03-15,2026-03-15,18,Returned,0,288000
R_000972,EQ_00088,SITE_015,OP_0058,2024-07-21,2024-08-17,2024-08-17,27,Returned,0,594000
R_000973,EQ_00442,SITE_025,OP_0074,2025-04-30,2025-05-16,2025-05-13,16,Returned,0,256000
R_000974,EQ_00502,SITE_001,OP_0018,2025-11-02,2025-12-13,,41,Overdue,0,574000
R_000975,EQ_00592,SITE_006,OP_0184,2025-05-14,2025-06-13,2025-06-12,30,Returned,0,660000
R_000976,EQ_00637,SITE_013,OP_0314,2024-01-24,2024-02-02,2024-02-04,9,Overdue Returned,0,270000
R_000977,EQ_00399,SITE_015,OP_0151,2024-12-20,2025-01-08,,19,Active,0,342000
R_000978,EQ_00443,SITE_010,OP_0265,2025-06-02,2025-06-19,2025-06-19,17,Returned,0,153000
R_000979,EQ_00333,SITE_017,OP_0096,2024-07-14,2024-08-24,2024-08-24,41,Returned,0,369000
R_000980,EQ_00325,SITE_007,OP_0254,2024-07-01,2024-08-08,2024-08-08,38,Returned,1,608000
R_000981,EQ_00533,SITE_015,OP_0045,2025-06-22,2025-07-06,2025-07-06,14,Returned,0,308000
R_000982,EQ_00087,SITE_011,OP_0136,2024-05-07,2024-06-20,2024-06-20,44,Returned,0,792000
R_000983,EQ_00469,SITE_017,OP_0029,2025-09-27,2025-10-04,2025-10-04,7,Returned,0,126000
R_000984,EQ_00348,SITE_013,OP_0022,2024-01-04,2024-01-30,2024-01-30,26,Returned,0,182000
R_000985,EQ_00698,SITE_030,OP_0310,2026-01-25,2026-02-15,2026-02-15,21,Returned,0,294000
R_000986,EQ_00404,SITE_016,OP_0293,2025-10-14,2025-11-26,,43,Active,0,946000
R_000987,EQ_00240,SITE_022,OP_0303,2026-04-16,2026-05-18,2026-05-18,32,Returned,0,704000
R_000988,EQ_00545,SITE_011,OP_0223,2025-08-27,2025-09-11,2025-09-12,15,Overdue Returned,1,450000
R_000989,EQ_00525,SITE_029,OP_0325,2026-03-24,2026-04-03,2026-04-03,10,Returned,0,220000
R_000990,EQ_00268,SITE_001,OP_0295,2025-05-15,2025-06-15,,31,Active,1,217000
R_000991,EQ_00247,SITE_017,OP_0185,2026-01-20,2026-02-16,,27,Active,1,243000
R_000992,EQ_00188,SITE_006,OP_0003,2024-07-18,2024-07-22,,4,Active,0,88000
R_000993,EQ_00685,SITE_023,OP_0228,2026-01-14,2026-01-29,,15,Overdue,0,270000
R_000994,EQ_00337,SITE_006,OP_0061,2025-11-11,2025-12-16,2025-12-16,35,Returned,0,245000
R_000995,EQ_00374,SITE_013,OP_0323,2026-03-31,2026-05-06,2026-05-06,36,Returned,0,1080000
R_000996,EQ_00018,SITE_009,OP_0039,2024-11-07,2024-12-14,,37,Active,0,518000
R_000997,EQ_00775,SITE_005,OP_0094,2026-07-14,2026-08-07,2026-08-12,24,Overdue Returned,0,216000
R_000998,EQ_00159,SITE_009,OP_0313,2025-05-30,2025-06-30,2025-07-02,31,Overdue Returned,0,217000
R_000999,EQ_00381,SITE_020,OP_0194,2025-09-17,2025-10-05,2025-10-05,18,Returned,0,162000
R_001000,EQ_00675,SITE_001,OP_0137,2024-02-15,2024-03-10,2024-03-10,24,Returned,1,432000
R_001001,EQ_00245,SITE_014,OP_0081,2026-01-31,2026-03-09,2026-03-09,37,Returned,0,814000
R_001002,EQ_00334,SITE_012,OP_0082,2025-05-01,2025-06-07,2025-06-07,37,Returned,0,666000
R_001003,EQ_00646,SITE_025,OP_0037,2024-01-19,2024-02-26,,38,Active,0,684000
R_001004,EQ_00140,SITE_012,OP_0271,2025-10-21,2025-11-29,,39,Active,1,858000
R_001005,EQ_00236,SITE_024,OP_0041,2025-11-04,2025-11-21,,17,Active,1,238000
R_001006,EQ_00166,SITE_001,OP_0311,2026-05-02,2026-05-31,2026-05-30,29,Returned,0,406000
R_001007,EQ_00115,SITE_028,OP_0018,2025-06-12,2025-06-30,2025-07-01,18,Overdue Returned,0,126000
R_001008,EQ_00005,SITE_024,OP_0057,2026-04-17,2026-05-15,2026-05-15,28,Returned,0,504000
R_001009,EQ_00231,SITE_018,OP_0211,2024-08-16,2024-08-29,,13,Active,0,286000
R_001010,EQ_00758,SITE_009,OP_0186,2026-01-10,2026-02-03,,24,Active,0,720000
R_001011,EQ_00008,SITE_017,OP_0218,2026-06-01,2026-06-13,2026-06-12,12,Returned,1,216000
R_001012,EQ_00131,SITE_015,OP_0217,2024-08-19,2024-09-06,,18,Active,0,396000
R_001013,EQ_00289,SITE_005,OP_0019,2026-03-03,2026-03-07,2026-03-07,4,Returned,0,72000
R_001014,EQ_00657,SITE_022,OP_0093,2025-07-22,2025-08-21,2025-08-21,30,Returned,0,660000
R_001015,EQ_00779,SITE_028,OP_0007,2025-12-03,2026-01-02,2026-01-07,30,Overdue Returned,1,540000
R_001016,EQ_00185,SITE_023,OP_0040,2024-05-16,2024-05-30,2024-05-27,14,Returned,1,98000
R_001017,EQ_00230,SITE_010,OP_0340,2026-07-14,2026-08-22,2026-08-22,39,Returned,0,702000
R_001018,EQ_00274,SITE_028,OP_0193,2026-05-23,2026-06-26,2026-06-26,34,Returned,0,748000
R_001019,EQ_00286,SITE_020,OP_0090,2026-01-29,2026-02-25,,27,Active,0,189000
R_001020,EQ_00569,SITE_011,OP_0238,2026-04-09,2026-05-13,2026-05-15,34,Overdue Returned,1,306000
R_001021,EQ_00718,SITE_010,OP_0153,2024-08-19,2024-10-02,2024-10-02,44,Returned,0,308000
R_001022,EQ_00694,SITE_014,OP_0129,2025-10-02,2025-11-12,2025-11-12,41,Returned,0,902000
R_001023,EQ_00158,SITE_024,OP_0123,2025-08-19,2025-09-21,,33,Active,0,462000
R_001024,EQ_00755,SITE_014,OP_0333,2024-07-13,2024-08-07,2024-08-07,25,Returned,0,225000
R_001025,EQ_00225,SITE_019,OP_0004,2024-05-28,2024-06-19,2024-06-19,22,Returned,0,198000
R_001026,EQ_00468,SITE_010,OP_0001,2025-05-18,2025-06-26,2025-06-25,39,Returned,0,1170000
R_001027,EQ_00190,SITE_014,OP_0208,2025-04-06,2025-05-20,2025-05-18,44,Returned,1,792000
R_001028,EQ_00510,SITE_012,OP_0306,2024-12-05,2024-12-27,2024-12-28,22,Overdue Returned,1,198000
R_001029,EQ_00787,SITE_020,OP_0291,2025-09-08,2025-10-09,2025-10-09,31,Returned,0,434000
R_001030,EQ_00342,SITE_023,OP_0018,2024-07-10,2024-07-25,,15,Active,0,270000
R_001031,EQ_00516,SITE_013,OP_0339,2024-07-30,2024-08-03,2024-08-03,4,Returned,0,72000
R_001032,EQ_00597,SITE_008,OP_0055,2024-06-25,2024-07-29,2024-07-27,34,Returned,0,748000
R_001033,EQ_00497,SITE_004,OP_0335,2025-08-25,2025-09-29,2025-09-29,35,Returned,0,315000
R_001034,EQ_00457,SITE_027,OP_0255,2024-03-22,2024-05-04,2024-05-04,43,Returned,0,301000
R_001035,EQ_00515,SITE_021,OP_0241,2024-11-21,2024-12-29,2024-12-31,38,Overdue Returned,0,684000
R_001036,EQ_00040,SITE_008,OP_0144,2026-02-25,2026-04-06,2026-04-06,40,Returned,1,360000
R_001037,EQ_00304,SITE_001,OP_0324,2025-08-28,2025-09-19,2025-09-19,22,Returned,0,396000
R_001038,EQ_00087,SITE_023,OP_0138,2024-01-11,2024-02-06,2024-02-06,26,Returned,0,468000
R_001039,EQ_00412,SITE_030,OP_0077,2024-02-24,2024-03-06,2024-03-06,11,Returned,0,99000
R_001040,EQ_00256,SITE_020,OP_0240,2024-05-03,2024-05-16,2024-05-16,13,Returned,1,234000
R_001041,EQ_00241,SITE_010,OP_0212,2026-06-20,2026-07-30,2026-07-30,40,Returned,0,280000
R_001042,EQ_00784,SITE_010,OP_0073,2024-05-23,2024-06-03,2024-06-03,11,Returned,0,154000
R_001043,EQ_00674,SITE_013,OP_0112,2024-09-15,2024-10-04,,19,Overdue,0,342000
R_001044,EQ_00223,SITE_026,OP_0027,2025-04-11,2025-05-12,2025-05-12,31,Returned,0,279000
R_001045,EQ_00236,SITE_018,OP_0086,2026-04-24,2026-04-30,2026-05-10,6,Overdue Returned,0,84000
R_001046,EQ_00054,SITE_014,OP_0064,2024-12-15,2024-12-23,2024-12-24,8,Overdue Returned,0,56000
R_001047,EQ_00183,SITE_021,OP_0286,2026-01-07,2026-02-07,2026-02-07,31,Returned,0,434000
R_001048,EQ_00555,SITE_019,OP_0272,2024-10-20,2024-11-29,2024-11-28,40,Returned,0,880000
R_001049,EQ_00325,SITE_024,OP_0270,2024-08-31,2024-09-10,,10,Active,0,160000
R_001050,EQ_00026,SITE_018,OP_0115,2024-07-01,2024-07-04,2024-07-05,3,Overdue Returned,0,48000
R_001051,EQ_00467,SITE_015,OP_0077,2024-05-22,2024-06-14,2024-06-13,23,Returned,1,414000
R_001052,EQ_00287,SITE_013,OP_0097,2024-07-31,2024-08-26,2024-08-26,26,Returned,0,416000
R_001053,EQ_00274,SITE_015,OP_0049,2025-02-03,2025-03-03,2025-02-28,28,Returned,1,616000
R_001054,EQ_00103,SITE_006,OP_0123,2025-08-06,2025-09-08,2025-09-09,33,Overdue Returned,0,726000
R_001055,EQ_00073,SITE_022,OP_0136,2024-01-04,2024-02-05,2024-02-03,32,Returned,0,576000
R_001056,EQ_00022,SITE_003,OP_0186,2026-08-02,2026-08-06,,4,Active,0,56000
R_001057,EQ_00671,SITE_022,OP_0103,2025-12-14,2026-01-15,,32,Overdue,1,512000
R_001058,EQ_00406,SITE_021,OP_0126,2024-04-14,2024-04-22,2024-04-22,8,Returned,0,240000
R_001059,EQ_00017,SITE_016,OP_0207,2024-12-25,2025-01-28,2025-01-28,34,Returned,0,238000
R_001060,EQ_00385,SITE_023,OP_0189,2025-12-16,2026-01-02,,17,Active,0,238000
R_001061,EQ_00324,SITE_001,OP_0255,2025-09-19,2025-10-20,2025-10-20,31,Returned,0,558000
R_001062,EQ_00137,SITE_022,OP_0141,2025-10-23,2025-11-24,,32,Overdue,0,288000
R_001063,EQ_00634,SITE_017,OP_0182,2025-11-17,2025-12-09,,22,Overdue,0,308000
R_001064,EQ_00332,SITE_010,OP_0049,2026-04-14,2026-04-27,2026-04-27,13,Returned,0,91000
R_001065,EQ_00128,SITE_012,OP_0077,2024-07-02,2024-08-13,2024-08-13,42,Returned,0,588000
R_001066,EQ_00477,SITE_005,OP_0233,2026-03-07,2026-03-27,2026-03-28,20,Overdue Returned,0,180000
R_001067,EQ_00736,SITE_030,OP_0036,2025-06-20,2025-07-19,2025-07-24,29,Overdue Returned,0,406000
R_001068,EQ_00064,SITE_017,OP_0238,2025-04-14,2025-05-19,2025-05-19,35,Returned,0,1050000
R_001069,EQ_00405,SITE_014,OP_0054,2026-01-28,2026-02-12,2026-02-12,15,Returned,0,270000
R_001070,EQ_00694,SITE_013,OP_0055,2025-06-26,2025-08-09,2025-08-09,44,Returned,0,968000
R_001071,EQ_00110,SITE_007,OP_0083,2025-08-08,2025-08-14,2025-08-15,6,Overdue Returned,0,108000
R_001072,EQ_00528,SITE_025,OP_0310,2024-08-10,2024-09-18,2024-09-18,39,Returned,0,546000
R_001073,EQ_00463,SITE_017,OP_0132,2025-07-16,2025-08-08,2025-08-07,23,Returned,1,414000
R_001074,EQ_00382,SITE_009,OP_0144,2024-06-01,2024-06-11,2024-06-10,10,Returned,0,70000
R_001075,EQ_00778,SITE_007,OP_0138,2026-01-12,2026-01-23,2026-01-24,11,Overdue Returned,0,176000
R_001076,EQ_00440,SITE_008,OP_0319,2026-05-31,2026-07-10,,40,Overdue,0,560000
R_001077,EQ_00277,SITE_018,OP_0002,2026-07-03,2026-07-31,2026-08-02,28,Overdue Returned,0,252000
R_001078,EQ_00760,SITE_017,OP_0278,2024-07-22,2024-08-27,,36,Active,0,792000
R_001079,EQ_00071,SITE_013,OP_0266,2025-08-31,2025-10-05,,35,Overdue,0,245000
R_001080,EQ_00591,SITE_002,OP_0253,2025-05-10,2025-06-23,2025-06-28,44,Overdue Returned,0,308000
R_001081,EQ_00013,SITE_002,OP_0232,2025-06-11,2025-07-07,2025-07-07,26,Returned,0,572000
R_001082,EQ_00073,SITE_011,OP_0029,2025-06-22,2025-07-22,2025-07-22,30,Returned,1,540000
R_001083,EQ_00459,SITE_021,OP_0007,2024-06-19,2024-07-09,2024-07-09,20,Returned,0,140000
R_001084,EQ_00110,SITE_010,OP_0273,2024-01-18,2024-02-15,,28,Active,0,504000
R_001085,EQ_00615,SITE_024,OP_0062,2026-07-16,2026-07-30,2026-07-29,14,Returned,0,252000
R_001086,EQ_00313,SITE_022,OP_0210,2025-01-05,2025-01-31,2025-02-02,26,Overdue Returned,0,572000
R_001087,EQ_00010,SITE_029,OP_0338,2024-08-28,2024-09-13,2024-09-13,16,Returned,0,352000
R_001088,EQ_00166,SITE_030,OP_0299,2025-01-16,2025-02-13,2025-02-13,28,Returned,0,392000
R_001089,EQ_00319,SITE_003,OP_0294,2025-01-20,2025-02-12,2025-02-12,23,Returned,0,207000
R_001090,EQ_00323,SITE_005,OP_0307,2024-09-27,2024-09-30,2024-09-27,3,Returned,1,27000
R_001091,EQ_00650,SITE_010,OP_0343,2026-04-15,2026-04-20,2026-04-20,5,Returned,0,110000
R_001092,EQ_00553,SITE_005,OP_0253,2024-09-20,2024-11-02,2024-10-30,43,Returned,0,301000
R_001093,EQ_00117,SITE_015,OP_0274,2024-05-25,2024-06-27,2024-06-28,33,Overdue Returned,0,462000
R_001094,EQ_00039,SITE_016,OP_0013,2024-10-05,2024-11-10,2024-11-10,36,Returned,0,324000
R_001095,EQ_00174,SITE_008,OP_0070,2025-01-08,2025-02-02,2025-02-02,25,Returned,0,450000
R_001096,EQ_00096,SITE_029,OP_0112,2026-04-07,2026-04-17,2026-04-19,10,Overdue Returned,0,90000
R_001097,EQ_00141,SITE_024,OP_0244,2024-11-23,2024-12-10,2024-12-10,17,Returned,0,306000
R_001098,EQ_00759,SITE_003,OP_0285,2026-04-05,2026-04-27,2026-04-27,22,Returned,0,484000
R_001099,EQ_00214,SITE_016,OP_0094,2025-08-12,2025-09-16,2025-09-16,35,Returned,0,245000
R_001100,EQ_00325,SITE_022,OP_0188,2026-06-15,2026-06-27,,12,Active,0,192000
R_001101,EQ_00380,SITE_013,OP_0234,2025-12-10,2025-12-24,2025-12-24,14,Returned,1,196000
R_001102,EQ_00006,SITE_019,OP_0165,2024-08-27,2024-10-01,,35,Active,0,490000
R_001103,EQ_00564,SITE_011,OP_0306,2025-08-02,2025-09-09,2025-09-14,38,Overdue Returned,1,532000
R_001104,EQ_00226,SITE_019,OP_0284,2025-03-21,2025-05-04,2025-05-01,44,Returned,0,396000
R_001105,EQ_00475,SITE_014,OP_0106,2026-06-05,2026-07-06,2026-07-04,31,Returned,0,558000
R_001106,EQ_00111,SITE_008,OP_0268,2026-04-10,2026-05-16,2026-05-14,36,Returned,0,648000
R_001107,EQ_00724,SITE_022,OP_0136,2025-03-02,2025-03-23,2025-03-23,21,Returned,0,294000
R_001108,EQ_00127,SITE_015,OP_0116,2024-06-16,2024-07-30,2024-07-30,44,Returned,0,968000
R_001109,EQ_00173,SITE_021,OP_0270,2025-09-10,2025-10-07,2025-10-07,27,Returned,0,189000
R_001110,EQ_00002,SITE_030,OP_0132,2024-09-15,2024-10-18,2024-10-18,33,Returned,0,726000
R_001111,EQ_00122,SITE_006,OP_0329,2025-04-25,2025-05-15,,20,Active,0,180000
R_001112,EQ_00256,SITE_015,OP_0304,2026-03-24,2026-04-12,,19,Active,0,342000
R_001113,EQ_00105,SITE_009,OP_0267,2024-03-15,2024-03-21,,6,Active,0,96000
R_001114,EQ_00026,SITE_009,OP_0219,2026-01-10,2026-02-04,2026-02-04,25,Returned,0,400000
R_001115,EQ_00755,SITE_025,OP_0175,2025-07-21,2025-09-03,2025-09-08,44,Overdue Returned,0,396000
R_001116,EQ_00599,SITE_003,OP_0012,2024-04-19,2024-05-08,,19,Active,0,418000
R_001117,EQ_00664,SITE_005,OP_0276,2024-12-13,2024-12-17,,4,Overdue,0,88000
R_001118,EQ_00343,SITE_009,OP_0163,2024-04-13,2024-05-27,2024-05-29,44,Overdue Returned,0,308000
R_001119,EQ_00115,SITE_008,OP_0014,2025-04-09,2025-05-03,2025-05-03,24,Returned,0,168000
R_001120,EQ_00024,SITE_025,OP_0042,2026-04-06,2026-05-02,2026-04-29,26,Returned,0,572000
R_001121,EQ_00554,SITE_014,OP_0298,2025-10-11,2025-10-17,2025-10-22,6,Overdue Returned,1,54000
R_001122,EQ_00712,SITE_005,OP_0296,2024-07-30,2024-08-29,2024-08-29,30,Returned,0,660000
R_001123,EQ_00698,SITE_025,OP_0182,2024-10-15,2024-10-29,,14,Active,0,196000
R_001124,EQ_00795,SITE_025,OP_0253,2024-07-09,2024-08-03,2024-08-04,25,Overdue Returned,0,175000
R_001125,EQ_00744,SITE_001,OP_0221,2024-03-16,2024-04-03,,18,Active,1,396000
R_001126,EQ_00270,SITE_003,OP_0311,2024-10-25,2024-11-16,2024-11-18,22,Overdue Returned,0,154000
R_001127,EQ_00264,SITE_017,OP_0307,2024-12-08,2024-12-23,2024-12-22,15,Returned,0,210000
R_001128,EQ_00036,SITE_022,OP_0128,2025-10-31,2025-11-29,2025-11-27,29,Returned,1,638000
R_001129,EQ_00379,SITE_008,OP_0032,2025-01-23,2025-02-14,2025-02-12,22,Returned,0,660000
R_001130,EQ_00794,SITE_012,OP_0204,2024-01-20,2024-03-02,,42,Overdue,1,294000
R_001131,EQ_00294,SITE_028,OP_0183,2025-08-27,2025-09-07,2025-09-08,11,Overdue Returned,0,77000
R_001132,EQ_00796,SITE_028,OP_0300,2025-06-09,2025-07-21,2025-07-22,42,Overdue Returned,0,294000
R_001133,EQ_00253,SITE_006,OP_0130,2025-07-26,2025-08-09,2025-08-09,14,Returned,0,420000
R_001134,EQ_00287,SITE_005,OP_0122,2025-09-08,2025-09-20,2025-09-20,12,Returned,0,192000
R_001135,EQ_00104,SITE_021,OP_0069,2025-12-05,2026-01-01,,27,Active,0,189000
R_001136,EQ_00102,SITE_023,OP_0011,2026-06-03,2026-06-20,2026-06-20,17,Returned,0,238000
R_001137,EQ_00683,SITE_004,OP_0314,2024-07-15,2024-08-24,2024-08-24,40,Returned,0,280000
R_001138,EQ_00020,SITE_018,OP_0287,2024-01-26,2024-02-20,2024-02-20,25,Returned,0,450000
R_001139,EQ_00028,SITE_017,OP_0135,2024-05-04,2024-06-16,2024-06-16,43,Returned,1,602000
R_001140,EQ_00179,SITE_025,OP_0162,2024-04-21,2024-05-10,2024-05-15,19,Overdue Returned,1,171000
R_001141,EQ_00302,SITE_010,OP_0345,2025-05-09,2025-05-19,2025-05-19,10,Returned,0,180000
R_001142,EQ_00385,SITE_029,OP_0256,2024-11-19,2024-11-30,2024-12-01,11,Overdue Returned,0,154000
R_001143,EQ_00728,SITE_012,OP_0239,2026-07-24,2026-07-27,2026-07-27,3,Returned,0,66000
R_001144,EQ_00292,SITE_002,OP_0152,2025-01-19,2025-02-27,2025-02-27,39,Returned,0,858000
R_001145,EQ_00797,SITE_019,OP_0286,2026-03-19,2026-04-16,,28,Overdue,1,504000
R_001146,EQ_00488,SITE_030,OP_0123,2024-05-16,2024-06-24,,39,Active,1,702000
R_001147,EQ_00284,SITE_019,OP_0139,2024-09-24,2024-10-06,2024-10-06,12,Returned,0,216000
R_001148,EQ_00520,SITE_001,OP_0147,2024-04-25,2024-05-23,2024-05-23,28,Returned,0,196000
R_001149,EQ_00088,SITE_015,OP_0284,2025-08-16,2025-09-20,2025-09-20,35,Returned,0,770000
R_001150,EQ_00253,SITE_001,OP_0331,2025-10-29,2025-11-10,2025-11-08,12,Returned,1,360000
R_001151,EQ_00789,SITE_022,OP_0162,2024-08-14,2024-08-28,2024-08-27,14,Returned,1,224000
R_001152,EQ_00362,SITE_004,OP_0121,2024-12-29,2025-01-16,2025-01-21,18,Overdue Returned,0,288000
R_001153,EQ_00585,SITE_015,OP_0018,2026-05-18,2026-06-22,2026-06-22,35,Returned,0,560000
R_001154,EQ_00370,SITE_007,OP_0143,2024-02-14,2024-03-01,,16,Active,1,352000
R_001155,EQ_00793,SITE_018,OP_0137,2025-04-11,2025-04-23,2025-04-22,12,Returned,0,84000
R_001156,EQ_00318,SITE_028,OP_0057,2025-11-16,2025-12-02,2025-12-02,16,Returned,0,224000
R_001157,EQ_00334,SITE_001,OP_0093,2024-06-01,2024-06-21,,20,Active,0,360000
R_001158,EQ_00723,SITE_002,OP_0174,2025-07-01,2025-08-06,2025-08-06,36,Returned,0,504000
R_001159,EQ_00500,SITE_003,OP_0215,2025-01-15,2025-02-18,2025-02-28,34,Overdue Returned,1,612000
R_001160,EQ_00788,SITE_015,OP_0262,2026-01-08,2026-02-06,2026-02-06,29,Returned,1,522000
R_001161,EQ_00491,SITE_014,OP_0041,2024-10-04,2024-11-16,2024-11-16,43,Returned,1,946000
R_001162,EQ_00417,SITE_007,OP_0052,2025-01-10,2025-02-06,2025-02-06,27,Returned,0,378000
R_001163,EQ_00592,SITE_015,OP_0165,2024-06-03,2024-06-29,2024-06-29,26,Returned,1,572000
R_001164,EQ_00770,SITE_001,OP_0011,2026-01-07,2026-02-15,2026-02-15,39,Returned,0,858000
R_001165,EQ_00204,SITE_008,OP_0083,2025-12-08,2025-12-11,2025-12-10,3,Returned,0,42000
R_001166,EQ_00757,SITE_013,OP_0039,2024-04-16,2024-04-19,2024-04-29,3,Overdue Returned,0,90000
R_001167,EQ_00772,SITE_030,OP_0006,2026-01-14,2026-02-17,,34,Active,0,238000
R_001168,EQ_00130,SITE_003,OP_0117,2024-01-06,2024-02-07,2024-02-08,32,Overdue Returned,1,448000
R_001169,EQ_00724,SITE_030,OP_0005,2026-01-06,2026-02-11,2026-02-09,36,Returned,1,504000
R_001170,EQ_00626,SITE_020,OP_0278,2026-01-28,2026-02-25,,28,Active,1,392000
R_001171,EQ_00196,SITE_010,OP_0121,2024-12-08,2024-12-20,,12,Overdue,0,360000
R_001172,EQ_00547,SITE_001,OP_0104,2026-05-03,2026-05-27,2026-05-27,24,Returned,0,216000
R_001173,EQ_00771,SITE_012,OP_0067,2025-07-18,2025-08-10,2025-08-10,23,Returned,0,690000
R_001174,EQ_00377,SITE_006,OP_0291,2024-08-06,2024-08-19,2024-08-19,13,Returned,0,182000
R_001175,EQ_00719,SITE_024,OP_0113,2026-02-23,2026-03-06,2026-03-08,11,Overdue Returned,0,154000
R_001176,EQ_00168,SITE_009,OP_0138,2025-07-28,2025-08-18,,21,Active,0,630000
R_001177,EQ_00585,SITE_022,OP_0077,2026-03-18,2026-04-06,2026-04-06,19,Returned,0,304000
R_001178,EQ_00121,SITE_023,OP_0299,2025-04-10,2025-05-22,,42,Active,0,378000
R_001179,EQ_00581,SITE_023,OP_0325,2026-05-25,2026-06-01,2026-05-30,7,Returned,1,112000
R_001180,EQ_00498,SITE_021,OP_0300,2024-06-19,2024-06-23,2024-06-25,4,Overdue Returned,0,120000
R_001181,EQ_00447,SITE_029,OP_0081,2026-07-31,2026-08-22,2026-08-22,22,Returned,0,198000
R_001182,EQ_00382,SITE_006,OP_0036,2025-07-28,2025-09-06,2025-09-06,40,Returned,1,280000
R_001183,EQ_00147,SITE_003,OP_0328,2025-01-19,2025-01-26,2025-01-24,7,Returned,0,112000
R_001184,EQ_00693,SITE_007,OP_0056,2025-05-20,2025-06-08,2025-06-13,19,Overdue Returned,0,133000
R_001185,EQ_00105,SITE_020,OP_0179,2024-03-31,2024-04-15,2024-04-15,15,Returned,0,240000
R_001186,EQ_00631,SITE_026,OP_0200,2025-02-12,2025-02-15,2025-02-16,3,Overdue Returned,0,48000
R_001187,EQ_00450,SITE_028,OP_0196,2024-11-21,2025-01-02,2025-01-02,42,Returned,0,588000
R_001188,EQ_00514,SITE_004,OP_0089,2026-05-16,2026-06-12,2026-06-17,27,Overdue Returned,0,810000
R_001189,EQ_00337,SITE_027,OP_0283,2024-11-16,2024-12-29,2024-12-29,43,Returned,0,301000
R_001190,EQ_00622,SITE_005,OP_0099,2025-02-16,2025-02-24,2025-02-24,8,Returned,0,144000
R_001191,EQ_00598,SITE_016,OP_0164,2025-05-09,2025-06-22,2025-06-22,44,Returned,0,792000
R_001192,EQ_00048,SITE_002,OP_0219,2025-02-17,2025-02-22,2025-02-22,5,Returned,1,45000
R_001193,EQ_00301,SITE_020,OP_0057,2026-02-25,2026-03-18,2026-03-18,21,Returned,0,462000
R_001194,EQ_00337,SITE_020,OP_0110,2024-06-20,2024-06-25,2024-06-26,5,Overdue Returned,1,35000
R_001195,EQ_00282,SITE_007,OP_0251,2025-08-21,2025-08-24,2025-08-25,3,Overdue Returned,0,21000
R_001196,EQ_00462,SITE_030,OP_0245,2025-11-28,2025-12-01,2025-12-01,3,Returned,0,42000
R_001197,EQ_00554,SITE_011,OP_0239,2025-11-21,2025-12-04,2025-12-14,13,Overdue Returned,0,117000
R_001198,EQ_00549,SITE_002,OP_0228,2025-06-25,2025-07-24,2025-07-24,29,Returned,0,464000
R_001199,EQ_00124,SITE_014,OP_0010,2025-08-22,2025-09-18,2025-09-18,27,Returned,0,378000
R_001200,EQ_00411,SITE_012,OP_0246,2025-01-22,2025-03-01,2025-03-02,38,Overdue Returned,0,836000
R_001201,EQ_00165,SITE_027,OP_0343,2024-03-20,2024-03-27,,7,Active,0,154000
R_001202,EQ_00558,SITE_026,OP_0077,2025-06-11,2025-07-26,2025-07-26,45,Returned,0,630000
R_001203,EQ_00104,SITE_006,OP_0299,2025-03-17,2025-04-04,2025-04-06,18,Overdue Returned,0,126000
R_001204,EQ_00336,SITE_002,OP_0168,2025-12-11,2026-01-05,,25,Overdue,1,450000
R_001205,EQ_00196,SITE_008,OP_0343,2024-01-13,2024-01-31,,18,Active,0,540000
R_001206,EQ_00504,SITE_004,OP_0074,2024-06-13,2024-07-17,2024-07-17,34,Returned,0,476000
R_001207,EQ_00700,SITE_026,OP_0004,2026-01-15,2026-02-28,2026-02-28,44,Returned,0,704000
R_001208,EQ_00535,SITE_013,OP_0184,2025-09-11,2025-10-03,2025-10-03,22,Returned,0,154000
R_001209,EQ_00606,SITE_015,OP_0251,2024-04-30,2024-05-19,2024-05-19,19,Returned,0,342000
R_001210,EQ_00562,SITE_022,OP_0125,2024-02-19,2024-03-03,,13,Overdue,0,208000
R_001211,EQ_00623,SITE_017,OP_0282,2025-01-16,2025-02-07,2025-02-12,22,Overdue Returned,1,154000
R_001212,EQ_00590,SITE_002,OP_0020,2025-03-31,2025-04-04,2025-04-04,4,Returned,0,56000
R_001213,EQ_00228,SITE_019,OP_0333,2026-01-12,2026-02-07,2026-02-07,26,Returned,0,416000
R_001214,EQ_00111,SITE_011,OP_0292,2024-09-12,2024-10-06,2024-10-06,24,Returned,0,432000
R_001215,EQ_00519,SITE_014,OP_0328,2026-01-03,2026-01-14,2026-01-14,11,Returned,1,99000
R_001216,EQ_00445,SITE_009,OP_0182,2025-06-09,2025-06-19,2025-06-24,10,Overdue Returned,1,220000
R_001217,EQ_00420,SITE_022,OP_0139,2024-10-10,2024-11-02,2024-11-02,23,Returned,0,207000
R_001218,EQ_00569,SITE_021,OP_0185,2024-08-30,2024-09-12,2024-09-17,13,Overdue Returned,0,117000
R_001219,EQ_00264,SITE_008,OP_0213,2026-01-30,2026-02-21,2026-02-20,22,Returned,1,308000
R_001220,EQ_00534,SITE_018,OP_0072,2024-02-04,2024-02-14,2024-02-19,10,Overdue Returned,0,160000
R_001221,EQ_00309,SITE_027,OP_0121,2024-01-24,2024-01-31,2024-02-05,7,Overdue Returned,0,126000
R_001222,EQ_00219,SITE_007,OP_0083,2026-08-03,2026-08-14,2026-08-14,11,Returned,1,198000
R_001223,EQ_00475,SITE_007,OP_0202,2025-09-28,2025-11-12,2025-11-10,45,Returned,0,810000
R_001224,EQ_00078,SITE_028,OP_0128,2024-09-30,2024-11-13,2024-11-13,44,Returned,1,308000
R_001225,EQ_00510,SITE_010,OP_0346,2025-11-14,2025-12-27,2026-01-06,43,Overdue Returned,0,387000
R_001226,EQ_00773,SITE_004,OP_0224,2025-07-26,2025-08-30,2025-08-30,35,Returned,0,560000
R_001227,EQ_00067,SITE_016,OP_0047,2026-06-27,2026-08-01,2026-08-06,35,Overdue Returned,0,1050000
R_001228,EQ_00724,SITE_005,OP_0310,2025-02-04,2025-03-04,2025-03-04,28,Returned,0,392000
R_001229,EQ_00623,SITE_003,OP_0214,2024-04-12,2024-05-18,2024-05-18,36,Returned,1,252000
R_001230,EQ_00782,SITE_022,OP_0223,2025-07-06,2025-08-05,2025-08-05,30,Returned,0,480000
R_001231,EQ_00689,SITE_019,OP_0160,2025-06-25,2025-07-27,2025-07-25,32,Returned,1,448000
R_001232,EQ_00149,SITE_005,OP_0207,2024-08-14,2024-09-04,2024-09-05,21,Overdue Returned,0,378000
R_001233,EQ_00374,SITE_006,OP_0185,2026-06-05,2026-07-13,2026-07-13,38,Returned,1,1140000
R_001234,EQ_00708,SITE_028,OP_0049,2026-03-19,2026-04-30,2026-04-27,42,Returned,0,672000
R_001235,EQ_00654,SITE_016,OP_0336,2024-03-22,2024-05-03,2024-05-01,42,Returned,0,378000
R_001236,EQ_00460,SITE_016,OP_0286,2024-04-12,2024-04-26,2024-04-26,14,Returned,0,420000
R_001237,EQ_00399,SITE_029,OP_0106,2025-04-14,2025-04-20,2025-04-21,6,Overdue Returned,0,108000
R_001238,EQ_00734,SITE_009,OP_0083,2024-08-17,2024-09-19,2024-09-29,33,Overdue Returned,0,231000
R_001239,EQ_00699,SITE_029,OP_0098,2025-02-24,2025-03-20,2025-03-20,24,Returned,1,528000
R_001240,EQ_00420,SITE_009,OP_0237,2026-05-01,2026-06-03,2026-06-02,33,Returned,1,297000
R_001241,EQ_00766,SITE_028,OP_0085,2024-04-19,2024-04-29,2024-04-28,10,Returned,0,300000
R_001242,EQ_00504,SITE_003,OP_0008,2025-11-01,2025-11-19,2025-11-19,18,Returned,0,252000
R_001243,EQ_00388,SITE_021,OP_0219,2025-10-03,2025-10-15,2025-10-15,12,Returned,0,108000
R_001244,EQ_00113,SITE_025,OP_0229,2026-08-02,2026-08-28,2026-08-29,26,Overdue Returned,1,182000
R_001245,EQ_00257,SITE_003,OP_0004,2025-08-23,2025-09-23,2025-09-23,31,Returned,0,217000
R_001246,EQ_00097,SITE_008,OP_0252,2025-12-08,2025-12-13,2025-12-12,5,Returned,0,90000
R_001247,EQ_00127,SITE_021,OP_0160,2024-04-23,2024-05-22,2024-05-20,29,Returned,0,638000
R_001248,EQ_00059,SITE_029,OP_0079,2025-05-04,2025-06-11,,38,Overdue,1,266000
R_001249,EQ_00011,SITE_010,OP_0070,2025-05-16,2025-06-26,2025-06-26,41,Returned,0,738000
R_001250,EQ_00619,SITE_014,OP_0035,2024-04-09,2024-05-21,2024-05-21,42,Returned,0,1260000
R_001251,EQ_00168,SITE_015,OP_0081,2024-06-21,2024-07-28,2024-07-28,37,Returned,0,1110000
R_001252,EQ_00277,SITE_006,OP_0186,2025-12-14,2025-12-25,2025-12-25,11,Returned,1,99000
R_001253,EQ_00663,SITE_006,OP_0200,2026-06-15,2026-07-06,2026-07-16,21,Overdue Returned,0,294000
R_001254,EQ_00406,SITE_007,OP_0129,2025-09-06,2025-10-19,2025-10-19,43,Returned,1,1290000
R_001255,EQ_00342,SITE_008,OP_0101,2024-02-19,2024-02-28,2024-02-26,9,Returned,1,162000
R_001256,EQ_00351,SITE_005,OP_0209,2026-05-25,2026-06-28,2026-06-28,34,Returned,0,476000
R_001257,EQ_00313,SITE_029,OP_0311,2025-12-07,2026-01-11,2026-01-11,35,Returned,0,770000
R_001258,EQ_00628,SITE_001,OP_0127,2024-09-13,2024-10-26,2024-10-27,43,Overdue Returned,1,602000
R_001259,EQ_00600,SITE_030,OP_0242,2024-08-07,2024-09-10,2024-09-07,34,Returned,0,238000
R_001260,EQ_00258,SITE_030,OP_0200,2025-09-28,2025-11-04,2025-11-04,37,Returned,0,518000
R_001261,EQ_00663,SITE_022,OP_0064,2024-05-18,2024-06-27,2024-06-29,40,Overdue Returned,0,560000
R_001262,EQ_00716,SITE_024,OP_0175,2025-04-28,2025-05-19,2025-05-19,21,Returned,1,462000
R_001263,EQ_00045,SITE_014,OP_0017,2026-03-18,2026-04-28,2026-04-28,41,Returned,0,902000
R_001264,EQ_00641,SITE_001,OP_0300,2025-02-20,2025-03-30,2025-03-28,38,Returned,0,342000
R_001265,EQ_00566,SITE_028,OP_0190,2025-01-11,2025-02-10,2025-02-10,30,Returned,0,900000
R_001266,EQ_00289,SITE_013,OP_0293,2025-05-17,2025-05-23,2025-05-28,6,Overdue Returned,0,108000
R_001267,EQ_00762,SITE_030,OP_0133,2026-05-27,2026-07-03,2026-07-08,37,Overdue Returned,0,814000
R_001268,EQ_00697,SITE_016,OP_0325,2025-06-10,2025-07-05,2025-07-04,25,Returned,0,175000
R_001269,EQ_00130,SITE_018,OP_0087,2025-10-27,2025-11-18,2025-11-18,22,Returned,1,308000
R_001270,EQ_00324,SITE_009,OP_0010,2026-06-07,2026-07-21,2026-07-20,44,Returned,1,792000
R_001271,EQ_00725,SITE_001,OP_0165,2026-03-25,2026-04-28,2026-04-27,34,Returned,0,612000
R_001272,EQ_00691,SITE_002,OP_0157,2024-02-18,2024-02-28,2024-02-26,10,Returned,0,180000
R_001273,EQ_00723,SITE_017,OP_0123,2024-12-29,2025-02-06,2025-02-05,39,Returned,0,546000
R_001274,EQ_00372,SITE_010,OP_0078,2024-11-27,2024-12-02,2024-12-07,5,Overdue Returned,0,110000
R_001275,EQ_00005,SITE_009,OP_0176,2024-10-18,2024-11-03,2024-11-05,16,Overdue Returned,0,288000
R_001276,EQ_00102,SITE_021,OP_0277,2025-02-14,2025-03-15,,29,Active,0,406000
R_001277,EQ_00057,SITE_026,OP_0153,2026-01-28,2026-03-01,2026-03-01,32,Returned,0,448000
R_001278,EQ_00002,SITE_020,OP_0031,2025-07-29,2025-09-06,2025-09-06,39,Returned,0,858000
R_001279,EQ_00679,SITE_030,OP_0011,2025-04-02,2025-04-07,2025-04-08,5,Overdue Returned,0,45000
R_001280,EQ_00297,SITE_002,OP_0085,2024-09-18,2024-10-01,2024-10-06,13,Overdue Returned,0,234000
R_001281,EQ_00563,SITE_009,OP_0065,2024-12-23,2025-01-29,2025-01-27,37,Returned,0,666000
R_001282,EQ_00795,SITE_020,OP_0207,2025-09-03,2025-09-07,2025-09-07,4,Returned,0,28000
R_001283,EQ_00221,SITE_020,OP_0102,2025-04-29,2025-05-21,2025-05-21,22,Returned,0,396000
R_001284,EQ_00307,SITE_023,OP_0282,2024-02-06,2024-03-14,2024-03-16,37,Overdue Returned,0,592000
R_001285,EQ_00332,SITE_026,OP_0217,2024-05-06,2024-05-19,,13,Active,0,91000
R_001286,EQ_00766,SITE_025,OP_0008,2026-05-02,2026-05-30,2026-05-30,28,Returned,0,840000
R_001287,EQ_00044,SITE_016,OP_0301,2024-03-13,2024-04-16,,34,Active,0,612000
R_001288,EQ_00196,SITE_001,OP_0258,2026-06-03,2026-06-18,2026-06-18,15,Returned,0,450000
R_001289,EQ_00779,SITE_008,OP_0337,2025-09-11,2025-10-01,2025-10-01,20,Returned,0,360000
R_001290,EQ_00555,SITE_017,OP_0261,2024-03-19,2024-04-22,2024-04-23,34,Overdue Returned,0,748000
R_001291,EQ_00151,SITE_004,OP_0144,2024-04-22,2024-05-05,2024-05-06,13,Overdue Returned,0,234000
R_001292,EQ_00526,SITE_013,OP_0064,2025-12-19,2026-01-13,2026-01-13,25,Returned,0,175000
R_001293,EQ_00094,SITE_016,OP_0019,2025-08-29,2025-09-19,2025-09-19,21,Returned,0,189000
R_001294,EQ_00172,SITE_021,OP_0317,2025-08-10,2025-08-23,2025-08-20,13,Returned,0,234000
R_001295,EQ_00679,SITE_002,OP_0192,2024-07-01,2024-07-13,2024-07-13,12,Returned,0,108000
R_001296,EQ_00487,SITE_029,OP_0021,2024-06-18,2024-07-08,2024-07-08,20,Returned,0,140000
R_001297,EQ_00142,SITE_021,OP_0020,2025-11-25,2025-12-09,,14,Active,0,126000
R_001298,EQ_00180,SITE_007,OP_0020,2024-02-06,2024-02-27,2024-02-27,21,Returned,1,462000
R_001299,EQ_00347,SITE_012,OP_0237,2025-08-21,2025-09-20,,30,Active,0,660000
R_001300,EQ_00045,SITE_006,OP_0010,2026-01-11,2026-01-14,2026-01-16,3,Overdue Returned,0,66000
R_001301,EQ_00594,SITE_025,OP_0328,2026-05-16,2026-06-18,2026-06-18,33,Returned,0,231000
R_001302,EQ_00428,SITE_015,OP_0017,2026-03-16,2026-04-27,2026-04-27,42,Returned,0,756000
R_001303,EQ_00551,SITE_016,OP_0095,2026-01-24,2026-02-04,2026-02-04,11,Returned,0,198000
R_001304,EQ_00180,SITE_001,OP_0298,2025-01-28,2025-01-31,2025-01-31,3,Returned,0,66000
R_001305,EQ_00060,SITE_026,OP_0179,2026-07-05,2026-07-27,2026-07-27,22,Returned,0,198000
R_001306,EQ_00476,SITE_030,OP_0224,2025-05-07,2025-05-19,2025-05-20,12,Overdue Returned,0,192000
R_001307,EQ_00387,SITE_012,OP_0136,2024-12-25,2024-12-28,2024-12-28,3,Returned,1,90000
R_001308,EQ_00029,SITE_019,OP_0127,2025-12-15,2025-12-24,2025-12-23,9,Returned,1,126000
R_001309,EQ_00754,SITE_020,OP_0086,2025-08-04,2025-08-22,2025-08-21,18,Returned,0,540000
R_001310,EQ_00415,SITE_018,OP_0176,2024-10-05,2024-10-10,,5,Active,0,90000
R_001311,EQ_00751,SITE_013,OP_0202,2024-01-01,2024-01-17,2024-01-19,16,Overdue Returned,0,144000
R_001312,EQ_00629,SITE_025,OP_0016,2026-05-28,2026-07-05,2026-07-05,38,Returned,1,342000
R_001313,EQ_00572,SITE_007,OP_0125,2024-12-05,2024-12-14,,9,Active,0,63000
R_001314,EQ_00663,SITE_009,OP_0124,2026-06-13,2026-06-26,2026-06-26,13,Returned,0,182000
R_001315,EQ_00345,SITE_011,OP_0125,2024-08-02,2024-08-30,2024-08-31,28,Overdue Returned,1,616000
R_001316,EQ_00693,SITE_024,OP_0014,2024-01-21,2024-03-03,2024-03-03,42,Returned,0,294000
R_001317,EQ_00005,SITE_001,OP_0235,2026-05-02,2026-05-19,,17,Active,1,306000
R_001318,EQ_00436,SITE_029,OP_0279,2025-01-30,2025-03-03,,32,Active,1,512000
R_001319,EQ_00277,SITE_007,OP_0209,2025-11-07,2025-12-18,2025-12-18,41,Returned,1,369000
R_001320,EQ_00402,SITE_001,OP_0192,2026-08-07,2026-09-12,2026-09-13,36,Overdue Returned,0,1080000
R_001321,EQ_00295,SITE_004,OP_0204,2025-08-25,2025-10-07,2025-10-07,43,Returned,0,774000
R_001322,EQ_00713,SITE_014,OP_0107,2025-01-08,2025-02-04,2025-02-03,27,Returned,0,810000
R_001323,EQ_00630,SITE_027,OP_0173,2024-07-13,2024-08-12,2024-08-10,30,Returned,1,270000
R_001324,EQ_00428,SITE_003,OP_0034,2024-05-26,2024-07-09,2024-07-06,44,Returned,0,792000
R_001325,EQ_00171,SITE_024,OP_0162,2025-04-28,2025-06-02,2025-06-02,35,Returned,1,315000
R_001326,EQ_00061,SITE_003,OP_0072,2024-08-22,2024-10-01,2024-10-01,40,Returned,1,280000
R_001327,EQ_00009,SITE_009,OP_0254,2025-12-30,2026-01-18,,19,Active,0,342000
R_001328,EQ_00565,SITE_018,OP_0276,2024-10-17,2024-11-13,2024-11-10,27,Returned,1,594000
R_001329,EQ_00600,SITE_025,OP_0229,2024-08-17,2024-08-20,2024-08-17,3,Returned,0,21000
R_001330,EQ_00506,SITE_018,OP_0349,2024-11-13,2024-12-21,2024-12-21,38,Returned,1,532000
R_001331,EQ_00496,SITE_015,OP_0068,2025-12-08,2025-12-20,2025-12-20,12,Returned,1,108000
R_001332,EQ_00108,SITE_008,OP_0161,2026-01-08,2026-01-30,2026-02-04,22,Overdue Returned,0,484000
R_001333,EQ_00496,SITE_001,OP_0198,2024-01-10,2024-01-16,2024-01-16,6,Returned,0,54000
R_001334,EQ_00299,SITE_006,OP_0187,2026-04-05,2026-05-09,2026-05-19,34,Overdue Returned,0,612000
R_001335,EQ_00466,SITE_011,OP_0232,2025-09-02,2025-10-14,2025-10-15,42,Overdue Returned,1,924000
R_001336,EQ_00089,SITE_002,OP_0037,2026-01-21,2026-01-29,2026-01-26,8,Returned,0,144000
R_001337,EQ_00286,SITE_030,OP_0130,2025-07-22,2025-09-05,,45,Overdue,0,315000
R_001338,EQ_00487,SITE_016,OP_0285,2025-09-01,2025-09-18,2025-09-18,17,Returned,0,119000
R_001339,EQ_00393,SITE_011,OP_0220,2024-12-17,2025-01-10,2025-01-10,24,Returned,0,432000
R_001340,EQ_00113,SITE_001,OP_0109,2025-11-23,2025-12-03,2025-12-03,10,Returned,1,70000
R_001341,EQ_00028,SITE_022,OP_0075,2025-11-06,2025-12-03,2025-12-03,27,Returned,0,378000
R_001342,EQ_00163,SITE_012,OP_0055,2024-12-12,2025-01-01,,20,Active,0,320000
R_001343,EQ_00439,SITE_010,OP_0159,2025-11-19,2025-11-25,2025-11-25,6,Returned,1,132000
R_001344,EQ_00408,SITE_011,OP_0328,2026-05-10,2026-05-17,2026-05-18,7,Overdue Returned,0,49000
R_001345,EQ_00388,SITE_008,OP_0186,2025-11-19,2025-12-21,2025-12-21,32,Returned,0,288000
R_001346,EQ_00136,SITE_002,OP_0349,2025-07-13,2025-07-25,2025-07-27,12,Overdue Returned,0,108000
R_001347,EQ_00142,SITE_005,OP_0294,2026-04-15,2026-04-26,2026-04-26,11,Returned,1,99000
R_001348,EQ_00521,SITE_027,OP_0255,2026-05-08,2026-05-15,,7,Overdue,1,63000
R_001349,EQ_00279,SITE_027,OP_0329,2025-08-14,2025-09-16,2025-09-13,33,Returned,0,462000
R_001350,EQ_00419,SITE_007,OP_0175,2024-11-18,2024-12-17,2024-12-17,29,Returned,0,522000
R_001351,EQ_00555,SITE_015,OP_0250,2025-08-27,2025-09-13,,17,Active,0,374000
R_001352,EQ_00343,SITE_015,OP_0001,2025-08-25,2025-08-29,2025-08-29,4,Returned,0,28000
R_001353,EQ_00648,SITE_026,OP_0157,2024-06-13,2024-07-14,2024-07-14,31,Returned,0,558000
R_001354,EQ_00012,SITE_015,OP_0341,2026-01-26,2026-03-07,2026-03-08,40,Overdue Returned,0,280000
R_001355,EQ_00364,SITE_003,OP_0099,2025-06-27,2025-07-27,2025-08-01,30,Overdue Returned,0,900000
R_001356,EQ_00740,SITE_005,OP_0078,2024-10-09,2024-10-16,2024-10-18,7,Overdue Returned,1,98000
R_001357,EQ_00347,SITE_010,OP_0132,2026-01-30,2026-02-24,2026-02-24,25,Returned,0,550000
R_001358,EQ_00136,SITE_017,OP_0062,2024-01-09,2024-02-11,2024-02-11,33,Returned,0,297000
R_001359,EQ_00786,SITE_007,OP_0229,2024-05-05,2024-05-10,2024-05-11,5,Overdue Returned,1,110000
R_001360,EQ_00766,SITE_017,OP_0244,2026-04-29,2026-06-06,2026-06-06,38,Returned,0,1140000
R_001361,EQ_00528,SITE_021,OP_0276,2024-04-08,2024-04-18,2024-04-20,10,Overdue Returned,0,140000
R_001362,EQ_00120,SITE_010,OP_0232,2025-12-15,2025-12-19,,4,Active,0,72000
R_001363,EQ_00315,SITE_007,OP_0158,2026-07-15,2026-08-19,,35,Overdue,1,630000
R_001364,EQ_00617,SITE_025,OP_0229,2024-03-31,2024-04-15,2024-04-20,15,Overdue Returned,0,240000
R_001365,EQ_00391,SITE_026,OP_0100,2024-12-07,2024-12-24,2024-12-24,17,Returned,1,306000
R_001366,EQ_00299,SITE_014,OP_0302,2025-02-19,2025-02-22,2025-02-27,3,Overdue Returned,0,54000
R_001367,EQ_00105,SITE_017,OP_0102,2025-03-03,2025-03-25,2025-03-25,22,Returned,0,352000
R_001368,EQ_00250,SITE_010,OP_0032,2024-02-17,2024-02-25,2024-02-25,8,Returned,0,56000
R_001369,EQ_00234,SITE_001,OP_0042,2026-06-21,2026-07-22,2026-07-24,31,Overdue Returned,1,682000
R_001370,EQ_00100,SITE_024,OP_0038,2025-04-10,2025-05-03,,23,Active,0,690000
R_001371,EQ_00212,SITE_007,OP_0110,2025-11-29,2025-12-20,2025-12-18,21,Returned,0,336000
R_001372,EQ_00546,SITE_027,OP_0003,2024-12-29,2025-02-05,2025-02-04,38,Returned,0,342000
R_001373,EQ_00537,SITE_016,OP_0073,2026-05-24,2026-06-28,2026-06-28,35,Returned,0,245000
R_001374,EQ_00007,SITE_022,OP_0237,2024-01-15,2024-02-07,,23,Active,0,690000
R_001375,EQ_00123,SITE_011,OP_0156,2024-11-29,2024-12-05,2024-12-06,6,Overdue Returned,0,96000
R_001376,EQ_00273,SITE_013,OP_0112,2026-05-11,2026-06-15,2026-06-15,35,Returned,0,770000
R_001377,EQ_00284,SITE_012,OP_0179,2025-05-27,2025-05-30,,3,Overdue,0,54000
R_001378,EQ_00087,SITE_014,OP_0290,2026-04-18,2026-05-29,2026-05-29,41,Returned,0,738000
R_001379,EQ_00767,SITE_010,OP_0292,2026-04-23,2026-06-06,2026-06-06,44,Returned,1,1320000
R_001380,EQ_00152,SITE_013,OP_0032,2025-05-09,2025-06-12,2025-06-12,34,Returned,0,612000
R_001381,EQ_00474,SITE_027,OP_0110,2025-08-02,2025-09-10,2025-09-08,39,Returned,0,858000
R_001382,EQ_00171,SITE_023,OP_0032,2025-10-19,2025-11-15,2025-11-15,27,Returned,0,243000
R_001383,EQ_00430,SITE_007,OP_0040,2026-06-20,2026-07-22,2026-07-22,32,Returned,0,448000
R_001384,EQ_00096,SITE_024,OP_0001,2024-12-03,2025-01-14,2025-01-14,42,Returned,0,378000
R_001385,EQ_00798,SITE_019,OP_0018,2026-02-07,2026-03-15,2026-03-15,36,Returned,0,648000
R_001386,EQ_00522,SITE_016,OP_0172,2025-08-29,2025-10-01,2025-10-01,33,Returned,0,297000
R_001387,EQ_00338,SITE_007,OP_0347,2024-09-02,2024-09-07,2024-09-07,5,Returned,0,70000
R_001388,EQ_00287,SITE_026,OP_0001,2024-01-17,2024-02-13,2024-02-13,27,Returned,0,432000
R_001389,EQ_00031,SITE_021,OP_0182,2024-01-01,2024-01-15,2024-01-16,14,Overdue Returned,0,126000
R_001390,EQ_00048,SITE_008,OP_0252,2025-08-07,2025-09-07,2025-09-07,31,Returned,0,279000
R_001391,EQ_00358,SITE_022,OP_0295,2025-12-02,2025-12-31,2025-12-31,29,Returned,0,638000
R_001392,EQ_00060,SITE_014,OP_0185,2026-05-05,2026-06-09,2026-06-09,35,Returned,0,315000
R_001393,EQ_00707,SITE_024,OP_0239,2024-08-24,2024-09-22,2024-09-22,29,Returned,0,638000
R_001394,EQ_00657,SITE_022,OP_0141,2026-08-04,2026-08-19,2026-08-19,15,Returned,0,330000
R_001395,EQ_00611,SITE_011,OP_0072,2024-10-24,2024-11-20,2024-11-20,27,Returned,1,810000
R_001396,EQ_00629,SITE_025,OP_0014,2025-08-17,2025-09-29,,43,Overdue,0,387000
R_001397,EQ_00596,SITE_028,OP_0315,2024-10-27,2024-11-16,2024-11-18,20,Overdue Returned,0,360000
R_001398,EQ_00554,SITE_008,OP_0144,2025-03-05,2025-03-24,,19,Overdue,0,171000
R_001399,EQ_00089,SITE_029,OP_0041,2024-03-04,2024-03-07,2024-03-07,3,Returned,0,54000
R_001400,EQ_00195,SITE_004,OP_0166,2024-08-08,2024-08-23,,15,Active,1,450000
R_001401,EQ_00574,SITE_021,OP_0083,2026-03-20,2026-04-28,2026-04-28,39,Returned,0,1170000
R_001402,EQ_00483,SITE_010,OP_0048,2024-05-26,2024-06-29,2024-06-27,34,Returned,0,238000
R_001403,EQ_00666,SITE_030,OP_0224,2025-09-29,2025-10-12,2025-10-17,13,Overdue Returned,0,390000
R_001404,EQ_00676,SITE_019,OP_0070,2024-11-09,2024-11-19,,10,Overdue,0,300000
R_001405,EQ_00229,SITE_015,OP_0185,2024-04-29,2024-05-09,2024-05-10,10,Overdue Returned,0,220000
R_001406,EQ_00245,SITE_026,OP_0122,2026-02-15,2026-02-20,2026-02-20,5,Returned,0,110000
R_001407,EQ_00687,SITE_013,OP_0097,2025-07-07,2025-08-16,2025-08-16,40,Returned,0,880000
R_001408,EQ_00790,SITE_013,OP_0214,2026-05-27,2026-06-22,,26,Active,0,416000
R_001409,EQ_00109,SITE_016,OP_0150,2024-04-26,2024-05-08,2024-05-05,12,Returned,0,264000
R_001410,EQ_00563,SITE_014,OP_0171,2025-08-16,2025-09-12,,27,Active,0,486000
R_001411,EQ_00064,SITE_026,OP_0127,2024-11-25,2024-12-03,,8,Active,0,240000
R_001412,EQ_00408,SITE_028,OP_0283,2025-12-27,2026-01-21,2026-01-21,25,Returned,1,175000
R_001413,EQ_00280,SITE_007,OP_0183,2024-01-03,2024-02-05,2024-02-05,33,Returned,0,462000
R_001414,EQ_00189,SITE_006,OP_0312,2025-12-22,2026-01-10,,19,Active,0,304000
R_001415,EQ_00484,SITE_001,OP_0166,2024-06-28,2024-07-29,2024-07-31,31,Overdue Returned,1,279000
R_001416,EQ_00746,SITE_002,OP_0109,2024-09-11,2024-10-14,2024-10-19,33,Overdue Returned,1,231000
R_001417,EQ_00614,SITE_001,OP_0346,2026-06-23,2026-06-27,,4,Active,1,120000
R_001418,EQ_00314,SITE_001,OP_0198,2025-09-25,2025-10-13,,18,Active,0,162000
R_001419,EQ_00300,SITE_015,OP_0091,2025-06-16,2025-07-26,2025-07-26,40,Returned,0,280000
R_001420,EQ_00595,SITE_023,OP_0170,2024-10-26,2024-11-26,2024-11-26,31,Returned,0,279000
R_001421,EQ_00347,SITE_025,OP_0187,2025-05-28,2025-07-06,2025-07-04,39,Returned,0,858000
R_001422,EQ_00155,SITE_023,OP_0077,2026-04-30,2026-06-06,2026-06-06,37,Returned,0,814000
R_001423,EQ_00047,SITE_030,OP_0225,2024-08-11,2024-09-17,2024-09-17,37,Returned,0,333000
R_001424,EQ_00016,SITE_009,OP_0255,2026-04-26,2026-06-01,2026-06-01,36,Returned,0,648000
R_001425,EQ_00757,SITE_016,OP_0198,2024-01-15,2024-02-06,2024-02-03,22,Returned,0,660000
R_001426,EQ_00546,SITE_028,OP_0286,2025-02-02,2025-03-09,2025-03-09,35,Returned,0,315000
R_001427,EQ_00685,SITE_019,OP_0250,2024-05-16,2024-06-28,2024-07-03,43,Overdue Returned,0,774000
R_001428,EQ_00155,SITE_018,OP_0202,2025-01-31,2025-02-27,2025-02-27,27,Returned,0,594000
R_001429,EQ_00157,SITE_002,OP_0148,2025-01-11,2025-02-09,,29,Overdue,1,870000
R_001430,EQ_00721,SITE_029,OP_0054,2025-08-30,2025-09-23,2025-09-23,24,Returned,1,432000
R_001431,EQ_00104,SITE_007,OP_0034,2026-01-12,2026-02-05,2026-02-05,24,Returned,0,168000
R_001432,EQ_00538,SITE_023,OP_0178,2025-12-20,2025-12-23,2025-12-23,3,Returned,0,48000
R_001433,EQ_00254,SITE_010,OP_0213,2026-07-06,2026-08-20,2026-08-17,45,Returned,1,1350000
R_001434,EQ_00378,SITE_011,OP_0254,2026-07-10,2026-07-20,2026-07-20,10,Returned,0,220000
R_001435,EQ_00462,SITE_008,OP_0341,2025-08-08,2025-08-29,2025-08-30,21,Overdue Returned,0,294000
R_001436,EQ_00389,SITE_013,OP_0150,2026-05-14,2026-06-12,2026-06-12,29,Returned,0,406000
R_001437,EQ_00501,SITE_009,OP_0066,2025-04-14,2025-05-19,,35,Active,0,315000
R_001438,EQ_00239,SITE_008,OP_0320,2025-05-17,2025-06-28,2025-06-28,42,Returned,0,588000
R_001439,EQ_00436,SITE_012,OP_0001,2026-07-28,2026-08-13,2026-08-10,16,Returned,0,256000
R_001440,EQ_00496,SITE_021,OP_0297,2026-05-22,2026-05-28,2026-05-28,6,Returned,0,54000
R_001441,EQ_00426,SITE_015,OP_0242,2026-04-30,2026-05-16,2026-05-16,16,Returned,0,224000
R_001442,EQ_00633,SITE_017,OP_0274,2026-03-16,2026-04-10,2026-04-10,25,Returned,0,400000
R_001443,EQ_00612,SITE_019,OP_0327,2026-07-13,2026-08-15,2026-08-15,33,Returned,0,594000
R_001444,EQ_00530,SITE_023,OP_0088,2025-04-23,2025-06-02,2025-06-02,40,Returned,0,720000
R_001445,EQ_00254,SITE_015,OP_0241,2024-08-30,2024-10-06,2024-10-07,37,Overdue Returned,1,1110000
R_001446,EQ_00189,SITE_021,OP_0293,2024-09-18,2024-10-08,2024-10-08,20,Returned,0,320000
R_001447,EQ_00358,SITE_014,OP_0262,2024-07-06,2024-08-16,,41,Active,0,902000
R_001448,EQ_00717,SITE_012,OP_0279,2026-03-13,2026-04-12,2026-04-12,30,Returned,0,270000
R_001449,EQ_00107,SITE_004,OP_0094,2024-03-06,2024-03-21,2024-03-21,15,Returned,0,270000
R_001450,EQ_00795,SITE_021,OP_0158,2024-09-28,2024-11-10,2024-11-12,43,Overdue Returned,0,301000
R_001451,EQ_00626,SITE_027,OP_0113,2024-11-22,2024-12-05,2024-12-06,13,Overdue Returned,0,182000
R_001452,EQ_00557,SITE_006,OP_0129,2025-11-02,2025-11-07,2025-11-07,5,Returned,1,35000
R_001453,EQ_00679,SITE_024,OP_0181,2025-12-19,2026-01-05,2026-01-02,17,Returned,0,153000
R_001454,EQ_00467,SITE_017,OP_0274,2024-02-06,2024-03-03,,26,Active,1,468000
R_001455,EQ_00076,SITE_013,OP_0171,2026-05-23,2026-06-15,2026-06-15,23,Returned,0,414000
R_001456,EQ_00138,SITE_008,OP_0209,2025-03-06,2025-04-18,,43,Active,0,774000
R_001457,EQ_00136,SITE_001,OP_0256,2025-04-01,2025-04-17,2025-04-22,16,Overdue Returned,0,144000
R_001458,EQ_00717,SITE_027,OP_0229,2024-04-14,2024-04-21,2024-04-21,7,Returned,0,63000
R_001459,EQ_00754,SITE_002,OP_0289,2024-11-23,2024-12-13,2024-12-13,20,Returned,0,600000
R_001460,EQ_00574,SITE_006,OP_0242,2024-07-24,2024-08-29,2024-09-03,36,Overdue Returned,1,1080000
R_001461,EQ_00418,SITE_028,OP_0087,2025-03-25,2025-05-01,2025-05-01,37,Returned,1,666000
R_001462,EQ_00129,SITE_025,OP_0295,2024-10-04,2024-11-01,2024-11-01,28,Returned,0,840000
R_001463,EQ_00440,SITE_016,OP_0238,2026-05-28,2026-06-08,,11,Active,1,154000
R_001464,EQ_00172,SITE_005,OP_0270,2025-07-04,2025-08-15,2025-08-13,42,Returned,1,756000
R_001465,EQ_00735,SITE_025,OP_0051,2026-03-11,2026-04-02,2026-04-03,22,Overdue Returned,1,352000
R_001466,EQ_00270,SITE_022,OP_0068,2025-10-05,2025-11-04,2025-11-04,30,Returned,0,210000
R_001467,EQ_00578,SITE_025,OP_0328,2024-11-04,2024-11-18,2024-11-18,14,Returned,0,308000
R_001468,EQ_00748,SITE_019,OP_0149,2025-01-07,2025-01-27,,20,Active,1,180000
R_001469,EQ_00331,SITE_024,OP_0138,2025-02-04,2025-02-09,2025-02-10,5,Overdue Returned,0,90000
R_001470,EQ_00210,SITE_027,OP_0146,2025-01-21,2025-02-14,2025-02-14,24,Returned,0,384000
R_001471,EQ_00204,SITE_021,OP_0050,2025-08-01,2025-08-09,2025-08-09,8,Returned,0,112000
R_001472,EQ_00778,SITE_019,OP_0023,2024-06-27,2024-08-03,2024-08-03,37,Returned,0,592000
R_001473,EQ_00305,SITE_025,OP_0024,2025-03-08,2025-04-16,2025-04-14,39,Returned,0,858000
R_001474,EQ_00183,SITE_008,OP_0315,2024-07-29,2024-09-01,2024-09-03,34,Overdue Returned,0,476000
R_001475,EQ_00297,SITE_024,OP_0291,2025-02-14,2025-03-17,2025-03-22,31,Overdue Returned,0,558000
R_001476,EQ_00095,SITE_024,OP_0333,2026-07-16,2026-08-21,2026-08-21,36,Returned,0,324000
R_001477,EQ_00149,SITE_027,OP_0041,2024-05-14,2024-06-07,2024-06-07,24,Returned,0,432000
R_001478,EQ_00468,SITE_006,OP_0238,2025-03-25,2025-05-08,2025-05-08,44,Returned,0,1320000
R_001479,EQ_00560,SITE_014,OP_0209,2026-05-12,2026-06-06,2026-06-06,25,Returned,0,750000
R_001480,EQ_00463,SITE_021,OP_0084,2025-11-23,2025-11-28,,5,Active,0,90000
R_001481,EQ_00497,SITE_005,OP_0337,2024-10-10,2024-11-15,2024-11-15,36,Returned,0,324000
R_001482,EQ_00792,SITE_014,OP_0026,2025-09-30,2025-11-13,,44,Active,1,308000
R_001483,EQ_00722,SITE_010,OP_0253,2025-10-25,2025-11-21,,27,Overdue,0,243000
R_001484,EQ_00667,SITE_017,OP_0223,2024-06-28,2024-07-14,2024-07-15,16,Overdue Returned,0,144000
R_001485,EQ_00261,SITE_008,OP_0004,2024-08-07,2024-09-01,2024-09-02,25,Overdue Returned,0,550000
R_001486,EQ_00580,SITE_016,OP_0051,2025-08-02,2025-08-19,2025-08-19,17,Returned,0,272000
R_001487,EQ_00109,SITE_023,OP_0253,2025-03-09,2025-03-18,2025-03-18,9,Returned,0,198000
R_001488,EQ_00383,SITE_017,OP_0348,2024-07-24,2024-08-29,2024-08-29,36,Returned,0,252000
R_001489,EQ_00429,SITE_009,OP_0309,2024-01-29,2024-02-05,2024-02-05,7,Returned,0,63000
R_001490,EQ_00144,SITE_021,OP_0279,2026-04-14,2026-04-29,2026-05-04,15,Overdue Returned,0,270000
R_001491,EQ_00151,SITE_018,OP_0042,2025-04-06,2025-04-09,2025-04-09,3,Returned,0,54000
R_001492,EQ_00601,SITE_021,OP_0175,2025-03-12,2025-04-19,,38,Overdue,0,532000
R_001493,EQ_00765,SITE_021,OP_0197,2025-05-19,2025-05-30,,11,Active,0,198000
R_001494,EQ_00663,SITE_009,OP_0345,2025-11-27,2026-01-06,2026-01-04,40,Returned,1,560000
R_001495,EQ_00566,SITE_007,OP_0029,2026-01-07,2026-02-05,2026-02-05,29,Returned,0,870000
R_001496,EQ_00089,SITE_012,OP_0308,2024-04-19,2024-05-28,2024-05-28,39,Returned,0,702000
R_001497,EQ_00225,SITE_005,OP_0119,2025-09-28,2025-11-01,2025-11-11,34,Overdue Returned,0,306000
R_001498,EQ_00146,SITE_023,OP_0193,2025-07-16,2025-08-15,2025-08-16,30,Overdue Returned,0,540000
R_001499,EQ_00690,SITE_014,OP_0160,2025-04-17,2025-05-25,2025-05-25,38,Returned,0,266000
R_001500,EQ_00141,SITE_004,OP_0178,2025-08-29,2025-10-03,2025-10-03,35,Returned,0,630000
R_001501,EQ_00003,SITE_006,OP_0147,2024-09-22,2024-10-25,2024-11-04,33,Overdue Returned,0,594000
R_001502,EQ_00028,SITE_020,OP_0350,2024-01-19,2024-02-21,2024-02-22,33,Overdue Returned,0,462000
R_001503,EQ_00100,SITE_027,OP_0169,2025-05-08,2025-06-04,2025-06-14,27,Overdue Returned,0,810000
R_001504,EQ_00029,SITE_017,OP_0091,2025-03-29,2025-04-20,2025-04-20,22,Returned,1,308000
R_001505,EQ_00024,SITE_022,OP_0233,2024-12-25,2025-01-24,,30,Active,0,660000
R_001506,EQ_00753,SITE_016,OP_0287,2026-03-13,2026-04-18,2026-04-18,36,Returned,0,252000
R_001507,EQ_00255,SITE_026,OP_0272,2025-02-07,2025-02-26,2025-02-26,19,Returned,0,342000
R_001508,EQ_00128,SITE_030,OP_0239,2025-06-07,2025-06-17,2025-06-17,10,Returned,0,140000
R_001509,EQ_00443,SITE_026,OP_0253,2025-04-05,2025-05-06,,31,Active,0,279000
R_001510,EQ_00744,SITE_030,OP_0241,2025-01-01,2025-01-13,,12,Active,0,264000
R_001511,EQ_00092,SITE_009,OP_0199,2024-08-24,2024-09-18,,25,Overdue,0,550000
R_001512,EQ_00344,SITE_007,OP_0012,2025-02-28,2025-03-15,2025-03-15,15,Returned,0,450000
R_001513,EQ_00583,SITE_005,OP_0027,2024-11-14,2024-12-20,2024-12-20,36,Returned,0,648000
R_001514,EQ_00709,SITE_007,OP_0170,2026-03-18,2026-04-09,2026-04-09,22,Returned,0,154000
R_001515,EQ_00794,SITE_008,OP_0326,2026-07-28,2026-08-21,2026-08-20,24,Returned,0,168000
R_001516,EQ_00696,SITE_003,OP_0011,2026-03-05,2026-03-15,,10,Overdue,1,70000
R_001517,EQ_00769,SITE_016,OP_0325,2026-07-09,2026-07-18,2026-07-18,9,Returned,0,162000
R_001518,EQ_00118,SITE_006,OP_0108,2024-09-14,2024-10-27,,43,Active,1,387000
R_001519,EQ_00643,SITE_008,OP_0029,2025-07-18,2025-07-27,2025-07-27,9,Returned,1,162000
R_001520,EQ_00050,SITE_001,OP_0102,2024-11-22,2024-12-07,2024-12-12,15,Overdue Returned,1,105000
R_001521,EQ_00529,SITE_012,OP_0153,2025-07-10,2025-08-13,2025-08-12,34,Returned,0,748000
R_001522,EQ_00242,SITE_019,OP_0026,2025-09-02,2025-10-07,2025-10-07,35,Returned,1,630000
R_001523,EQ_00564,SITE_011,OP_0342,2026-06-28,2026-08-12,2026-08-12,45,Returned,0,630000
R_001524,EQ_00084,SITE_023,OP_0099,2024-07-08,2024-08-07,2024-08-07,30,Returned,0,540000
R_001525,EQ_00743,SITE_019,OP_0327,2025-02-15,2025-02-19,2025-02-19,4,Returned,0,36000
R_001526,EQ_00609,SITE_006,OP_0240,2025-08-03,2025-08-20,2025-08-20,17,Returned,0,238000
R_001527,EQ_00086,SITE_022,OP_0305,2024-04-25,2024-06-07,2024-06-07,43,Returned,1,688000
R_001528,EQ_00580,SITE_004,OP_0086,2026-01-04,2026-02-10,2026-02-12,37,Overdue Returned,0,592000
R_001529,EQ_00540,SITE_022,OP_0137,2024-02-21,2024-03-27,2024-03-27,35,Returned,0,1050000
R_001530,EQ_00640,SITE_008,OP_0148,2024-05-07,2024-06-05,2024-06-07,29,Overdue Returned,0,406000
R_001531,EQ_00177,SITE_009,OP_0086,2025-08-22,2025-08-29,2025-08-29,7,Returned,0,49000
R_001532,EQ_00550,SITE_017,OP_0137,2025-03-19,2025-04-23,2025-04-23,35,Returned,1,490000
R_001533,EQ_00322,SITE_017,OP_0250,2024-09-11,2024-09-23,2024-09-23,12,Returned,1,216000
R_001534,EQ_00027,SITE_024,OP_0341,2025-06-01,2025-06-23,2025-06-24,22,Overdue Returned,0,660000
R_001535,EQ_00403,SITE_008,OP_0218,2026-08-03,2026-08-16,2026-08-16,13,Returned,0,234000
R_001536,EQ_00451,SITE_006,OP_0118,2024-04-24,2024-05-30,2024-05-31,36,Overdue Returned,0,1080000
R_001537,EQ_00703,SITE_024,OP_0251,2026-03-29,2026-04-17,2026-04-17,19,Returned,0,304000
R_001538,EQ_00716,SITE_023,OP_0298,2024-05-15,2024-06-03,2024-06-03,19,Returned,0,418000
R_001539,EQ_00018,SITE_008,OP_0260,2026-04-06,2026-04-12,2026-04-17,6,Overdue Returned,0,84000
R_001540,EQ_00372,SITE_011,OP_0105,2024-10-21,2024-11-25,2024-11-24,35,Returned,0,770000
R_001541,EQ_00743,SITE_005,OP_0189,2024-10-23,2024-11-24,2024-11-24,32,Returned,0,288000
R_001542,EQ_00323,SITE_007,OP_0024,2025-12-02,2026-01-03,2026-01-04,32,Overdue Returned,0,288000
R_001543,EQ_00757,SITE_028,OP_0093,2025-11-05,2025-11-25,2025-11-25,20,Returned,0,600000
R_001544,EQ_00477,SITE_028,OP_0327,2024-04-22,2024-06-05,2024-06-05,44,Returned,0,396000
R_001545,EQ_00630,SITE_025,OP_0036,2024-01-01,2024-01-14,2024-01-14,13,Returned,0,117000
R_001546,EQ_00422,SITE_015,OP_0130,2026-01-03,2026-01-18,2026-01-18,15,Returned,1,330000
R_001547,EQ_00499,SITE_028,OP_0102,2026-05-01,2026-06-08,2026-06-09,38,Overdue Returned,0,684000
R_001548,EQ_00288,SITE_019,OP_0254,2024-04-06,2024-04-30,2024-04-29,24,Returned,1,216000
R_001549,EQ_00783,SITE_024,OP_0220,2025-08-09,2025-09-21,,43,Active,0,774000
R_001550,EQ_00302,SITE_008,OP_0326,2026-07-13,2026-08-05,2026-08-10,23,Overdue Returned,0,414000
R_001551,EQ_00230,SITE_029,OP_0228,2026-07-01,2026-07-30,2026-07-30,29,Returned,0,522000
R_001552,EQ_00656,SITE_002,OP_0135,2026-07-27,2026-09-08,2026-09-08,43,Returned,0,301000
R_001553,EQ_00002,SITE_028,OP_0305,2026-07-10,2026-07-17,2026-07-17,7,Returned,0,154000
R_001554,EQ_00759,SITE_011,OP_0346,2024-11-18,2024-11-30,2024-12-05,12,Overdue Returned,0,264000
R_001555,EQ_00246,SITE_021,OP_0279,2025-05-24,2025-06-25,2025-06-30,32,Overdue Returned,0,448000
R_001556,EQ_00106,SITE_025,OP_0212,2025-01-18,2025-02-07,2025-02-09,20,Overdue Returned,1,140000
R_001557,EQ_00619,SITE_028,OP_0349,2025-01-15,2025-02-05,2025-02-05,21,Returned,0,630000
R_001558,EQ_00487,SITE_029,OP_0077,2025-02-25,2025-03-22,2025-03-22,25,Returned,1,175000
R_001559,EQ_00709,SITE_009,OP_0120,2024-05-23,2024-06-25,2024-06-25,33,Returned,0,231000
R_001560,EQ_00112,SITE_010,OP_0042,2025-02-19,2025-04-05,2025-04-07,45,Overdue Returned,1,630000
R_001561,EQ_00438,SITE_019,OP_0274,2025-11-10,2025-12-08,2025-12-09,28,Overdue Returned,0,392000
R_001562,EQ_00449,SITE_002,OP_0290,2025-06-21,2025-07-09,2025-07-09,18,Returned,1,540000
R_001563,EQ_00130,SITE_028,OP_0064,2026-02-01,2026-02-28,,27,Overdue,0,378000
R_001564,EQ_00033,SITE_024,OP_0260,2024-11-15,2024-11-23,,8,Active,0,144000
R_001565,EQ_00625,SITE_011,OP_0014,2026-04-19,2026-05-18,,29,Active,0,406000
R_001566,EQ_00453,SITE_024,OP_0101,2025-11-07,2025-12-21,2025-12-21,44,Returned,0,616000
R_001567,EQ_00776,SITE_013,OP_0077,2024-05-09,2024-06-17,2024-06-22,39,Overdue Returned,0,273000
R_001568,EQ_00549,SITE_021,OP_0338,2026-01-31,2026-03-08,2026-03-08,36,Returned,0,576000
R_001569,EQ_00418,SITE_001,OP_0337,2026-02-24,2026-03-14,,18,Active,0,324000
R_001570,EQ_00395,SITE_013,OP_0093,2025-08-25,2025-10-09,2025-10-11,45,Overdue Returned,1,1350000
R_001571,EQ_00206,SITE_028,OP_0139,2025-05-07,2025-05-28,2025-05-29,21,Overdue Returned,0,462000
R_001572,EQ_00365,SITE_015,OP_0338,2024-10-08,2024-10-25,2024-10-25,17,Returned,0,306000
R_001573,EQ_00729,SITE_019,OP_0196,2026-02-03,2026-03-11,2026-03-11,36,Returned,0,648000
R_001574,EQ_00710,SITE_022,OP_0089,2025-09-29,2025-10-07,2025-10-09,8,Overdue Returned,0,128000
R_001575,EQ_00303,SITE_013,OP_0142,2024-10-28,2024-12-09,2024-12-09,42,Returned,0,756000
R_001576,EQ_00592,SITE_020,OP_0328,2025-04-02,2025-04-08,2025-04-08,6,Returned,0,132000
R_001577,EQ_00095,SITE_007,OP_0195,2024-09-23,2024-10-11,2024-10-13,18,Overdue Returned,0,162000
R_001578,EQ_00178,SITE_027,OP_0152,2024-09-30,2024-10-20,2024-10-25,20,Overdue Returned,0,180000
R_001579,EQ_00323,SITE_004,OP_0043,2026-04-08,2026-04-28,,20,Active,0,180000
R_001580,EQ_00262,SITE_026,OP_0030,2026-03-13,2026-04-07,2026-04-07,25,Returned,0,175000
R_001581,EQ_00157,SITE_020,OP_0347,2025-10-14,2025-11-16,2025-11-16,33,Returned,0,990000
R_001582,EQ_00155,SITE_027,OP_0350,2024-06-13,2024-07-17,2024-07-19,34,Overdue Returned,0,748000
R_001583,EQ_00357,SITE_018,OP_0235,2025-06-09,2025-07-19,2025-07-19,40,Returned,0,560000
R_001584,EQ_00190,SITE_015,OP_0016,2026-05-27,2026-07-04,2026-07-04,38,Returned,1,684000
R_001585,EQ_00423,SITE_005,OP_0322,2025-02-14,2025-03-20,2025-03-20,34,Returned,0,306000
R_001586,EQ_00688,SITE_027,OP_0215,2026-05-12,2026-06-21,2026-06-22,40,Overdue Returned,0,720000
R_001587,EQ_00193,SITE_014,OP_0276,2025-02-11,2025-02-16,2025-02-16,5,Returned,0,80000
R_001588,EQ_00290,SITE_021,OP_0038,2025-12-13,2026-01-03,2026-01-03,21,Returned,1,147000
R_001589,EQ_00338,SITE_005,OP_0334,2024-12-10,2024-12-14,2024-12-16,4,Overdue Returned,0,56000
R_001590,EQ_00355,SITE_003,OP_0193,2024-10-31,2024-12-02,2024-12-07,32,Overdue Returned,1,512000
R_001591,EQ_00394,SITE_010,OP_0054,2024-12-02,2024-12-05,2024-12-06,3,Overdue Returned,1,48000
R_001592,EQ_00179,SITE_029,OP_0085,2024-10-01,2024-10-16,2024-10-21,15,Overdue Returned,1,135000
R_001593,EQ_00282,SITE_024,OP_0081,2026-06-02,2026-07-04,,32,Active,1,224000
R_001594,EQ_00690,SITE_002,OP_0060,2026-01-02,2026-01-19,2026-01-19,17,Returned,0,119000
R_001595,EQ_00073,SITE_001,OP_0254,2024-05-14,2024-06-04,2024-06-02,21,Returned,0,378000
R_001596,EQ_00547,SITE_007,OP_0039,2025-05-01,2025-06-02,2025-06-01,32,Returned,1,288000
R_001597,EQ_00275,SITE_007,OP_0260,2025-12-14,2026-01-21,2026-01-23,38,Overdue Returned,0,684000
R_001598,EQ_00161,SITE_007,OP_0307,2025-05-18,2025-05-28,2025-05-28,10,Returned,0,180000
R_001599,EQ_00147,SITE_022,OP_0106,2024-08-25,2024-10-01,,37,Active,1,592000
R_001600,EQ_00746,SITE_025,OP_0004,2024-02-03,2024-03-14,2024-03-15,40,Overdue Returned,0,280000
R_001601,EQ_00533,SITE_003,OP_0118,2025-11-04,2025-12-16,,42,Active,0,924000
R_001602,EQ_00644,SITE_011,OP_0178,2026-01-25,2026-02-15,2026-02-17,21,Overdue Returned,0,378000
R_001603,EQ_00678,SITE_018,OP_0068,2024-08-03,2024-09-11,2024-09-13,39,Overdue Returned,0,702000
R_001604,EQ_00015,SITE_016,OP_0024,2024-10-31,2024-11-20,,20,Active,0,440000
R_001605,EQ_00429,SITE_007,OP_0199,2024-12-01,2024-12-04,2024-12-04,3,Returned,0,27000
R_001606,EQ_00327,SITE_010,OP_0208,2024-10-15,2024-11-14,2024-11-11,30,Returned,1,210000
R_001607,EQ_00204,SITE_006,OP_0172,2024-06-06,2024-06-19,2024-06-18,13,Returned,1,182000
R_001608,EQ_00079,SITE_026,OP_0234,2026-04-21,2026-05-01,2026-05-01,10,Returned,0,180000
R_001609,EQ_00004,SITE_016,OP_0343,2025-09-05,2025-10-10,2025-10-10,35,Returned,1,490000
R_001610,EQ_00650,SITE_025,OP_0271,2025-11-22,2025-12-08,2025-12-07,16,Returned,0,352000
R_001611,EQ_00751,SITE_003,OP_0128,2026-04-22,2026-06-05,2026-06-06,44,Overdue Returned,0,396000
R_001612,EQ_00302,SITE_016,OP_0131,2024-12-19,2025-01-18,2025-01-18,30,Returned,1,540000
R_001613,EQ_00117,SITE_003,OP_0118,2024-08-23,2024-08-30,2024-08-30,7,Returned,1,98000
R_001614,EQ_00235,SITE_014,OP_0262,2024-08-22,2024-08-27,,5,Active,0,70000
R_001615,EQ_00781,SITE_025,OP_0191,2025-12-04,2025-12-14,2025-12-14,10,Returned,0,140000
R_001616,EQ_00474,SITE_022,OP_0259,2025-09-08,2025-09-16,,8,Active,0,176000
R_001617,EQ_00465,SITE_016,OP_0123,2025-09-04,2025-10-16,2025-10-16,42,Returned,0,294000
R_001618,EQ_00658,SITE_026,OP_0172,2025-05-10,2025-05-23,2025-05-23,13,Returned,0,234000
R_001619,EQ_00072,SITE_024,OP_0116,2024-08-16,2024-09-21,2024-09-19,36,Returned,0,576000
R_001620,EQ_00160,SITE_024,OP_0081,2026-04-07,2026-04-25,2026-04-25,18,Returned,1,126000
R_001621,EQ_00574,SITE_017,OP_0249,2026-04-14,2026-05-07,2026-05-05,23,Returned,0,690000
R_001622,EQ_00435,SITE_011,OP_0048,2026-03-25,2026-04-21,2026-04-19,27,Returned,0,486000
R_001623,EQ_00319,SITE_006,OP_0113,2024-10-30,2024-12-05,,36,Active,0,324000
R_001624,EQ_00256,SITE_011,OP_0022,2026-05-04,2026-05-22,2026-05-21,18,Returned,0,324000
R_001625,EQ_00186,SITE_013,OP_0302,2024-10-18,2024-11-22,2024-11-22,35,Returned,0,490000
R_001626,EQ_00074,SITE_021,OP_0027,2025-10-22,2025-12-01,2025-12-06,40,Overdue Returned,0,360000
R_001627,EQ_00632,SITE_028,OP_0320,2025-02-16,2025-02-24,,8,Active,0,240000
R_001628,EQ_00183,SITE_026,OP_0058,2025-09-22,2025-10-18,2025-10-19,26,Overdue Returned,0,364000
R_001629,EQ_00794,SITE_022,OP_0245,2026-04-12,2026-05-27,2026-05-27,45,Returned,0,315000
R_001630,EQ_00588,SITE_014,OP_0346,2025-06-10,2025-07-24,,44,Overdue,0,396000
R_001631,EQ_00202,SITE_018,OP_0171,2024-09-03,2024-10-18,2024-10-18,45,Returned,1,630000
R_001632,EQ_00701,SITE_030,OP_0142,2024-02-14,2024-03-13,2024-03-13,28,Returned,0,504000
R_001633,EQ_00704,SITE_004,OP_0327,2024-07-30,2024-08-07,2024-08-07,8,Returned,0,176000
R_001634,EQ_00279,SITE_025,OP_0087,2025-09-04,2025-09-22,2025-09-22,18,Returned,0,252000
R_001635,EQ_00405,SITE_026,OP_0231,2024-05-21,2024-06-01,2024-05-30,11,Returned,0,198000
R_001636,EQ_00273,SITE_013,OP_0291,2026-05-11,2026-06-24,2026-06-29,44,Overdue Returned,0,968000
R_001637,EQ_00509,SITE_013,OP_0339,2025-01-29,2025-02-08,2025-02-08,10,Returned,0,220000
R_001638,EQ_00085,SITE_016,OP_0168,2025-04-30,2025-05-24,2025-05-24,24,Returned,0,432000
R_001639,EQ_00220,SITE_006,OP_0017,2024-11-05,2024-11-18,2024-11-18,13,Returned,0,91000
R_001640,EQ_00157,SITE_002,OP_0258,2024-05-24,2024-05-29,2024-06-03,5,Overdue Returned,0,150000
R_001641,EQ_00073,SITE_002,OP_0206,2025-02-01,2025-03-10,2025-03-10,37,Returned,1,666000
R_001642,EQ_00033,SITE_023,OP_0056,2026-03-11,2026-04-05,,25,Active,0,450000
R_001643,EQ_00630,SITE_004,OP_0306,2026-02-23,2026-04-09,,45,Active,0,405000
R_001644,EQ_00369,SITE_015,OP_0220,2025-10-07,2025-11-18,2025-11-19,42,Overdue Returned,0,924000
R_001645,EQ_00369,SITE_019,OP_0198,2026-02-11,2026-02-23,2026-02-22,12,Returned,1,264000
R_001646,EQ_00137,SITE_009,OP_0337,2026-03-12,2026-03-17,2026-03-19,5,Overdue Returned,0,45000
R_001647,EQ_00101,SITE_010,OP_0048,2025-07-21,2025-07-26,2025-07-26,5,Returned,0,150000
R_001648,EQ_00230,SITE_014,OP_0161,2024-12-02,2024-12-27,2024-12-27,25,Returned,0,450000
R_001649,EQ_00264,SITE_005,OP_0245,2025-11-01,2025-12-03,2025-12-03,32,Returned,0,448000
R_001650,EQ_00135,SITE_013,OP_0160,2025-12-23,2026-01-25,2026-01-27,33,Overdue Returned,1,528000
R_001651,EQ_00420,SITE_021,OP_0319,2026-03-07,2026-03-21,2026-03-26,14,Overdue Returned,1,126000
R_001652,EQ_00574,SITE_029,OP_0276,2026-07-29,2026-08-25,2026-08-25,27,Returned,0,810000
R_001653,EQ_00751,SITE_019,OP_0327,2025-01-30,2025-02-19,2025-02-19,20,Returned,0,180000
R_001654,EQ_00541,SITE_003,OP_0066,2024-02-11,2024-02-20,2024-02-21,9,Overdue Returned,0,144000
R_001655,EQ_00147,SITE_017,OP_0035,2026-06-18,2026-07-01,2026-07-01,13,Returned,0,208000
R_001656,EQ_00600,SITE_024,OP_0286,2024-12-26,2025-02-07,2025-02-06,43,Returned,1,301000
R_001657,EQ_00433,SITE_020,OP_0325,2024-04-24,2024-05-31,2024-06-01,37,Overdue Returned,0,666000
R_001658,EQ_00062,SITE_028,OP_0056,2024-09-02,2024-09-08,,6,Active,1,42000
R_001659,EQ_00139,SITE_002,OP_0172,2025-11-16,2025-11-25,2025-11-25,9,Returned,1,162000
R_001660,EQ_00679,SITE_015,OP_0118,2025-02-12,2025-02-25,2025-02-26,13,Overdue Returned,0,117000
R_001661,EQ_00265,SITE_010,OP_0021,2024-09-17,2024-10-15,2024-10-15,28,Returned,0,840000
R_001662,EQ_00215,SITE_015,OP_0009,2025-02-01,2025-03-09,2025-03-09,36,Returned,0,648000
R_001663,EQ_00371,SITE_017,OP_0120,2026-03-06,2026-04-05,2026-04-03,30,Returned,0,270000
R_001664,EQ_00769,SITE_019,OP_0263,2024-12-02,2024-12-05,2024-12-03,3,Returned,0,54000
R_001665,EQ_00051,SITE_027,OP_0236,2024-01-06,2024-01-13,2024-01-13,7,Returned,0,112000
R_001666,EQ_00395,SITE_019,OP_0102,2025-10-09,2025-11-18,2025-11-18,40,Returned,0,1200000
R_001667,EQ_00613,SITE_011,OP_0068,2026-02-14,2026-03-02,2026-03-02,16,Returned,0,288000
R_001668,EQ_00606,SITE_025,OP_0014,2024-01-12,2024-01-18,2024-01-15,6,Returned,1,108000
R_001669,EQ_00606,SITE_005,OP_0341,2026-03-25,2026-04-26,,32,Active,0,576000
R_001670,EQ_00639,SITE_015,OP_0219,2024-12-28,2025-01-05,2025-01-05,8,Returned,0,144000
R_001671,EQ_00617,SITE_016,OP_0027,2026-06-25,2026-08-09,2026-08-09,45,Returned,0,720000
R_001672,EQ_00697,SITE_027,OP_0037,2025-10-12,2025-10-16,2025-10-16,4,Returned,0,28000
R_001673,EQ_00321,SITE_021,OP_0297,2024-12-11,2025-01-25,,45,Active,1,315000
R_001674,EQ_00013,SITE_014,OP_0138,2025-12-30,2026-01-24,2026-01-24,25,Returned,0,550000
R_001675,EQ_00637,SITE_019,OP_0281,2026-04-21,2026-05-03,2026-04-30,12,Returned,0,360000
R_001676,EQ_00242,SITE_027,OP_0301,2025-07-24,2025-08-09,2025-08-19,16,Overdue Returned,0,288000
R_001677,EQ_00740,SITE_018,OP_0060,2024-04-26,2024-06-09,2024-06-19,44,Overdue Returned,1,616000
R_001678,EQ_00213,SITE_018,OP_0151,2025-01-29,2025-02-10,2025-02-10,12,Returned,0,264000
R_001679,EQ_00516,SITE_002,OP_0342,2026-03-28,2026-04-27,,30,Overdue,1,540000
R_001680,EQ_00013,SITE_026,OP_0027,2024-08-06,2024-09-09,2024-09-09,34,Returned,0,748000
R_001681,EQ_00420,SITE_018,OP_0270,2024-02-17,2024-02-29,2024-02-28,12,Returned,1,108000
R_001682,EQ_00048,SITE_008,OP_0085,2025-05-08,2025-06-01,2025-06-02,24,Overdue Returned,0,216000
R_001683,EQ_00513,SITE_025,OP_0320,2026-03-11,2026-04-11,2026-04-12,31,Overdue Returned,1,558000
R_001684,EQ_00040,SITE_020,OP_0128,2026-01-18,2026-02-19,2026-02-19,32,Returned,0,288000
R_001685,EQ_00320,SITE_009,OP_0090,2025-09-12,2025-10-01,,19,Active,0,418000
R_001686,EQ_00107,SITE_028,OP_0040,2026-06-09,2026-07-12,2026-07-12,33,Returned,0,594000
R_001687,EQ_00242,SITE_029,OP_0097,2025-11-14,2025-12-27,,43,Active,0,774000
R_001688,EQ_00475,SITE_004,OP_0155,2025-02-14,2025-02-25,2025-02-25,11,Returned,0,198000
R_001689,EQ_00585,SITE_014,OP_0250,2025-11-27,2025-12-06,2025-12-07,9,Overdue Returned,0,144000
R_001690,EQ_00354,SITE_006,OP_0348,2025-11-02,2025-11-18,,16,Overdue,1,288000
R_001691,EQ_00666,SITE_003,OP_0240,2024-11-13,2024-12-25,2024-12-25,42,Returned,0,1260000
R_001692,EQ_00176,SITE_008,OP_0174,2026-07-05,2026-08-09,2026-08-09,35,Returned,0,245000
R_001693,EQ_00749,SITE_026,OP_0058,2026-07-12,2026-08-10,2026-08-09,29,Returned,0,522000
R_001694,EQ_00622,SITE_025,OP_0074,2026-01-16,2026-02-06,2026-02-08,21,Overdue Returned,0,378000
R_001695,EQ_00616,SITE_021,OP_0221,2025-01-30,2025-03-12,2025-03-12,41,Returned,0,902000
R_001696,EQ_00220,SITE_023,OP_0250,2025-12-29,2026-01-04,,6,Active,0,42000
R_001697,EQ_00724,SITE_008,OP_0343,2026-08-01,2026-08-31,2026-08-31,30,Returned,0,420000
R_001698,EQ_00153,SITE_003,OP_0138,2026-01-27,2026-02-02,2026-01-31,6,Returned,1,108000
R_001699,EQ_00225,SITE_016,OP_0076,2024-08-07,2024-09-14,,38,Active,0,342000
R_001700,EQ_00623,SITE_028,OP_0118,2024-11-05,2024-11-14,2024-11-14,9,Returned,0,63000
R_001701,EQ_00717,SITE_024,OP_0177,2024-11-24,2024-12-25,2024-12-26,31,Overdue Returned,0,279000
R_001702,EQ_00397,SITE_006,OP_0106,2025-02-18,2025-03-01,,11,Active,0,330000
R_001703,EQ_00297,SITE_021,OP_0210,2025-10-05,2025-10-09,2025-10-08,4,Returned,1,72000
R_001704,EQ_00412,SITE_001,OP_0171,2025-11-30,2025-12-24,2025-12-24,24,Returned,1,216000
R_001705,EQ_00162,SITE_028,OP_0100,2026-07-11,2026-07-30,2026-07-30,19,Returned,1,342000
R_001706,EQ_00583,SITE_006,OP_0214,2024-05-11,2024-06-08,2024-06-08,28,Returned,0,504000
R_001707,EQ_00320,SITE_011,OP_0120,2024-11-17,2024-12-07,2024-12-07,20,Returned,0,440000
R_001708,EQ_00668,SITE_029,OP_0198,2024-07-24,2024-08-20,2024-08-20,27,Returned,0,810000
R_001709,EQ_00708,SITE_011,OP_0178,2025-09-14,2025-10-15,,31,Overdue,0,496000
R_001710,EQ_00117,SITE_001,OP_0147,2024-02-18,2024-03-04,2024-03-04,15,Returned,0,210000
R_001711,EQ_00608,SITE_020,OP_0284,2025-10-28,2025-11-27,2025-11-27,30,Returned,0,540000
R_001712,EQ_00712,SITE_015,OP_0155,2024-06-06,2024-07-06,2024-07-07,30,Overdue Returned,0,660000
R_001713,EQ_00382,SITE_001,OP_0178,2024-07-23,2024-08-11,,19,Active,0,133000
R_001714,EQ_00238,SITE_025,OP_0128,2026-06-09,2026-06-29,2026-07-01,20,Overdue Returned,0,180000
R_001715,EQ_00692,SITE_029,OP_0044,2026-03-12,2026-03-29,2026-03-29,17,Returned,0,306000
R_001716,EQ_00674,SITE_010,OP_0209,2025-01-26,2025-02-26,2025-02-26,31,Returned,0,558000
R_001717,EQ_00146,SITE_006,OP_0211,2024-09-06,2024-09-17,,11,Active,0,198000
R_001718,EQ_00246,SITE_027,OP_0186,2025-01-22,2025-03-01,,38,Active,0,532000
R_001719,EQ_00507,SITE_024,OP_0275,2024-07-14,2024-08-27,2024-08-27,44,Returned,0,396000
R_001720,EQ_00403,SITE_004,OP_0183,2025-07-23,2025-07-29,2025-07-29,6,Returned,0,108000
R_001721,EQ_00070,SITE_019,OP_0316,2024-02-21,2024-04-06,2024-04-07,45,Overdue Returned,1,720000
R_001722,EQ_00077,SITE_026,OP_0305,2026-02-14,2026-03-02,2026-03-02,16,Returned,1,352000
R_001723,EQ_00425,SITE_030,OP_0018,2024-03-30,2024-04-03,2024-04-03,4,Returned,0,72000
R_001724,EQ_00439,SITE_013,OP_0017,2025-12-15,2025-12-20,2025-12-20,5,Returned,0,110000
R_001725,EQ_00381,SITE_022,OP_0042,2024-06-20,2024-07-14,2024-07-19,24,Overdue Returned,1,216000
R_001726,EQ_00687,SITE_017,OP_0042,2024-08-01,2024-09-08,,38,Overdue,1,836000
R_001727,EQ_00090,SITE_025,OP_0309,2024-12-09,2024-12-20,2024-12-20,11,Returned,0,154000
R_001728,EQ_00571,SITE_025,OP_0348,2025-01-17,2025-02-01,2025-02-03,15,Overdue Returned,1,240000
R_001729,EQ_00794,SITE_009,OP_0056,2024-05-25,2024-06-22,2024-06-23,28,Overdue Returned,1,196000
R_001730,EQ_00248,SITE_001,OP_0041,2025-11-19,2025-12-18,2025-12-18,29,Returned,1,638000
R_001731,EQ_00610,SITE_021,OP_0130,2026-06-30,2026-07-15,2026-07-15,15,Returned,0,210000
R_001732,EQ_00278,SITE_022,OP_0151,2026-05-26,2026-06-18,2026-06-17,23,Returned,0,368000
R_001733,EQ_00132,SITE_029,OP_0182,2024-03-05,2024-03-26,2024-03-23,21,Returned,0,147000
R_001734,EQ_00473,SITE_019,OP_0078,2025-11-28,2025-12-17,2025-12-17,19,Returned,0,570000
R_001735,EQ_00703,SITE_020,OP_0171,2024-08-03,2024-08-30,2024-08-30,27,Returned,0,432000
R_001736,EQ_00021,SITE_022,OP_0127,2024-01-25,2024-03-08,2024-03-08,43,Returned,0,602000
R_001737,EQ_00766,SITE_018,OP_0004,2025-10-26,2025-11-16,2025-11-16,21,Returned,1,630000
R_001738,EQ_00511,SITE_020,OP_0113,2024-03-19,2024-04-24,2024-04-24,36,Returned,0,252000
R_001739,EQ_00797,SITE_019,OP_0337,2025-09-11,2025-10-20,2025-10-20,39,Returned,0,702000
R_001740,EQ_00141,SITE_011,OP_0172,2024-04-16,2024-05-03,2024-05-03,17,Returned,0,306000
R_001741,EQ_00393,SITE_023,OP_0310,2025-01-23,2025-03-02,2025-03-02,38,Returned,1,684000
R_001742,EQ_00563,SITE_010,OP_0236,2025-11-04,2025-12-03,2025-12-03,29,Returned,1,522000
R_001743,EQ_00630,SITE_026,OP_0189,2026-07-05,2026-08-13,,39,Overdue,0,351000
R_001744,EQ_00374,SITE_001,OP_0171,2026-06-10,2026-07-14,2026-07-14,34,Returned,0,1020000
R_001745,EQ_00730,SITE_002,OP_0337,2025-03-06,2025-03-11,2025-03-12,5,Overdue Returned,0,35000
R_001746,EQ_00630,SITE_012,OP_0230,2024-03-09,2024-04-10,2024-04-10,32,Returned,0,288000
R_001747,EQ_00534,SITE_006,OP_0327,2024-08-22,2024-09-20,2024-09-20,29,Returned,1,464000
R_001748,EQ_00072,SITE_027,OP_0204,2024-03-25,2024-04-15,2024-04-17,21,Overdue Returned,1,336000
R_001749,EQ_00707,SITE_016,OP_0313,2026-05-26,2026-06-01,2026-06-03,6,Overdue Returned,0,132000
R_001750,EQ_00508,SITE_009,OP_0301,2026-06-06,2026-07-06,2026-07-06,30,Returned,0,540000
R_001751,EQ_00418,SITE_015,OP_0290,2025-12-31,2026-01-17,2026-01-15,17,Returned,0,306000
R_001752,EQ_00411,SITE_026,OP_0045,2024-11-06,2024-11-19,2024-11-21,13,Overdue Returned,0,286000
R_001753,EQ_00151,SITE_008,OP_0165,2024-10-30,2024-12-06,2024-12-06,37,Returned,0,666000
R_001754,EQ_00179,SITE_024,OP_0187,2025-03-09,2025-04-21,,43,Overdue,0,387000
R_001755,EQ_00719,SITE_025,OP_0263,2024-12-13,2025-01-16,2025-01-17,34,Overdue Returned,1,476000
R_001756,EQ_00464,SITE_026,OP_0061,2026-03-31,2026-04-12,2026-04-12,12,Returned,0,360000
R_001757,EQ_00435,SITE_021,OP_0142,2024-01-04,2024-02-02,2024-02-03,29,Overdue Returned,0,522000
R_001758,EQ_00409,SITE_006,OP_0014,2024-06-21,2024-06-26,2024-06-26,5,Returned,0,45000
R_001759,EQ_00647,SITE_025,OP_0153,2025-07-16,2025-08-12,2025-08-12,27,Returned,1,486000
R_001760,EQ_00760,SITE_023,OP_0343,2026-02-07,2026-02-14,,7,Active,1,154000
R_001761,EQ_00207,SITE_015,OP_0045,2024-05-25,2024-06-11,,17,Active,1,153000
R_001762,EQ_00480,SITE_021,OP_0058,2024-12-08,2024-12-25,2024-12-25,17,Returned,0,374000
R_001763,EQ_00653,SITE_029,OP_0179,2024-04-06,2024-05-09,2024-05-09,33,Returned,0,726000
R_001764,EQ_00339,SITE_030,OP_0098,2025-03-11,2025-04-13,2025-04-14,33,Overdue Returned,0,297000
R_001765,EQ_00023,SITE_013,OP_0001,2025-07-30,2025-08-15,,16,Overdue,1,112000
R_001766,EQ_00715,SITE_006,OP_0095,2024-11-29,2025-01-13,,45,Overdue,0,405000
R_001767,EQ_00502,SITE_021,OP_0294,2026-07-23,2026-08-19,2026-08-19,27,Returned,0,378000
R_001768,EQ_00354,SITE_029,OP_0257,2026-06-23,2026-07-28,2026-07-28,35,Returned,0,630000
R_001769,EQ_00639,SITE_012,OP_0161,2025-12-11,2026-01-06,,26,Overdue,0,468000
R_001770,EQ_00573,SITE_009,OP_0209,2025-07-12,2025-07-21,2025-07-23,9,Overdue Returned,0,144000
R_001771,EQ_00308,SITE_020,OP_0062,2026-04-30,2026-06-09,2026-06-09,40,Returned,0,360000
R_001772,EQ_00800,SITE_007,OP_0189,2025-09-03,2025-09-25,2025-09-25,22,Returned,0,484000
R_001773,EQ_00241,SITE_006,OP_0132,2025-08-22,2025-09-10,2025-09-10,19,Returned,0,133000
R_001774,EQ_00114,SITE_016,OP_0154,2025-12-18,2026-01-26,2026-01-24,39,Returned,0,858000
R_001775,EQ_00355,SITE_030,OP_0092,2026-03-13,2026-04-17,2026-04-16,35,Returned,0,560000
R_001776,EQ_00529,SITE_006,OP_0269,2025-02-14,2025-02-25,2025-02-25,11,Returned,0,242000
R_001777,EQ_00019,SITE_023,OP_0273,2024-08-21,2024-09-14,2024-09-14,24,Returned,0,216000
R_001778,EQ_00203,SITE_028,OP_0104,2026-04-09,2026-05-04,2026-05-05,25,Overdue Returned,0,750000
R_001779,EQ_00577,SITE_007,OP_0227,2026-06-12,2026-06-17,2026-06-17,5,Returned,0,45000
R_001780,EQ_00258,SITE_006,OP_0026,2026-07-20,2026-08-12,2026-08-14,23,Overdue Returned,0,322000
R_001781,EQ_00537,SITE_016,OP_0074,2024-08-09,2024-09-06,2024-09-06,28,Returned,0,196000
R_001782,EQ_00362,SITE_017,OP_0106,2024-10-03,2024-10-10,2024-10-15,7,Overdue Returned,0,112000
R_001783,EQ_00730,SITE_021,OP_0283,2026-05-25,2026-06-26,,32,Active,0,224000
R_001784,EQ_00206,SITE_006,OP_0051,2024-12-24,2025-01-30,2025-01-30,37,Returned,0,814000
R_001785,EQ_00313,SITE_025,OP_0132,2025-08-09,2025-09-20,2025-09-18,42,Returned,1,924000
R_001786,EQ_00415,SITE_009,OP_0347,2025-04-04,2025-04-14,2025-04-14,10,Returned,0,180000
R_001787,EQ_00320,SITE_028,OP_0029,2025-12-26,2026-01-01,,6,Active,0,132000
R_001788,EQ_00366,SITE_023,OP_0313,2025-06-20,2025-06-25,2025-06-23,5,Returned,0,70000
R_001789,EQ_00254,SITE_030,OP_0017,2026-05-18,2026-06-12,2026-06-12,25,Returned,1,750000
R_001790,EQ_00468,SITE_011,OP_0158,2025-07-25,2025-08-10,2025-08-10,16,Returned,0,480000
R_001791,EQ_00428,SITE_019,OP_0262,2026-05-09,2026-05-21,2026-05-21,12,Returned,0,216000
R_001792,EQ_00382,SITE_018,OP_0069,2025-01-30,2025-02-28,2025-02-27,29,Returned,0,203000
R_001793,EQ_00272,SITE_010,OP_0286,2026-04-04,2026-04-27,2026-04-27,23,Returned,0,414000
R_001794,EQ_00405,SITE_030,OP_0203,2024-11-19,2024-11-24,,5,Overdue,0,90000
R_001795,EQ_00254,SITE_002,OP_0222,2024-04-25,2024-05-01,2024-05-01,6,Returned,0,180000
R_001796,EQ_00562,SITE_019,OP_0189,2025-07-05,2025-08-07,2025-08-06,33,Returned,0,528000
R_001797,EQ_00170,SITE_003,OP_0070,2025-02-20,2025-04-04,2025-04-04,43,Returned,0,774000
R_001798,EQ_00739,SITE_023,OP_0319,2026-07-03,2026-07-22,2026-07-21,19,Returned,0,570000
R_001799,EQ_00037,SITE_023,OP_0079,2025-10-27,2025-11-15,2025-11-15,19,Returned,1,304000
R_001800,EQ_00636,SITE_017,OP_0059,2025-09-25,2025-11-08,2025-11-08,44,Returned,0,704000
R_001801,EQ_00736,SITE_022,OP_0252,2024-05-29,2024-06-23,2024-06-23,25,Returned,0,350000
R_001802,EQ_00293,SITE_030,OP_0349,2025-07-17,2025-08-07,,21,Active,0,378000
R_001803,EQ_00407,SITE_012,OP_0174,2026-05-06,2026-05-20,2026-05-20,14,Returned,0,98000
R_001804,EQ_00702,SITE_026,OP_0311,2024-06-08,2024-07-13,2024-07-12,35,Returned,1,770000
R_001805,EQ_00089,SITE_003,OP_0248,2025-08-06,2025-08-14,2025-08-14,8,Returned,0,144000
R_001806,EQ_00401,SITE_008,OP_0138,2024-11-30,2024-12-24,2024-12-24,24,Returned,0,168000
R_001807,EQ_00526,SITE_004,OP_0049,2026-04-02,2026-04-24,2026-04-24,22,Returned,1,154000
R_001808,EQ_00488,SITE_027,OP_0146,2025-01-20,2025-02-17,2025-02-17,28,Returned,1,504000
R_001809,EQ_00057,SITE_021,OP_0012,2024-04-08,2024-04-23,2024-04-23,15,Returned,0,210000
R_001810,EQ_00244,SITE_006,OP_0151,2025-10-20,2025-11-23,2025-11-23,34,Returned,0,612000
R_001811,EQ_00787,SITE_010,OP_0039,2024-12-28,2025-01-14,2025-01-14,17,Returned,0,238000
R_001812,EQ_00576,SITE_019,OP_0137,2025-05-25,2025-06-27,2025-07-02,33,Overdue Returned,1,462000
R_001813,EQ_00356,SITE_030,OP_0065,2026-02-16,2026-04-02,2026-03-31,45,Returned,0,1350000
R_001814,EQ_00240,SITE_020,OP_0305,2024-01-31,2024-02-25,2024-02-25,25,Returned,1,550000
R_001815,EQ_00069,SITE_025,OP_0072,2026-04-06,2026-04-16,2026-04-16,10,Returned,0,90000
R_001816,EQ_00416,SITE_001,OP_0290,2025-10-17,2025-11-21,2025-11-21,35,Returned,1,560000
R_001817,EQ_00741,SITE_026,OP_0019,2024-05-24,2024-07-06,2024-07-06,43,Returned,0,387000
R_001818,EQ_00311,SITE_022,OP_0271,2026-04-29,2026-05-10,2026-05-07,11,Returned,1,77000
R_001819,EQ_00358,SITE_027,OP_0058,2026-02-18,2026-03-12,2026-03-11,22,Returned,1,484000
R_001820,EQ_00420,SITE_009,OP_0296,2024-02-08,2024-03-12,2024-03-22,33,Overdue Returned,1,297000
R_001821,EQ_00025,SITE_001,OP_0006,2025-08-20,2025-10-01,2025-09-29,42,Returned,1,588000
R_001822,EQ_00138,SITE_015,OP_0029,2024-04-17,2024-05-10,,23,Active,1,414000
R_001823,EQ_00263,SITE_019,OP_0061,2025-05-07,2025-06-12,2025-06-12,36,Returned,0,324000
R_001824,EQ_00674,SITE_006,OP_0333,2026-05-21,2026-06-07,2026-06-09,17,Overdue Returned,0,306000
R_001825,EQ_00624,SITE_010,OP_0192,2024-12-27,2025-01-08,,12,Overdue,1,216000
R_001826,EQ_00244,SITE_001,OP_0221,2025-06-16,2025-07-15,2025-07-12,29,Returned,0,522000
R_001827,EQ_00394,SITE_006,OP_0050,2024-05-20,2024-06-03,2024-06-02,14,Returned,0,224000
R_001828,EQ_00093,SITE_018,OP_0030,2025-12-01,2025-12-20,2025-12-19,19,Returned,0,342000
R_001829,EQ_00447,SITE_005,OP_0239,2024-08-31,2024-09-27,2024-09-28,27,Overdue Returned,1,243000
R_001830,EQ_00430,SITE_008,OP_0263,2024-11-21,2024-12-21,,30,Active,0,420000
R_001831,EQ_00132,SITE_020,OP_0013,2025-01-26,2025-01-29,2025-01-28,3,Returned,0,21000
R_001832,EQ_00262,SITE_022,OP_0279,2025-03-08,2025-03-13,2025-03-15,5,Overdue Returned,0,35000
R_001833,EQ_00325,SITE_015,OP_0058,2024-03-07,2024-04-11,2024-04-21,35,Overdue Returned,1,560000
R_001834,EQ_00343,SITE_025,OP_0242,2025-01-04,2025-02-07,2025-02-07,34,Returned,0,238000
R_001835,EQ_00049,SITE_022,OP_0212,2024-03-04,2024-03-28,2024-03-28,24,Returned,0,720000
R_001836,EQ_00179,SITE_011,OP_0307,2025-09-04,2025-10-03,2025-10-05,29,Overdue Returned,0,261000
R_001837,EQ_00484,SITE_006,OP_0238,2024-03-11,2024-03-27,,16,Active,0,144000
R_001838,EQ_00734,SITE_022,OP_0087,2026-06-14,2026-07-28,2026-07-28,44,Returned,0,308000
R_001839,EQ_00444,SITE_007,OP_0034,2025-05-02,2025-06-10,,39,Active,0,858000
R_001840,EQ_00659,SITE_010,OP_0183,2025-05-17,2025-06-19,2025-06-19,33,Returned,0,297000
R_001841,EQ_00420,SITE_003,OP_0305,2024-04-29,2024-06-08,2024-06-06,40,Returned,0,360000
R_001842,EQ_00609,SITE_013,OP_0317,2025-12-28,2026-01-30,2026-01-30,33,Returned,0,462000
R_001843,EQ_00553,SITE_023,OP_0241,2025-01-31,2025-03-01,2025-03-01,29,Returned,1,203000
R_001844,EQ_00376,SITE_012,OP_0253,2026-04-06,2026-04-13,2026-04-13,7,Returned,0,154000
R_001845,EQ_00260,SITE_002,OP_0019,2024-05-16,2024-06-19,2024-06-19,34,Returned,0,306000
R_001846,EQ_00696,SITE_005,OP_0049,2024-12-01,2025-01-04,2025-01-09,34,Overdue Returned,0,238000
R_001847,EQ_00547,SITE_020,OP_0154,2025-05-19,2025-06-29,2025-07-04,41,Overdue Returned,0,369000
R_001848,EQ_00526,SITE_021,OP_0335,2025-06-23,2025-07-07,2025-07-07,14,Returned,0,98000
R_001849,EQ_00234,SITE_017,OP_0052,2026-01-02,2026-01-09,2026-01-09,7,Returned,0,154000
R_001850,EQ_00752,SITE_003,OP_0251,2025-06-08,2025-06-20,2025-06-20,12,Returned,1,216000
R_001851,EQ_00329,SITE_023,OP_0173,2026-08-07,2026-09-18,2026-09-17,42,Returned,1,756000
R_001852,EQ_00033,SITE_017,OP_0055,2025-08-14,2025-09-05,,22,Active,0,396000
R_001853,EQ_00573,SITE_021,OP_0049,2024-12-23,2025-02-06,,45,Active,0,720000
R_001854,EQ_00256,SITE_020,OP_0123,2024-12-07,2025-01-18,2025-01-18,42,Returned,0,756000
R_001855,EQ_00009,SITE_015,OP_0194,2025-10-02,2025-11-08,,37,Active,1,666000
R_001856,EQ_00294,SITE_002,OP_0164,2025-08-11,2025-09-19,2025-09-19,39,Returned,0,273000
R_001857,EQ_00014,SITE_004,OP_0265,2024-12-10,2025-01-18,2025-01-18,39,Returned,0,1170000
R_001858,EQ_00318,SITE_025,OP_0051,2025-04-22,2025-05-04,2025-05-04,12,Returned,0,168000
R_001859,EQ_00232,SITE_020,OP_0124,2025-10-17,2025-10-26,2025-10-26,9,Returned,0,162000
R_001860,EQ_00242,SITE_005,OP_0033,2026-04-13,2026-05-08,2026-05-08,25,Returned,0,450000
R_001861,EQ_00689,SITE_014,OP_0302,2026-06-17,2026-07-13,,26,Overdue,1,364000
R_001862,EQ_00082,SITE_017,OP_0147,2026-06-17,2026-06-26,2026-06-28,9,Overdue Returned,0,63000
R_001863,EQ_00799,SITE_008,OP_0255,2026-04-10,2026-05-18,2026-05-18,38,Returned,0,1140000
R_001864,EQ_00403,SITE_012,OP_0076,2025-09-11,2025-10-02,,21,Active,0,378000
R_001865,EQ_00736,SITE_028,OP_0106,2026-08-02,2026-08-14,2026-08-14,12,Returned,0,168000
R_001866,EQ_00042,SITE_024,OP_0218,2025-07-29,2025-09-12,,45,Overdue,0,315000
R_001867,EQ_00627,SITE_007,OP_0074,2025-05-30,2025-06-23,,24,Active,0,720000
R_001868,EQ_00188,SITE_022,OP_0054,2025-02-26,2025-03-01,2025-03-01,3,Returned,0,66000
R_001869,EQ_00147,SITE_003,OP_0195,2026-04-04,2026-04-19,2026-04-20,15,Overdue Returned,0,240000
R_001870,EQ_00624,SITE_001,OP_0148,2024-02-02,2024-03-09,2024-03-09,36,Returned,0,648000
R_001871,EQ_00402,SITE_012,OP_0129,2024-06-27,2024-07-10,2024-07-10,13,Returned,0,390000
R_001872,EQ_00469,SITE_018,OP_0125,2024-12-01,2024-12-26,2024-12-24,25,Returned,1,450000
R_001873,EQ_00393,SITE_003,OP_0068,2024-12-23,2024-12-26,2024-12-25,3,Returned,1,54000
R_001874,EQ_00179,SITE_022,OP_0208,2025-09-04,2025-10-05,,31,Active,0,279000
R_001875,EQ_00236,SITE_012,OP_0246,2026-06-07,2026-07-17,2026-07-17,40,Returned,0,560000
R_001876,EQ_00582,SITE_029,OP_0228,2025-08-08,2025-09-05,2025-09-06,28,Overdue Returned,0,840000
R_001877,EQ_00583,SITE_028,OP_0328,2026-06-20,2026-06-24,,4,Overdue,0,72000
R_001878,EQ_00505,SITE_027,OP_0001,2026-04-20,2026-05-20,2026-05-20,30,Returned,0,210000
R_001879,EQ_00335,SITE_009,OP_0340,2025-04-03,2025-04-10,2025-04-07,7,Returned,0,126000
R_001880,EQ_00009,SITE_027,OP_0228,2024-08-01,2024-09-11,,41,Active,0,738000
R_001881,EQ_00047,SITE_008,OP_0021,2026-03-21,2026-03-28,,7,Active,0,63000
R_001882,EQ_00091,SITE_003,OP_0177,2026-06-19,2026-06-26,2026-06-26,7,Returned,1,154000
R_001883,EQ_00711,SITE_013,OP_0275,2026-03-11,2026-03-27,2026-03-27,16,Returned,0,352000
R_001884,EQ_00514,SITE_004,OP_0169,2026-02-19,2026-03-01,2026-03-01,10,Returned,0,300000
R_001885,EQ_00423,SITE_025,OP_0307,2025-03-03,2025-03-24,,21,Active,0,189000
R_001886,EQ_00223,SITE_013,OP_0248,2025-11-07,2025-12-02,,25,Active,0,225000
R_001887,EQ_00764,SITE_013,OP_0109,2026-01-26,2026-02-23,,28,Active,0,392000
R_001888,EQ_00107,SITE_026,OP_0044,2026-04-05,2026-04-11,,6,Overdue,0,108000
R_001889,EQ_00276,SITE_009,OP_0094,2024-04-20,2024-05-04,2024-05-04,14,Returned,0,196000
R_001890,EQ_00198,SITE_017,OP_0076,2025-11-01,2025-11-13,2025-11-13,12,Returned,0,264000
R_001891,EQ_00299,SITE_021,OP_0133,2025-09-12,2025-09-24,,12,Active,0,216000
R_001892,EQ_00455,SITE_015,OP_0302,2026-07-03,2026-08-02,2026-08-03,30,Overdue Returned,1,210000
R_001893,EQ_00572,SITE_018,OP_0315,2025-09-12,2025-10-21,2025-10-23,39,Overdue Returned,0,273000
R_001894,EQ_00145,SITE_026,OP_0076,2025-04-12,2025-04-15,2025-04-15,3,Returned,0,21000
R_001895,EQ_00724,SITE_025,OP_0272,2025-09-03,2025-09-11,2025-09-11,8,Returned,1,112000
R_001896,EQ_00736,SITE_030,OP_0081,2025-07-04,2025-07-16,2025-07-14,12,Returned,0,168000
R_001897,EQ_00123,SITE_008,OP_0143,2026-04-21,2026-04-29,2026-04-29,8,Returned,0,128000
R_001898,EQ_00462,SITE_029,OP_0178,2024-11-05,2024-12-14,2024-12-11,39,Returned,0,546000
R_001899,EQ_00741,SITE_007,OP_0169,2024-09-02,2024-09-11,2024-09-11,9,Returned,0,81000
R_001900,EQ_00562,SITE_029,OP_0180,2024-05-27,2024-06-13,2024-06-13,17,Returned,0,272000
R_001901,EQ_00779,SITE_013,OP_0308,2025-06-07,2025-07-01,2025-07-01,24,Returned,0,432000
R_001902,EQ_00751,SITE_001,OP_0054,2024-03-11,2024-04-13,2024-04-13,33,Returned,0,297000
R_001903,EQ_00575,SITE_005,OP_0307,2024-06-20,2024-07-17,2024-07-17,27,Returned,0,189000
R_001904,EQ_00448,SITE_021,OP_0109,2025-05-25,2025-07-07,2025-07-07,43,Returned,1,774000
R_001905,EQ_00164,SITE_026,OP_0102,2025-09-22,2025-10-03,2025-10-01,11,Returned,1,176000
R_001906,EQ_00259,SITE_016,OP_0191,2024-11-09,2024-11-30,2024-12-01,21,Overdue Returned,0,630000
R_001907,EQ_00174,SITE_006,OP_0142,2024-03-18,2024-04-18,2024-04-18,31,Returned,0,558000
R_001908,EQ_00313,SITE_030,OP_0220,2025-06-29,2025-07-23,,24,Active,0,528000
R_001909,EQ_00740,SITE_003,OP_0112,2024-10-13,2024-11-14,2024-11-14,32,Returned,1,448000
R_001910,EQ_00485,SITE_015,OP_0119,2026-04-24,2026-05-29,,35,Active,0,245000
R_001911,EQ_00425,SITE_006,OP_0017,2025-02-03,2025-03-11,,36,Active,1,648000
R_001912,EQ_00282,SITE_002,OP_0238,2025-11-09,2025-12-21,2025-12-21,42,Returned,1,294000
R_001913,EQ_00574,SITE_019,OP_0153,2025-01-16,2025-02-18,,33,Active,0,990000
R_001914,EQ_00338,SITE_003,OP_0165,2026-07-25,2026-08-03,2026-08-03,9,Returned,0,126000
R_001915,EQ_00239,SITE_023,OP_0141,2025-08-27,2025-09-02,2025-09-02,6,Returned,0,84000
R_001916,EQ_00264,SITE_013,OP_0177,2026-01-27,2026-03-04,2026-03-06,36,Overdue Returned,0,504000
R_001917,EQ_00259,SITE_024,OP_0281,2024-12-13,2025-01-22,2025-01-27,40,Overdue Returned,1,1200000
R_001918,EQ_00506,SITE_026,OP_0148,2025-06-17,2025-07-17,2025-07-17,30,Returned,0,420000
R_001919,EQ_00764,SITE_028,OP_0052,2026-05-23,2026-06-28,2026-06-28,36,Returned,0,504000
R_001920,EQ_00126,SITE_018,OP_0221,2025-01-27,2025-03-09,2025-03-10,41,Overdue Returned,0,287000
R_001921,EQ_00433,SITE_021,OP_0322,2024-07-04,2024-08-17,2024-08-16,44,Returned,0,792000
R_001922,EQ_00102,SITE_029,OP_0279,2024-04-15,2024-05-11,2024-05-11,26,Returned,0,364000
R_001923,EQ_00413,SITE_030,OP_0213,2025-11-17,2025-12-23,2025-12-23,36,Returned,0,1080000
R_001924,EQ_00623,SITE_010,OP_0329,2025-11-24,2025-12-22,2025-12-22,28,Returned,0,196000
R_001925,EQ_00663,SITE_009,OP_0050,2025-12-01,2026-01-03,2026-01-08,33,Overdue Returned,0,462000
R_001926,EQ_00268,SITE_026,OP_0154,2024-08-06,2024-08-13,2024-08-10,7,Returned,0,49000
R_001927,EQ_00562,SITE_024,OP_0253,2025-05-14,2025-05-17,2025-05-17,3,Returned,0,48000
R_001928,EQ_00392,SITE_017,OP_0114,2025-07-28,2025-08-12,2025-08-14,15,Overdue Returned,0,135000
R_001929,EQ_00507,SITE_005,OP_0234,2024-11-04,2024-11-09,2024-11-08,5,Returned,1,45000
R_001930,EQ_00154,SITE_020,OP_0267,2024-12-01,2024-12-08,2024-12-08,7,Returned,0,154000
R_001931,EQ_00002,SITE_015,OP_0060,2024-07-08,2024-07-15,,7,Active,0,154000
R_001932,EQ_00585,SITE_007,OP_0334,2025-07-14,2025-07-30,2025-07-30,16,Returned,0,256000
R_001933,EQ_00096,SITE_006,OP_0250,2025-02-26,2025-03-10,2025-03-10,12,Returned,0,108000
R_001934,EQ_00055,SITE_011,OP_0313,2026-01-21,2026-02-04,,14,Active,0,252000
R_001935,EQ_00239,SITE_019,OP_0348,2024-10-19,2024-10-24,2024-10-24,5,Returned,0,70000
R_001936,EQ_00146,SITE_025,OP_0082,2025-05-11,2025-06-07,,27,Active,0,486000
R_001937,EQ_00781,SITE_002,OP_0337,2024-05-15,2024-05-22,2024-05-22,7,Returned,0,98000
R_001938,EQ_00096,SITE_001,OP_0104,2024-05-05,2024-05-14,2024-05-14,9,Returned,0,81000
R_001939,EQ_00740,SITE_018,OP_0084,2026-06-06,2026-06-17,2026-06-18,11,Overdue Returned,0,154000
R_001940,EQ_00234,SITE_007,OP_0243,2024-11-13,2024-12-18,2024-12-18,35,Returned,1,770000
R_001941,EQ_00053,SITE_017,OP_0162,2025-11-13,2025-11-26,2025-11-26,13,Returned,0,208000
R_001942,EQ_00559,SITE_007,OP_0290,2024-03-06,2024-03-19,2024-03-19,13,Returned,0,234000
R_001943,EQ_00194,SITE_008,OP_0068,2025-09-22,2025-10-15,2025-10-15,23,Returned,0,690000
R_001944,EQ_00185,SITE_020,OP_0054,2026-02-06,2026-02-20,2026-02-20,14,Returned,0,98000
R_001945,EQ_00247,SITE_012,OP_0209,2024-08-09,2024-09-16,2024-09-13,38,Returned,1,342000
R_001946,EQ_00237,SITE_025,OP_0341,2024-04-15,2024-04-22,2024-04-24,7,Overdue Returned,0,63000
R_001947,EQ_00112,SITE_020,OP_0134,2025-02-18,2025-04-02,,43,Active,0,602000
R_001948,EQ_00520,SITE_012,OP_0086,2025-09-02,2025-10-11,,39,Overdue,0,273000
R_001949,EQ_00529,SITE_010,OP_0051,2026-06-16,2026-07-06,2026-07-08,20,Overdue Returned,0,440000
R_001950,EQ_00275,SITE_027,OP_0060,2024-06-10,2024-06-21,2024-06-22,11,Overdue Returned,0,198000
R_001951,EQ_00651,SITE_003,OP_0244,2026-03-19,2026-05-03,2026-05-03,45,Returned,0,720000
R_001952,EQ_00275,SITE_008,OP_0320,2024-06-15,2024-06-23,2024-06-22,8,Returned,1,144000
R_001953,EQ_00399,SITE_028,OP_0032,2026-01-28,2026-02-05,2026-02-05,8,Returned,0,144000
R_001954,EQ_00188,SITE_019,OP_0142,2025-02-25,2025-04-04,2025-04-04,38,Returned,1,836000
R_001955,EQ_00659,SITE_022,OP_0310,2025-03-10,2025-04-06,2025-04-06,27,Returned,0,243000
R_001956,EQ_00103,SITE_009,OP_0212,2025-01-13,2025-01-21,2025-01-21,8,Returned,0,176000
R_001957,EQ_00190,SITE_021,OP_0088,2024-01-27,2024-02-10,2024-02-10,14,Returned,0,252000
R_001958,EQ_00376,SITE_011,OP_0006,2024-09-19,2024-10-12,2024-10-11,23,Returned,1,506000
R_001959,EQ_00314,SITE_023,OP_0224,2025-07-08,2025-08-01,2025-08-01,24,Returned,1,216000
R_001960,EQ_00404,SITE_015,OP_0249,2026-03-26,2026-05-01,2026-05-01,36,Returned,0,792000
R_001961,EQ_00195,SITE_020,OP_0264,2024-05-20,2024-05-31,2024-05-31,11,Returned,1,330000
R_001962,EQ_00397,SITE_009,OP_0222,2025-11-23,2026-01-02,2026-01-02,40,Returned,0,1200000
R_001963,EQ_00209,SITE_020,OP_0093,2026-06-04,2026-06-14,2026-06-13,10,Returned,0,220000
R_001964,EQ_00525,SITE_017,OP_0223,2024-03-09,2024-03-21,,12,Overdue,0,264000
R_001965,EQ_00428,SITE_029,OP_0291,2024-10-05,2024-11-01,2024-10-29,27,Returned,0,486000
R_001966,EQ_00574,SITE_027,OP_0093,2026-04-10,2026-04-21,2026-04-26,11,Overdue Returned,0,330000
R_001967,EQ_00617,SITE_026,OP_0270,2024-10-05,2024-11-16,2024-11-16,42,Returned,0,672000
R_001968,EQ_00425,SITE_020,OP_0023,2025-08-26,2025-09-25,2025-09-26,30,Overdue Returned,0,540000
R_001969,EQ_00352,SITE_027,OP_0335,2024-06-01,2024-06-19,2024-06-19,18,Returned,0,252000
R_001970,EQ_00595,SITE_023,OP_0181,2024-05-12,2024-05-17,2024-05-17,5,Returned,0,45000
R_001971,EQ_00508,SITE_004,OP_0155,2026-06-06,2026-07-06,2026-07-16,30,Overdue Returned,0,540000
R_001972,EQ_00231,SITE_029,OP_0199,2024-02-01,2024-02-21,,20,Active,0,440000
R_001973,EQ_00409,SITE_006,OP_0166,2025-05-23,2025-06-16,,24,Active,0,216000
R_001974,EQ_00342,SITE_023,OP_0217,2025-10-22,2025-11-24,,33,Active,0,594000
R_001975,EQ_00176,SITE_008,OP_0339,2026-06-04,2026-06-18,2026-06-16,14,Returned,0,98000
R_001976,EQ_00505,SITE_026,OP_0275,2024-06-24,2024-07-21,2024-07-23,27,Overdue Returned,0,189000
R_001977,EQ_00667,SITE_008,OP_0067,2024-06-01,2024-06-09,,8,Active,0,72000
R_001978,EQ_00492,SITE_022,OP_0239,2025-02-10,2025-02-19,2025-02-21,9,Overdue Returned,0,198000
R_001979,EQ_00157,SITE_004,OP_0259,2024-01-24,2024-03-09,2024-03-09,45,Returned,1,1350000
R_001980,EQ_00620,SITE_026,OP_0280,2024-07-13,2024-07-23,2024-07-23,10,Returned,0,140000
R_001981,EQ_00386,SITE_004,OP_0160,2025-10-15,2025-10-31,,16,Overdue,0,144000
R_001982,EQ_00255,SITE_002,OP_0298,2024-02-11,2024-02-27,2024-02-29,16,Overdue Returned,1,288000
R_001983,EQ_00457,SITE_014,OP_0267,2025-11-03,2025-11-26,2025-11-25,23,Returned,0,161000
R_001984,EQ_00662,SITE_006,OP_0219,2026-03-23,2026-04-20,2026-04-20,28,Returned,0,196000
R_001985,EQ_00113,SITE_024,OP_0144,2024-11-28,2024-12-02,2024-12-03,4,Overdue Returned,0,28000
R_001986,EQ_00194,SITE_017,OP_0335,2026-01-14,2026-01-23,,9,Overdue,0,270000
R_001987,EQ_00503,SITE_022,OP_0094,2024-10-24,2024-11-19,2024-11-19,26,Returned,1,182000
R_001988,EQ_00018,SITE_030,OP_0102,2026-05-07,2026-06-18,2026-06-23,42,Overdue Returned,0,588000
R_001989,EQ_00002,SITE_016,OP_0209,2026-03-07,2026-04-17,2026-04-17,41,Returned,0,902000
R_001990,EQ_00227,SITE_004,OP_0324,2025-05-01,2025-05-11,2025-05-16,10,Overdue Returned,0,70000
R_001991,EQ_00354,SITE_003,OP_0311,2025-08-25,2025-09-21,2025-09-21,27,Returned,0,486000
R_001992,EQ_00049,SITE_016,OP_0193,2025-01-12,2025-02-08,2025-02-08,27,Returned,0,810000
R_001993,EQ_00123,SITE_030,OP_0034,2024-09-18,2024-10-05,2024-10-06,17,Overdue Returned,0,272000
R_001994,EQ_00259,SITE_025,OP_0122,2024-09-02,2024-10-04,2024-10-04,32,Returned,1,960000
R_001995,EQ_00063,SITE_025,OP_0095,2025-05-03,2025-05-30,2025-05-30,27,Returned,0,378000
R_001996,EQ_00381,SITE_007,OP_0092,2025-02-20,2025-03-31,2025-03-30,39,Returned,0,351000
R_001997,EQ_00437,SITE_008,OP_0287,2025-05-22,2025-06-03,2025-06-03,12,Returned,0,192000
R_001998,EQ_00734,SITE_012,OP_0143,2026-02-20,2026-04-05,,44,Active,0,308000
R_001999,EQ_00727,SITE_019,OP_0083,2026-01-22,2026-02-01,2026-02-01,10,Returned,0,300000
R_002000,EQ_00615,SITE_027,OP_0205,2024-10-05,2024-10-16,2024-10-16,11,Returned,0,198000
R_002001,EQ_00570,SITE_002,OP_0113,2025-01-10,2025-01-16,,6,Active,0,132000
R_002002,EQ_00664,SITE_026,OP_0025,2026-04-07,2026-05-08,2026-05-07,31,Returned,0,682000
R_002003,EQ_00095,SITE_025,OP_0187,2024-07-24,2024-08-01,2024-08-01,8,Returned,1,72000
R_002004,EQ_00063,SITE_030,OP_0139,2024-11-11,2024-12-13,,32,Active,0,448000
R_002005,EQ_00150,SITE_019,OP_0259,2024-07-26,2024-08-30,2024-08-30,35,Returned,0,630000
R_002006,EQ_00380,SITE_005,OP_0067,2024-06-08,2024-07-15,2024-07-17,37,Overdue Returned,0,518000
R_002007,EQ_00188,SITE_011,OP_0145,2026-03-08,2026-04-08,2026-04-08,31,Returned,1,682000
R_002008,EQ_00436,SITE_028,OP_0276,2024-10-20,2024-11-12,2024-11-12,23,Returned,0,368000
R_002009,EQ_00400,SITE_018,OP_0079,2025-02-08,2025-02-24,2025-02-24,16,Returned,0,144000
R_002010,EQ_00607,SITE_029,OP_0212,2026-04-21,2026-06-05,2026-06-05,45,Returned,0,720000
R_002011,EQ_00602,SITE_006,OP_0305,2025-10-16,2025-11-10,2025-11-10,25,Returned,0,350000
R_002012,EQ_00360,SITE_005,OP_0312,2025-12-12,2026-01-03,2026-01-02,22,Returned,0,308000
R_002013,EQ_00431,SITE_004,OP_0240,2024-03-04,2024-03-29,2024-03-29,25,Returned,0,350000
R_002014,EQ_00294,SITE_027,OP_0123,2025-01-18,2025-01-21,2025-01-20,3,Returned,0,21000
R_002015,EQ_00744,SITE_004,OP_0229,2024-01-05,2024-02-12,,38,Active,0,836000
R_002016,EQ_00558,SITE_026,OP_0034,2025-09-04,2025-10-19,,45,Active,0,630000
R_002017,EQ_00241,SITE_004,OP_0307,2025-11-15,2025-12-05,2025-12-05,20,Returned,0,140000
R_002018,EQ_00770,SITE_002,OP_0214,2025-10-07,2025-11-21,2025-11-20,45,Returned,1,990000
R_002019,EQ_00240,SITE_025,OP_0069,2024-05-17,2024-05-21,2024-05-21,4,Returned,1,88000
R_002020,EQ_00307,SITE_025,OP_0010,2024-07-09,2024-08-05,2024-08-05,27,Returned,0,432000
R_002021,EQ_00217,SITE_010,OP_0323,2026-06-13,2026-06-27,,14,Active,0,252000
R_002022,EQ_00474,SITE_001,OP_0001,2024-01-05,2024-02-10,,36,Active,0,792000
R_002023,EQ_00137,SITE_019,OP_0004,2025-09-19,2025-10-30,2025-10-30,41,Returned,0,369000
R_002024,EQ_00117,SITE_007,OP_0006,2025-10-31,2025-12-10,2025-12-11,40,Overdue Returned,0,560000
R_002025,EQ_00745,SITE_022,OP_0323,2026-08-02,2026-09-13,2026-09-13,42,Returned,0,756000
R_002026,EQ_00351,SITE_023,OP_0219,2024-02-28,2024-03-22,2024-03-22,23,Returned,1,322000
R_002027,EQ_00053,SITE_004,OP_0268,2026-03-30,2026-04-14,2026-04-14,15,Returned,0,240000
R_002028,EQ_00663,SITE_028,OP_0173,2024-11-25,2024-12-30,2024-12-30,35,Returned,0,490000
R_002029,EQ_00113,SITE_002,OP_0233,2024-06-15,2024-07-10,2024-07-07,25,Returned,0,175000
R_002030,EQ_00626,SITE_023,OP_0059,2026-05-10,2026-05-30,2026-05-30,20,Returned,1,280000
R_002031,EQ_00402,SITE_023,OP_0147,2026-03-26,2026-04-18,,23,Active,0,690000
R_002032,EQ_00273,SITE_023,OP_0146,2024-11-27,2024-12-04,2024-12-02,7,Returned,0,154000
R_002033,EQ_00405,SITE_004,OP_0173,2026-03-04,2026-04-01,,28,Active,0,504000
R_002034,EQ_00435,SITE_027,OP_0221,2025-11-29,2025-12-09,2025-12-09,10,Returned,0,180000
R_002035,EQ_00666,SITE_028,OP_0289,2026-06-06,2026-07-21,2026-07-21,45,Returned,0,1350000
R_002036,EQ_00159,SITE_004,OP_0197,2025-12-23,2025-12-31,2026-01-01,8,Overdue Returned,1,56000
R_002037,EQ_00102,SITE_011,OP_0333,2025-05-03,2025-05-13,,10,Active,0,140000
R_002038,EQ_00094,SITE_012,OP_0073,2024-04-25,2024-05-10,,15,Active,0,135000
R_002039,EQ_00659,SITE_001,OP_0299,2024-06-23,2024-07-25,2024-07-22,32,Returned,0,288000
R_002040,EQ_00601,SITE_014,OP_0338,2024-05-30,2024-06-08,2024-06-08,9,Returned,0,126000
R_002041,EQ_00138,SITE_023,OP_0126,2026-01-07,2026-01-29,2026-01-31,22,Overdue Returned,1,396000
R_002042,EQ_00318,SITE_013,OP_0286,2025-03-22,2025-04-11,2025-04-13,20,Overdue Returned,0,280000
R_002043,EQ_00563,SITE_002,OP_0021,2024-01-22,2024-02-23,,32,Active,1,576000
R_002044,EQ_00165,SITE_003,OP_0100,2024-03-26,2024-04-25,2024-04-25,30,Returned,0,660000
R_002045,EQ_00065,SITE_015,OP_0245,2024-08-04,2024-09-09,2024-09-10,36,Overdue Returned,1,324000
R_002046,EQ_00794,SITE_005,OP_0165,2025-05-25,2025-06-02,2025-06-02,8,Returned,0,56000
R_002047,EQ_00750,SITE_011,OP_0090,2024-08-10,2024-09-24,2024-09-26,45,Overdue Returned,1,720000
R_002048,EQ_00768,SITE_001,OP_0058,2025-10-06,2025-10-16,2025-10-16,10,Returned,0,180000
R_002049,EQ_00515,SITE_006,OP_0266,2024-03-30,2024-04-28,2024-04-28,29,Returned,0,522000
R_002050,EQ_00062,SITE_008,OP_0343,2025-11-24,2025-12-04,2025-12-04,10,Returned,0,70000
R_002051,EQ_00647,SITE_016,OP_0347,2026-04-07,2026-04-30,2026-04-30,23,Returned,0,414000
R_002052,EQ_00668,SITE_030,OP_0290,2024-05-19,2024-05-22,2024-05-22,3,Returned,0,90000
R_002053,EQ_00650,SITE_013,OP_0118,2025-02-03,2025-03-18,,43,Active,0,946000
R_002054,EQ_00314,SITE_022,OP_0317,2024-02-28,2024-04-02,2024-04-02,34,Returned,1,306000
R_002055,EQ_00527,SITE_012,OP_0063,2026-02-26,2026-03-10,,12,Active,0,216000
R_002056,EQ_00151,SITE_011,OP_0215,2025-08-01,2025-08-26,2025-08-26,25,Returned,0,450000
R_002057,EQ_00309,SITE_020,OP_0081,2024-07-22,2024-08-29,2024-08-29,38,Returned,0,684000
R_002058,EQ_00466,SITE_027,OP_0192,2024-02-10,2024-02-20,2024-02-20,10,Returned,0,220000
R_002059,EQ_00580,SITE_017,OP_0259,2025-10-01,2025-10-23,2025-10-23,22,Returned,0,352000
R_002060,EQ_00523,SITE_021,OP_0039,2024-12-24,2025-01-24,2025-01-23,31,Returned,1,558000
R_002061,EQ_00501,SITE_004,OP_0117,2024-10-24,2024-12-07,2024-12-07,44,Returned,0,396000
R_002062,EQ_00794,SITE_020,OP_0323,2024-06-03,2024-07-17,2024-07-19,44,Overdue Returned,0,308000
R_002063,EQ_00444,SITE_005,OP_0088,2025-12-24,2026-01-20,2026-01-20,27,Returned,0,594000
R_002064,EQ_00011,SITE_029,OP_0247,2024-03-08,2024-03-11,2024-03-11,3,Returned,0,54000
R_002065,EQ_00139,SITE_002,OP_0236,2026-05-02,2026-05-12,2026-05-12,10,Returned,0,180000
R_002066,EQ_00289,SITE_016,OP_0119,2025-09-26,2025-10-07,2025-10-07,11,Returned,1,198000
R_002067,EQ_00605,SITE_014,OP_0050,2025-02-09,2025-03-26,2025-03-26,45,Returned,0,810000
R_002068,EQ_00626,SITE_020,OP_0313,2025-10-09,2025-10-21,2025-10-26,12,Overdue Returned,0,168000
R_002069,EQ_00488,SITE_016,OP_0286,2026-07-17,2026-07-21,2026-07-21,4,Returned,0,72000
R_002070,EQ_00249,SITE_001,OP_0002,2025-03-03,2025-04-17,2025-04-22,45,Overdue Returned,0,1350000
R_002071,EQ_00532,SITE_020,OP_0067,2026-05-08,2026-05-19,2026-05-29,11,Overdue Returned,0,77000
R_002072,EQ_00774,SITE_018,OP_0269,2025-07-15,2025-08-09,2025-08-09,25,Returned,1,450000
R_002073,EQ_00221,SITE_001,OP_0327,2024-08-31,2024-10-07,2024-10-07,37,Returned,0,666000
R_002074,EQ_00348,SITE_014,OP_0231,2026-02-01,2026-03-04,,31,Overdue,1,217000
R_002075,EQ_00073,SITE_027,OP_0068,2025-08-12,2025-09-12,,31,Active,0,558000
R_002076,EQ_00165,SITE_019,OP_0053,2025-06-22,2025-07-08,2025-07-08,16,Returned,1,352000
R_002077,EQ_00381,SITE_001,OP_0209,2026-01-09,2026-02-02,2026-02-02,24,Returned,1,216000
R_002078,EQ_00141,SITE_029,OP_0117,2025-02-10,2025-03-17,2025-03-17,35,Returned,1,630000
R_002079,EQ_00698,SITE_001,OP_0026,2026-01-09,2026-02-07,2026-02-07,29,Returned,0,406000
R_002080,EQ_00787,SITE_004,OP_0318,2025-01-30,2025-02-12,2025-02-12,13,Returned,0,182000
R_002081,EQ_00551,SITE_008,OP_0309,2025-03-04,2025-03-24,2025-03-24,20,Returned,0,360000
R_002082,EQ_00366,SITE_015,OP_0134,2026-07-25,2026-08-01,,7,Active,0,98000
R_002083,EQ_00168,SITE_002,OP_0302,2024-04-19,2024-05-04,2024-05-02,15,Returned,0,450000
R_002084,EQ_00078,SITE_023,OP_0055,2026-05-19,2026-06-27,,39,Overdue,1,273000
R_002085,EQ_00178,SITE_019,OP_0322,2025-11-18,2025-12-02,,14,Active,0,126000
R_002086,EQ_00591,SITE_024,OP_0258,2024-05-07,2024-06-13,2024-06-13,37,Returned,0,259000
R_002087,EQ_00226,SITE_003,OP_0154,2025-02-02,2025-02-22,2025-02-19,20,Returned,0,180000
R_002088,EQ_00074,SITE_002,OP_0106,2025-01-22,2025-03-07,2025-03-07,44,Returned,0,396000
R_002089,EQ_00718,SITE_013,OP_0110,2024-10-13,2024-10-16,2024-10-13,3,Returned,0,21000
R_002090,EQ_00540,SITE_027,OP_0179,2025-10-18,2025-10-22,2025-10-27,4,Overdue Returned,0,120000
R_002091,EQ_00521,SITE_028,OP_0288,2024-07-14,2024-08-28,,45,Overdue,0,405000
R_002092,EQ_00595,SITE_006,OP_0091,2024-11-26,2024-12-18,2024-12-15,22,Returned,1,198000
R_002093,EQ_00265,SITE_020,OP_0093,2025-02-13,2025-03-14,,29,Active,0,870000
R_002094,EQ_00199,SITE_011,OP_0349,2025-11-23,2025-12-30,,37,Overdue,1,592000
R_002095,EQ_00661,SITE_004,OP_0035,2024-03-02,2024-04-01,2024-04-01,30,Returned,0,480000
R_002096,EQ_00733,SITE_004,OP_0214,2026-05-10,2026-05-22,2026-05-22,12,Returned,0,84000
R_002097,EQ_00086,SITE_011,OP_0042,2025-10-04,2025-10-27,2025-10-27,23,Returned,1,368000
R_002098,EQ_00061,SITE_010,OP_0213,2025-03-23,2025-03-30,2025-03-31,7,Overdue Returned,1,49000
R_002099,EQ_00250,SITE_008,OP_0048,2025-12-01,2026-01-12,2026-01-12,42,Returned,0,294000
R_002100,EQ_00219,SITE_003,OP_0309,2026-06-17,2026-07-07,2026-07-07,20,Returned,0,360000
R_002101,EQ_00481,SITE_012,OP_0280,2026-01-20,2026-01-28,2026-01-28,8,Returned,0,112000
R_002102,EQ_00793,SITE_004,OP_0121,2024-01-29,2024-03-13,2024-03-13,44,Returned,0,308000
R_002103,EQ_00313,SITE_030,OP_0168,2026-07-01,2026-08-08,2026-08-08,38,Returned,0,836000
R_002104,EQ_00349,SITE_018,OP_0291,2024-06-03,2024-06-27,2024-06-27,24,Returned,0,432000
R_002105,EQ_00241,SITE_010,OP_0237,2024-04-22,2024-05-01,2024-05-01,9,Returned,0,63000
R_002106,EQ_00623,SITE_001,OP_0293,2024-04-21,2024-05-11,2024-05-16,20,Overdue Returned,1,140000
R_002107,EQ_00750,SITE_004,OP_0070,2026-04-20,2026-05-10,2026-05-10,20,Returned,1,320000
R_002108,EQ_00050,SITE_005,OP_0130,2024-09-05,2024-09-30,2024-09-30,25,Returned,0,175000
R_002109,EQ_00380,SITE_005,OP_0025,2026-01-26,2026-03-11,2026-03-09,44,Returned,0,616000
R_002110,EQ_00468,SITE_005,OP_0175,2025-02-09,2025-03-08,2025-03-08,27,Returned,0,810000
R_002111,EQ_00158,SITE_003,OP_0299,2024-07-17,2024-07-25,2024-07-25,8,Returned,0,112000
R_002112,EQ_00591,SITE_021,OP_0228,2026-02-27,2026-04-02,2026-04-01,34,Returned,0,238000
R_002113,EQ_00203,SITE_014,OP_0101,2025-07-17,2025-07-22,2025-07-22,5,Returned,1,150000
R_002114,EQ_00364,SITE_005,OP_0333,2025-01-07,2025-01-25,2025-01-25,18,Returned,0,540000
R_002115,EQ_00742,SITE_005,OP_0303,2025-01-09,2025-02-07,2025-02-06,29,Returned,0,261000
R_002116,EQ_00699,SITE_004,OP_0183,2024-01-24,2024-03-09,2024-03-10,45,Overdue Returned,1,990000
R_002117,EQ_00417,SITE_025,OP_0339,2025-01-16,2025-01-29,2025-01-29,13,Returned,0,182000
R_002118,EQ_00496,SITE_016,OP_0150,2025-03-10,2025-03-17,2025-03-18,7,Overdue Returned,1,63000
R_002119,EQ_00496,SITE_010,OP_0229,2025-06-22,2025-08-03,2025-08-03,42,Returned,1,378000
R_002120,EQ_00186,SITE_005,OP_0047,2025-01-12,2025-02-17,2025-02-18,36,Overdue Returned,0,504000
R_002121,EQ_00347,SITE_012,OP_0271,2024-12-16,2025-01-03,2025-01-03,18,Returned,0,396000
R_002122,EQ_00601,SITE_004,OP_0298,2024-10-09,2024-10-26,2024-10-26,17,Returned,0,238000
R_002123,EQ_00775,SITE_018,OP_0203,2025-08-02,2025-09-11,2025-09-11,40,Returned,0,360000
R_002124,EQ_00669,SITE_030,OP_0092,2026-03-03,2026-03-10,2026-03-09,7,Returned,1,63000
R_002125,EQ_00100,SITE_019,OP_0302,2025-07-21,2025-07-28,2025-07-28,7,Returned,0,210000
R_002126,EQ_00629,SITE_030,OP_0319,2024-04-10,2024-05-07,2024-05-07,27,Returned,1,243000
R_002127,EQ_00058,SITE_028,OP_0081,2024-09-06,2024-10-17,2024-10-22,41,Overdue Returned,1,287000
R_002128,EQ_00722,SITE_015,OP_0058,2024-05-25,2024-06-08,2024-06-09,14,Overdue Returned,0,126000
R_002129,EQ_00115,SITE_030,OP_0346,2024-10-09,2024-10-16,2024-10-15,7,Returned,0,49000
R_002130,EQ_00261,SITE_010,OP_0276,2024-02-24,2024-02-29,,5,Overdue,0,110000
R_002131,EQ_00692,SITE_004,OP_0141,2025-05-18,2025-05-28,,10,Active,0,180000
R_002132,EQ_00795,SITE_004,OP_0008,2025-08-31,2025-09-05,,5,Active,0,35000
R_002133,EQ_00233,SITE_021,OP_0335,2025-12-03,2025-12-21,2025-12-21,18,Returned,0,396000
R_002134,EQ_00338,SITE_030,OP_0305,2024-04-17,2024-05-04,2024-05-09,17,Overdue Returned,0,238000
R_002135,EQ_00149,SITE_021,OP_0138,2025-05-28,2025-07-07,2025-07-17,40,Overdue Returned,0,720000
R_002136,EQ_00664,SITE_030,OP_0301,2025-03-29,2025-04-13,2025-04-13,15,Returned,0,330000
R_002137,EQ_00761,SITE_020,OP_0079,2025-08-30,2025-10-02,,33,Active,0,462000
R_002138,EQ_00419,SITE_007,OP_0275,2026-06-03,2026-07-04,2026-07-02,31,Returned,0,558000
R_002139,EQ_00473,SITE_020,OP_0188,2025-09-02,2025-10-13,,41,Active,0,1230000
R_002140,EQ_00100,SITE_030,OP_0114,2025-02-22,2025-04-01,2025-04-01,38,Returned,0,1140000
R_002141,EQ_00776,SITE_019,OP_0065,2024-02-20,2024-04-04,2024-04-04,44,Returned,0,308000
R_002142,EQ_00339,SITE_024,OP_0230,2025-07-23,2025-07-26,,3,Active,0,27000
R_002143,EQ_00481,SITE_009,OP_0312,2026-05-23,2026-06-04,2026-06-04,12,Returned,0,168000
R_002144,EQ_00390,SITE_030,OP_0305,2024-06-22,2024-06-30,2024-07-10,8,Overdue Returned,0,144000
R_002145,EQ_00359,SITE_001,OP_0342,2025-11-03,2025-11-20,2025-11-21,17,Overdue Returned,0,374000
R_002146,EQ_00489,SITE_008,OP_0348,2026-07-03,2026-07-08,2026-07-08,5,Returned,0,45000
R_002147,EQ_00460,SITE_010,OP_0034,2026-04-28,2026-05-23,2026-05-24,25,Overdue Returned,0,750000
R_002148,EQ_00366,SITE_009,OP_0331,2026-03-25,2026-04-01,2026-04-01,7,Returned,0,98000
R_002149,EQ_00037,SITE_001,OP_0063,2024-09-04,2024-09-19,2024-09-18,15,Returned,0,240000
R_002150,EQ_00684,SITE_010,OP_0259,2024-02-17,2024-03-08,2024-03-08,20,Returned,0,440000
R_002151,EQ_00122,SITE_024,OP_0321,2025-08-15,2025-09-19,2025-09-19,35,Returned,1,315000
R_002152,EQ_00609,SITE_017,OP_0279,2025-04-14,2025-04-28,2025-04-28,14,Returned,1,196000
R_002153,EQ_00624,SITE_011,OP_0210,2024-06-25,2024-07-23,2024-07-23,28,Returned,0,504000
R_002154,EQ_00764,SITE_012,OP_0043,2026-06-09,2026-07-08,2026-07-13,29,Overdue Returned,0,406000
R_002155,EQ_00157,SITE_013,OP_0346,2026-01-12,2026-02-08,2026-02-10,27,Overdue Returned,0,810000
R_002156,EQ_00244,SITE_012,OP_0219,2024-02-11,2024-03-15,,33,Overdue,0,594000
R_002157,EQ_00461,SITE_007,OP_0057,2024-07-05,2024-07-20,,15,Active,0,210000
R_002158,EQ_00441,SITE_019,OP_0116,2024-08-20,2024-09-15,2024-09-15,26,Returned,1,468000
R_002159,EQ_00168,SITE_005,OP_0046,2024-01-27,2024-02-13,2024-02-13,17,Returned,1,510000
R_002160,EQ_00578,SITE_030,OP_0180,2025-11-18,2025-12-04,2025-12-04,16,Returned,0,352000
R_002161,EQ_00716,SITE_001,OP_0201,2025-10-15,2025-10-24,2025-10-24,9,Returned,1,198000
R_002162,EQ_00089,SITE_004,OP_0116,2024-11-11,2024-11-20,2024-11-20,9,Returned,0,162000
R_002163,EQ_00078,SITE_002,OP_0019,2026-04-07,2026-04-21,2026-04-21,14,Returned,0,98000
R_002164,EQ_00245,SITE_024,OP_0044,2024-01-17,2024-02-22,2024-02-22,36,Returned,1,792000
R_002165,EQ_00761,SITE_029,OP_0189,2024-05-31,2024-07-05,2024-07-10,35,Overdue Returned,0,490000
R_002166,EQ_00162,SITE_016,OP_0136,2024-06-28,2024-07-28,2024-07-28,30,Returned,0,540000
R_002167,EQ_00737,SITE_008,OP_0077,2025-08-05,2025-08-14,2025-08-14,9,Returned,1,81000
R_002168,EQ_00071,SITE_006,OP_0239,2025-09-24,2025-10-29,,35,Overdue,0,245000
R_002169,EQ_00698,SITE_014,OP_0275,2025-09-29,2025-11-04,,36,Active,0,504000
R_002170,EQ_00015,SITE_010,OP_0148,2025-01-08,2025-01-29,2025-01-30,21,Overdue Returned,1,462000
R_002171,EQ_00073,SITE_025,OP_0237,2025-04-30,2025-05-19,,19,Active,1,342000
R_002172,EQ_00297,SITE_030,OP_0191,2025-08-30,2025-09-27,2025-09-27,28,Returned,0,504000
R_002173,EQ_00680,SITE_017,OP_0271,2026-04-11,2026-04-23,2026-04-23,12,Returned,0,108000
R_002174,EQ_00688,SITE_021,OP_0202,2026-04-23,2026-05-22,2026-05-24,29,Overdue Returned,0,522000
R_002175,EQ_00629,SITE_003,OP_0187,2024-09-30,2024-10-10,,10,Active,1,90000
R_002176,EQ_00693,SITE_024,OP_0068,2024-02-21,2024-03-13,2024-03-13,21,Returned,0,147000
R_002177,EQ_00755,SITE_009,OP_0141,2024-10-23,2024-11-07,2024-11-07,15,Returned,0,135000
R_002178,EQ_00525,SITE_004,OP_0133,2026-04-08,2026-04-25,2026-04-30,17,Overdue Returned,1,374000
R_002179,EQ_00728,SITE_012,OP_0112,2025-07-29,2025-09-05,,38,Active,0,836000
R_002180,EQ_00419,SITE_008,OP_0152,2025-06-30,2025-08-08,2025-08-08,39,Returned,0,702000
R_002181,EQ_00186,SITE_012,OP_0090,2026-07-25,2026-08-19,2026-08-20,25,Overdue Returned,0,350000
R_002182,EQ_00578,SITE_016,OP_0247,2025-12-24,2026-01-20,2026-01-19,27,Returned,0,594000
R_002183,EQ_00239,SITE_019,OP_0325,2025-02-21,2025-03-21,2025-03-21,28,Returned,0,392000
R_002184,EQ_00690,SITE_009,OP_0088,2025-07-16,2025-08-15,2025-08-15,30,Returned,1,210000
R_002185,EQ_00507,SITE_006,OP_0111,2025-07-29,2025-08-06,2025-08-05,8,Returned,0,72000
R_002186,EQ_00254,SITE_001,OP_0195,2025-10-20,2025-11-17,2025-11-14,28,Returned,0,840000
R_002187,EQ_00370,SITE_010,OP_0025,2025-08-01,2025-08-19,2025-08-19,18,Returned,0,396000
R_002188,EQ_00771,SITE_028,OP_0243,2024-12-09,2025-01-09,2025-01-14,31,Overdue Returned,0,930000
R_002189,EQ_00604,SITE_016,OP_0173,2026-03-07,2026-04-16,,40,Overdue,0,280000
R_002190,EQ_00211,SITE_002,OP_0319,2025-10-06,2025-10-22,,16,Active,0,144000
R_002191,EQ_00633,SITE_021,OP_0045,2024-11-21,2024-12-22,2024-12-19,31,Returned,0,496000
R_002192,EQ_00527,SITE_030,OP_0081,2026-05-30,2026-06-03,2026-06-04,4,Overdue Returned,0,72000
R_002193,EQ_00282,SITE_023,OP_0117,2026-01-19,2026-03-04,2026-03-04,44,Returned,0,308000
R_002194,EQ_00646,SITE_004,OP_0178,2026-04-05,2026-04-12,2026-04-12,7,Returned,0,126000
R_002195,EQ_00001,SITE_019,OP_0178,2025-12-09,2025-12-28,2025-12-28,19,Returned,0,418000
R_002196,EQ_00096,SITE_011,OP_0307,2024-10-24,2024-11-06,2024-11-06,13,Returned,0,117000
R_002197,EQ_00483,SITE_009,OP_0257,2024-12-09,2025-01-03,2025-01-05,25,Overdue Returned,0,175000
R_002198,EQ_00149,SITE_029,OP_0111,2024-10-01,2024-10-25,,24,Active,0,432000
R_002199,EQ_00152,SITE_025,OP_0051,2025-02-28,2025-04-07,2025-04-06,38,Returned,0,684000
R_002200,EQ_00353,SITE_011,OP_0215,2024-12-26,2025-02-02,2025-02-04,38,Overdue Returned,0,684000
R_002201,EQ_00162,SITE_011,OP_0139,2025-02-07,2025-03-01,,22,Active,0,396000
R_002202,EQ_00716,SITE_004,OP_0097,2025-07-08,2025-07-18,2025-07-19,10,Overdue Returned,0,220000
R_002203,EQ_00073,SITE_010,OP_0070,2025-10-21,2025-11-29,2025-11-29,39,Returned,0,702000
R_002204,EQ_00157,SITE_016,OP_0177,2024-01-11,2024-02-07,,27,Overdue,1,810000
R_002205,EQ_00280,SITE_021,OP_0316,2024-05-26,2024-06-22,,27,Overdue,0,378000
R_002206,EQ_00736,SITE_019,OP_0168,2024-07-23,2024-08-02,2024-08-02,10,Returned,0,140000
R_002207,EQ_00374,SITE_011,OP_0283,2025-01-06,2025-01-29,2025-01-29,23,Returned,0,690000
R_002208,EQ_00448,SITE_017,OP_0227,2025-05-31,2025-06-24,2025-06-29,24,Overdue Returned,0,432000
R_002209,EQ_00710,SITE_013,OP_0190,2025-03-02,2025-04-16,2025-04-16,45,Returned,0,720000
R_002210,EQ_00365,SITE_012,OP_0005,2024-06-13,2024-07-23,2024-08-02,40,Overdue Returned,0,720000
R_002211,EQ_00400,SITE_019,OP_0265,2024-03-03,2024-03-18,2024-03-23,15,Overdue Returned,0,135000
R_002212,EQ_00450,SITE_019,OP_0265,2025-02-19,2025-03-15,2025-03-25,24,Overdue Returned,1,336000
R_002213,EQ_00622,SITE_021,OP_0005,2025-05-03,2025-06-16,2025-06-16,44,Returned,0,792000
R_002214,EQ_00319,SITE_010,OP_0206,2025-07-17,2025-08-25,2025-08-25,39,Returned,0,351000
R_002215,EQ_00708,SITE_015,OP_0198,2025-12-25,2026-01-15,,21,Active,0,336000
R_002216,EQ_00332,SITE_018,OP_0243,2026-05-17,2026-06-27,2026-06-27,41,Returned,0,287000
R_002217,EQ_00451,SITE_022,OP_0182,2024-07-15,2024-07-18,,3,Overdue,0,90000
R_002218,EQ_00047,SITE_022,OP_0009,2026-04-19,2026-06-01,2026-06-03,43,Overdue Returned,0,387000
R_002219,EQ_00149,SITE_024,OP_0338,2026-05-05,2026-05-30,,25,Active,0,450000
R_002220,EQ_00667,SITE_025,OP_0080,2024-08-02,2024-08-21,2024-08-20,19,Returned,1,171000
R_002221,EQ_00261,SITE_028,OP_0209,2024-07-14,2024-08-11,2024-08-12,28,Overdue Returned,0,616000
R_002222,EQ_00701,SITE_017,OP_0336,2025-12-18,2026-01-08,2026-01-08,21,Returned,0,378000
R_002223,EQ_00191,SITE_025,OP_0288,2026-02-17,2026-02-24,2026-02-24,7,Returned,0,98000
R_002224,EQ_00237,SITE_027,OP_0060,2026-03-28,2026-05-05,2026-05-10,38,Overdue Returned,1,342000
R_002225,EQ_00628,SITE_030,OP_0110,2026-05-13,2026-06-26,2026-06-27,44,Overdue Returned,1,616000
R_002226,EQ_00480,SITE_010,OP_0246,2024-09-10,2024-10-25,2024-10-23,45,Returned,0,990000
R_002227,EQ_00110,SITE_030,OP_0286,2026-03-07,2026-04-06,2026-04-03,30,Returned,0,540000
R_002228,EQ_00178,SITE_001,OP_0196,2026-03-09,2026-03-27,2026-03-27,18,Returned,1,162000
R_002229,EQ_00486,SITE_009,OP_0273,2025-03-07,2025-03-11,2025-03-11,4,Returned,0,36000
R_002230,EQ_00199,SITE_029,OP_0249,2024-10-22,2024-11-23,2024-11-20,32,Returned,0,512000
R_002231,EQ_00674,SITE_025,OP_0145,2026-04-08,2026-05-09,,31,Active,0,558000
R_002232,EQ_00784,SITE_006,OP_0313,2024-10-29,2024-11-20,,22,Overdue,0,308000
R_002233,EQ_00571,SITE_024,OP_0201,2025-01-29,2025-03-12,2025-03-12,42,Returned,0,672000
R_002234,EQ_00303,SITE_008,OP_0288,2025-12-29,2026-01-31,2026-01-31,33,Returned,1,594000
R_002235,EQ_00714,SITE_012,OP_0116,2025-06-13,2025-07-28,2025-07-28,45,Returned,1,990000
R_002236,EQ_00297,SITE_016,OP_0256,2024-01-15,2024-02-19,2024-02-19,35,Returned,0,630000
R_002237,EQ_00193,SITE_008,OP_0310,2025-03-29,2025-05-02,2025-05-04,34,Overdue Returned,0,544000
R_002238,EQ_00467,SITE_024,OP_0107,2024-06-10,2024-07-19,2024-07-19,39,Returned,0,702000
R_002239,EQ_00410,SITE_025,OP_0263,2025-11-17,2025-12-13,,26,Active,1,780000
R_002240,EQ_00691,SITE_001,OP_0348,2025-11-27,2026-01-09,2026-01-07,43,Returned,1,774000
R_002241,EQ_00634,SITE_010,OP_0133,2026-03-05,2026-03-28,,23,Active,1,322000
R_002242,EQ_00761,SITE_006,OP_0020,2026-07-31,2026-08-25,2026-08-24,25,Returned,0,350000
R_002243,EQ_00731,SITE_004,OP_0135,2024-05-25,2024-07-06,2024-07-06,42,Returned,0,756000
R_002244,EQ_00165,SITE_017,OP_0153,2024-10-01,2024-10-29,,28,Overdue,0,616000
R_002245,EQ_00188,SITE_020,OP_0196,2025-12-07,2025-12-29,2025-12-29,22,Returned,0,484000
R_002246,EQ_00576,SITE_002,OP_0199,2026-01-12,2026-02-03,2026-02-03,22,Returned,0,308000
R_002247,EQ_00424,SITE_011,OP_0250,2025-02-11,2025-03-02,2025-03-01,19,Returned,0,133000
R_002248,EQ_00464,SITE_021,OP_0119,2025-08-05,2025-08-24,2025-08-24,19,Returned,0,570000
R_002249,EQ_00600,SITE_001,OP_0021,2024-03-21,2024-04-07,2024-04-07,17,Returned,0,119000
R_002250,EQ_00398,SITE_009,OP_0201,2024-12-29,2025-02-10,2025-02-07,43,Returned,1,387000
R_002251,EQ_00499,SITE_012,OP_0102,2026-01-23,2026-01-27,,4,Active,0,72000
R_002252,EQ_00209,SITE_030,OP_0033,2025-04-01,2025-04-14,,13,Overdue,0,286000
R_002253,EQ_00405,SITE_026,OP_0060,2024-10-31,2024-11-14,2024-11-14,14,Returned,0,252000
R_002254,EQ_00616,SITE_005,OP_0245,2026-03-16,2026-04-29,2026-04-29,44,Returned,0,968000
R_002255,EQ_00363,SITE_007,OP_0040,2025-01-18,2025-01-24,,6,Active,0,132000
R_002256,EQ_00051,SITE_026,OP_0240,2024-10-14,2024-10-28,2024-10-28,14,Returned,1,224000
R_002257,EQ_00212,SITE_013,OP_0122,2025-06-03,2025-06-19,,16,Active,0,256000
R_002258,EQ_00513,SITE_002,OP_0205,2024-11-17,2024-12-28,2024-12-30,41,Overdue Returned,1,738000
R_002259,EQ_00091,SITE_029,OP_0082,2026-03-16,2026-04-11,2026-04-11,26,Returned,0,572000
R_002260,EQ_00456,SITE_014,OP_0210,2025-03-24,2025-05-07,2025-05-08,44,Overdue Returned,0,616000
R_002261,EQ_00279,SITE_016,OP_0010,2024-06-17,2024-07-30,,43,Active,1,602000
R_002262,EQ_00515,SITE_026,OP_0294,2024-05-09,2024-05-27,,18,Active,0,324000
R_002263,EQ_00047,SITE_025,OP_0197,2024-09-16,2024-10-08,,22,Active,0,198000
R_002264,EQ_00357,SITE_029,OP_0142,2026-01-29,2026-03-06,2026-03-07,36,Overdue Returned,0,504000
R_002265,EQ_00339,SITE_023,OP_0343,2026-06-18,2026-06-27,2026-06-28,9,Overdue Returned,0,81000
R_002266,EQ_00399,SITE_016,OP_0246,2026-05-04,2026-05-11,2026-05-11,7,Returned,1,126000
R_002267,EQ_00483,SITE_023,OP_0085,2025-05-31,2025-07-06,,36,Active,1,252000
R_002268,EQ_00623,SITE_026,OP_0216,2025-05-30,2025-06-25,2025-06-25,26,Returned,0,182000
R_002269,EQ_00677,SITE_017,OP_0255,2026-02-15,2026-03-28,2026-03-28,41,Returned,1,738000
R_002270,EQ_00369,SITE_023,OP_0294,2025-01-23,2025-02-19,2025-02-21,27,Overdue Returned,0,594000
R_002271,EQ_00437,SITE_005,OP_0089,2024-11-06,2024-11-17,2024-11-18,11,Overdue Returned,0,176000
R_002272,EQ_00350,SITE_010,OP_0021,2024-05-24,2024-06-30,2024-07-02,37,Overdue Returned,0,518000
R_002273,EQ_00407,SITE_028,OP_0088,2026-01-08,2026-02-02,2026-02-07,25,Overdue Returned,0,175000
R_002274,EQ_00153,SITE_007,OP_0210,2025-06-26,2025-07-22,,26,Overdue,0,468000
R_002275,EQ_00368,SITE_022,OP_0066,2026-04-18,2026-04-29,2026-05-04,11,Overdue Returned,0,176000
R_002276,EQ_00092,SITE_004,OP_0018,2026-06-26,2026-07-08,,12,Active,0,264000
R_002277,EQ_00791,SITE_003,OP_0325,2024-09-11,2024-10-10,2024-10-12,29,Overdue Returned,1,261000
R_002278,EQ_00260,SITE_004,OP_0232,2026-03-28,2026-05-01,2026-05-01,34,Returned,1,306000
R_002279,EQ_00429,SITE_010,OP_0089,2026-03-20,2026-04-02,2026-04-07,13,Overdue Returned,1,117000
R_002280,EQ_00764,SITE_023,OP_0006,2025-12-12,2025-12-29,2025-12-29,17,Returned,1,238000
R_002281,EQ_00657,SITE_028,OP_0212,2024-07-26,2024-08-14,2024-08-14,19,Returned,1,418000
R_002282,EQ_00637,SITE_015,OP_0157,2025-05-29,2025-07-11,2025-07-11,43,Returned,0,1290000
R_002283,EQ_00765,SITE_001,OP_0123,2024-02-23,2024-03-05,,11,Active,0,198000
R_002284,EQ_00054,SITE_021,OP_0116,2024-10-27,2024-11-25,2024-11-25,29,Returned,1,203000
R_002285,EQ_00229,SITE_001,OP_0015,2025-03-03,2025-03-10,2025-03-10,7,Returned,0,154000
R_002286,EQ_00592,SITE_017,OP_0006,2024-02-11,2024-03-24,,42,Active,0,924000
R_002287,EQ_00645,SITE_014,OP_0243,2025-01-28,2025-03-03,2025-03-03,34,Returned,0,238000
R_002288,EQ_00674,SITE_015,OP_0071,2025-11-19,2025-11-25,2025-11-25,6,Returned,0,108000
R_002289,EQ_00784,SITE_025,OP_0083,2026-03-13,2026-03-30,2026-04-01,17,Overdue Returned,0,238000
R_002290,EQ_00505,SITE_029,OP_0281,2025-06-14,2025-07-24,,40,Active,0,280000
R_002291,EQ_00727,SITE_022,OP_0298,2025-10-15,2025-11-12,2025-11-12,28,Returned,1,840000
R_002292,EQ_00140,SITE_029,OP_0158,2024-06-29,2024-07-09,2024-07-09,10,Returned,0,220000
R_002293,EQ_00799,SITE_016,OP_0340,2024-05-28,2024-06-17,2024-06-17,20,Returned,0,600000
R_002294,EQ_00446,SITE_007,OP_0131,2025-02-01,2025-03-13,2025-03-13,40,Returned,1,880000
R_002295,EQ_00221,SITE_027,OP_0147,2025-02-08,2025-02-13,2025-02-13,5,Returned,0,90000
R_002296,EQ_00707,SITE_024,OP_0034,2024-04-24,2024-05-21,,27,Active,0,594000
R_002297,EQ_00269,SITE_019,OP_0205,2024-09-21,2024-10-09,2024-10-09,18,Returned,1,324000
R_002298,EQ_00745,SITE_007,OP_0346,2026-02-02,2026-02-23,2026-02-20,21,Returned,0,378000
R_002299,EQ_00559,SITE_006,OP_0085,2026-02-07,2026-02-18,,11,Active,0,198000
R_002300,EQ_00387,SITE_009,OP_0216,2024-11-16,2024-12-19,2024-12-19,33,Returned,0,990000
R_002301,EQ_00150,SITE_018,OP_0327,2025-10-17,2025-11-21,2025-11-21,35,Returned,1,630000
R_002302,EQ_00691,SITE_023,OP_0223,2024-04-27,2024-05-13,2024-05-18,16,Overdue Returned,0,288000
R_002303,EQ_00774,SITE_006,OP_0158,2024-08-09,2024-08-14,2024-08-11,5,Returned,0,90000
R_002304,EQ_00495,SITE_026,OP_0023,2025-02-17,2025-02-25,2025-02-26,8,Overdue Returned,0,128000
R_002305,EQ_00798,SITE_011,OP_0324,2025-02-10,2025-02-18,2025-02-18,8,Returned,1,144000
R_002306,EQ_00481,SITE_005,OP_0136,2025-02-10,2025-02-27,2025-02-24,17,Returned,0,238000
R_002307,EQ_00251,SITE_027,OP_0313,2026-07-17,2026-07-22,2026-07-22,5,Returned,0,45000
R_002308,EQ_00690,SITE_018,OP_0201,2026-04-17,2026-04-24,,7,Overdue,0,49000
R_002309,EQ_00420,SITE_005,OP_0183,2026-07-04,2026-07-12,2026-07-11,8,Returned,1,72000
R_002310,EQ_00101,SITE_029,OP_0053,2024-07-09,2024-08-22,2024-08-22,44,Returned,0,1320000
R_002311,EQ_00406,SITE_024,OP_0005,2026-04-11,2026-04-21,,10,Overdue,0,300000
R_002312,EQ_00735,SITE_026,OP_0224,2026-04-27,2026-05-14,,17,Active,0,272000
R_002313,EQ_00172,SITE_006,OP_0187,2025-02-16,2025-03-26,2025-03-28,38,Overdue Returned,1,684000
R_002314,EQ_00227,SITE_003,OP_0172,2026-06-20,2026-07-16,2026-07-16,26,Returned,0,182000
R_002315,EQ_00411,SITE_004,OP_0340,2024-02-16,2024-03-05,2024-03-05,18,Returned,0,396000
R_002316,EQ_00514,SITE_030,OP_0117,2026-03-22,2026-03-27,2026-03-27,5,Returned,0,150000
R_002317,EQ_00553,SITE_014,OP_0208,2026-04-28,2026-05-29,2026-05-29,31,Returned,0,217000
R_002318,EQ_00591,SITE_021,OP_0047,2025-12-23,2026-01-03,2026-01-02,11,Returned,0,77000
R_002319,EQ_00541,SITE_009,OP_0290,2026-05-03,2026-05-21,,18,Overdue,1,288000
R_002320,EQ_00591,SITE_024,OP_0110,2026-02-22,2026-03-24,2026-03-24,30,Returned,0,210000
R_002321,EQ_00042,SITE_011,OP_0050,2024-01-02,2024-01-05,2024-01-03,3,Returned,0,21000
R_002322,EQ_00076,SITE_030,OP_0210,2026-01-24,2026-03-04,2026-03-04,39,Returned,0,702000
R_002323,EQ_00394,SITE_007,OP_0065,2026-05-26,2026-06-29,2026-07-04,34,Overdue Returned,0,544000
R_002324,EQ_00454,SITE_030,OP_0076,2026-01-31,2026-02-22,2026-02-21,22,Returned,0,198000
R_002325,EQ_00652,SITE_012,OP_0093,2025-10-26,2025-12-09,2025-12-10,44,Overdue Returned,0,968000
R_002326,EQ_00272,SITE_004,OP_0308,2025-01-18,2025-01-22,2025-01-21,4,Returned,1,72000
R_002327,EQ_00601,SITE_021,OP_0316,2024-12-19,2025-01-30,2025-01-30,42,Returned,1,588000
R_002328,EQ_00567,SITE_004,OP_0044,2026-02-25,2026-03-07,2026-03-07,10,Returned,0,140000
R_002329,EQ_00533,SITE_022,OP_0211,2025-10-12,2025-10-24,2025-10-25,12,Overdue Returned,0,264000
R_002330,EQ_00498,SITE_001,OP_0319,2025-02-16,2025-02-22,2025-02-22,6,Returned,0,180000
R_002331,EQ_00435,SITE_007,OP_0218,2024-09-07,2024-09-15,2024-09-15,8,Returned,1,144000
R_002332,EQ_00214,SITE_026,OP_0234,2026-01-05,2026-02-03,2026-02-03,29,Returned,0,203000
R_002333,EQ_00038,SITE_024,OP_0327,2025-09-22,2025-10-15,2025-10-15,23,Returned,0,506000
R_002334,EQ_00105,SITE_026,OP_0328,2024-08-10,2024-08-27,2024-08-26,17,Returned,0,272000
R_002335,EQ_00347,SITE_001,OP_0050,2025-01-17,2025-01-22,2025-01-23,5,Overdue Returned,0,110000
R_002336,EQ_00638,SITE_026,OP_0017,2025-10-12,2025-11-04,,23,Active,0,161000
R_002337,EQ_00170,SITE_026,OP_0246,2024-09-17,2024-09-30,2024-09-30,13,Returned,0,234000
R_002338,EQ_00401,SITE_012,OP_0286,2026-02-28,2026-03-16,2026-03-17,16,Overdue Returned,0,112000
R_002339,EQ_00033,SITE_022,OP_0173,2026-04-19,2026-05-02,2026-05-02,13,Returned,0,234000
R_002340,EQ_00714,SITE_008,OP_0350,2024-06-30,2024-07-13,2024-07-15,13,Overdue Returned,0,286000
R_002341,EQ_00193,SITE_004,OP_0182,2026-05-31,2026-06-03,,3,Active,0,48000
R_002342,EQ_00391,SITE_026,OP_0236,2025-09-16,2025-10-22,2025-10-22,36,Returned,0,648000
R_002343,EQ_00682,SITE_028,OP_0119,2026-06-27,2026-06-30,2026-06-30,3,Returned,0,90000
R_002344,EQ_00775,SITE_030,OP_0194,2024-05-04,2024-06-02,2024-05-31,29,Returned,0,261000
R_002345,EQ_00511,SITE_003,OP_0115,2025-08-11,2025-09-20,2025-09-20,40,Returned,1,280000
R_002346,EQ_00252,SITE_016,OP_0281,2024-03-17,2024-04-30,2024-05-05,44,Overdue Returned,0,704000
R_002347,EQ_00532,SITE_027,OP_0101,2024-07-26,2024-08-25,2024-08-24,30,Returned,0,210000
R_002348,EQ_00123,SITE_022,OP_0205,2024-07-09,2024-07-24,,15,Active,0,240000
R_002349,EQ_00259,SITE_011,OP_0210,2026-07-24,2026-08-21,2026-08-22,28,Overdue Returned,0,840000
R_002350,EQ_00763,SITE_008,OP_0343,2026-05-22,2026-06-19,,28,Active,0,196000
R_002351,EQ_00797,SITE_017,OP_0253,2025-04-22,2025-05-17,2025-05-14,25,Returned,1,450000
R_002352,EQ_00031,SITE_025,OP_0103,2025-12-05,2025-12-10,2025-12-11,5,Overdue Returned,0,45000
R_002353,EQ_00436,SITE_019,OP_0242,2025-10-02,2025-11-05,,34,Active,0,544000
R_002354,EQ_00026,SITE_020,OP_0106,2025-04-30,2025-05-25,,25,Overdue,1,400000
R_002355,EQ_00016,SITE_024,OP_0146,2025-11-23,2025-11-29,2025-11-28,6,Returned,1,108000
R_002356,EQ_00423,SITE_003,OP_0095,2026-06-30,2026-08-14,,45,Active,0,405000
R_002357,EQ_00754,SITE_008,OP_0064,2024-08-06,2024-08-15,2024-08-15,9,Returned,0,270000
R_002358,EQ_00388,SITE_026,OP_0027,2025-08-22,2025-08-29,2025-08-30,7,Overdue Returned,0,63000
R_002359,EQ_00260,SITE_010,OP_0111,2025-03-23,2025-04-14,,22,Active,0,198000
R_002360,EQ_00526,SITE_010,OP_0256,2024-05-13,2024-05-28,2024-05-28,15,Returned,0,105000
R_002361,EQ_00540,SITE_028,OP_0154,2026-07-21,2026-08-19,,29,Active,0,870000
R_002362,EQ_00620,SITE_003,OP_0230,2025-08-19,2025-08-30,2025-08-30,11,Returned,1,154000
R_002363,EQ_00474,SITE_023,OP_0325,2025-11-16,2025-12-28,2025-12-30,42,Overdue Returned,0,924000
R_002364,EQ_00696,SITE_030,OP_0311,2025-12-06,2026-01-14,2026-01-14,39,Returned,0,273000
R_002365,EQ_00337,SITE_023,OP_0258,2026-07-16,2026-08-21,2026-08-21,36,Returned,0,252000
R_002366,EQ_00010,SITE_030,OP_0101,2025-02-19,2025-03-29,2025-03-29,38,Returned,1,836000
R_002367,EQ_00490,SITE_022,OP_0193,2025-01-21,2025-02-14,2025-02-14,24,Returned,0,336000
R_002368,EQ_00116,SITE_002,OP_0344,2024-11-03,2024-12-08,,35,Active,0,315000
R_002369,EQ_00517,SITE_023,OP_0293,2025-06-08,2025-06-17,2025-06-17,9,Returned,0,198000
R_002370,EQ_00571,SITE_025,OP_0017,2026-03-08,2026-04-16,,39,Active,0,624000
R_002371,EQ_00436,SITE_020,OP_0330,2025-12-01,2025-12-29,2025-12-31,28,Overdue Returned,0,448000
R_002372,EQ_00447,SITE_026,OP_0225,2024-04-10,2024-05-13,2024-05-13,33,Returned,0,297000
R_002373,EQ_00175,SITE_005,OP_0077,2026-05-26,2026-06-01,,6,Overdue,0,54000
R_002374,EQ_00229,SITE_030,OP_0228,2024-11-21,2024-12-19,2024-12-19,28,Returned,0,616000
R_002375,EQ_00677,SITE_019,OP_0302,2024-03-18,2024-03-22,,4,Active,0,72000
R_002376,EQ_00090,SITE_008,OP_0123,2026-02-15,2026-02-28,2026-02-28,13,Returned,0,182000
R_002377,EQ_00533,SITE_024,OP_0067,2025-05-01,2025-05-10,2025-05-08,9,Returned,1,198000
R_002378,EQ_00013,SITE_029,OP_0290,2026-06-07,2026-06-14,2026-06-14,7,Returned,0,154000
R_002379,EQ_00517,SITE_006,OP_0139,2025-05-27,2025-06-12,,16,Active,1,352000
R_002380,EQ_00369,SITE_027,OP_0202,2025-03-24,2025-04-26,2025-04-26,33,Returned,0,726000
R_002381,EQ_00469,SITE_026,OP_0107,2026-01-18,2026-02-14,2026-02-14,27,Returned,1,486000
R_002382,EQ_00749,SITE_012,OP_0323,2026-03-06,2026-03-18,2026-03-19,12,Overdue Returned,0,216000
R_002383,EQ_00130,SITE_027,OP_0160,2026-05-20,2026-06-12,2026-06-12,23,Returned,0,322000
R_002384,EQ_00068,SITE_026,OP_0273,2024-10-09,2024-11-11,2024-11-12,33,Overdue Returned,0,594000
R_002385,EQ_00735,SITE_014,OP_0051,2025-05-31,2025-07-02,2025-07-02,32,Returned,0,512000
R_002386,EQ_00778,SITE_003,OP_0006,2025-07-30,2025-08-10,2025-08-10,11,Returned,1,176000
R_002387,EQ_00361,SITE_011,OP_0147,2025-05-18,2025-06-17,2025-06-17,30,Returned,1,420000
R_002388,EQ_00552,SITE_010,OP_0321,2025-11-02,2025-11-12,2025-11-10,10,Returned,0,220000
R_002389,EQ_00503,SITE_016,OP_0340,2025-12-05,2026-01-16,2026-01-18,42,Overdue Returned,1,294000
R_002390,EQ_00028,SITE_027,OP_0079,2024-08-16,2024-09-19,2024-09-19,34,Returned,0,476000
R_002391,EQ_00600,SITE_023,OP_0314,2025-05-20,2025-06-10,,21,Active,0,147000
R_002392,EQ_00090,SITE_011,OP_0261,2025-12-26,2026-01-07,2026-01-07,12,Returned,1,168000
R_002393,EQ_00130,SITE_021,OP_0095,2024-09-17,2024-09-23,2024-09-23,6,Returned,0,84000
R_002394,EQ_00598,SITE_017,OP_0276,2025-02-13,2025-03-14,2025-03-15,29,Overdue Returned,0,522000
R_002395,EQ_00241,SITE_017,OP_0217,2026-06-10,2026-07-18,2026-07-18,38,Returned,0,266000
R_002396,EQ_00655,SITE_013,OP_0336,2026-04-11,2026-05-22,2026-05-22,41,Returned,0,738000
R_002397,EQ_00521,SITE_011,OP_0230,2026-04-15,2026-05-02,,17,Active,0,153000
R_002398,EQ_00742,SITE_028,OP_0311,2025-06-26,2025-06-30,2025-06-30,4,Returned,0,36000
R_002399,EQ_00708,SITE_017,OP_0048,2025-06-16,2025-07-04,2025-07-05,18,Overdue Returned,0,288000
R_002400,EQ_00181,SITE_024,OP_0027,2026-07-01,2026-07-25,2026-07-25,24,Returned,0,216000
R_002401,EQ_00566,SITE_009,OP_0327,2025-11-04,2025-11-26,2025-11-27,22,Overdue Returned,1,660000
R_002402,EQ_00365,SITE_030,OP_0031,2024-08-26,2024-09-30,2024-10-02,35,Overdue Returned,0,630000
R_002403,EQ_00687,SITE_001,OP_0295,2025-06-12,2025-07-21,2025-07-22,39,Overdue Returned,0,858000
R_002404,EQ_00498,SITE_016,OP_0040,2024-03-29,2024-04-18,,20,Overdue,0,600000
R_002405,EQ_00045,SITE_015,OP_0148,2025-06-14,2025-06-18,2025-06-20,4,Overdue Returned,1,88000
R_002406,EQ_00612,SITE_030,OP_0296,2025-03-05,2025-03-25,2025-03-25,20,Returned,0,360000
R_002407,EQ_00371,SITE_004,OP_0060,2026-02-19,2026-04-05,2026-04-05,45,Returned,0,405000
R_002408,EQ_00482,SITE_020,OP_0100,2024-06-28,2024-07-03,2024-07-03,5,Returned,0,45000
R_002409,EQ_00677,SITE_016,OP_0092,2024-01-06,2024-02-12,2024-02-14,37,Overdue Returned,0,666000
R_002410,EQ_00462,SITE_015,OP_0094,2025-08-11,2025-09-20,2025-09-19,40,Returned,0,560000
R_002411,EQ_00329,SITE_014,OP_0188,2025-12-21,2025-12-28,2025-12-28,7,Returned,0,126000
R_002412,EQ_00755,SITE_025,OP_0016,2025-04-04,2025-05-02,2025-05-04,28,Overdue Returned,0,252000
R_002413,EQ_00193,SITE_015,OP_0128,2025-12-28,2026-02-03,2026-02-03,37,Returned,0,592000
R_002414,EQ_00679,SITE_002,OP_0313,2026-05-02,2026-05-23,2026-05-25,21,Overdue Returned,0,189000
R_002415,EQ_00074,SITE_007,OP_0150,2026-04-29,2026-05-27,2026-05-27,28,Returned,0,252000
R_002416,EQ_00318,SITE_030,OP_0185,2024-05-11,2024-05-16,2024-05-16,5,Returned,0,70000
R_002417,EQ_00704,SITE_011,OP_0097,2025-08-08,2025-09-07,2025-09-07,30,Returned,0,660000
R_002418,EQ_00031,SITE_030,OP_0155,2026-06-05,2026-06-18,2026-06-18,13,Returned,0,117000
R_002419,EQ_00061,SITE_023,OP_0311,2025-10-13,2025-11-19,,37,Active,1,259000
R_002420,EQ_00221,SITE_024,OP_0216,2024-04-30,2024-05-12,2024-05-12,12,Returned,0,216000
R_002421,EQ_00497,SITE_008,OP_0109,2025-10-15,2025-10-25,2025-10-24,10,Returned,0,90000
R_002422,EQ_00247,SITE_022,OP_0045,2025-06-29,2025-07-20,2025-07-20,21,Returned,0,189000
R_002423,EQ_00193,SITE_009,OP_0248,2025-06-08,2025-07-05,,27,Active,0,432000
R_002424,EQ_00749,SITE_007,OP_0147,2024-02-14,2024-03-18,,33,Active,0,594000
R_002425,EQ_00150,SITE_003,OP_0236,2025-12-28,2026-01-11,2026-01-09,14,Returned,0,252000
R_002426,EQ_00009,SITE_004,OP_0038,2025-12-21,2026-01-26,2026-01-26,36,Returned,0,648000
R_002427,EQ_00218,SITE_025,OP_0172,2026-03-19,2026-04-15,,27,Active,1,243000
R_002428,EQ_00367,SITE_020,OP_0061,2025-01-02,2025-02-10,2025-02-12,39,Overdue Returned,0,546000
R_002429,EQ_00162,SITE_002,OP_0026,2024-04-15,2024-05-25,2024-05-26,40,Overdue Returned,0,720000
R_002430,EQ_00033,SITE_030,OP_0141,2024-08-09,2024-08-15,2024-08-15,6,Returned,0,108000
R_002431,EQ_00605,SITE_020,OP_0250,2025-09-11,2025-09-27,2025-09-27,16,Returned,0,288000
R_002432,EQ_00083,SITE_021,OP_0091,2025-04-06,2025-04-26,2025-04-26,20,Returned,1,280000
R_002433,EQ_00478,SITE_001,OP_0328,2024-07-30,2024-08-31,2024-09-01,32,Overdue Returned,0,704000
R_002434,EQ_00621,SITE_020,OP_0164,2026-03-17,2026-04-09,2026-04-09,23,Returned,1,414000
R_002435,EQ_00021,SITE_008,OP_0008,2024-04-09,2024-04-12,2024-04-13,3,Overdue Returned,0,42000
R_002436,EQ_00538,SITE_016,OP_0161,2025-09-09,2025-09-29,2025-09-29,20,Returned,0,320000
R_002437,EQ_00525,SITE_025,OP_0149,2024-03-31,2024-04-29,2024-04-29,29,Returned,0,638000
R_002438,EQ_00722,SITE_026,OP_0021,2025-12-16,2026-01-21,2026-01-21,36,Returned,0,324000
R_002439,EQ_00140,SITE_028,OP_0032,2025-09-08,2025-10-14,,36,Active,0,792000
R_002440,EQ_00143,SITE_008,OP_0005,2025-03-04,2025-03-27,,23,Active,0,690000
R_002441,EQ_00145,SITE_023,OP_0195,2025-11-01,2025-11-08,2025-11-08,7,Returned,1,49000
R_002442,EQ_00366,SITE_003,OP_0130,2026-04-07,2026-04-17,2026-04-19,10,Overdue Returned,0,140000
R_002443,EQ_00539,SITE_009,OP_0004,2024-08-11,2024-08-31,2024-09-05,20,Overdue Returned,0,440000
R_002444,EQ_00107,SITE_011,OP_0188,2024-03-10,2024-04-13,2024-04-13,34,Returned,0,612000
R_002445,EQ_00579,SITE_024,OP_0142,2026-07-02,2026-07-13,2026-07-13,11,Returned,0,242000
R_002446,EQ_00594,SITE_025,OP_0295,2026-02-15,2026-02-21,2026-02-21,6,Returned,1,42000
R_002447,EQ_00593,SITE_017,OP_0078,2026-04-28,2026-05-20,2026-05-20,22,Returned,1,198000
R_002448,EQ_00485,SITE_010,OP_0326,2025-12-13,2026-01-12,,30,Overdue,0,210000
R_002449,EQ_00571,SITE_026,OP_0037,2024-11-22,2025-01-02,,41,Overdue,1,656000
R_002450,EQ_00380,SITE_001,OP_0052,2025-04-29,2025-05-09,2025-05-10,10,Overdue Returned,0,140000
R_002451,EQ_00032,SITE_027,OP_0054,2025-07-05,2025-08-19,2025-08-20,45,Overdue Returned,0,315000
R_002452,EQ_00091,SITE_007,OP_0122,2026-03-28,2026-04-04,2026-04-05,7,Overdue Returned,0,154000
R_002453,EQ_00451,SITE_015,OP_0305,2024-06-11,2024-07-22,,41,Active,0,1230000
R_002454,EQ_00251,SITE_010,OP_0155,2026-01-22,2026-01-31,2026-02-01,9,Overdue Returned,0,81000
R_002455,EQ_00169,SITE_024,OP_0318,2025-02-17,2025-04-02,2025-04-04,44,Overdue Returned,0,616000
R_002456,EQ_00715,SITE_014,OP_0012,2025-11-12,2025-11-29,,17,Overdue,0,153000
R_002457,EQ_00760,SITE_023,OP_0097,2025-09-28,2025-11-07,2025-11-07,40,Returned,0,880000
R_002458,EQ_00653,SITE_021,OP_0164,2024-08-01,2024-09-01,2024-09-03,31,Overdue Returned,0,682000
R_002459,EQ_00681,SITE_015,OP_0249,2024-06-18,2024-08-02,,45,Active,0,405000
R_002460,EQ_00172,SITE_023,OP_0305,2025-11-11,2025-11-16,2025-11-17,5,Overdue Returned,1,90000
R_002461,EQ_00640,SITE_013,OP_0113,2026-02-20,2026-02-27,2026-02-27,7,Returned,1,98000
R_002462,EQ_00081,SITE_006,OP_0312,2025-02-14,2025-02-21,2025-02-21,7,Returned,1,63000
R_002463,EQ_00765,SITE_030,OP_0153,2026-03-16,2026-03-28,2026-03-28,12,Returned,0,216000
R_002464,EQ_00678,SITE_003,OP_0301,2025-12-01,2026-01-10,,40,Overdue,0,720000
R_002465,EQ_00796,SITE_027,OP_0321,2024-04-18,2024-05-05,,17,Active,0,119000
R_002466,EQ_00235,SITE_025,OP_0062,2025-09-19,2025-10-13,2025-10-14,24,Overdue Returned,0,336000
R_002467,EQ_00675,SITE_025,OP_0165,2024-02-16,2024-03-31,2024-04-02,44,Overdue Returned,0,792000
R_002468,EQ_00363,SITE_028,OP_0061,2026-03-11,2026-04-09,2026-04-09,29,Returned,0,638000
R_002469,EQ_00067,SITE_017,OP_0238,2025-11-10,2025-12-16,2025-12-16,36,Returned,1,1080000
R_002470,EQ_00501,SITE_017,OP_0192,2026-07-16,2026-08-01,2026-08-01,16,Returned,0,144000
R_002471,EQ_00276,SITE_025,OP_0293,2024-05-19,2024-06-08,2024-06-08,20,Returned,0,280000
R_002472,EQ_00616,SITE_014,OP_0113,2024-05-09,2024-06-08,2024-06-09,30,Overdue Returned,0,660000
R_002473,EQ_00446,SITE_018,OP_0059,2026-06-28,2026-08-11,2026-08-12,44,Overdue Returned,0,968000
R_002474,EQ_00570,SITE_002,OP_0077,2024-07-12,2024-08-11,2024-08-11,30,Returned,0,660000
R_002475,EQ_00414,SITE_001,OP_0241,2025-02-10,2025-02-17,2025-02-17,7,Returned,1,154000
R_002476,EQ_00522,SITE_027,OP_0163,2026-06-04,2026-07-13,2026-07-13,39,Returned,0,351000
R_002477,EQ_00729,SITE_030,OP_0215,2026-05-17,2026-06-11,2026-06-09,25,Returned,0,450000
R_002478,EQ_00028,SITE_022,OP_0324,2025-10-24,2025-11-14,2025-11-14,21,Returned,0,294000
R_002479,EQ_00103,SITE_018,OP_0077,2024-05-17,2024-05-31,2024-05-31,14,Returned,0,308000
R_002480,EQ_00640,SITE_015,OP_0295,2025-11-24,2025-12-04,2025-12-04,10,Returned,1,140000
R_002481,EQ_00315,SITE_024,OP_0244,2024-02-25,2024-03-20,2024-03-20,24,Returned,1,432000
R_002482,EQ_00637,SITE_007,OP_0198,2025-10-03,2025-10-08,2025-10-08,5,Returned,0,150000
R_002483,EQ_00312,SITE_013,OP_0219,2025-06-16,2025-07-15,2025-07-15,29,Returned,1,261000
R_002484,EQ_00756,SITE_015,OP_0127,2024-06-24,2024-07-01,,7,Overdue,0,49000
R_002485,EQ_00268,SITE_010,OP_0172,2026-06-18,2026-07-15,,27,Overdue,1,189000
R_002486,EQ_00029,SITE_028,OP_0076,2025-06-14,2025-07-12,,28,Active,0,392000
R_002487,EQ_00753,SITE_011,OP_0087,2025-08-20,2025-08-31,2025-08-31,11,Returned,1,77000
R_002488,EQ_00118,SITE_004,OP_0260,2024-06-16,2024-07-04,2024-07-04,18,Returned,1,162000
R_002489,EQ_00188,SITE_006,OP_0020,2025-09-09,2025-10-02,2025-10-02,23,Returned,0,506000
R_002490,EQ_00087,SITE_023,OP_0235,2025-10-27,2025-11-15,,19,Active,0,342000
R_002491,EQ_00671,SITE_027,OP_0330,2024-09-12,2024-10-06,2024-10-06,24,Returned,0,384000
R_002492,EQ_00035,SITE_009,OP_0161,2024-05-25,2024-07-01,,37,Active,0,666000
R_002493,EQ_00290,SITE_030,OP_0199,2025-03-16,2025-04-05,,20,Active,0,140000
R_002494,EQ_00032,SITE_028,OP_0062,2024-08-17,2024-08-23,2024-08-23,6,Returned,0,42000
R_002495,EQ_00765,SITE_010,OP_0184,2025-07-17,2025-08-24,,38,Active,0,684000
R_002496,EQ_00602,SITE_014,OP_0053,2025-04-13,2025-05-11,2025-05-11,28,Returned,0,392000
R_002497,EQ_00672,SITE_019,OP_0232,2026-01-11,2026-01-25,2026-01-25,14,Returned,1,196000
R_002498,EQ_00175,SITE_012,OP_0301,2025-04-27,2025-05-13,2025-05-13,16,Returned,0,144000
R_002499,EQ_00188,SITE_008,OP_0290,2025-08-13,2025-08-17,2025-08-17,4,Returned,0,88000
R_002500,EQ_00541,SITE_027,OP_0153,2024-10-08,2024-11-13,2024-11-13,36,Returned,0,576000
R_002501,EQ_00460,SITE_006,OP_0168,2025-09-06,2025-10-08,2025-10-08,32,Returned,1,960000
R_002502,EQ_00545,SITE_010,OP_0111,2025-10-17,2025-11-02,2025-11-01,16,Returned,0,480000
R_002503,EQ_00291,SITE_024,OP_0151,2025-09-14,2025-10-18,2025-10-18,34,Returned,0,748000
R_002504,EQ_00708,SITE_028,OP_0014,2024-08-21,2024-10-02,2024-10-02,42,Returned,0,672000
R_002505,EQ_00296,SITE_022,OP_0032,2024-09-27,2024-10-27,,30,Active,0,480000
R_002506,EQ_00484,SITE_011,OP_0336,2025-03-29,2025-05-09,,41,Overdue,1,369000
R_002507,EQ_00702,SITE_009,OP_0106,2025-07-06,2025-08-09,2025-08-08,34,Returned,0,748000
R_002508,EQ_00097,SITE_027,OP_0304,2026-04-04,2026-04-17,2026-04-15,13,Returned,0,234000
R_002509,EQ_00395,SITE_022,OP_0070,2024-06-25,2024-07-09,2024-07-09,14,Returned,0,420000
R_002510,EQ_00159,SITE_007,OP_0330,2024-07-18,2024-08-10,2024-08-10,23,Returned,0,161000
R_002511,EQ_00387,SITE_001,OP_0154,2024-12-12,2024-12-30,2024-12-29,18,Returned,0,540000
R_002512,EQ_00089,SITE_030,OP_0112,2025-02-13,2025-03-20,2025-03-20,35,Returned,0,630000
R_002513,EQ_00783,SITE_019,OP_0306,2026-04-17,2026-05-01,,14,Overdue,0,252000
R_002514,EQ_00148,SITE_016,OP_0342,2026-04-29,2026-06-05,2026-06-10,37,Overdue Returned,0,666000
R_002515,EQ_00234,SITE_025,OP_0123,2024-07-20,2024-08-23,,34,Active,0,748000
R_002516,EQ_00133,SITE_029,OP_0272,2025-03-14,2025-04-03,2025-04-02,20,Returned,0,280000
R_002517,EQ_00425,SITE_022,OP_0013,2025-05-01,2025-05-06,2025-05-05,5,Returned,0,90000
R_002518,EQ_00721,SITE_025,OP_0069,2025-07-30,2025-08-05,,6,Active,0,108000
R_002519,EQ_00560,SITE_007,OP_0207,2026-02-08,2026-03-12,2026-03-12,32,Returned,1,960000
R_002520,EQ_00198,SITE_016,OP_0140,2024-02-28,2024-04-06,2024-04-06,38,Returned,1,836000
R_002521,EQ_00244,SITE_018,OP_0276,2026-04-03,2026-04-28,2026-04-28,25,Returned,1,450000
R_002522,EQ_00292,SITE_024,OP_0191,2025-03-20,2025-04-23,2025-04-23,34,Returned,0,748000
R_002523,EQ_00261,SITE_003,OP_0325,2025-11-19,2025-12-03,2025-12-01,14,Returned,1,308000
R_002524,EQ_00487,SITE_030,OP_0325,2026-04-07,2026-04-23,2026-04-22,16,Returned,0,112000
R_002525,EQ_00249,SITE_018,OP_0339,2024-09-09,2024-09-30,2024-09-27,21,Returned,0,630000
R_002526,EQ_00675,SITE_009,OP_0198,2024-01-19,2024-01-31,2024-01-31,12,Returned,0,216000
R_002527,EQ_00451,SITE_007,OP_0021,2026-05-04,2026-05-30,2026-06-04,26,Overdue Returned,0,780000
R_002528,EQ_00459,SITE_024,OP_0192,2025-10-08,2025-10-18,2025-10-23,10,Overdue Returned,0,70000
R_002529,EQ_00077,SITE_013,OP_0031,2025-02-08,2025-02-22,2025-02-22,14,Returned,0,308000
R_002530,EQ_00369,SITE_022,OP_0203,2026-07-18,2026-08-28,2026-08-27,41,Returned,1,902000
R_002531,EQ_00635,SITE_013,OP_0350,2024-01-06,2024-01-30,2024-01-30,24,Returned,0,528000
R_002532,EQ_00247,SITE_027,OP_0295,2026-01-14,2026-02-06,2026-02-08,23,Overdue Returned,1,207000
R_002533,EQ_00017,SITE_021,OP_0088,2026-05-02,2026-06-05,2026-06-05,34,Returned,0,238000
R_002534,EQ_00647,SITE_016,OP_0105,2024-04-17,2024-05-27,2024-06-01,40,Overdue Returned,1,720000
R_002535,EQ_00530,SITE_010,OP_0301,2025-12-02,2025-12-17,,15,Active,0,270000
R_002536,EQ_00265,SITE_007,OP_0124,2025-05-24,2025-07-03,2025-07-03,40,Returned,0,1200000
R_002537,EQ_00189,SITE_027,OP_0005,2026-02-28,2026-03-31,2026-03-31,31,Returned,0,496000
R_002538,EQ_00085,SITE_011,OP_0076,2025-07-03,2025-08-01,2025-08-01,29,Returned,1,522000
R_002539,EQ_00213,SITE_008,OP_0014,2026-03-22,2026-04-30,2026-05-02,39,Overdue Returned,0,858000
R_002540,EQ_00444,SITE_003,OP_0289,2024-10-16,2024-10-30,,14,Active,0,308000
R_002541,EQ_00473,SITE_009,OP_0068,2025-01-01,2025-01-06,2025-01-06,5,Returned,1,150000
R_002542,EQ_00132,SITE_023,OP_0314,2025-06-24,2025-07-07,2025-07-07,13,Returned,0,91000
R_002543,EQ_00264,SITE_005,OP_0019,2026-06-17,2026-07-19,,32,Active,0,448000
R_002544,EQ_00574,SITE_015,OP_0085,2024-09-06,2024-09-15,2024-09-16,9,Overdue Returned,0,270000
R_002545,EQ_00134,SITE_010,OP_0044,2024-01-10,2024-02-24,2024-02-24,45,Returned,1,720000
R_002546,EQ_00529,SITE_007,OP_0006,2025-03-21,2025-04-14,2025-04-16,24,Overdue Returned,1,528000
R_002547,EQ_00331,SITE_022,OP_0016,2024-02-04,2024-02-08,,4,Active,0,72000
R_002548,EQ_00632,SITE_030,OP_0326,2025-11-17,2025-12-24,2025-12-24,37,Returned,0,1110000
R_002549,EQ_00381,SITE_011,OP_0036,2025-04-24,2025-05-18,2025-05-18,24,Returned,0,216000
R_002550,EQ_00763,SITE_030,OP_0330,2024-04-29,2024-06-01,2024-06-03,33,Overdue Returned,0,231000
R_002551,EQ_00740,SITE_011,OP_0162,2025-05-05,2025-06-08,,34,Active,0,476000
R_002552,EQ_00384,SITE_010,OP_0117,2025-06-11,2025-07-12,,31,Active,0,434000
R_002553,EQ_00535,SITE_007,OP_0263,2026-06-19,2026-07-21,2026-07-21,32,Returned,0,224000
R_002554,EQ_00622,SITE_027,OP_0165,2025-04-19,2025-05-20,2025-05-21,31,Overdue Returned,0,558000
R_002555,EQ_00180,SITE_002,OP_0068,2026-02-17,2026-03-03,,14,Active,0,308000
R_002556,EQ_00047,SITE_005,OP_0045,2024-07-13,2024-07-23,2024-07-23,10,Returned,0,90000
R_002557,EQ_00524,SITE_020,OP_0208,2026-04-27,2026-05-08,2026-05-08,11,Returned,1,176000
R_002558,EQ_00420,SITE_029,OP_0281,2025-02-08,2025-02-15,2025-02-14,7,Returned,1,63000
R_002559,EQ_00232,SITE_007,OP_0012,2025-07-11,2025-08-24,2025-08-25,44,Overdue Returned,0,792000
R_002560,EQ_00101,SITE_010,OP_0042,2024-04-01,2024-04-30,2024-05-02,29,Overdue Returned,1,870000
R_002561,EQ_00300,SITE_022,OP_0260,2024-02-26,2024-03-10,2024-03-10,13,Returned,1,91000
R_002562,EQ_00717,SITE_029,OP_0236,2024-03-12,2024-04-14,2024-04-14,33,Returned,0,297000
R_002563,EQ_00559,SITE_005,OP_0307,2025-07-17,2025-08-02,2025-08-12,16,Overdue Returned,0,288000
R_002564,EQ_00766,SITE_026,OP_0062,2026-06-19,2026-07-26,,37,Active,0,1110000
R_002565,EQ_00147,SITE_004,OP_0185,2024-11-06,2024-12-21,2024-12-31,45,Overdue Returned,1,720000
R_002566,EQ_00069,SITE_027,OP_0132,2025-10-22,2025-11-01,2025-11-01,10,Returned,0,90000
R_002567,EQ_00102,SITE_018,OP_0141,2024-08-06,2024-09-02,2024-09-02,27,Returned,0,378000
R_002568,EQ_00601,SITE_021,OP_0149,2024-03-31,2024-04-08,2024-04-08,8,Returned,0,112000
R_002569,EQ_00250,SITE_014,OP_0017,2026-01-28,2026-02-15,2026-02-20,18,Overdue Returned,0,126000
R_002570,EQ_00408,SITE_004,OP_0331,2024-04-17,2024-04-24,,7,Overdue,1,49000
R_002571,EQ_00395,SITE_004,OP_0208,2025-05-08,2025-06-11,2025-06-16,34,Overdue Returned,1,1020000
R_002572,EQ_00028,SITE_018,OP_0129,2025-03-24,2025-04-17,2025-04-17,24,Returned,0,336000
R_002573,EQ_00681,SITE_025,OP_0264,2024-07-23,2024-08-12,2024-08-12,20,Returned,0,180000
R_002574,EQ_00443,SITE_020,OP_0246,2026-01-23,2026-02-25,2026-02-25,33,Returned,1,297000
R_002575,EQ_00675,SITE_020,OP_0346,2025-10-08,2025-10-28,,20,Active,0,360000
R_002576,EQ_00461,SITE_007,OP_0020,2025-10-03,2025-11-16,2025-11-18,44,Overdue Returned,0,616000
R_002577,EQ_00042,SITE_019,OP_0155,2026-05-22,2026-06-16,,25,Active,0,175000
R_002578,EQ_00452,SITE_025,OP_0184,2025-11-11,2025-11-29,2025-11-29,18,Returned,0,162000
R_002579,EQ_00652,SITE_029,OP_0307,2024-09-18,2024-10-19,2024-10-19,31,Returned,0,682000
R_002580,EQ_00602,SITE_018,OP_0347,2024-07-27,2024-08-01,2024-08-01,5,Returned,0,70000
R_002581,EQ_00761,SITE_003,OP_0062,2024-07-22,2024-08-13,2024-08-14,22,Overdue Returned,0,308000
R_002582,EQ_00556,SITE_001,OP_0219,2025-07-03,2025-07-10,2025-07-09,7,Returned,0,210000
R_002583,EQ_00535,SITE_024,OP_0002,2025-05-21,2025-06-20,2025-06-20,30,Returned,1,210000
R_002584,EQ_00003,SITE_021,OP_0226,2026-01-07,2026-01-11,2026-01-11,4,Returned,1,72000
R_002585,EQ_00051,SITE_021,OP_0194,2025-09-25,2025-10-14,2025-10-14,19,Returned,1,304000
R_002586,EQ_00223,SITE_030,OP_0010,2025-07-10,2025-08-05,2025-08-05,26,Returned,0,234000
R_002587,EQ_00684,SITE_016,OP_0331,2024-07-25,2024-08-08,2024-08-08,14,Returned,0,308000
R_002588,EQ_00452,SITE_005,OP_0179,2025-10-24,2025-10-28,2025-10-28,4,Returned,0,36000
R_002589,EQ_00675,SITE_029,OP_0277,2024-07-11,2024-07-21,2024-07-23,10,Overdue Returned,0,180000
R_002590,EQ_00167,SITE_007,OP_0143,2024-10-08,2024-10-23,2024-10-20,15,Returned,0,270000
R_002591,EQ_00512,SITE_017,OP_0231,2025-03-03,2025-04-08,2025-04-08,36,Returned,1,324000
R_002592,EQ_00500,SITE_018,OP_0223,2025-06-26,2025-07-21,2025-07-23,25,Overdue Returned,0,450000
R_002593,EQ_00574,SITE_023,OP_0258,2026-05-25,2026-06-06,2026-06-06,12,Returned,0,360000
R_002594,EQ_00577,SITE_005,OP_0136,2024-05-07,2024-05-11,2024-05-11,4,Returned,0,36000
R_002595,EQ_00328,SITE_001,OP_0168,2026-03-15,2026-03-23,2026-03-24,8,Overdue Returned,0,176000
R_002596,EQ_00116,SITE_010,OP_0212,2025-06-12,2025-06-22,2025-06-22,10,Returned,1,90000
R_002597,EQ_00497,SITE_026,OP_0288,2024-10-29,2024-12-11,2024-12-11,43,Returned,0,387000
R_002598,EQ_00028,SITE_006,OP_0274,2026-04-12,2026-05-14,2026-05-19,32,Overdue Returned,0,448000
R_002599,EQ_00100,SITE_018,OP_0120,2026-05-09,2026-05-22,2026-05-23,13,Overdue Returned,0,390000
R_002600,EQ_00514,SITE_009,OP_0243,2025-06-26,2025-08-10,2025-08-10,45,Returned,1,1350000
R_002601,EQ_00172,SITE_025,OP_0285,2024-02-29,2024-04-08,2024-04-08,39,Returned,0,702000
R_002602,EQ_00507,SITE_004,OP_0058,2025-07-07,2025-08-13,2025-08-13,37,Returned,0,333000
R_002603,EQ_00669,SITE_022,OP_0130,2025-09-09,2025-09-14,2025-09-15,5,Overdue Returned,0,45000
R_002604,EQ_00328,SITE_007,OP_0044,2025-07-16,2025-07-31,,15,Active,1,330000
R_002605,EQ_00701,SITE_008,OP_0084,2026-07-13,2026-08-13,2026-08-13,31,Returned,0,558000
R_002606,EQ_00069,SITE_001,OP_0276,2025-10-14,2025-11-24,2025-11-29,41,Overdue Returned,0,369000
R_002607,EQ_00449,SITE_001,OP_0122,2025-08-11,2025-08-18,,7,Overdue,0,210000
R_002608,EQ_00094,SITE_025,OP_0107,2024-08-07,2024-09-14,2024-09-13,38,Returned,0,342000
R_002609,EQ_00309,SITE_019,OP_0026,2026-07-16,2026-08-12,2026-08-17,27,Overdue Returned,1,486000
R_002610,EQ_00247,SITE_002,OP_0145,2025-09-20,2025-10-11,2025-10-11,21,Returned,1,189000
R_002611,EQ_00568,SITE_010,OP_0053,2024-04-04,2024-04-11,2024-04-11,7,Returned,0,49000
R_002612,EQ_00662,SITE_002,OP_0302,2025-02-19,2025-02-22,,3,Overdue,0,21000
R_002613,EQ_00267,SITE_029,OP_0097,2024-08-09,2024-09-13,2024-09-15,35,Overdue Returned,1,315000
R_002614,EQ_00258,SITE_005,OP_0348,2024-09-20,2024-10-10,2024-10-10,20,Returned,1,280000
R_002615,EQ_00416,SITE_021,OP_0337,2026-03-06,2026-04-17,2026-04-22,42,Overdue Returned,0,672000
R_002616,EQ_00639,SITE_016,OP_0043,2024-02-10,2024-03-05,2024-03-05,24,Returned,0,432000
R_002617,EQ_00529,SITE_023,OP_0314,2025-08-02,2025-08-28,2025-08-28,26,Returned,0,572000
R_002618,EQ_00062,SITE_003,OP_0244,2024-09-23,2024-10-18,2024-10-16,25,Returned,0,175000
R_002619,EQ_00157,SITE_024,OP_0043,2025-04-17,2025-04-26,2025-04-26,9,Returned,1,270000
R_002620,EQ_00432,SITE_017,OP_0097,2025-04-28,2025-05-03,2025-05-03,5,Returned,0,90000
R_002621,EQ_00207,SITE_009,OP_0098,2026-08-01,2026-08-31,2026-08-31,30,Returned,0,270000
R_002622,EQ_00309,SITE_030,OP_0102,2025-02-09,2025-02-12,,3,Active,0,54000
R_002623,EQ_00112,SITE_022,OP_0225,2026-06-29,2026-07-23,2026-07-22,24,Returned,0,336000
R_002624,EQ_00003,SITE_014,OP_0161,2024-09-11,2024-10-20,2024-10-30,39,Overdue Returned,0,702000
R_002625,EQ_00091,SITE_018,OP_0065,2025-01-10,2025-02-05,2025-02-05,26,Returned,1,572000
R_002626,EQ_00016,SITE_019,OP_0076,2024-06-03,2024-06-27,2024-07-07,24,Overdue Returned,0,432000
R_002627,EQ_00269,SITE_010,OP_0259,2025-04-01,2025-04-20,2025-04-22,19,Overdue Returned,0,342000
R_002628,EQ_00628,SITE_022,OP_0330,2024-05-02,2024-05-13,2024-05-13,11,Returned,1,154000
R_002629,EQ_00400,SITE_002,OP_0026,2025-11-12,2025-11-19,,7,Active,0,63000
R_002630,EQ_00004,SITE_020,OP_0198,2024-08-31,2024-09-21,,21,Active,0,294000
R_002631,EQ_00651,SITE_025,OP_0234,2026-02-23,2026-03-01,2026-03-01,6,Returned,0,96000
R_002632,EQ_00018,SITE_029,OP_0230,2024-02-09,2024-03-09,2024-03-14,29,Overdue Returned,0,406000
R_002633,EQ_00785,SITE_003,OP_0158,2026-01-07,2026-01-29,2026-01-26,22,Returned,0,154000
R_002634,EQ_00385,SITE_024,OP_0255,2024-05-11,2024-06-16,2024-06-16,36,Returned,0,504000
R_002635,EQ_00169,SITE_019,OP_0221,2024-12-15,2025-01-06,2025-01-08,22,Overdue Returned,1,308000
R_002636,EQ_00493,SITE_012,OP_0252,2026-02-08,2026-02-15,,7,Active,1,49000
R_002637,EQ_00639,SITE_029,OP_0348,2025-07-27,2025-07-31,2025-07-30,4,Returned,0,72000
R_002638,EQ_00023,SITE_005,OP_0308,2025-12-27,2026-02-08,2026-02-08,43,Returned,0,301000
R_002639,EQ_00620,SITE_019,OP_0003,2025-02-11,2025-02-25,,14,Active,0,196000
R_002640,EQ_00067,SITE_021,OP_0110,2024-04-20,2024-05-01,,11,Overdue,0,330000
R_002641,EQ_00549,SITE_011,OP_0330,2024-09-04,2024-09-14,2024-09-19,10,Overdue Returned,0,160000
R_002642,EQ_00645,SITE_009,OP_0316,2026-05-15,2026-06-19,2026-06-19,35,Returned,0,245000
R_002643,EQ_00320,SITE_030,OP_0003,2024-12-20,2025-01-03,2025-01-08,14,Overdue Returned,0,308000
R_002644,EQ_00706,SITE_028,OP_0229,2024-06-03,2024-06-10,2024-06-08,7,Returned,1,126000
R_002645,EQ_00541,SITE_012,OP_0039,2026-05-19,2026-06-06,,18,Active,0,288000
R_002646,EQ_00186,SITE_021,OP_0233,2026-04-21,2026-06-04,2026-06-06,44,Overdue Returned,0,616000
R_002647,EQ_00755,SITE_030,OP_0335,2025-09-01,2025-10-15,2025-10-15,44,Returned,1,396000
R_002648,EQ_00626,SITE_027,OP_0101,2024-12-08,2025-01-15,2025-01-15,38,Returned,1,532000
R_002649,EQ_00390,SITE_028,OP_0173,2024-03-25,2024-04-28,2024-04-28,34,Returned,0,612000
R_002650,EQ_00764,SITE_026,OP_0221,2026-07-13,2026-07-30,2026-07-31,17,Overdue Returned,0,238000
R_002651,EQ_00115,SITE_025,OP_0045,2024-06-19,2024-07-13,2024-07-13,24,Returned,1,168000
R_002652,EQ_00146,SITE_002,OP_0049,2025-08-04,2025-08-20,,16,Overdue,0,288000
R_002653,EQ_00547,SITE_025,OP_0168,2024-01-01,2024-02-11,2024-02-11,41,Returned,0,369000
R_002654,EQ_00455,SITE_014,OP_0150,2026-04-04,2026-05-17,2026-05-17,43,Returned,0,301000
R_002655,EQ_00447,SITE_020,OP_0100,2026-06-23,2026-07-06,,13,Active,0,117000
R_002656,EQ_00048,SITE_027,OP_0054,2024-05-30,2024-07-10,2024-07-10,41,Returned,1,369000
R_002657,EQ_00606,SITE_003,OP_0099,2025-08-10,2025-09-10,,31,Overdue,1,558000
R_002658,EQ_00497,SITE_029,OP_0240,2025-02-12,2025-03-03,2025-03-03,19,Returned,0,171000
R_002659,EQ_00441,SITE_015,OP_0167,2024-03-15,2024-04-24,2024-04-21,40,Returned,0,720000
R_002660,EQ_00765,SITE_004,OP_0316,2024-06-12,2024-07-09,2024-07-08,27,Returned,1,486000
R_002661,EQ_00575,SITE_013,OP_0339,2025-09-04,2025-09-07,2025-09-07,3,Returned,0,21000
R_002662,EQ_00201,SITE_008,OP_0074,2025-10-22,2025-10-25,2025-10-25,3,Returned,0,21000
R_002663,EQ_00341,SITE_023,OP_0070,2025-06-25,2025-06-30,2025-06-30,5,Returned,0,110000
R_002664,EQ_00143,SITE_007,OP_0149,2024-05-02,2024-06-12,2024-06-12,41,Returned,0,1230000
R_002665,EQ_00164,SITE_009,OP_0145,2024-04-28,2024-05-06,2024-05-06,8,Returned,0,128000
R_002666,EQ_00603,SITE_019,OP_0342,2025-08-22,2025-09-08,,17,Active,0,306000
R_002667,EQ_00652,SITE_008,OP_0078,2024-02-20,2024-02-26,2024-02-26,6,Returned,1,132000
R_002668,EQ_00493,SITE_003,OP_0246,2026-05-09,2026-05-31,2026-05-31,22,Returned,1,154000
R_002669,EQ_00293,SITE_015,OP_0009,2026-04-13,2026-04-30,,17,Active,0,306000
R_002670,EQ_00061,SITE_030,OP_0073,2024-08-16,2024-09-18,2024-09-18,33,Returned,0,231000
R_002671,EQ_00690,SITE_005,OP_0318,2025-11-18,2025-12-01,2025-12-01,13,Returned,0,91000
R_002672,EQ_00464,SITE_029,OP_0073,2025-11-14,2025-12-28,2025-12-28,44,Returned,0,1320000
R_002673,EQ_00505,SITE_015,OP_0327,2025-07-03,2025-08-02,2025-08-02,30,Returned,0,210000
R_002674,EQ_00766,SITE_016,OP_0157,2025-10-25,2025-11-25,2025-11-25,31,Returned,0,930000
R_002675,EQ_00750,SITE_003,OP_0263,2024-04-06,2024-05-16,,40,Active,0,640000
R_002676,EQ_00768,SITE_030,OP_0186,2026-02-14,2026-03-19,2026-03-19,33,Returned,1,594000
R_002677,EQ_00482,SITE_022,OP_0070,2024-08-04,2024-08-09,2024-08-06,5,Returned,1,45000
R_002678,EQ_00422,SITE_026,OP_0242,2025-10-11,2025-11-13,,33,Active,1,726000
R_002679,EQ_00738,SITE_023,OP_0109,2026-06-19,2026-07-02,,13,Overdue,0,91000
R_002680,EQ_00516,SITE_009,OP_0281,2024-08-21,2024-10-05,2024-10-05,45,Returned,0,810000
R_002681,EQ_00116,SITE_028,OP_0133,2026-02-28,2026-04-10,2026-04-10,41,Returned,0,369000
R_002682,EQ_00089,SITE_017,OP_0300,2025-10-19,2025-11-01,2025-11-01,13,Returned,0,234000
R_002683,EQ_00020,SITE_003,OP_0027,2026-07-02,2026-07-26,2026-07-26,24,Returned,0,432000
R_002684,EQ_00393,SITE_007,OP_0280,2026-02-16,2026-03-18,2026-03-18,30,Returned,1,540000
R_002685,EQ_00114,SITE_028,OP_0212,2026-01-03,2026-01-18,2026-01-28,15,Overdue Returned,1,330000
R_002686,EQ_00575,SITE_017,OP_0249,2025-07-18,2025-08-08,,21,Overdue,0,147000
R_002687,EQ_00361,SITE_023,OP_0181,2025-12-29,2026-02-07,2026-02-07,40,Returned,0,560000
R_002688,EQ_00339,SITE_022,OP_0209,2025-03-04,2025-03-22,2025-03-27,18,Overdue Returned,0,162000
R_002689,EQ_00359,SITE_005,OP_0079,2026-02-27,2026-03-16,2026-03-14,17,Returned,0,374000
R_002690,EQ_00226,SITE_026,OP_0151,2024-07-26,2024-08-17,2024-08-17,22,Returned,0,198000
R_002691,EQ_00781,SITE_015,OP_0035,2024-03-11,2024-04-18,2024-04-16,38,Returned,1,532000
R_002692,EQ_00279,SITE_028,OP_0073,2024-03-06,2024-04-08,2024-04-10,33,Overdue Returned,1,462000
R_002693,EQ_00248,SITE_023,OP_0328,2025-05-23,2025-06-09,2025-06-09,17,Returned,0,374000
R_002694,EQ_00251,SITE_001,OP_0102,2025-09-07,2025-09-20,,13,Active,1,117000
R_002695,EQ_00726,SITE_001,OP_0171,2026-06-20,2026-07-18,2026-07-16,28,Returned,0,196000
R_002696,EQ_00245,SITE_016,OP_0142,2024-11-05,2024-12-19,2024-12-19,44,Returned,0,968000
R_002697,EQ_00057,SITE_010,OP_0004,2024-12-13,2025-01-05,2025-01-04,23,Returned,0,322000
R_002698,EQ_00489,SITE_004,OP_0244,2025-07-10,2025-08-19,,40,Overdue,0,360000
R_002699,EQ_00136,SITE_016,OP_0331,2026-01-19,2026-02-08,2026-02-08,20,Returned,0,180000
R_002700,EQ_00742,SITE_002,OP_0072,2024-03-09,2024-04-23,,45,Overdue,0,405000
R_002701,EQ_00451,SITE_009,OP_0235,2026-06-23,2026-07-15,2026-07-15,22,Returned,0,660000
R_002702,EQ_00024,SITE_024,OP_0278,2026-04-04,2026-05-14,2026-05-14,40,Returned,0,880000
R_002703,EQ_00573,SITE_014,OP_0158,2024-01-26,2024-02-24,2024-02-24,29,Returned,0,464000
R_002704,EQ_00692,SITE_020,OP_0144,2026-05-30,2026-07-02,,33,Active,1,594000
R_002705,EQ_00227,SITE_006,OP_0109,2026-06-15,2026-07-26,2026-07-26,41,Returned,0,287000
R_002706,EQ_00441,SITE_023,OP_0349,2026-03-23,2026-04-25,2026-04-24,33,Returned,0,594000
R_002707,EQ_00012,SITE_006,OP_0214,2024-08-23,2024-09-22,2024-09-21,30,Returned,0,210000
R_002708,EQ_00089,SITE_030,OP_0133,2025-07-28,2025-08-20,2025-08-21,23,Overdue Returned,0,414000
R_002709,EQ_00514,SITE_008,OP_0030,2026-04-22,2026-05-09,,17,Active,0,510000
R_002710,EQ_00727,SITE_002,OP_0087,2025-02-21,2025-03-22,2025-03-20,29,Returned,0,870000
R_002711,EQ_00386,SITE_003,OP_0131,2025-07-29,2025-09-01,2025-09-06,34,Overdue Returned,0,306000
R_002712,EQ_00644,SITE_030,OP_0278,2026-01-08,2026-01-14,2026-01-12,6,Returned,1,108000
R_002713,EQ_00171,SITE_028,OP_0319,2025-12-06,2025-12-13,2025-12-13,7,Returned,0,63000
R_002714,EQ_00550,SITE_004,OP_0327,2025-06-24,2025-08-05,2025-08-05,42,Returned,0,588000
R_002715,EQ_00699,SITE_002,OP_0331,2024-01-27,2024-02-14,2024-02-15,18,Overdue Returned,0,396000
R_002716,EQ_00111,SITE_023,OP_0332,2025-03-03,2025-03-13,2025-03-11,10,Returned,0,180000
R_002717,EQ_00764,SITE_030,OP_0058,2026-01-11,2026-02-08,2026-02-08,28,Returned,1,392000
R_002718,EQ_00385,SITE_005,OP_0090,2026-07-13,2026-07-23,2026-07-23,10,Returned,0,140000
R_002719,EQ_00456,SITE_017,OP_0217,2024-10-19,2024-11-15,2024-11-15,27,Returned,0,378000
R_002720,EQ_00584,SITE_017,OP_0333,2024-12-24,2025-01-09,2025-01-06,16,Returned,1,112000
R_002721,EQ_00564,SITE_023,OP_0326,2025-04-22,2025-05-17,2025-05-17,25,Returned,0,350000
R_002722,EQ_00167,SITE_024,OP_0232,2026-02-04,2026-03-07,2026-03-07,31,Returned,0,558000
R_002723,EQ_00459,SITE_018,OP_0274,2024-08-14,2024-08-30,2024-08-31,16,Overdue Returned,0,112000
R_002724,EQ_00416,SITE_017,OP_0152,2026-04-14,2026-05-05,,21,Overdue,1,336000
R_002725,EQ_00414,SITE_008,OP_0132,2026-05-14,2026-06-26,,43,Active,0,946000
R_002726,EQ_00111,SITE_018,OP_0149,2024-04-28,2024-06-12,2024-06-13,45,Overdue Returned,0,810000
R_002727,EQ_00354,SITE_015,OP_0050,2024-04-15,2024-05-30,2024-06-01,45,Overdue Returned,0,810000
R_002728,EQ_00762,SITE_017,OP_0305,2024-04-24,2024-04-27,2024-04-27,3,Returned,0,66000
R_002729,EQ_00326,SITE_017,OP_0337,2024-03-09,2024-04-04,,26,Active,0,234000
R_002730,EQ_00312,SITE_023,OP_0246,2025-11-01,2025-11-23,2025-11-23,22,Returned,1,198000
R_002731,EQ_00423,SITE_005,OP_0241,2025-08-11,2025-08-28,,17,Overdue,0,153000
R_002732,EQ_00070,SITE_009,OP_0029,2025-09-09,2025-10-20,,41,Active,1,656000
R_002733,EQ_00456,SITE_029,OP_0350,2024-09-22,2024-10-11,2024-10-12,19,Overdue Returned,0,266000
R_002734,EQ_00532,SITE_003,OP_0295,2025-09-01,2025-10-16,,45,Active,0,315000
R_002735,EQ_00359,SITE_020,OP_0059,2024-09-16,2024-10-05,2024-10-10,19,Overdue Returned,0,418000
R_002736,EQ_00101,SITE_019,OP_0240,2024-05-10,2024-05-15,,5,Overdue,0,150000
R_002737,EQ_00296,SITE_010,OP_0285,2025-03-23,2025-04-26,2025-04-26,34,Returned,0,544000
R_002738,EQ_00582,SITE_010,OP_0180,2024-11-04,2024-11-08,2024-11-08,4,Returned,0,120000
R_002739,EQ_00581,SITE_009,OP_0227,2024-09-13,2024-10-28,2024-10-28,45,Returned,0,720000
R_002740,EQ_00520,SITE_025,OP_0056,2026-02-18,2026-04-03,2026-04-03,44,Returned,1,308000
R_002741,EQ_00557,SITE_006,OP_0150,2025-10-29,2025-12-09,2025-12-11,41,Overdue Returned,0,287000
R_002742,EQ_00349,SITE_026,OP_0266,2024-06-06,2024-07-01,2024-07-06,25,Overdue Returned,0,450000
R_002743,EQ_00169,SITE_029,OP_0297,2025-10-31,2025-11-19,,19,Overdue,0,266000
R_002744,EQ_00609,SITE_013,OP_0029,2025-04-12,2025-05-27,2025-05-27,45,Returned,0,630000
R_002745,EQ_00050,SITE_013,OP_0031,2024-11-15,2024-12-18,2024-12-18,33,Returned,0,231000
R_002746,EQ_00644,SITE_029,OP_0214,2024-07-06,2024-07-15,2024-07-15,9,Returned,0,162000
R_002747,EQ_00348,SITE_020,OP_0073,2024-05-17,2024-05-24,2024-05-24,7,Returned,0,49000
R_002748,EQ_00077,SITE_008,OP_0327,2025-12-24,2026-01-29,2026-01-29,36,Returned,0,792000
R_002749,EQ_00685,SITE_004,OP_0106,2026-04-27,2026-05-05,2026-05-05,8,Returned,0,144000
R_002750,EQ_00401,SITE_019,OP_0237,2024-05-04,2024-05-20,2024-05-20,16,Returned,0,112000
R_002751,EQ_00297,SITE_002,OP_0077,2025-02-15,2025-03-05,,18,Active,1,324000
R_002752,EQ_00660,SITE_003,OP_0008,2026-05-27,2026-06-20,2026-06-22,24,Overdue Returned,0,168000
R_002753,EQ_00527,SITE_022,OP_0187,2025-01-19,2025-02-09,2025-02-09,21,Returned,0,378000
R_002754,EQ_00610,SITE_030,OP_0323,2025-06-01,2025-06-12,2025-06-14,11,Overdue Returned,0,154000
R_002755,EQ_00211,SITE_014,OP_0321,2024-10-28,2024-11-26,2024-11-26,29,Returned,0,261000
R_002756,EQ_00030,SITE_014,OP_0143,2024-01-17,2024-01-31,2024-01-31,14,Returned,0,252000
R_002757,EQ_00664,SITE_027,OP_0341,2025-09-09,2025-09-29,,20,Active,0,440000
R_002758,EQ_00517,SITE_013,OP_0106,2024-11-28,2024-12-03,2024-12-13,5,Overdue Returned,0,110000
R_002759,EQ_00211,SITE_010,OP_0321,2026-03-27,2026-04-01,2026-04-01,5,Returned,1,45000
R_002760,EQ_00069,SITE_001,OP_0071,2025-08-06,2025-08-25,2025-08-25,19,Returned,0,171000
R_002761,EQ_00753,SITE_026,OP_0014,2026-05-09,2026-05-14,,5,Active,0,35000
R_002762,EQ_00386,SITE_008,OP_0097,2024-09-22,2024-10-12,2024-10-12,20,Returned,0,180000
R_002763,EQ_00266,SITE_018,OP_0218,2026-05-01,2026-06-13,,43,Active,1,301000
R_002764,EQ_00223,SITE_005,OP_0172,2024-02-12,2024-02-27,2024-02-27,15,Returned,1,135000
R_002765,EQ_00433,SITE_023,OP_0048,2025-03-28,2025-04-08,2025-04-08,11,Returned,0,198000
R_002766,EQ_00124,SITE_012,OP_0333,2025-04-17,2025-05-12,2025-05-12,25,Returned,0,350000
R_002767,EQ_00255,SITE_021,OP_0236,2025-02-18,2025-03-23,,33,Active,1,594000
R_002768,EQ_00111,SITE_026,OP_0214,2025-09-21,2025-10-14,2025-10-13,23,Returned,0,414000
R_002769,EQ_00645,SITE_010,OP_0126,2024-04-28,2024-05-10,2024-05-10,12,Returned,0,84000
R_002770,EQ_00101,SITE_026,OP_0080,2025-02-06,2025-03-16,,38,Active,0,1140000
R_002771,EQ_00115,SITE_022,OP_0010,2025-03-13,2025-03-31,2025-03-31,18,Returned,1,126000
R_002772,EQ_00736,SITE_024,OP_0104,2025-12-08,2026-01-18,2026-01-19,41,Overdue Returned,0,574000
R_002773,EQ_00513,SITE_006,OP_0129,2025-09-03,2025-10-17,2025-10-16,44,Returned,0,792000
R_002774,EQ_00361,SITE_013,OP_0099,2024-10-12,2024-11-16,2024-11-16,35,Returned,0,490000
R_002775,EQ_00759,SITE_015,OP_0293,2024-04-02,2024-05-11,,39,Overdue,0,858000
R_002776,EQ_00573,SITE_007,OP_0311,2025-12-24,2026-01-10,2026-01-12,17,Overdue Returned,0,272000
R_002777,EQ_00671,SITE_005,OP_0046,2024-02-26,2024-03-26,2024-03-26,29,Returned,0,464000
R_002778,EQ_00252,SITE_023,OP_0346,2025-11-17,2025-12-05,2025-12-05,18,Returned,1,288000
R_002779,EQ_00749,SITE_024,OP_0210,2024-07-22,2024-08-02,2024-08-03,11,Overdue Returned,0,198000
R_002780,EQ_00759,SITE_012,OP_0290,2026-01-26,2026-02-18,2026-02-18,23,Returned,0,506000
R_002781,EQ_00571,SITE_025,OP_0031,2026-02-21,2026-03-08,2026-03-13,15,Overdue Returned,1,240000
R_002782,EQ_00453,SITE_012,OP_0332,2024-12-05,2025-01-03,,29,Active,0,406000
R_002783,EQ_00374,SITE_012,OP_0155,2025-03-13,2025-04-17,2025-04-17,35,Returned,0,1050000
R_002784,EQ_00037,SITE_013,OP_0039,2024-12-19,2025-01-01,2025-01-02,13,Overdue Returned,0,208000
R_002785,EQ_00111,SITE_030,OP_0166,2024-08-28,2024-09-15,2024-09-14,18,Returned,1,324000
R_002786,EQ_00674,SITE_009,OP_0256,2025-05-18,2025-06-09,,22,Active,0,396000
R_002787,EQ_00681,SITE_007,OP_0283,2025-06-05,2025-07-03,2025-07-03,28,Returned,0,252000
R_002788,EQ_00093,SITE_028,OP_0113,2025-12-25,2026-01-29,2026-01-29,35,Returned,0,630000
R_002789,EQ_00429,SITE_018,OP_0088,2025-05-26,2025-06-01,2025-06-02,6,Overdue Returned,0,54000
R_002790,EQ_00388,SITE_014,OP_0057,2024-08-11,2024-09-18,2024-09-18,38,Returned,0,342000
R_002791,EQ_00207,SITE_016,OP_0328,2024-07-06,2024-08-13,2024-08-10,38,Returned,0,342000
R_002792,EQ_00072,SITE_025,OP_0201,2025-10-17,2025-10-26,,9,Overdue,0,144000
R_002793,EQ_00115,SITE_009,OP_0017,2024-06-05,2024-07-14,,39,Active,0,273000
R_002794,EQ_00328,SITE_011,OP_0038,2026-02-27,2026-04-13,2026-04-13,45,Returned,0,990000
R_002795,EQ_00326,SITE_027,OP_0133,2026-05-31,2026-06-09,2026-06-09,9,Returned,0,81000
R_002796,EQ_00398,SITE_027,OP_0077,2024-11-27,2024-12-20,2024-12-20,23,Returned,0,207000
R_002797,EQ_00223,SITE_023,OP_0167,2026-07-09,2026-07-22,2026-07-22,13,Returned,0,117000
R_002798,EQ_00675,SITE_005,OP_0187,2026-01-16,2026-01-30,2026-01-30,14,Returned,0,252000
R_002799,EQ_00011,SITE_011,OP_0178,2024-03-03,2024-04-17,,45,Active,0,810000
R_002800,EQ_00408,SITE_003,OP_0056,2024-02-12,2024-03-08,,25,Active,0,175000
R_002801,EQ_00501,SITE_020,OP_0209,2025-11-16,2025-12-12,2025-12-14,26,Overdue Returned,0,234000
R_002802,EQ_00564,SITE_014,OP_0113,2024-10-05,2024-10-10,2024-10-10,5,Returned,1,70000
R_002803,EQ_00287,SITE_002,OP_0116,2026-01-10,2026-01-23,2026-01-24,13,Overdue Returned,0,208000
R_002804,EQ_00693,SITE_013,OP_0344,2026-01-19,2026-01-23,2026-02-02,4,Overdue Returned,1,28000
R_002805,EQ_00134,SITE_024,OP_0295,2025-04-25,2025-06-01,2025-06-01,37,Returned,1,592000
R_002806,EQ_00708,SITE_027,OP_0079,2025-01-28,2025-02-22,2025-02-22,25,Returned,1,400000
R_002807,EQ_00792,SITE_006,OP_0137,2026-03-14,2026-04-06,2026-04-06,23,Returned,0,161000
R_002808,EQ_00565,SITE_023,OP_0045,2025-10-21,2025-10-28,2025-10-27,7,Returned,0,154000
R_002809,EQ_00150,SITE_029,OP_0207,2024-09-22,2024-10-06,,14,Active,0,252000
R_002810,EQ_00021,SITE_001,OP_0121,2024-12-29,2025-01-06,2025-01-06,8,Returned,0,112000
R_002811,EQ_00221,SITE_025,OP_0123,2025-08-22,2025-09-25,2025-09-26,34,Overdue Returned,0,612000
R_002812,EQ_00704,SITE_002,OP_0244,2024-07-17,2024-08-08,2024-08-08,22,Returned,0,484000
R_002813,EQ_00279,SITE_001,OP_0204,2025-10-25,2025-11-25,2025-11-24,31,Returned,0,434000
R_002814,EQ_00210,SITE_010,OP_0009,2025-11-11,2025-11-14,2025-11-11,3,Returned,0,48000
R_002815,EQ_00504,SITE_004,OP_0282,2025-06-15,2025-06-21,,6,Overdue,1,84000
R_002816,EQ_00321,SITE_012,OP_0052,2024-08-11,2024-08-31,2024-08-31,20,Returned,0,140000
R_002817,EQ_00187,SITE_015,OP_0039,2025-09-28,2025-10-05,2025-10-05,7,Returned,0,210000
R_002818,EQ_00513,SITE_028,OP_0102,2026-02-10,2026-03-20,,38,Active,0,684000
R_002819,EQ_00556,SITE_024,OP_0103,2026-02-11,2026-03-16,2026-03-17,33,Overdue Returned,0,990000
R_002820,EQ_00393,SITE_002,OP_0143,2025-05-06,2025-05-17,2025-05-17,11,Returned,1,198000
R_002821,EQ_00090,SITE_003,OP_0262,2026-07-23,2026-08-06,2026-08-06,14,Returned,0,196000
R_002822,EQ_00196,SITE_007,OP_0041,2025-03-17,2025-04-20,2025-04-20,34,Returned,0,1020000
R_002823,EQ_00571,SITE_016,OP_0084,2026-06-26,2026-07-01,2026-07-01,5,Returned,0,80000
R_002824,EQ_00729,SITE_029,OP_0181,2024-09-02,2024-10-14,,42,Active,0,756000
R_002825,EQ_00035,SITE_027,OP_0339,2024-12-25,2025-01-04,2025-01-04,10,Returned,0,180000
R_002826,EQ_00217,SITE_020,OP_0218,2024-01-11,2024-01-31,,20,Overdue,1,360000
R_002827,EQ_00050,SITE_009,OP_0161,2025-04-29,2025-06-04,2025-06-05,36,Overdue Returned,0,252000
R_002828,EQ_00580,SITE_023,OP_0205,2024-03-24,2024-04-02,,9,Active,1,144000
R_002829,EQ_00470,SITE_006,OP_0208,2024-07-04,2024-08-10,,37,Active,1,666000
R_002830,EQ_00629,SITE_014,OP_0028,2026-06-08,2026-06-15,2026-06-15,7,Returned,0,63000
R_002831,EQ_00717,SITE_013,OP_0123,2024-11-16,2024-12-29,2024-12-29,43,Returned,0,387000
R_002832,EQ_00373,SITE_012,OP_0058,2026-08-02,2026-08-26,2026-08-26,24,Returned,0,528000
R_002833,EQ_00773,SITE_004,OP_0182,2024-05-25,2024-07-04,2024-07-04,40,Returned,0,640000
R_002834,EQ_00425,SITE_005,OP_0131,2024-10-25,2024-11-06,2024-11-06,12,Returned,0,216000
R_002835,EQ_00225,SITE_005,OP_0237,2026-02-07,2026-03-05,,26,Active,1,234000
R_002836,EQ_00346,SITE_015,OP_0307,2025-08-24,2025-10-01,2025-10-01,38,Returned,0,836000
R_002837,EQ_00228,SITE_020,OP_0037,2025-04-15,2025-05-05,,20,Active,0,320000
R_002838,EQ_00313,SITE_010,OP_0339,2026-08-06,2026-09-14,,39,Active,0,858000
R_002839,EQ_00511,SITE_020,OP_0137,2026-04-22,2026-05-22,2026-05-22,30,Returned,0,210000
R_002840,EQ_00491,SITE_029,OP_0036,2024-08-09,2024-09-21,2024-09-21,43,Returned,0,946000
R_002841,EQ_00438,SITE_006,OP_0199,2025-05-04,2025-05-20,2025-05-20,16,Returned,0,224000
R_002842,EQ_00275,SITE_008,OP_0175,2025-06-17,2025-06-30,2025-06-30,13,Returned,1,234000
R_002843,EQ_00722,SITE_026,OP_0261,2026-04-29,2026-05-19,2026-05-16,20,Returned,0,180000
R_002844,EQ_00608,SITE_023,OP_0324,2024-04-10,2024-05-25,2024-05-25,45,Returned,0,810000
R_002845,EQ_00749,SITE_013,OP_0201,2024-05-21,2024-06-22,,32,Overdue,0,576000
R_002846,EQ_00799,SITE_017,OP_0051,2024-12-10,2025-01-03,,24,Active,0,720000
R_002847,EQ_00736,SITE_014,OP_0214,2025-05-05,2025-06-09,2025-06-10,35,Overdue Returned,0,490000
R_002848,EQ_00031,SITE_019,OP_0001,2024-01-12,2024-01-21,2024-01-21,9,Returned,0,81000
R_002849,EQ_00396,SITE_011,OP_0003,2024-01-27,2024-02-28,2024-02-28,32,Returned,0,576000
R_002850,EQ_00595,SITE_018,OP_0196,2024-02-04,2024-02-25,2024-02-25,21,Returned,1,189000
R_002851,EQ_00720,SITE_018,OP_0200,2025-06-13,2025-06-27,2025-06-27,14,Returned,1,196000
R_002852,EQ_00349,SITE_029,OP_0159,2025-12-02,2025-12-23,2025-12-23,21,Returned,0,378000
R_002853,EQ_00712,SITE_004,OP_0314,2026-05-13,2026-05-28,2026-05-28,15,Returned,0,330000
R_002854,EQ_00500,SITE_007,OP_0127,2025-07-10,2025-08-21,,42,Overdue,0,756000
R_002855,EQ_00039,SITE_018,OP_0130,2026-05-23,2026-06-26,,34,Active,0,306000
R_002856,EQ_00520,SITE_027,OP_0317,2025-04-16,2025-05-17,2025-05-27,31,Overdue Returned,0,217000
R_002857,EQ_00748,SITE_021,OP_0127,2026-05-12,2026-06-23,2026-06-23,42,Returned,0,378000
R_002858,EQ_00005,SITE_016,OP_0005,2024-06-06,2024-07-11,2024-07-11,35,Returned,0,630000
R_002859,EQ_00247,SITE_021,OP_0177,2024-05-04,2024-05-24,,20,Active,0,180000
R_002860,EQ_00660,SITE_029,OP_0178,2024-05-08,2024-05-28,2024-05-30,20,Overdue Returned,0,140000
R_002861,EQ_00349,SITE_010,OP_0038,2025-01-17,2025-02-21,2025-02-22,35,Overdue Returned,0,630000
R_002862,EQ_00240,SITE_009,OP_0058,2025-09-29,2025-10-12,2025-10-12,13,Returned,0,286000
R_002863,EQ_00305,SITE_013,OP_0015,2026-01-07,2026-02-05,2026-02-05,29,Returned,0,638000
R_002864,EQ_00434,SITE_023,OP_0279,2026-01-30,2026-02-18,2026-02-19,19,Overdue Returned,0,133000
R_002865,EQ_00407,SITE_001,OP_0272,2026-02-13,2026-02-25,,12,Active,1,84000
R_002866,EQ_00644,SITE_020,OP_0038,2024-09-02,2024-10-12,2024-10-12,40,Returned,0,720000
R_002867,EQ_00194,SITE_018,OP_0148,2024-02-25,2024-03-25,,29,Active,0,870000
R_002868,EQ_00515,SITE_007,OP_0163,2025-02-16,2025-04-01,2025-03-30,44,Returned,0,792000
R_002869,EQ_00749,SITE_021,OP_0081,2024-02-26,2024-04-09,2024-04-09,43,Returned,1,774000
R_002870,EQ_00246,SITE_027,OP_0014,2025-12-15,2026-01-13,2026-01-13,29,Returned,0,406000
R_002871,EQ_00713,SITE_008,OP_0207,2025-10-14,2025-10-17,2025-10-18,3,Overdue Returned,0,90000
R_002872,EQ_00717,SITE_025,OP_0055,2026-05-21,2026-06-07,2026-06-07,17,Returned,0,153000
R_002873,EQ_00435,SITE_003,OP_0052,2025-12-31,2026-01-19,,19,Overdue,0,342000
R_002874,EQ_00635,SITE_027,OP_0153,2024-05-08,2024-05-16,2024-05-16,8,Returned,0,176000
R_002875,EQ_00451,SITE_026,OP_0342,2024-09-11,2024-09-28,2024-09-30,17,Overdue Returned,1,510000
R_002876,EQ_00160,SITE_028,OP_0159,2025-09-16,2025-10-20,2025-10-20,34,Returned,0,238000
R_002877,EQ_00379,SITE_014,OP_0022,2025-12-30,2026-02-09,2026-02-09,41,Returned,0,1230000
R_002878,EQ_00604,SITE_026,OP_0049,2025-06-03,2025-06-06,2025-06-06,3,Returned,0,21000
R_002879,EQ_00431,SITE_021,OP_0101,2026-02-16,2026-03-07,2026-03-17,19,Overdue Returned,1,266000
R_002880,EQ_00590,SITE_018,OP_0337,2025-10-28,2025-11-11,2025-11-10,14,Returned,1,196000
R_002881,EQ_00628,SITE_027,OP_0287,2024-04-07,2024-04-21,2024-04-21,14,Returned,0,196000
R_002882,EQ_00273,SITE_018,OP_0209,2026-05-17,2026-06-22,2026-06-23,36,Overdue Returned,0,792000
R_002883,EQ_00515,SITE_003,OP_0153,2026-03-27,2026-04-02,2026-04-07,6,Overdue Returned,1,108000
R_002884,EQ_00473,SITE_018,OP_0329,2025-03-23,2025-05-01,,39,Active,1,1170000
R_002885,EQ_00033,SITE_007,OP_0049,2024-06-22,2024-07-08,,16,Overdue,1,288000
R_002886,EQ_00700,SITE_016,OP_0297,2025-02-02,2025-03-04,2025-03-04,30,Returned,0,480000
R_002887,EQ_00577,SITE_015,OP_0099,2025-12-30,2026-01-02,,3,Active,0,27000
R_002888,EQ_00139,SITE_022,OP_0110,2025-03-01,2025-04-11,2025-04-11,41,Returned,1,738000
R_002889,EQ_00293,SITE_012,OP_0236,2025-01-08,2025-02-04,2025-02-05,27,Overdue Returned,0,486000
R_002890,EQ_00011,SITE_013,OP_0340,2024-09-18,2024-10-29,2024-11-08,41,Overdue Returned,0,738000
R_002891,EQ_00514,SITE_005,OP_0348,2024-02-09,2024-02-26,,17,Overdue,0,510000
R_002892,EQ_00600,SITE_026,OP_0289,2024-08-04,2024-08-15,2024-08-13,11,Returned,0,77000
R_002893,EQ_00343,SITE_018,OP_0189,2025-04-07,2025-04-19,2025-04-19,12,Returned,0,84000
R_002894,EQ_00088,SITE_012,OP_0254,2024-12-23,2025-01-12,2025-01-12,20,Returned,0,440000
R_002895,EQ_00025,SITE_021,OP_0281,2024-09-13,2024-10-25,,42,Overdue,0,588000
R_002896,EQ_00016,SITE_019,OP_0071,2025-04-09,2025-05-06,2025-05-05,27,Returned,0,486000
R_002897,EQ_00137,SITE_006,OP_0029,2026-06-27,2026-08-03,2026-08-04,37,Overdue Returned,1,333000
R_002898,EQ_00407,SITE_023,OP_0165,2024-01-27,2024-02-26,2024-02-24,30,Returned,1,210000
R_002899,EQ_00698,SITE_005,OP_0285,2026-07-13,2026-07-17,,4,Active,0,56000
R_002900,EQ_00499,SITE_024,OP_0268,2026-05-28,2026-06-20,2026-06-20,23,Returned,0,414000
R_002901,EQ_00235,SITE_019,OP_0259,2024-02-03,2024-02-23,,20,Active,0,280000
R_002902,EQ_00037,SITE_022,OP_0005,2024-01-12,2024-02-23,2024-02-23,42,Returned,0,672000
R_002903,EQ_00418,SITE_026,OP_0346,2025-12-09,2026-01-01,2026-01-01,23,Returned,0,414000
R_002904,EQ_00038,SITE_012,OP_0123,2025-03-06,2025-04-10,,35,Active,0,770000
R_002905,EQ_00541,SITE_005,OP_0273,2025-11-28,2025-12-19,,21,Active,0,336000
R_002906,EQ_00364,SITE_018,OP_0014,2024-08-27,2024-09-29,,33,Active,1,990000
R_002907,EQ_00707,SITE_026,OP_0038,2025-01-01,2025-02-13,2025-02-13,43,Returned,1,946000
R_002908,EQ_00014,SITE_024,OP_0243,2024-05-18,2024-06-02,2024-06-02,15,Returned,0,450000
R_002909,EQ_00446,SITE_025,OP_0145,2026-05-29,2026-06-29,2026-07-09,31,Overdue Returned,0,682000
R_002910,EQ_00323,SITE_024,OP_0050,2024-03-09,2024-04-15,2024-04-17,37,Overdue Returned,0,333000
R_002911,EQ_00359,SITE_009,OP_0129,2024-10-08,2024-10-23,2024-10-23,15,Returned,1,330000
R_002912,EQ_00261,SITE_020,OP_0349,2026-01-18,2026-01-31,2026-01-31,13,Returned,0,286000
R_002913,EQ_00402,SITE_013,OP_0239,2025-06-04,2025-07-17,,43,Overdue,0,1290000
R_002914,EQ_00055,SITE_002,OP_0075,2024-01-01,2024-02-07,2024-02-07,37,Returned,0,666000
R_002915,EQ_00510,SITE_029,OP_0117,2026-04-27,2026-05-22,2026-05-22,25,Returned,0,225000
R_002916,EQ_00301,SITE_026,OP_0181,2025-06-16,2025-07-18,2025-07-20,32,Overdue Returned,0,704000
R_002917,EQ_00102,SITE_022,OP_0343,2024-04-01,2024-04-09,2024-04-09,8,Returned,0,112000
R_002918,EQ_00696,SITE_009,OP_0183,2025-04-26,2025-06-04,,39,Active,0,273000
R_002919,EQ_00193,SITE_020,OP_0012,2026-03-28,2026-05-03,2026-05-03,36,Returned,0,576000
R_002920,EQ_00791,SITE_023,OP_0306,2025-07-08,2025-07-11,2025-07-11,3,Returned,0,27000
R_002921,EQ_00730,SITE_016,OP_0073,2025-11-27,2025-12-27,,30,Active,1,210000
R_002922,EQ_00053,SITE_016,OP_0289,2025-07-08,2025-07-29,2025-08-03,21,Overdue Returned,0,336000
R_002923,EQ_00481,SITE_024,OP_0238,2024-11-26,2024-12-21,2024-12-31,25,Overdue Returned,0,350000
R_002924,EQ_00217,SITE_008,OP_0102,2024-06-06,2024-07-19,2024-07-19,43,Returned,0,774000
R_002925,EQ_00382,SITE_012,OP_0200,2024-03-21,2024-03-31,2024-04-05,10,Overdue Returned,0,70000
R_002926,EQ_00749,SITE_025,OP_0037,2026-03-07,2026-03-21,,14,Active,0,252000
R_002927,EQ_00060,SITE_006,OP_0309,2025-07-16,2025-08-30,,45,Active,0,405000
R_002928,EQ_00145,SITE_004,OP_0186,2024-04-19,2024-04-24,2024-04-29,5,Overdue Returned,0,35000
R_002929,EQ_00115,SITE_025,OP_0016,2024-12-19,2025-01-03,2025-01-05,15,Overdue Returned,1,105000
R_002930,EQ_00190,SITE_020,OP_0029,2025-07-20,2025-08-19,2025-08-29,30,Overdue Returned,0,540000
R_002931,EQ_00003,SITE_016,OP_0111,2025-06-05,2025-06-08,,3,Active,0,54000
R_002932,EQ_00735,SITE_021,OP_0279,2024-01-09,2024-02-08,2024-02-06,30,Returned,0,480000
R_002933,EQ_00614,SITE_022,OP_0314,2025-10-27,2025-11-24,2025-11-24,28,Returned,0,840000
R_002934,EQ_00094,SITE_018,OP_0053,2025-06-05,2025-07-07,2025-07-07,32,Returned,0,288000
R_002935,EQ_00179,SITE_008,OP_0284,2024-12-20,2025-01-22,2025-01-22,33,Returned,0,297000
R_002936,EQ_00288,SITE_028,OP_0302,2026-05-25,2026-05-29,2026-05-29,4,Returned,1,36000
R_002937,EQ_00043,SITE_026,OP_0295,2024-03-12,2024-04-09,2024-04-09,28,Returned,0,448000
R_002938,EQ_00441,SITE_022,OP_0340,2025-03-08,2025-03-15,2025-03-15,7,Returned,0,126000
R_002939,EQ_00163,SITE_016,OP_0350,2024-09-08,2024-10-18,2024-10-20,40,Overdue Returned,1,640000
R_002940,EQ_00244,SITE_018,OP_0200,2025-04-30,2025-05-13,2025-05-15,13,Overdue Returned,1,234000
R_002941,EQ_00038,SITE_027,OP_0094,2024-03-06,2024-03-18,2024-03-18,12,Returned,0,264000
R_002942,EQ_00524,SITE_020,OP_0303,2024-08-30,2024-10-10,2024-10-12,41,Overdue Returned,0,656000
R_002943,EQ_00647,SITE_022,OP_0140,2026-01-06,2026-02-08,2026-02-13,33,Overdue Returned,0,594000
R_002944,EQ_00634,SITE_017,OP_0071,2025-01-23,2025-02-16,2025-02-17,24,Overdue Returned,0,336000
R_002945,EQ_00760,SITE_003,OP_0112,2025-02-15,2025-03-22,2025-03-22,35,Returned,0,770000
R_002946,EQ_00619,SITE_014,OP_0092,2024-02-27,2024-03-31,2024-03-31,33,Returned,0,990000
R_002947,EQ_00018,SITE_017,OP_0161,2026-06-12,2026-06-30,2026-07-02,18,Overdue Returned,0,252000
R_002948,EQ_00636,SITE_008,OP_0296,2025-09-24,2025-10-29,2025-10-27,35,Returned,0,560000
R_002949,EQ_00560,SITE_022,OP_0037,2025-05-07,2025-05-31,2025-05-31,24,Returned,0,720000
R_002950,EQ_00248,SITE_007,OP_0212,2025-02-04,2025-02-11,2025-02-12,7,Overdue Returned,0,154000
R_002951,EQ_00607,SITE_010,OP_0247,2024-03-18,2024-03-28,2024-03-29,10,Overdue Returned,0,160000
R_002952,EQ_00112,SITE_022,OP_0222,2024-06-15,2024-07-25,,40,Active,0,560000
R_002953,EQ_00158,SITE_021,OP_0283,2025-03-19,2025-03-24,2025-03-24,5,Returned,1,70000
R_002954,EQ_00395,SITE_008,OP_0237,2025-08-10,2025-09-08,2025-09-07,29,Returned,1,870000
R_002955,EQ_00149,SITE_018,OP_0143,2025-12-03,2026-01-09,2026-01-09,37,Returned,0,666000
R_002956,EQ_00447,SITE_003,OP_0273,2024-12-14,2025-01-17,2025-01-17,34,Returned,0,306000
R_002957,EQ_00384,SITE_014,OP_0336,2025-09-11,2025-10-15,2025-10-20,34,Overdue Returned,1,476000
R_002958,EQ_00100,SITE_015,OP_0131,2026-06-16,2026-07-03,2026-07-01,17,Returned,1,510000
R_002959,EQ_00335,SITE_028,OP_0025,2026-07-15,2026-08-24,,40,Active,1,720000
R_002960,EQ_00005,SITE_029,OP_0197,2025-08-26,2025-09-27,2025-09-27,32,Returned,0,576000
R_002961,EQ_00790,SITE_019,OP_0243,2024-07-03,2024-07-29,2024-07-26,26,Returned,0,416000
R_002962,EQ_00796,SITE_007,OP_0331,2024-01-19,2024-02-09,2024-02-09,21,Returned,1,147000
R_002963,EQ_00609,SITE_001,OP_0046,2024-09-08,2024-10-16,2024-10-16,38,Returned,0,532000
R_002964,EQ_00315,SITE_003,OP_0308,2026-03-26,2026-05-07,2026-05-12,42,Overdue Returned,0,756000
R_002965,EQ_00360,SITE_026,OP_0227,2026-05-31,2026-06-03,2026-06-03,3,Returned,0,42000
R_002966,EQ_00566,SITE_028,OP_0319,2024-01-04,2024-01-28,,24,Active,0,720000
R_002967,EQ_00094,SITE_007,OP_0345,2024-12-31,2025-02-04,2025-02-04,35,Returned,0,315000
R_002968,EQ_00775,SITE_028,OP_0343,2025-11-15,2025-11-22,2025-11-22,7,Returned,1,63000
R_002969,EQ_00148,SITE_026,OP_0347,2025-04-26,2025-06-02,2025-06-02,37,Returned,0,666000
R_002970,EQ_00048,SITE_013,OP_0113,2025-06-01,2025-06-13,,12,Active,0,108000
R_002971,EQ_00263,SITE_025,OP_0064,2026-05-25,2026-06-09,2026-06-08,15,Returned,0,135000
R_002972,EQ_00505,SITE_011,OP_0199,2024-09-04,2024-09-23,2024-09-23,19,Returned,0,133000
R_002973,EQ_00080,SITE_001,OP_0305,2024-09-19,2024-09-27,2024-09-26,8,Returned,0,240000
R_002974,EQ_00525,SITE_026,OP_0001,2025-04-04,2025-04-18,2025-04-18,14,Returned,0,308000
R_002975,EQ_00182,SITE_004,OP_0317,2025-08-06,2025-09-06,2025-09-06,31,Returned,0,558000
R_002976,EQ_00800,SITE_008,OP_0218,2026-05-17,2026-06-26,,40,Active,0,880000
R_002977,EQ_00323,SITE_007,OP_0336,2024-04-19,2024-05-14,2024-05-16,25,Overdue Returned,0,225000
R_002978,EQ_00618,SITE_001,OP_0008,2026-05-29,2026-06-26,2026-06-26,28,Returned,1,840000
R_002979,EQ_00172,SITE_014,OP_0334,2025-12-12,2026-01-21,2026-01-21,40,Returned,0,720000
R_002980,EQ_00398,SITE_025,OP_0325,2024-04-10,2024-05-17,2024-05-17,37,Returned,1,333000
R_002981,EQ_00769,SITE_028,OP_0081,2025-04-06,2025-05-16,,40,Active,0,720000
R_002982,EQ_00745,SITE_001,OP_0017,2024-05-18,2024-06-21,2024-06-21,34,Returned,0,612000
R_002983,EQ_00597,SITE_030,OP_0112,2025-06-02,2025-06-25,2025-06-22,23,Returned,0,506000
R_002984,EQ_00279,SITE_007,OP_0203,2025-06-29,2025-08-09,2025-08-10,41,Overdue Returned,1,574000
R_002985,EQ_00699,SITE_025,OP_0168,2024-04-10,2024-04-22,2024-04-22,12,Returned,0,264000
R_002986,EQ_00678,SITE_029,OP_0086,2024-01-29,2024-02-13,2024-02-13,15,Returned,0,270000
R_002987,EQ_00471,SITE_010,OP_0228,2026-06-03,2026-07-16,2026-07-21,43,Overdue Returned,0,301000
R_002988,EQ_00584,SITE_018,OP_0003,2025-08-12,2025-08-25,2025-08-25,13,Returned,0,91000
R_002989,EQ_00045,SITE_004,OP_0074,2026-01-12,2026-02-01,2026-02-01,20,Returned,0,440000
R_002990,EQ_00038,SITE_008,OP_0223,2026-06-19,2026-07-05,2026-07-07,16,Overdue Returned,0,352000
R_002991,EQ_00060,SITE_028,OP_0033,2025-04-02,2025-04-12,2025-04-12,10,Returned,0,90000
R_002992,EQ_00017,SITE_015,OP_0064,2025-11-24,2025-12-04,2025-12-04,10,Returned,1,70000
R_002993,EQ_00798,SITE_009,OP_0333,2026-03-05,2026-03-28,2026-03-27,23,Returned,1,414000
R_002994,EQ_00397,SITE_010,OP_0307,2026-07-18,2026-07-23,2026-07-23,5,Returned,1,150000
R_002995,EQ_00704,SITE_022,OP_0289,2026-01-31,2026-03-02,2026-03-02,30,Returned,0,660000
R_002996,EQ_00329,SITE_010,OP_0199,2024-09-13,2024-09-30,2024-09-27,17,Returned,0,306000
R_002997,EQ_00613,SITE_029,OP_0239,2024-02-27,2024-03-25,,27,Active,0,486000
R_002998,EQ_00217,SITE_016,OP_0203,2026-05-20,2026-06-20,2026-06-21,31,Overdue Returned,1,558000
R_002999,EQ_00292,SITE_008,OP_0339,2026-06-27,2026-07-18,2026-07-18,21,Returned,0,462000
R_003000,EQ_00186,SITE_017,OP_0051,2025-07-26,2025-08-13,,18,Active,0,252000
R_003001,EQ_00769,SITE_029,OP_0174,2024-10-07,2024-10-16,2024-10-16,9,Returned,0,162000
R_003002,EQ_00502,SITE_021,OP_0230,2026-01-25,2026-02-28,2026-02-28,34,Returned,0,476000
R_003003,EQ_00424,SITE_019,OP_0196,2025-01-16,2025-03-02,2025-03-02,45,Returned,0,315000
R_003004,EQ_00057,SITE_020,OP_0325,2024-10-06,2024-10-10,2024-10-10,4,Returned,0,56000
R_003005,EQ_00732,SITE_017,OP_0236,2025-12-13,2026-01-02,2026-01-03,20,Overdue Returned,0,360000
R_003006,EQ_00589,SITE_008,OP_0026,2025-02-25,2025-03-21,2025-03-23,24,Overdue Returned,0,336000
R_003007,EQ_00234,SITE_024,OP_0091,2024-04-12,2024-04-17,2024-04-22,5,Overdue Returned,0,110000
R_003008,EQ_00195,SITE_002,OP_0039,2026-05-24,2026-06-20,2026-06-20,27,Returned,0,810000
R_003009,EQ_00207,SITE_020,OP_0002,2024-08-16,2024-08-27,2024-08-28,11,Overdue Returned,1,99000
R_003010,EQ_00629,SITE_014,OP_0075,2025-02-03,2025-03-03,2025-03-03,28,Returned,1,252000
R_003011,EQ_00565,SITE_009,OP_0224,2025-06-24,2025-07-18,2025-07-19,24,Overdue Returned,0,528000
R_003012,EQ_00007,SITE_027,OP_0163,2024-11-06,2024-11-30,2024-11-30,24,Returned,1,720000
R_003013,EQ_00558,SITE_027,OP_0234,2025-01-18,2025-02-26,,39,Active,0,546000
R_003014,EQ_00755,SITE_008,OP_0129,2025-11-27,2025-12-29,2025-12-29,32,Returned,0,288000
R_003015,EQ_00435,SITE_008,OP_0338,2024-05-18,2024-05-27,2024-05-27,9,Returned,0,162000
R_003016,EQ_00609,SITE_018,OP_0188,2024-03-30,2024-05-04,,35,Active,0,490000
R_003017,EQ_00661,SITE_010,OP_0219,2024-11-26,2024-12-08,2024-12-08,12,Returned,0,192000
R_003018,EQ_00500,SITE_006,OP_0274,2025-05-17,2025-06-12,2025-06-12,26,Returned,0,468000
R_003019,EQ_00362,SITE_005,OP_0315,2024-12-10,2025-01-17,2025-01-15,38,Returned,1,608000
R_003020,EQ_00321,SITE_023,OP_0309,2024-12-09,2025-01-19,2025-01-19,41,Returned,0,287000
R_003021,EQ_00562,SITE_003,OP_0240,2026-02-08,2026-02-14,2026-02-14,6,Returned,0,96000
R_003022,EQ_00704,SITE_014,OP_0131,2026-01-11,2026-01-24,2026-01-23,13,Returned,1,286000
R_003023,EQ_00788,SITE_021,OP_0327,2025-03-22,2025-03-30,2025-03-31,8,Overdue Returned,1,144000
R_003024,EQ_00143,SITE_023,OP_0207,2024-01-18,2024-02-12,,25,Active,0,750000
R_003025,EQ_00349,SITE_019,OP_0087,2025-01-24,2025-01-31,,7,Active,0,126000
R_003026,EQ_00155,SITE_001,OP_0118,2025-02-16,2025-02-26,,10,Overdue,0,220000
R_003027,EQ_00665,SITE_003,OP_0194,2025-06-21,2025-06-28,2025-06-28,7,Returned,0,49000
R_003028,EQ_00118,SITE_003,OP_0039,2025-07-05,2025-07-31,,26,Active,0,234000
R_003029,EQ_00685,SITE_002,OP_0290,2026-06-16,2026-06-23,2026-06-23,7,Returned,0,126000
R_003030,EQ_00114,SITE_020,OP_0083,2024-11-04,2024-11-14,2024-11-12,10,Returned,1,220000
R_003031,EQ_00414,SITE_016,OP_0020,2026-03-10,2026-04-03,2026-04-03,24,Returned,0,528000
R_003032,EQ_00102,SITE_013,OP_0013,2024-01-31,2024-02-26,2024-02-26,26,Returned,1,364000
R_003033,EQ_00235,SITE_011,OP_0099,2025-09-25,2025-09-30,2025-10-05,5,Overdue Returned,0,70000
R_003034,EQ_00735,SITE_002,OP_0072,2024-05-16,2024-05-22,2024-05-23,6,Overdue Returned,1,96000
R_003035,EQ_00490,SITE_021,OP_0035,2026-07-11,2026-07-17,2026-07-19,6,Overdue Returned,0,84000
R_003036,EQ_00568,SITE_003,OP_0336,2024-08-17,2024-09-23,2024-09-24,37,Overdue Returned,0,259000
R_003037,EQ_00419,SITE_006,OP_0153,2026-05-05,2026-05-16,2026-05-16,11,Returned,1,198000
R_003038,EQ_00800,SITE_015,OP_0051,2024-12-12,2025-01-25,,44,Active,0,968000
R_003039,EQ_00226,SITE_029,OP_0089,2025-04-23,2025-04-27,2025-04-27,4,Returned,0,36000
R_003040,EQ_00711,SITE_014,OP_0180,2026-06-03,2026-06-20,2026-06-21,17,Overdue Returned,1,374000
R_003041,EQ_00048,SITE_002,OP_0265,2025-11-15,2025-12-11,,26,Active,1,234000
R_003042,EQ_00071,SITE_014,OP_0258,2026-02-25,2026-03-25,2026-03-25,28,Returned,0,196000
R_003043,EQ_00172,SITE_002,OP_0261,2024-12-01,2024-12-25,2024-12-25,24,Returned,0,432000
R_003044,EQ_00161,SITE_010,OP_0075,2026-01-11,2026-01-23,2026-01-23,12,Returned,0,216000
R_003045,EQ_00211,SITE_016,OP_0122,2025-09-23,2025-10-14,2025-10-14,21,Returned,0,189000
R_003046,EQ_00471,SITE_029,OP_0094,2026-02-04,2026-03-09,2026-03-10,33,Overdue Returned,0,231000
R_003047,EQ_00146,SITE_018,OP_0268,2025-08-25,2025-09-03,,9,Active,0,162000
R_003048,EQ_00408,SITE_026,OP_0150,2024-07-03,2024-08-13,2024-08-13,41,Returned,0,287000
R_003049,EQ_00368,SITE_008,OP_0198,2024-08-20,2024-09-12,2024-09-09,23,Returned,1,368000
R_003050,EQ_00642,SITE_011,OP_0007,2024-05-01,2024-06-15,2024-06-15,45,Returned,0,810000
R_003051,EQ_00482,SITE_028,OP_0028,2024-11-30,2024-12-08,2024-12-08,8,Returned,0,72000
R_003052,EQ_00636,SITE_001,OP_0272,2026-04-29,2026-06-12,2026-06-09,44,Returned,1,704000
R_003053,EQ_00049,SITE_025,OP_0335,2025-01-18,2025-02-11,2025-02-12,24,Overdue Returned,0,720000
R_003054,EQ_00436,SITE_014,OP_0253,2024-07-03,2024-08-15,2024-08-20,43,Overdue Returned,0,688000
R_003055,EQ_00647,SITE_016,OP_0094,2025-08-13,2025-08-31,2025-08-31,18,Returned,1,324000
R_003056,EQ_00540,SITE_026,OP_0079,2026-06-30,2026-07-18,2026-07-15,18,Returned,1,540000
R_003057,EQ_00760,SITE_022,OP_0221,2024-10-15,2024-10-22,2024-10-22,7,Returned,0,154000
R_003058,EQ_00218,SITE_008,OP_0337,2025-08-21,2025-10-05,2025-10-05,45,Returned,0,405000
R_003059,EQ_00314,SITE_003,OP_0012,2026-01-09,2026-01-30,,21,Overdue,0,189000
R_003060,EQ_00131,SITE_005,OP_0043,2025-06-19,2025-07-21,2025-07-21,32,Returned,0,704000
R_003061,EQ_00246,SITE_006,OP_0031,2025-11-18,2025-12-18,,30,Active,0,420000
R_003062,EQ_00134,SITE_002,OP_0223,2025-05-05,2025-06-16,2025-06-16,42,Returned,0,672000
R_003063,EQ_00254,SITE_013,OP_0104,2025-03-15,2025-04-27,,43,Active,0,1290000
R_003064,EQ_00274,SITE_015,OP_0144,2024-11-20,2024-12-26,2024-12-28,36,Overdue Returned,0,792000
R_003065,EQ_00788,SITE_008,OP_0015,2024-01-30,2024-02-21,2024-02-26,22,Overdue Returned,1,396000
R_003066,EQ_00504,SITE_019,OP_0149,2025-07-11,2025-07-19,2025-07-19,8,Returned,0,112000
R_003067,EQ_00512,SITE_018,OP_0338,2024-09-17,2024-10-20,,33,Active,0,297000
R_003068,EQ_00441,SITE_017,OP_0229,2026-02-04,2026-02-16,,12,Active,1,216000
R_003069,EQ_00189,SITE_018,OP_0074,2024-10-12,2024-10-23,2024-10-23,11,Returned,0,176000
R_003070,EQ_00054,SITE_009,OP_0313,2026-02-03,2026-02-17,,14,Active,0,98000
R_003071,EQ_00560,SITE_007,OP_0150,2025-01-06,2025-02-08,,33,Active,1,990000
R_003072,EQ_00147,SITE_025,OP_0306,2025-02-13,2025-02-17,2025-02-16,4,Returned,1,64000
R_003073,EQ_00645,SITE_021,OP_0226,2025-05-01,2025-05-13,2025-05-11,12,Returned,0,84000
R_003074,EQ_00752,SITE_004,OP_0267,2024-12-15,2025-01-11,,27,Active,0,486000
R_003075,EQ_00440,SITE_023,OP_0133,2024-06-11,2024-07-04,2024-07-05,23,Overdue Returned,0,322000
R_003076,EQ_00800,SITE_004,OP_0075,2025-10-18,2025-11-23,,36,Overdue,0,792000
R_003077,EQ_00477,SITE_015,OP_0223,2025-02-11,2025-03-12,2025-03-12,29,Returned,0,261000
R_003078,EQ_00668,SITE_008,OP_0083,2026-04-17,2026-05-09,2026-05-09,22,Returned,1,660000
R_003079,EQ_00715,SITE_006,OP_0197,2025-01-20,2025-02-11,2025-02-13,22,Overdue Returned,0,198000
R_003080,EQ_00679,SITE_007,OP_0082,2024-03-27,2024-04-17,2024-04-17,21,Returned,0,189000
R_003081,EQ_00485,SITE_021,OP_0022,2024-05-21,2024-06-06,2024-06-06,16,Returned,0,112000
R_003082,EQ_00416,SITE_030,OP_0291,2025-06-21,2025-06-24,2025-06-24,3,Returned,0,48000
R_003083,EQ_00450,SITE_022,OP_0068,2024-03-11,2024-03-16,,5,Active,0,70000
R_003084,EQ_00325,SITE_030,OP_0263,2025-10-18,2025-11-05,,18,Active,0,288000
R_003085,EQ_00386,SITE_003,OP_0344,2025-05-17,2025-06-22,2025-06-22,36,Returned,1,324000
R_003086,EQ_00377,SITE_022,OP_0080,2025-10-18,2025-11-22,2025-11-22,35,Returned,0,490000
R_003087,EQ_00189,SITE_020,OP_0147,2024-03-20,2024-04-29,,40,Overdue,1,640000
R_003088,EQ_00569,SITE_006,OP_0004,2024-02-28,2024-03-25,,26,Active,0,234000
R_003089,EQ_00506,SITE_009,OP_0001,2024-07-03,2024-07-08,2024-07-10,5,Overdue Returned,0,70000
R_003090,EQ_00548,SITE_022,OP_0318,2025-09-08,2025-09-25,2025-09-24,17,Returned,0,119000
R_003091,EQ_00521,SITE_003,OP_0036,2024-03-08,2024-04-06,2024-04-06,29,Returned,1,261000
R_003092,EQ_00742,SITE_018,OP_0152,2025-05-20,2025-06-05,2025-06-02,16,Returned,1,144000
R_003093,EQ_00543,SITE_012,OP_0088,2025-03-31,2025-04-23,2025-04-24,23,Overdue Returned,0,414000
R_003094,EQ_00643,SITE_001,OP_0132,2025-11-10,2025-11-19,2025-11-24,9,Overdue Returned,0,162000
R_003095,EQ_00086,SITE_007,OP_0271,2024-06-15,2024-07-09,,24,Active,0,384000
R_003096,EQ_00756,SITE_006,OP_0270,2024-06-19,2024-07-10,2024-07-10,21,Returned,0,147000
R_003097,EQ_00304,SITE_030,OP_0192,2024-06-24,2024-07-24,2024-07-24,30,Returned,0,540000
R_003098,EQ_00619,SITE_023,OP_0229,2024-12-29,2025-02-02,,35,Overdue,0,1050000
R_003099,EQ_00116,SITE_022,OP_0257,2024-08-29,2024-09-03,2024-09-03,5,Returned,0,45000
R_003100,EQ_00795,SITE_025,OP_0176,2024-08-15,2024-09-03,2024-09-03,19,Returned,0,133000
R_003101,EQ_00049,SITE_008,OP_0024,2026-05-31,2026-07-06,2026-07-11,36,Overdue Returned,0,1080000
R_003102,EQ_00743,SITE_028,OP_0146,2024-08-02,2024-08-21,,19,Active,0,171000
R_003103,EQ_00615,SITE_023,OP_0068,2025-01-27,2025-02-13,2025-02-18,17,Overdue Returned,1,306000
R_003104,EQ_00326,SITE_013,OP_0080,2026-01-27,2026-02-20,2026-02-20,24,Returned,0,216000
R_003105,EQ_00499,SITE_012,OP_0215,2025-12-30,2026-02-11,2026-02-08,43,Returned,1,774000
R_003106,EQ_00423,SITE_017,OP_0075,2024-08-02,2024-09-05,,34,Active,1,306000
R_003107,EQ_00042,SITE_017,OP_0044,2024-08-16,2024-09-19,,34,Overdue,0,238000
R_003108,EQ_00705,SITE_030,OP_0032,2024-08-08,2024-08-29,,21,Active,0,189000
R_003109,EQ_00239,SITE_021,OP_0334,2026-06-10,2026-07-15,2026-07-15,35,Returned,0,490000
R_003110,EQ_00619,SITE_009,OP_0326,2024-12-15,2025-01-03,,19,Active,0,570000
R_003111,EQ_00797,SITE_023,OP_0297,2026-05-19,2026-06-05,2026-06-03,17,Returned,1,306000
R_003112,EQ_00441,SITE_007,OP_0284,2024-06-06,2024-07-05,2024-07-07,29,Overdue Returned,0,522000
R_003113,EQ_00669,SITE_028,OP_0220,2026-04-22,2026-05-12,,20,Overdue,0,180000
R_003114,EQ_00482,SITE_016,OP_0037,2025-09-14,2025-10-29,2025-10-31,45,Overdue Returned,1,405000
R_003115,EQ_00321,SITE_023,OP_0221,2025-09-07,2025-10-10,2025-10-10,33,Returned,1,231000
R_003116,EQ_00262,SITE_021,OP_0241,2025-10-30,2025-12-09,2025-12-09,40,Returned,0,280000
R_003117,EQ_00517,SITE_021,OP_0019,2024-09-26,2024-11-07,2024-11-07,42,Returned,0,924000
R_003118,EQ_00114,SITE_026,OP_0209,2024-09-27,2024-11-05,2024-11-04,39,Returned,1,858000
R_003119,EQ_00286,SITE_024,OP_0213,2026-07-27,2026-09-01,,36,Overdue,0,252000
R_003120,EQ_00289,SITE_016,OP_0320,2024-08-13,2024-09-03,2024-09-02,21,Returned,1,378000
R_003121,EQ_00181,SITE_023,OP_0085,2026-03-31,2026-04-05,2026-04-03,5,Returned,1,45000
R_003122,EQ_00366,SITE_027,OP_0210,2025-04-03,2025-05-15,2025-05-15,42,Returned,0,588000
R_003123,EQ_00678,SITE_017,OP_0099,2026-04-25,2026-05-23,2026-05-23,28,Returned,0,504000
R_003124,EQ_00666,SITE_010,OP_0297,2024-01-09,2024-02-21,2024-02-21,43,Returned,1,1290000
R_003125,EQ_00577,SITE_017,OP_0045,2025-09-24,2025-10-29,,35,Active,0,315000
R_003126,EQ_00218,SITE_029,OP_0319,2025-03-10,2025-03-31,2025-03-31,21,Returned,0,189000
R_003127,EQ_00524,SITE_019,OP_0130,2026-04-05,2026-05-05,2026-05-07,30,Overdue Returned,0,480000
R_003128,EQ_00433,SITE_020,OP_0198,2024-12-12,2024-12-26,,14,Active,0,252000
R_003129,EQ_00387,SITE_003,OP_0328,2025-05-23,2025-06-04,2025-06-06,12,Overdue Returned,0,360000
R_003130,EQ_00500,SITE_026,OP_0092,2024-08-15,2024-09-29,2024-09-28,45,Returned,0,810000
R_003131,EQ_00024,SITE_006,OP_0090,2024-03-16,2024-04-23,,38,Overdue,0,836000
R_003132,EQ_00351,SITE_006,OP_0261,2026-08-03,2026-08-06,,3,Active,0,42000
R_003133,EQ_00160,SITE_022,OP_0219,2025-11-21,2025-12-05,2025-12-07,14,Overdue Returned,0,98000
R_003134,EQ_00143,SITE_014,OP_0093,2026-05-01,2026-06-03,,33,Active,0,990000
R_003135,EQ_00032,SITE_012,OP_0157,2025-03-05,2025-03-14,2025-03-14,9,Returned,1,63000
R_003136,EQ_00648,SITE_027,OP_0078,2026-03-19,2026-05-03,,45,Active,0,810000
R_003137,EQ_00612,SITE_029,OP_0212,2025-10-14,2025-10-20,2025-10-20,6,Returned,1,108000
R_003138,EQ_00768,SITE_010,OP_0310,2025-03-17,2025-04-07,2025-04-07,21,Returned,0,378000
R_003139,EQ_00206,SITE_019,OP_0169,2024-11-22,2025-01-02,2025-01-01,41,Returned,0,902000
R_003140,EQ_00319,SITE_023,OP_0081,2024-03-28,2024-04-23,,26,Active,0,234000
R_003141,EQ_00042,SITE_012,OP_0327,2025-09-09,2025-10-05,2025-10-05,26,Returned,1,182000
R_003142,EQ_00126,SITE_030,OP_0229,2024-10-23,2024-10-30,2024-10-30,7,Returned,0,49000
R_003143,EQ_00513,SITE_026,OP_0184,2025-11-19,2025-12-07,2025-12-07,18,Returned,1,324000
R_003144,EQ_00755,SITE_004,OP_0082,2024-08-19,2024-08-24,2024-08-23,5,Returned,0,45000
R_003145,EQ_00219,SITE_012,OP_0342,2025-10-29,2025-12-01,2025-12-01,33,Returned,1,594000
R_003146,EQ_00554,SITE_001,OP_0076,2025-12-16,2026-01-09,2026-01-09,24,Returned,1,216000
R_003147,EQ_00175,SITE_008,OP_0280,2026-07-19,2026-07-25,2026-07-22,6,Returned,1,54000
R_003148,EQ_00430,SITE_007,OP_0064,2024-02-19,2024-03-08,,18,Active,0,252000
R_003149,EQ_00290,SITE_010,OP_0075,2026-07-29,2026-08-29,2026-08-29,31,Returned,0,217000
R_003150,EQ_00385,SITE_028,OP_0174,2024-06-24,2024-08-07,2024-08-08,44,Overdue Returned,0,616000
R_003151,EQ_00207,SITE_009,OP_0102,2026-02-05,2026-03-21,,44,Overdue,0,396000
R_003152,EQ_00679,SITE_030,OP_0252,2026-06-26,2026-07-05,2026-07-05,9,Returned,0,81000
R_003153,EQ_00776,SITE_015,OP_0267,2024-10-14,2024-10-20,2024-10-25,6,Overdue Returned,0,42000
R_003154,EQ_00594,SITE_011,OP_0141,2025-12-04,2026-01-09,2026-01-19,36,Overdue Returned,0,252000
R_003155,EQ_00505,SITE_024,OP_0121,2024-09-26,2024-11-01,,36,Active,0,252000
R_003156,EQ_00013,SITE_015,OP_0285,2024-01-14,2024-02-20,2024-02-20,37,Returned,0,814000
R_003157,EQ_00483,SITE_028,OP_0276,2026-05-18,2026-05-27,2026-05-24,9,Returned,0,63000
R_003158,EQ_00304,SITE_024,OP_0157,2025-12-15,2026-01-22,,38,Active,1,684000
R_003159,EQ_00771,SITE_010,OP_0329,2025-04-26,2025-04-29,2025-04-28,3,Returned,0,90000
R_003160,EQ_00667,SITE_016,OP_0127,2024-04-03,2024-04-29,2024-04-30,26,Overdue Returned,0,234000
R_003161,EQ_00761,SITE_028,OP_0329,2024-04-05,2024-04-29,2024-04-29,24,Returned,0,336000
R_003162,EQ_00180,SITE_004,OP_0143,2024-05-27,2024-05-31,2024-06-01,4,Overdue Returned,0,88000
R_003163,EQ_00741,SITE_004,OP_0163,2026-02-21,2026-03-20,2026-03-19,27,Returned,0,243000
R_003164,EQ_00246,SITE_022,OP_0005,2026-05-18,2026-06-05,,18,Overdue,0,252000
R_003165,EQ_00389,SITE_002,OP_0080,2024-01-30,2024-02-03,2024-02-03,4,Returned,0,56000
R_003166,EQ_00128,SITE_019,OP_0081,2025-03-14,2025-04-24,,41,Active,0,574000
R_003167,EQ_00210,SITE_005,OP_0158,2024-12-28,2025-01-21,2025-01-22,24,Overdue Returned,0,384000
R_003168,EQ_00189,SITE_022,OP_0050,2025-07-12,2025-08-22,2025-08-23,41,Overdue Returned,1,656000
R_003169,EQ_00746,SITE_002,OP_0281,2024-12-08,2025-01-21,2025-01-19,44,Returned,0,308000
R_003170,EQ_00012,SITE_005,OP_0119,2024-02-03,2024-03-10,2024-03-10,36,Returned,0,252000
R_003171,EQ_00459,SITE_021,OP_0158,2025-09-10,2025-10-10,2025-10-07,30,Returned,0,210000
R_003172,EQ_00514,SITE_015,OP_0155,2026-04-04,2026-04-08,2026-04-08,4,Returned,0,120000
R_003173,EQ_00512,SITE_006,OP_0331,2026-01-15,2026-01-19,2026-01-21,4,Overdue Returned,0,36000
R_003174,EQ_00564,SITE_003,OP_0101,2025-10-17,2025-10-31,2025-10-31,14,Returned,1,196000
R_003175,EQ_00552,SITE_007,OP_0306,2026-04-05,2026-04-11,2026-04-11,6,Returned,0,132000
R_003176,EQ_00244,SITE_029,OP_0108,2024-07-27,2024-08-30,2024-08-31,34,Overdue Returned,0,612000
R_003177,EQ_00584,SITE_019,OP_0160,2025-03-13,2025-03-27,2025-03-27,14,Returned,1,98000
R_003178,EQ_00360,SITE_022,OP_0154,2024-12-06,2024-12-16,2024-12-14,10,Returned,0,140000
R_003179,EQ_00218,SITE_030,OP_0053,2024-05-16,2024-06-05,2024-06-05,20,Returned,0,180000
R_003180,EQ_00307,SITE_008,OP_0113,2024-09-01,2024-10-04,2024-10-04,33,Returned,1,528000
R_003181,EQ_00695,SITE_004,OP_0144,2024-11-10,2024-11-28,2024-11-29,18,Overdue Returned,0,324000
R_003182,EQ_00753,SITE_005,OP_0162,2025-01-26,2025-02-17,,22,Active,1,154000
R_003183,EQ_00686,SITE_026,OP_0128,2025-04-05,2025-04-12,,7,Active,0,126000
R_003184,EQ_00281,SITE_015,OP_0343,2026-02-15,2026-03-30,2026-03-30,43,Returned,1,1290000
R_003185,EQ_00013,SITE_025,OP_0034,2024-07-04,2024-08-16,2024-08-16,43,Returned,1,946000
R_003186,EQ_00586,SITE_020,OP_0176,2024-12-08,2025-01-12,2025-01-12,35,Returned,0,770000
R_003187,EQ_00169,SITE_009,OP_0343,2025-01-29,2025-03-06,2025-03-06,36,Returned,1,504000
R_003188,EQ_00197,SITE_006,OP_0210,2024-05-16,2024-05-27,2024-05-27,11,Returned,0,330000
R_003189,EQ_00357,SITE_001,OP_0056,2026-07-11,2026-08-16,2026-08-18,36,Overdue Returned,1,504000
R_003190,EQ_00281,SITE_021,OP_0210,2024-11-23,2024-12-31,2024-12-31,38,Returned,0,1140000
R_003191,EQ_00461,SITE_020,OP_0282,2025-01-20,2025-02-02,2025-02-02,13,Returned,0,182000
R_003192,EQ_00445,SITE_003,OP_0029,2026-07-06,2026-08-11,2026-08-16,36,Overdue Returned,0,792000
R_003193,EQ_00351,SITE_008,OP_0223,2025-03-27,2025-04-07,2025-04-08,11,Overdue Returned,0,154000
R_003194,EQ_00245,SITE_012,OP_0171,2024-02-27,2024-03-16,2024-03-16,18,Returned,0,396000
R_003195,EQ_00540,SITE_018,OP_0147,2025-11-27,2025-12-29,2025-12-29,32,Returned,0,960000
R_003196,EQ_00216,SITE_020,OP_0042,2024-06-07,2024-06-23,2024-06-24,16,Overdue Returned,0,352000
R_003197,EQ_00138,SITE_018,OP_0233,2025-03-03,2025-04-14,2025-04-11,42,Returned,1,756000
R_003198,EQ_00256,SITE_030,OP_0085,2026-02-10,2026-02-18,2026-02-18,8,Returned,1,144000
R_003199,EQ_00336,SITE_019,OP_0283,2024-02-12,2024-03-04,2024-03-04,21,Returned,0,378000
R_003200,EQ_00476,SITE_020,OP_0347,2024-12-16,2025-01-10,2025-01-10,25,Returned,0,400000
R_003201,EQ_00121,SITE_021,OP_0091,2024-08-01,2024-08-20,2024-08-17,19,Returned,0,171000
R_003202,EQ_00772,SITE_011,OP_0190,2025-04-09,2025-05-11,2025-05-13,32,Overdue Returned,1,224000
R_003203,EQ_00381,SITE_028,OP_0225,2024-05-12,2024-05-20,2024-05-20,8,Returned,1,72000
R_003204,EQ_00064,SITE_013,OP_0211,2025-04-22,2025-05-06,,14,Active,1,420000
R_003205,EQ_00413,SITE_025,OP_0187,2026-03-01,2026-03-07,2026-03-07,6,Returned,0,180000
R_003206,EQ_00079,SITE_009,OP_0322,2026-01-13,2026-01-31,,18,Active,0,324000
R_003207,EQ_00738,SITE_014,OP_0130,2026-05-08,2026-06-08,2026-06-08,31,Returned,0,217000
R_003208,EQ_00353,SITE_002,OP_0036,2026-06-25,2026-06-30,2026-06-30,5,Returned,0,90000
R_003209,EQ_00793,SITE_012,OP_0324,2025-03-07,2025-04-16,2025-04-17,40,Overdue Returned,0,280000
R_003210,EQ_00082,SITE_011,OP_0219,2025-08-12,2025-09-26,2025-09-23,45,Returned,0,315000
R_003211,EQ_00157,SITE_016,OP_0094,2024-09-10,2024-09-27,,17,Active,0,510000
R_003212,EQ_00550,SITE_005,OP_0322,2024-09-20,2024-09-24,2024-09-24,4,Returned,0,56000
R_003213,EQ_00070,SITE_021,OP_0078,2024-04-02,2024-05-05,,33,Active,0,528000
R_003214,EQ_00750,SITE_011,OP_0179,2026-04-28,2026-05-28,2026-05-28,30,Returned,0,480000
R_003215,EQ_00447,SITE_018,OP_0304,2026-03-26,2026-05-09,2026-05-11,44,Overdue Returned,0,396000
R_003216,EQ_00489,SITE_002,OP_0076,2025-10-07,2025-10-17,,10,Active,0,90000
R_003217,EQ_00792,SITE_004,OP_0280,2025-06-17,2025-07-13,2025-07-13,26,Returned,0,182000
R_003218,EQ_00662,SITE_029,OP_0024,2025-02-03,2025-02-24,2025-02-23,21,Returned,0,147000
R_003219,EQ_00417,SITE_028,OP_0142,2025-08-26,2025-09-26,,31,Overdue,0,434000
R_003220,EQ_00675,SITE_029,OP_0262,2025-04-13,2025-04-29,,16,Active,0,288000
R_003221,EQ_00061,SITE_009,OP_0203,2025-01-01,2025-01-23,2025-01-24,22,Overdue Returned,0,154000
R_003222,EQ_00241,SITE_004,OP_0170,2026-03-22,2026-04-05,2026-04-06,14,Overdue Returned,0,98000
R_003223,EQ_00386,SITE_013,OP_0263,2025-02-23,2025-03-15,,20,Active,0,180000
R_003224,EQ_00611,SITE_008,OP_0222,2025-02-16,2025-03-01,,13,Active,0,390000
R_003225,EQ_00575,SITE_022,OP_0078,2024-04-18,2024-05-13,2024-05-13,25,Returned,1,175000
R_003226,EQ_00510,SITE_015,OP_0239,2026-07-24,2026-08-30,2026-09-01,37,Overdue Returned,0,333000
R_003227,EQ_00516,SITE_007,OP_0294,2025-06-18,2025-06-23,2025-06-25,5,Overdue Returned,0,90000
R_003228,EQ_00122,SITE_009,OP_0005,2024-03-20,2024-05-01,2024-05-01,42,Returned,0,378000
R_003229,EQ_00032,SITE_003,OP_0208,2025-09-01,2025-09-28,2025-09-28,27,Returned,0,189000
R_003230,EQ_00728,SITE_005,OP_0278,2025-10-30,2025-12-02,2025-12-02,33,Returned,0,726000
R_003231,EQ_00024,SITE_020,OP_0344,2025-12-15,2025-12-29,2026-01-03,14,Overdue Returned,0,308000
R_003232,EQ_00254,SITE_013,OP_0201,2025-04-10,2025-05-04,,24,Active,0,720000
R_003233,EQ_00460,SITE_012,OP_0288,2025-12-22,2026-01-10,,19,Active,0,570000
R_003234,EQ_00571,SITE_020,OP_0110,2025-10-17,2025-11-06,2025-11-08,20,Overdue Returned,1,320000
R_003235,EQ_00589,SITE_004,OP_0075,2025-06-02,2025-06-05,2025-06-05,3,Returned,1,42000
R_003236,EQ_00322,SITE_003,OP_0222,2024-09-15,2024-09-19,,4,Overdue,0,72000
R_003237,EQ_00134,SITE_003,OP_0191,2026-04-04,2026-04-10,2026-04-10,6,Returned,0,96000
R_003238,EQ_00263,SITE_025,OP_0284,2025-11-04,2025-12-05,2025-12-05,31,Returned,0,279000
R_003239,EQ_00193,SITE_022,OP_0254,2025-12-06,2026-01-20,,45,Active,0,720000
R_003240,EQ_00433,SITE_024,OP_0044,2026-01-27,2026-03-05,2026-03-05,37,Returned,0,666000
R_003241,EQ_00126,SITE_021,OP_0060,2024-11-15,2024-12-09,2024-12-10,24,Overdue Returned,0,168000
R_003242,EQ_00130,SITE_022,OP_0294,2025-07-25,2025-08-23,2025-08-23,29,Returned,1,406000
R_003243,EQ_00233,SITE_023,OP_0184,2025-01-25,2025-02-28,2025-02-25,34,Returned,0,748000
R_003244,EQ_00586,SITE_005,OP_0212,2026-02-07,2026-03-07,2026-03-07,28,Returned,1,616000
R_003245,EQ_00260,SITE_025,OP_0232,2025-04-08,2025-05-22,2025-05-22,44,Returned,1,396000
R_003246,EQ_00610,SITE_025,OP_0238,2024-01-12,2024-02-08,2024-02-08,27,Returned,0,378000
R_003247,EQ_00759,SITE_003,OP_0212,2026-05-14,2026-06-03,2026-06-04,20,Overdue Returned,0,440000
R_003248,EQ_00269,SITE_006,OP_0081,2026-08-06,2026-09-20,2026-09-20,45,Returned,0,810000
R_003249,EQ_00123,SITE_002,OP_0215,2024-02-09,2024-03-09,2024-03-09,29,Returned,0,464000
R_003250,EQ_00077,SITE_010,OP_0109,2026-06-10,2026-07-01,2026-06-29,21,Returned,1,462000
R_003251,EQ_00207,SITE_003,OP_0008,2024-06-22,2024-07-01,2024-07-01,9,Returned,1,81000
R_003252,EQ_00254,SITE_013,OP_0323,2025-03-17,2025-03-31,2025-03-31,14,Returned,0,420000
R_003253,EQ_00215,SITE_015,OP_0177,2024-02-14,2024-03-27,2024-04-01,42,Overdue Returned,0,756000
R_003254,EQ_00631,SITE_020,OP_0329,2026-04-01,2026-04-29,2026-04-29,28,Returned,1,448000
R_003255,EQ_00570,SITE_027,OP_0060,2025-06-09,2025-07-15,2025-07-15,36,Returned,0,792000
R_003256,EQ_00261,SITE_030,OP_0184,2024-10-03,2024-11-09,2024-11-10,37,Overdue Returned,0,814000
R_003257,EQ_00170,SITE_001,OP_0254,2025-07-11,2025-08-12,2025-08-12,32,Returned,0,576000
R_003258,EQ_00318,SITE_027,OP_0079,2024-10-23,2024-11-02,,10,Active,0,140000
R_003259,EQ_00344,SITE_023,OP_0017,2025-11-06,2025-11-14,,8,Overdue,0,240000
R_003260,EQ_00027,SITE_021,OP_0279,2025-04-16,2025-05-23,2025-06-02,37,Overdue Returned,0,1110000
R_003261,EQ_00288,SITE_006,OP_0253,2024-03-09,2024-04-14,2024-04-14,36,Returned,0,324000
R_003262,EQ_00564,SITE_011,OP_0138,2024-06-27,2024-07-14,,17,Active,0,238000
R_003263,EQ_00028,SITE_006,OP_0004,2025-09-26,2025-10-26,,30,Active,0,420000
R_003264,EQ_00627,SITE_028,OP_0309,2025-07-22,2025-08-20,,29,Active,1,870000
R_003265,EQ_00149,SITE_011,OP_0083,2025-05-13,2025-05-21,2025-05-21,8,Returned,0,144000
R_003266,EQ_00462,SITE_002,OP_0233,2025-12-16,2026-01-03,2026-01-03,18,Returned,1,252000
R_003267,EQ_00680,SITE_027,OP_0099,2025-07-23,2025-07-27,,4,Active,0,36000
R_003268,EQ_00442,SITE_002,OP_0098,2026-03-04,2026-04-03,,30,Active,0,480000
R_003269,EQ_00064,SITE_019,OP_0307,2024-05-28,2024-06-23,2024-06-28,26,Overdue Returned,0,780000
R_003270,EQ_00654,SITE_026,OP_0235,2026-07-25,2026-07-28,2026-07-30,3,Overdue Returned,1,27000
R_003271,EQ_00543,SITE_007,OP_0319,2024-03-19,2024-03-26,2024-03-24,7,Returned,0,126000
R_003272,EQ_00576,SITE_030,OP_0098,2025-08-30,2025-09-16,2025-09-16,17,Returned,0,238000
R_003273,EQ_00406,SITE_015,OP_0207,2026-02-05,2026-03-10,2026-03-10,33,Returned,1,990000
R_003274,EQ_00223,SITE_026,OP_0147,2024-11-15,2024-12-11,2024-12-16,26,Overdue Returned,0,234000
R_003275,EQ_00358,SITE_009,OP_0168,2024-04-08,2024-05-09,2024-05-09,31,Returned,0,682000
R_003276,EQ_00344,SITE_013,OP_0312,2025-11-05,2025-12-12,2025-12-12,37,Returned,0,1110000
R_003277,EQ_00116,SITE_002,OP_0292,2025-05-25,2025-06-19,,25,Active,0,225000
R_003278,EQ_00477,SITE_016,OP_0056,2024-06-13,2024-06-23,2024-06-28,10,Overdue Returned,0,90000
R_003279,EQ_00289,SITE_024,OP_0138,2026-02-22,2026-03-29,2026-03-29,35,Returned,1,630000
R_003280,EQ_00673,SITE_020,OP_0247,2026-08-01,2026-08-13,2026-08-13,12,Returned,1,360000
R_003281,EQ_00040,SITE_027,OP_0031,2024-04-14,2024-04-24,,10,Overdue,0,90000
R_003282,EQ_00714,SITE_015,OP_0002,2025-02-20,2025-03-04,2025-03-04,12,Returned,1,264000
R_003283,EQ_00315,SITE_002,OP_0246,2025-12-25,2026-01-21,2026-01-26,27,Overdue Returned,1,486000
R_003284,EQ_00023,SITE_026,OP_0155,2025-02-25,2025-04-08,2025-04-08,42,Returned,0,294000
R_003285,EQ_00253,SITE_004,OP_0094,2024-12-06,2025-01-14,,39,Overdue,1,1170000
R_003286,EQ_00270,SITE_004,OP_0008,2026-05-25,2026-06-01,2026-06-01,7,Returned,0,49000
R_003287,EQ_00327,SITE_009,OP_0169,2024-09-03,2024-09-15,2024-09-12,12,Returned,0,84000
R_003288,EQ_00180,SITE_014,OP_0259,2024-01-02,2024-01-17,2024-01-17,15,Returned,1,330000
R_003289,EQ_00329,SITE_007,OP_0026,2026-04-19,2026-05-26,,37,Active,0,666000
R_003290,EQ_00546,SITE_027,OP_0152,2024-08-12,2024-08-25,2024-08-25,13,Returned,0,117000
R_003291,EQ_00177,SITE_013,OP_0334,2024-05-18,2024-06-30,2024-06-30,43,Returned,0,301000
R_003292,EQ_00219,SITE_014,OP_0204,2025-08-25,2025-10-08,2025-10-06,44,Returned,0,792000
R_003293,EQ_00675,SITE_009,OP_0253,2024-05-28,2024-06-17,2024-06-27,20,Overdue Returned,0,360000
R_003294,EQ_00557,SITE_016,OP_0300,2024-03-10,2024-04-03,,24,Active,0,168000
R_003295,EQ_00235,SITE_030,OP_0115,2024-09-21,2024-10-25,2024-10-25,34,Returned,0,476000
R_003296,EQ_00798,SITE_007,OP_0328,2026-06-21,2026-07-09,2026-07-07,18,Returned,0,324000
R_003297,EQ_00182,SITE_005,OP_0334,2024-12-03,2024-12-22,2024-12-23,19,Overdue Returned,0,342000
R_003298,EQ_00337,SITE_008,OP_0005,2026-01-04,2026-02-12,2026-02-12,39,Returned,0,273000
R_003299,EQ_00553,SITE_023,OP_0100,2026-05-08,2026-05-12,2026-05-14,4,Overdue Returned,1,28000
R_003300,EQ_00075,SITE_027,OP_0252,2024-06-05,2024-06-12,2024-06-13,7,Overdue Returned,0,126000
R_003301,EQ_00083,SITE_009,OP_0119,2025-08-23,2025-08-28,2025-08-28,5,Returned,0,70000
R_003302,EQ_00673,SITE_021,OP_0193,2026-02-17,2026-03-17,2026-03-17,28,Returned,1,840000
R_003303,EQ_00775,SITE_013,OP_0287,2026-04-13,2026-05-13,,30,Active,0,270000
R_003304,EQ_00634,SITE_003,OP_0069,2025-07-04,2025-08-07,2025-08-07,34,Returned,0,476000
R_003305,EQ_00269,SITE_002,OP_0278,2025-05-16,2025-05-19,2025-05-19,3,Returned,0,54000
R_003306,EQ_00549,SITE_003,OP_0043,2024-03-04,2024-03-19,2024-03-21,15,Overdue Returned,1,240000
R_003307,EQ_00010,SITE_027,OP_0084,2026-06-24,2026-07-02,2026-07-02,8,Returned,0,176000
R_003308,EQ_00081,SITE_005,OP_0225,2025-04-27,2025-05-30,,33,Active,1,297000
R_003309,EQ_00505,SITE_017,OP_0341,2026-07-01,2026-08-07,,37,Active,1,259000
R_003310,EQ_00193,SITE_008,OP_0050,2024-08-15,2024-09-26,,42,Overdue,1,672000
R_003311,EQ_00175,SITE_004,OP_0091,2024-05-12,2024-06-11,2024-06-10,30,Returned,1,270000
R_003312,EQ_00547,SITE_025,OP_0141,2025-01-27,2025-01-30,2025-01-30,3,Returned,0,27000
R_003313,EQ_00216,SITE_003,OP_0111,2025-05-31,2025-06-08,2025-06-08,8,Returned,1,176000
R_003314,EQ_00044,SITE_023,OP_0175,2024-03-27,2024-04-13,2024-04-13,17,Returned,0,306000
R_003315,EQ_00722,SITE_018,OP_0268,2024-11-28,2025-01-10,2025-01-10,43,Returned,1,387000
R_003316,EQ_00572,SITE_008,OP_0241,2025-02-22,2025-03-30,2025-03-30,36,Returned,0,252000
R_003317,EQ_00292,SITE_024,OP_0123,2024-04-18,2024-04-26,2024-04-26,8,Returned,0,176000
R_003318,EQ_00722,SITE_019,OP_0315,2026-04-29,2026-06-13,2026-06-13,45,Returned,0,405000
R_003319,EQ_00599,SITE_008,OP_0301,2024-10-02,2024-11-16,2024-11-17,45,Overdue Returned,1,990000
R_003320,EQ_00681,SITE_022,OP_0018,2026-03-09,2026-03-21,2026-03-21,12,Returned,0,108000
R_003321,EQ_00068,SITE_003,OP_0276,2024-11-22,2024-12-22,,30,Overdue,0,540000
R_003322,EQ_00789,SITE_010,OP_0048,2024-08-05,2024-08-23,2024-08-20,18,Returned,0,288000
R_003323,EQ_00781,SITE_014,OP_0039,2026-06-01,2026-07-08,,37,Active,0,518000
R_003324,EQ_00066,SITE_022,OP_0067,2024-11-30,2024-12-11,,11,Active,0,242000
R_003325,EQ_00199,SITE_023,OP_0049,2024-12-14,2024-12-25,2024-12-25,11,Returned,0,176000
R_003326,EQ_00699,SITE_024,OP_0264,2024-02-01,2024-03-08,2024-03-07,36,Returned,0,792000
R_003327,EQ_00291,SITE_027,OP_0050,2024-09-04,2024-09-30,2024-09-29,26,Returned,1,572000
R_003328,EQ_00797,SITE_010,OP_0111,2025-01-16,2025-02-12,2025-02-13,27,Overdue Returned,1,486000
R_003329,EQ_00766,SITE_021,OP_0204,2024-07-21,2024-07-30,,9,Overdue,0,270000
R_003330,EQ_00432,SITE_006,OP_0139,2024-12-04,2025-01-15,2025-01-15,42,Returned,0,756000
R_003331,EQ_00055,SITE_024,OP_0012,2025-02-07,2025-02-16,2025-02-16,9,Returned,0,162000
R_003332,EQ_00009,SITE_016,OP_0054,2024-02-17,2024-02-26,2024-02-26,9,Returned,0,162000
R_003333,EQ_00456,SITE_015,OP_0039,2026-07-10,2026-08-22,2026-08-22,43,Returned,0,602000
R_003334,EQ_00608,SITE_005,OP_0059,2026-03-22,2026-04-13,2026-04-11,22,Returned,1,396000
R_003335,EQ_00177,SITE_004,OP_0073,2025-07-30,2025-08-02,2025-08-04,3,Overdue Returned,0,21000
R_003336,EQ_00155,SITE_024,OP_0043,2024-05-20,2024-06-22,2024-06-22,33,Returned,1,726000
R_003337,EQ_00360,SITE_001,OP_0034,2024-01-01,2024-01-15,2024-01-13,14,Returned,0,196000
R_003338,EQ_00654,SITE_025,OP_0121,2026-04-17,2026-05-11,2026-05-11,24,Returned,1,216000
R_003339,EQ_00351,SITE_016,OP_0115,2025-07-26,2025-08-31,2025-09-02,36,Overdue Returned,0,504000
R_003340,EQ_00649,SITE_001,OP_0167,2025-10-27,2025-11-18,2025-11-18,22,Returned,1,396000
R_003341,EQ_00002,SITE_001,OP_0212,2026-07-22,2026-08-21,2026-08-21,30,Returned,0,660000
R_003342,EQ_00755,SITE_019,OP_0270,2025-05-09,2025-06-20,2025-06-17,42,Returned,0,378000
R_003343,EQ_00625,SITE_021,OP_0314,2024-03-29,2024-04-07,2024-04-07,9,Returned,0,126000
R_003344,EQ_00537,SITE_020,OP_0067,2025-12-23,2026-01-16,2026-01-16,24,Returned,0,168000
R_003345,EQ_00006,SITE_006,OP_0339,2024-07-30,2024-08-12,2024-08-12,13,Returned,1,182000
R_003346,EQ_00687,SITE_018,OP_0181,2025-04-21,2025-05-29,2025-05-28,38,Returned,1,836000
R_003347,EQ_00667,SITE_006,OP_0117,2024-01-13,2024-02-09,2024-02-09,27,Returned,0,243000
R_003348,EQ_00666,SITE_030,OP_0251,2024-11-19,2024-12-27,,38,Active,0,1140000
R_003349,EQ_00497,SITE_008,OP_0151,2024-04-06,2024-04-23,2024-04-23,17,Returned,1,153000
R_003350,EQ_00472,SITE_011,OP_0107,2025-06-03,2025-07-06,2025-07-06,33,Returned,0,462000
R_003351,EQ_00191,SITE_026,OP_0152,2025-07-01,2025-07-05,2025-07-05,4,Returned,0,56000
R_003352,EQ_00227,SITE_028,OP_0149,2026-01-01,2026-01-10,2026-01-10,9,Returned,0,63000
R_003353,EQ_00384,SITE_001,OP_0297,2025-05-25,2025-06-23,2025-06-23,29,Returned,1,406000
R_003354,EQ_00462,SITE_027,OP_0112,2025-03-12,2025-04-03,,22,Active,0,308000
R_003355,EQ_00727,SITE_030,OP_0081,2024-12-23,2025-01-19,2025-01-20,27,Overdue Returned,0,810000
R_003356,EQ_00560,SITE_025,OP_0311,2026-03-29,2026-04-23,2026-04-28,25,Overdue Returned,0,750000
R_003357,EQ_00035,SITE_029,OP_0288,2026-08-05,2026-09-10,2026-09-10,36,Returned,0,648000
R_003358,EQ_00126,SITE_015,OP_0257,2026-02-18,2026-02-24,2026-02-24,6,Returned,0,42000
R_003359,EQ_00356,SITE_007,OP_0067,2025-11-25,2025-12-11,,16,Active,1,480000
R_003360,EQ_00184,SITE_012,OP_0210,2025-04-02,2025-04-28,2025-04-28,26,Returned,1,364000
R_003361,EQ_00779,SITE_026,OP_0250,2025-06-04,2025-07-13,2025-07-13,39,Returned,1,702000
R_003362,EQ_00045,SITE_002,OP_0171,2025-05-29,2025-06-21,2025-06-18,23,Returned,0,506000
R_003363,EQ_00621,SITE_009,OP_0027,2024-02-18,2024-02-21,2024-02-21,3,Returned,0,54000
R_003364,EQ_00332,SITE_023,OP_0023,2025-10-03,2025-10-11,2025-10-11,8,Returned,0,56000
R_003365,EQ_00349,SITE_026,OP_0076,2024-07-13,2024-08-05,2024-08-05,23,Returned,1,414000
R_003366,EQ_00097,SITE_017,OP_0171,2025-04-16,2025-04-23,2025-04-23,7,Returned,0,126000
R_003367,EQ_00790,SITE_009,OP_0093,2025-09-28,2025-11-09,2025-11-09,42,Returned,0,672000
R_003368,EQ_00236,SITE_008,OP_0345,2025-01-04,2025-01-07,2025-01-08,3,Overdue Returned,0,42000
R_003369,EQ_00279,SITE_005,OP_0342,2024-09-23,2024-10-23,2024-10-23,30,Returned,0,420000
R_003370,EQ_00211,SITE_019,OP_0295,2026-03-09,2026-04-13,2026-04-13,35,Returned,1,315000
R_003371,EQ_00555,SITE_024,OP_0169,2026-04-02,2026-04-23,2026-04-23,21,Returned,0,462000
R_003372,EQ_00670,SITE_007,OP_0247,2025-05-01,2025-06-13,2025-06-14,43,Overdue Returned,0,946000
R_003373,EQ_00789,SITE_021,OP_0130,2026-04-14,2026-04-27,,13,Active,0,208000
R_003374,EQ_00555,SITE_003,OP_0056,2025-12-03,2025-12-21,,18,Active,0,396000
R_003375,EQ_00571,SITE_020,OP_0345,2026-07-27,2026-09-09,2026-09-10,44,Overdue Returned,1,704000
R_003376,EQ_00717,SITE_029,OP_0041,2024-05-09,2024-06-02,2024-06-03,24,Overdue Returned,1,216000
R_003377,EQ_00719,SITE_009,OP_0271,2024-04-11,2024-05-18,2024-05-19,37,Overdue Returned,1,518000
R_003378,EQ_00559,SITE_004,OP_0169,2024-06-14,2024-07-23,2024-07-24,39,Overdue Returned,0,702000
R_003379,EQ_00169,SITE_022,OP_0340,2024-09-09,2024-10-11,,32,Active,0,448000
R_003380,EQ_00248,SITE_003,OP_0245,2026-05-23,2026-06-01,2026-06-01,9,Returned,0,198000
R_003381,EQ_00523,SITE_018,OP_0285,2025-06-20,2025-06-25,2025-06-27,5,Overdue Returned,0,90000
R_003382,EQ_00163,SITE_009,OP_0239,2024-12-09,2025-01-23,,45,Active,0,720000
R_003383,EQ_00470,SITE_017,OP_0010,2026-06-09,2026-07-24,2026-07-25,45,Overdue Returned,0,810000
R_003384,EQ_00422,SITE_016,OP_0330,2024-07-21,2024-08-13,2024-08-13,23,Returned,0,506000
R_003385,EQ_00138,SITE_023,OP_0308,2024-12-20,2025-01-18,2025-01-18,29,Returned,0,522000
R_003386,EQ_00599,SITE_009,OP_0221,2025-12-15,2026-01-03,,19,Active,1,418000
R_003387,EQ_00258,SITE_025,OP_0265,2024-10-18,2024-11-12,2024-11-12,25,Returned,0,350000
R_003388,EQ_00768,SITE_004,OP_0343,2024-11-21,2024-12-15,2024-12-17,24,Overdue Returned,0,432000
R_003389,EQ_00305,SITE_028,OP_0268,2025-10-24,2025-11-26,2025-11-26,33,Returned,0,726000
R_003390,EQ_00783,SITE_025,OP_0011,2026-05-02,2026-05-19,2026-05-19,17,Returned,0,306000
R_003391,EQ_00386,SITE_018,OP_0048,2024-02-15,2024-03-08,2024-03-07,22,Returned,1,198000
R_003392,EQ_00284,SITE_030,OP_0251,2024-02-16,2024-03-22,2024-03-24,35,Overdue Returned,0,630000
R_003393,EQ_00772,SITE_029,OP_0068,2024-02-02,2024-03-04,2024-03-04,31,Returned,0,217000
R_003394,EQ_00544,SITE_023,OP_0219,2026-04-30,2026-06-02,,33,Active,0,594000
R_003395,EQ_00469,SITE_024,OP_0079,2025-07-23,2025-08-07,2025-08-07,15,Returned,0,270000
R_003396,EQ_00094,SITE_027,OP_0251,2024-01-15,2024-01-22,2024-01-22,7,Returned,0,63000
R_003397,EQ_00102,SITE_018,OP_0231,2025-01-05,2025-02-01,2025-02-01,27,Returned,0,378000
R_003398,EQ_00162,SITE_014,OP_0181,2025-09-05,2025-10-17,2025-10-17,42,Returned,0,756000
R_003399,EQ_00692,SITE_017,OP_0304,2025-09-08,2025-10-05,2025-10-07,27,Overdue Returned,0,486000
R_003400,EQ_00263,SITE_001,OP_0334,2026-03-27,2026-04-17,2026-04-14,21,Returned,0,189000
R_003401,EQ_00360,SITE_002,OP_0226,2024-03-13,2024-03-29,2024-03-29,16,Returned,1,224000
R_003402,EQ_00591,SITE_018,OP_0003,2026-02-12,2026-02-15,2026-02-15,3,Returned,0,21000
R_003403,EQ_00114,SITE_018,OP_0226,2025-03-11,2025-03-29,2025-03-29,18,Returned,0,396000
R_003404,EQ_00368,SITE_001,OP_0084,2026-01-09,2026-02-17,2026-02-17,39,Returned,0,624000
R_003405,EQ_00664,SITE_009,OP_0112,2024-05-09,2024-05-21,,12,Active,1,264000
R_003406,EQ_00030,SITE_008,OP_0017,2025-05-04,2025-05-13,2025-05-13,9,Returned,0,162000
R_003407,EQ_00102,SITE_017,OP_0065,2025-01-14,2025-01-29,2025-01-31,15,Overdue Returned,0,210000
R_003408,EQ_00706,SITE_014,OP_0302,2026-05-03,2026-06-14,,42,Active,1,756000
R_003409,EQ_00126,SITE_007,OP_0201,2024-06-05,2024-06-18,2024-06-16,13,Returned,0,91000
R_003410,EQ_00503,SITE_020,OP_0288,2024-05-13,2024-06-18,2024-06-18,36,Returned,0,252000
R_003411,EQ_00294,SITE_005,OP_0267,2025-04-25,2025-06-04,2025-06-04,40,Returned,0,280000
R_003412,EQ_00128,SITE_021,OP_0087,2025-12-25,2026-01-15,2026-01-15,21,Returned,1,294000
R_003413,EQ_00163,SITE_029,OP_0148,2024-01-06,2024-01-10,2024-01-10,4,Returned,0,64000
R_003414,EQ_00731,SITE_003,OP_0349,2024-02-26,2024-03-31,2024-03-31,34,Returned,0,612000
R_003415,EQ_00264,SITE_013,OP_0088,2026-01-14,2026-02-10,,27,Overdue,1,378000
R_003416,EQ_00124,SITE_005,OP_0301,2025-06-21,2025-07-25,2025-07-25,34,Returned,1,476000
R_003417,EQ_00181,SITE_012,OP_0143,2026-04-02,2026-05-02,2026-05-03,30,Overdue Returned,0,270000
R_003418,EQ_00518,SITE_006,OP_0019,2025-04-24,2025-05-31,,37,Active,0,333000
R_003419,EQ_00528,SITE_002,OP_0314,2025-11-09,2025-12-03,,24,Active,0,336000
R_003420,EQ_00160,SITE_011,OP_0081,2025-10-04,2025-10-08,,4,Active,1,28000
R_003421,EQ_00538,SITE_026,OP_0257,2026-07-03,2026-07-10,2026-07-09,7,Returned,0,112000
R_003422,EQ_00489,SITE_030,OP_0304,2024-04-24,2024-05-07,,13,Overdue,0,117000
R_003423,EQ_00663,SITE_019,OP_0102,2025-07-27,2025-08-20,2025-08-20,24,Returned,1,336000
R_003424,EQ_00761,SITE_014,OP_0153,2025-12-18,2026-01-10,2026-01-15,23,Overdue Returned,0,322000
R_003425,EQ_00492,SITE_020,OP_0092,2026-01-11,2026-02-08,,28,Active,0,616000
R_003426,EQ_00030,SITE_023,OP_0259,2024-06-07,2024-06-11,,4,Active,1,72000
R_003427,EQ_00550,SITE_014,OP_0240,2024-10-15,2024-10-21,2024-10-20,6,Returned,0,84000
R_003428,EQ_00249,SITE_013,OP_0163,2024-06-27,2024-07-19,2024-07-19,22,Returned,1,660000
R_003429,EQ_00463,SITE_013,OP_0008,2024-03-25,2024-03-31,2024-03-31,6,Returned,0,108000
R_003430,EQ_00682,SITE_002,OP_0326,2024-09-08,2024-10-13,2024-10-13,35,Returned,0,1050000
R_003431,EQ_00196,SITE_026,OP_0265,2026-02-21,2026-03-31,2026-04-02,38,Overdue Returned,0,1140000
R_003432,EQ_00143,SITE_020,OP_0282,2024-11-27,2024-12-05,2024-12-05,8,Returned,0,240000
R_003433,EQ_00321,SITE_008,OP_0207,2025-10-07,2025-10-11,2025-10-11,4,Returned,0,28000
R_003434,EQ_00381,SITE_009,OP_0300,2024-12-04,2025-01-13,,40,Overdue,0,360000
R_003435,EQ_00444,SITE_029,OP_0021,2025-04-12,2025-05-02,,20,Active,0,440000
R_003436,EQ_00078,SITE_019,OP_0134,2025-10-11,2025-11-24,2025-11-26,44,Overdue Returned,0,308000
R_003437,EQ_00425,SITE_018,OP_0094,2024-02-04,2024-03-12,2024-03-12,37,Returned,0,666000
R_003438,EQ_00689,SITE_006,OP_0216,2024-06-02,2024-06-14,2024-06-11,12,Returned,0,168000
R_003439,EQ_00724,SITE_005,OP_0305,2024-11-15,2024-12-27,2024-12-27,42,Returned,0,588000
R_003440,EQ_00433,SITE_030,OP_0093,2024-03-19,2024-04-01,,13,Overdue,0,234000
R_003441,EQ_00091,SITE_025,OP_0146,2024-02-21,2024-03-21,2024-03-21,29,Returned,0,638000
R_003442,EQ_00583,SITE_014,OP_0313,2025-02-06,2025-02-25,,19,Active,0,342000
R_003443,EQ_00065,SITE_010,OP_0006,2024-03-31,2024-05-08,2024-05-06,38,Returned,1,342000
R_003444,EQ_00653,SITE_012,OP_0037,2025-11-30,2026-01-13,2026-01-18,44,Overdue Returned,1,968000
R_003445,EQ_00128,SITE_021,OP_0033,2024-10-12,2024-11-02,2024-11-02,21,Returned,0,294000
R_003446,EQ_00307,SITE_013,OP_0027,2025-09-19,2025-10-01,,12,Active,0,192000
R_003447,EQ_00212,SITE_016,OP_0005,2024-08-21,2024-09-27,,37,Active,0,592000
R_003448,EQ_00380,SITE_018,OP_0349,2024-07-08,2024-08-16,2024-08-18,39,Overdue Returned,0,546000
R_003449,EQ_00115,SITE_021,OP_0328,2025-09-25,2025-10-21,,26,Active,0,182000
R_003450,EQ_00112,SITE_010,OP_0282,2026-07-08,2026-07-23,2026-07-28,15,Overdue Returned,0,210000
R_003451,EQ_00531,SITE_015,OP_0110,2024-02-26,2024-03-02,2024-03-04,5,Overdue Returned,0,70000
R_003452,EQ_00669,SITE_020,OP_0321,2024-04-21,2024-04-27,2024-05-07,6,Overdue Returned,0,54000
R_003453,EQ_00088,SITE_028,OP_0022,2025-05-13,2025-06-20,2025-06-20,38,Returned,1,836000
R_003454,EQ_00545,SITE_029,OP_0229,2024-03-23,2024-04-09,2024-04-09,17,Returned,0,510000
R_003455,EQ_00275,SITE_026,OP_0275,2024-08-14,2024-09-19,2024-09-18,36,Returned,1,648000
R_003456,EQ_00201,SITE_021,OP_0343,2025-09-26,2025-10-17,2025-10-22,21,Overdue Returned,0,147000
R_003457,EQ_00285,SITE_001,OP_0155,2025-04-04,2025-05-11,2025-05-11,37,Returned,1,259000
R_003458,EQ_00644,SITE_019,OP_0248,2026-02-05,2026-03-06,2026-03-06,29,Returned,0,522000
R_003459,EQ_00272,SITE_025,OP_0063,2025-06-15,2025-06-21,,6,Overdue,0,108000
R_003460,EQ_00581,SITE_011,OP_0274,2024-05-07,2024-05-22,2024-05-22,15,Returned,0,240000
R_003461,EQ_00690,SITE_002,OP_0143,2025-11-09,2025-11-20,2025-11-20,11,Returned,0,77000
R_003462,EQ_00590,SITE_027,OP_0307,2025-03-05,2025-04-02,2025-04-02,28,Returned,0,392000
R_003463,EQ_00101,SITE_003,OP_0298,2025-12-04,2025-12-15,2025-12-15,11,Returned,0,330000
R_003464,EQ_00049,SITE_006,OP_0073,2025-02-24,2025-03-09,2025-03-11,13,Overdue Returned,0,390000
R_003465,EQ_00271,SITE_025,OP_0188,2024-01-30,2024-02-14,,15,Active,0,330000
R_003466,EQ_00046,SITE_008,OP_0165,2024-05-17,2024-05-24,2024-06-03,7,Overdue Returned,1,210000
R_003467,EQ_00368,SITE_006,OP_0008,2026-06-27,2026-07-25,,28,Overdue,0,448000
R_003468,EQ_00693,SITE_026,OP_0300,2024-08-30,2024-09-27,,28,Active,0,196000
R_003469,EQ_00161,SITE_023,OP_0138,2025-08-20,2025-08-29,2025-08-29,9,Returned,0,162000
R_003470,EQ_00048,SITE_010,OP_0142,2026-05-01,2026-05-12,2026-05-12,11,Returned,1,99000
R_003471,EQ_00276,SITE_018,OP_0207,2024-05-08,2024-05-17,2024-05-17,9,Returned,1,126000
R_003472,EQ_00193,SITE_011,OP_0014,2025-02-23,2025-04-09,2025-04-09,45,Returned,0,720000
R_003473,EQ_00738,SITE_017,OP_0323,2026-03-22,2026-04-08,2026-04-08,17,Returned,0,119000
R_003474,EQ_00366,SITE_007,OP_0170,2026-02-19,2026-03-12,,21,Overdue,0,294000
R_003475,EQ_00332,SITE_017,OP_0271,2024-03-05,2024-04-07,,33,Overdue,0,231000
R_003476,EQ_00454,SITE_018,OP_0076,2025-09-11,2025-09-22,2025-09-23,11,Overdue Returned,0,99000
R_003477,EQ_00008,SITE_015,OP_0178,2024-11-17,2024-12-18,2024-12-20,31,Overdue Returned,0,558000
R_003478,EQ_00260,SITE_006,OP_0144,2024-08-02,2024-08-15,2024-08-15,13,Returned,0,117000
R_003479,EQ_00534,SITE_022,OP_0229,2026-02-19,2026-03-08,2026-03-06,17,Returned,0,272000
R_003480,EQ_00081,SITE_003,OP_0248,2025-07-21,2025-09-02,2025-09-03,43,Overdue Returned,0,387000
R_003481,EQ_00745,SITE_022,OP_0178,2026-07-18,2026-07-28,2026-07-29,10,Overdue Returned,0,180000
R_003482,EQ_00377,SITE_010,OP_0287,2025-08-03,2025-09-05,,33,Active,0,462000
R_003483,EQ_00627,SITE_021,OP_0105,2024-09-07,2024-09-28,2024-09-27,21,Returned,0,630000
R_003484,EQ_00358,SITE_011,OP_0013,2025-10-05,2025-11-05,,31,Active,1,682000
R_003485,EQ_00156,SITE_013,OP_0337,2024-01-04,2024-01-07,2024-01-07,3,Returned,0,90000
R_003486,EQ_00331,SITE_006,OP_0318,2024-06-04,2024-06-28,2024-06-28,24,Returned,0,432000
R_003487,EQ_00526,SITE_005,OP_0108,2024-11-25,2024-12-13,2024-12-15,18,Overdue Returned,0,126000
R_003488,EQ_00091,SITE_029,OP_0169,2026-05-03,2026-05-25,2026-05-25,22,Returned,1,484000
R_003489,EQ_00389,SITE_029,OP_0192,2024-10-14,2024-11-14,2024-11-13,31,Returned,0,434000
R_003490,EQ_00586,SITE_029,OP_0110,2025-03-26,2025-05-06,2025-05-06,41,Returned,0,902000
R_003491,EQ_00492,SITE_006,OP_0242,2025-08-05,2025-08-27,2025-08-27,22,Returned,0,484000
R_003492,EQ_00470,SITE_015,OP_0057,2026-05-17,2026-06-27,2026-06-27,41,Returned,0,738000
R_003493,EQ_00769,SITE_013,OP_0334,2024-03-04,2024-03-11,2024-03-10,7,Returned,0,126000
R_003494,EQ_00381,SITE_026,OP_0156,2024-09-27,2024-10-27,,30,Active,0,270000
R_003495,EQ_00252,SITE_016,OP_0162,2026-01-01,2026-01-21,2026-01-18,20,Returned,0,320000
R_003496,EQ_00224,SITE_018,OP_0026,2025-08-11,2025-09-09,2025-09-09,29,Returned,0,638000
R_003497,EQ_00533,SITE_020,OP_0193,2024-03-01,2024-04-07,2024-04-07,37,Returned,0,814000
R_003498,EQ_00314,SITE_008,OP_0286,2026-03-15,2026-04-01,,17,Active,0,153000
R_003499,EQ_00366,SITE_001,OP_0059,2025-08-02,2025-08-16,2025-08-16,14,Returned,0,196000
R_003500,EQ_00194,SITE_020,OP_0290,2025-03-30,2025-05-11,,42,Active,0,1260000
R_003501,EQ_00784,SITE_014,OP_0262,2026-02-01,2026-02-23,2026-02-23,22,Returned,0,308000
R_003502,EQ_00255,SITE_028,OP_0201,2026-01-26,2026-02-26,2026-02-23,31,Returned,1,558000
R_003503,EQ_00236,SITE_023,OP_0192,2025-08-08,2025-08-11,2025-08-16,3,Overdue Returned,0,42000
R_003504,EQ_00176,SITE_020,OP_0221,2024-07-05,2024-08-02,2024-08-07,28,Overdue Returned,0,196000
R_003505,EQ_00722,SITE_011,OP_0104,2024-09-23,2024-10-29,,36,Active,0,324000
R_003506,EQ_00302,SITE_022,OP_0073,2025-06-08,2025-06-20,2025-06-20,12,Returned,1,216000
R_003507,EQ_00393,SITE_012,OP_0006,2024-09-19,2024-10-29,2024-10-29,40,Returned,0,720000
R_003508,EQ_00604,SITE_001,OP_0074,2024-06-10,2024-07-21,2024-07-21,41,Returned,0,287000
R_003509,EQ_00219,SITE_004,OP_0091,2024-08-29,2024-09-03,2024-09-04,5,Overdue Returned,0,90000
R_003510,EQ_00561,SITE_023,OP_0198,2026-03-07,2026-04-03,,27,Active,0,486000
R_003511,EQ_00310,SITE_027,OP_0150,2024-12-19,2025-01-22,2025-01-19,34,Returned,0,306000
R_003512,EQ_00263,SITE_011,OP_0061,2024-12-09,2024-12-15,2024-12-15,6,Returned,0,54000
R_003513,EQ_00116,SITE_001,OP_0167,2024-06-02,2024-07-11,2024-07-10,39,Returned,0,351000
R_003514,EQ_00243,SITE_029,OP_0061,2025-01-10,2025-02-18,2025-02-18,39,Returned,1,702000
R_003515,EQ_00608,SITE_008,OP_0145,2024-03-17,2024-04-10,2024-04-12,24,Overdue Returned,0,432000
R_003516,EQ_00280,SITE_026,OP_0261,2025-07-08,2025-07-31,2025-07-31,23,Returned,0,322000
R_003517,EQ_00004,SITE_029,OP_0348,2024-03-15,2024-03-22,2024-03-22,7,Returned,1,98000
R_003518,EQ_00679,SITE_004,OP_0065,2025-01-12,2025-02-09,2025-02-09,28,Returned,1,252000
R_003519,EQ_00335,SITE_019,OP_0087,2025-08-10,2025-09-21,2025-09-21,42,Returned,0,756000
R_003520,EQ_00547,SITE_019,OP_0055,2025-06-10,2025-07-12,2025-07-12,32,Returned,0,288000
R_003521,EQ_00574,SITE_012,OP_0241,2026-07-07,2026-08-17,2026-08-17,41,Returned,0,1230000
R_003522,EQ_00505,SITE_025,OP_0068,2025-07-16,2025-07-31,2025-08-01,15,Overdue Returned,0,105000
R_003523,EQ_00692,SITE_029,OP_0037,2026-05-28,2026-06-22,2026-06-23,25,Overdue Returned,0,450000
R_003524,EQ_00137,SITE_030,OP_0101,2024-06-14,2024-07-12,,28,Active,0,252000
R_003525,EQ_00191,SITE_012,OP_0260,2026-04-04,2026-05-08,,34,Active,0,476000
R_003526,EQ_00520,SITE_024,OP_0107,2025-02-28,2025-04-06,2025-04-11,37,Overdue Returned,0,259000
R_003527,EQ_00234,SITE_015,OP_0136,2025-04-22,2025-05-26,2025-06-05,34,Overdue Returned,1,748000
R_003528,EQ_00260,SITE_004,OP_0343,2024-01-31,2024-02-25,,25,Active,0,225000
R_003529,EQ_00550,SITE_026,OP_0077,2025-08-26,2025-09-10,2025-09-10,15,Returned,0,210000
R_003530,EQ_00574,SITE_003,OP_0299,2024-06-11,2024-06-30,,19,Active,0,570000
R_003531,EQ_00230,SITE_006,OP_0207,2025-11-12,2025-12-15,,33,Active,1,594000
R_003532,EQ_00601,SITE_010,OP_0020,2024-09-10,2024-10-04,,24,Overdue,0,336000
R_003533,EQ_00443,SITE_026,OP_0283,2025-04-10,2025-05-20,2025-05-22,40,Overdue Returned,0,360000
R_003534,EQ_00691,SITE_014,OP_0199,2024-09-16,2024-10-05,2024-10-06,19,Overdue Returned,0,342000
R_003535,EQ_00313,SITE_008,OP_0006,2024-04-06,2024-04-20,,14,Active,0,308000
R_003536,EQ_00587,SITE_009,OP_0050,2025-05-30,2025-06-29,2025-06-29,30,Returned,0,270000
R_003537,EQ_00223,SITE_001,OP_0072,2025-04-08,2025-04-19,2025-04-19,11,Returned,1,99000
R_003538,EQ_00258,SITE_023,OP_0227,2025-12-14,2025-12-29,2025-12-29,15,Returned,0,210000
R_003539,EQ_00500,SITE_023,OP_0338,2026-02-27,2026-03-17,2026-03-18,18,Overdue Returned,0,324000
R_003540,EQ_00378,SITE_005,OP_0236,2026-06-20,2026-07-15,2026-07-15,25,Returned,0,550000
R_003541,EQ_00796,SITE_010,OP_0110,2025-01-10,2025-02-11,2025-02-11,32,Returned,0,224000
R_003542,EQ_00761,SITE_014,OP_0347,2025-04-15,2025-05-14,2025-05-19,29,Overdue Returned,1,406000
R_003543,EQ_00377,SITE_011,OP_0057,2024-02-15,2024-03-31,2024-04-01,45,Overdue Returned,0,630000
R_003544,EQ_00346,SITE_020,OP_0077,2024-01-06,2024-02-13,2024-02-15,38,Overdue Returned,0,836000
R_003545,EQ_00516,SITE_002,OP_0321,2026-06-10,2026-07-12,,32,Overdue,0,576000
R_003546,EQ_00059,SITE_015,OP_0209,2024-06-13,2024-06-17,2024-06-17,4,Returned,0,28000
R_003547,EQ_00353,SITE_017,OP_0333,2025-08-22,2025-10-05,,44,Active,0,792000
R_003548,EQ_00775,SITE_003,OP_0033,2024-05-05,2024-05-13,2024-05-23,8,Overdue Returned,0,72000
R_003549,EQ_00143,SITE_014,OP_0151,2024-04-03,2024-04-07,2024-04-17,4,Overdue Returned,0,120000
R_003550,EQ_00283,SITE_012,OP_0241,2026-07-21,2026-07-29,2026-07-27,8,Returned,0,72000
R_003551,EQ_00519,SITE_020,OP_0197,2025-10-01,2025-11-03,2025-11-05,33,Overdue Returned,1,297000
R_003552,EQ_00046,SITE_030,OP_0290,2024-10-03,2024-10-30,2024-11-09,27,Overdue Returned,0,810000
R_003553,EQ_00361,SITE_022,OP_0037,2026-06-24,2026-07-19,2026-07-16,25,Returned,1,350000
R_003554,EQ_00058,SITE_022,OP_0304,2025-09-19,2025-10-21,2025-10-26,32,Overdue Returned,1,224000
R_003555,EQ_00591,SITE_029,OP_0317,2024-08-01,2024-08-25,2024-08-22,24,Returned,0,168000
R_003556,EQ_00518,SITE_029,OP_0242,2026-03-05,2026-03-17,,12,Overdue,0,108000
R_003557,EQ_00353,SITE_028,OP_0079,2025-12-20,2026-01-13,2026-01-13,24,Returned,0,432000
R_003558,EQ_00132,SITE_024,OP_0114,2026-07-07,2026-08-09,2026-08-09,33,Returned,0,231000
R_003559,EQ_00763,SITE_016,OP_0237,2025-10-13,2025-11-07,2025-11-07,25,Returned,1,175000
R_003560,EQ_00414,SITE_014,OP_0273,2025-12-20,2026-01-19,2026-01-19,30,Returned,1,660000
R_003561,EQ_00143,SITE_017,OP_0156,2024-02-18,2024-04-02,2024-04-04,44,Overdue Returned,0,1320000
R_003562,EQ_00534,SITE_015,OP_0285,2024-05-01,2024-05-26,,25,Active,0,400000
R_003563,EQ_00032,SITE_005,OP_0316,2025-12-04,2025-12-15,2025-12-15,11,Returned,0,77000
R_003564,EQ_00797,SITE_024,OP_0210,2025-05-01,2025-05-21,2025-05-21,20,Returned,0,360000
R_003565,EQ_00177,SITE_024,OP_0069,2024-03-08,2024-03-29,,21,Active,1,147000
R_003566,EQ_00353,SITE_022,OP_0177,2024-07-31,2024-08-03,2024-08-03,3,Returned,0,54000
R_003567,EQ_00362,SITE_012,OP_0090,2025-11-09,2025-11-12,,3,Overdue,0,48000
R_003568,EQ_00490,SITE_008,OP_0085,2024-11-22,2024-11-25,,3,Active,1,42000
R_003569,EQ_00250,SITE_011,OP_0042,2024-05-30,2024-07-14,2024-07-14,45,Returned,0,315000
R_003570,EQ_00555,SITE_030,OP_0177,2024-11-10,2024-12-15,2024-12-15,35,Returned,0,770000
R_003571,EQ_00483,SITE_014,OP_0116,2025-01-18,2025-02-27,2025-02-27,40,Returned,0,280000
R_003572,EQ_00288,SITE_001,OP_0308,2024-11-19,2024-11-26,,7,Active,0,63000
R_003573,EQ_00635,SITE_011,OP_0293,2025-07-29,2025-09-01,2025-08-31,34,Returned,0,748000
R_003574,EQ_00671,SITE_029,OP_0220,2024-07-02,2024-07-17,2024-07-18,15,Overdue Returned,0,240000
R_003575,EQ_00575,SITE_003,OP_0100,2026-03-13,2026-03-31,,18,Overdue,0,126000
R_003576,EQ_00031,SITE_004,OP_0234,2025-09-09,2025-10-24,,45,Active,0,405000
R_003577,EQ_00574,SITE_001,OP_0307,2024-01-20,2024-02-21,2024-02-21,32,Returned,1,960000
R_003578,EQ_00362,SITE_016,OP_0237,2025-11-05,2025-11-27,2025-11-27,22,Returned,0,352000
R_003579,EQ_00348,SITE_030,OP_0275,2024-11-24,2024-12-17,2024-12-27,23,Overdue Returned,1,161000
R_003580,EQ_00260,SITE_009,OP_0081,2025-05-27,2025-06-26,2025-06-24,30,Returned,0,270000
R_003581,EQ_00274,SITE_022,OP_0311,2025-08-26,2025-09-04,2025-09-14,9,Overdue Returned,0,198000
R_003582,EQ_00545,SITE_012,OP_0196,2026-01-21,2026-03-06,2026-03-06,44,Returned,0,1320000
R_003583,EQ_00637,SITE_011,OP_0081,2025-12-18,2026-01-11,2026-01-08,24,Returned,0,720000
R_003584,EQ_00599,SITE_001,OP_0062,2024-11-26,2024-12-01,,5,Active,0,110000
R_003585,EQ_00758,SITE_004,OP_0011,2024-12-02,2024-12-16,,14,Active,0,420000
R_003586,EQ_00062,SITE_022,OP_0327,2024-09-29,2024-10-31,2024-10-31,32,Returned,0,224000
R_003587,EQ_00514,SITE_021,OP_0222,2025-10-13,2025-11-23,,41,Active,0,1230000
R_003588,EQ_00009,SITE_018,OP_0124,2026-03-09,2026-03-29,2026-03-29,20,Returned,0,360000
R_003589,EQ_00166,SITE_012,OP_0158,2024-03-01,2024-04-10,2024-04-11,40,Overdue Returned,0,560000
R_003590,EQ_00334,SITE_015,OP_0118,2025-03-20,2025-05-03,2025-05-03,44,Returned,0,792000
R_003591,EQ_00697,SITE_029,OP_0021,2024-08-14,2024-08-23,2024-08-22,9,Returned,0,63000
R_003592,EQ_00454,SITE_013,OP_0129,2026-04-28,2026-05-30,,32,Active,0,288000
R_003593,EQ_00602,SITE_023,OP_0008,2024-08-01,2024-08-13,2024-08-13,12,Returned,0,168000
R_003594,EQ_00005,SITE_023,OP_0175,2026-07-10,2026-07-24,2026-07-24,14,Returned,0,252000
R_003595,EQ_00141,SITE_025,OP_0347,2024-03-06,2024-04-14,2024-04-14,39,Returned,0,702000
R_003596,EQ_00590,SITE_020,OP_0017,2026-05-29,2026-07-10,2026-07-10,42,Returned,0,588000
R_003597,EQ_00221,SITE_026,OP_0244,2026-03-14,2026-04-20,,37,Active,0,666000
R_003598,EQ_00582,SITE_003,OP_0267,2025-01-05,2025-01-22,,17,Active,1,510000
R_003599,EQ_00320,SITE_002,OP_0014,2025-01-28,2025-01-31,2025-02-01,3,Overdue Returned,0,66000
R_003600,EQ_00606,SITE_013,OP_0013,2025-04-08,2025-04-18,2025-04-18,10,Returned,0,180000
R_003601,EQ_00477,SITE_021,OP_0308,2026-07-03,2026-07-09,2026-07-09,6,Returned,0,54000
R_003602,EQ_00528,SITE_025,OP_0320,2026-07-14,2026-08-14,,31,Active,0,434000
R_003603,EQ_00274,SITE_023,OP_0123,2024-05-12,2024-06-18,,37,Overdue,0,814000
R_003604,EQ_00600,SITE_008,OP_0041,2024-11-20,2024-12-28,2024-12-28,38,Returned,0,266000
R_003605,EQ_00655,SITE_021,OP_0022,2025-04-05,2025-04-11,2025-04-11,6,Returned,0,108000
R_003606,EQ_00272,SITE_001,OP_0205,2025-04-05,2025-04-30,2025-04-30,25,Returned,0,450000
R_003607,EQ_00046,SITE_003,OP_0126,2025-05-25,2025-07-09,2025-07-08,45,Returned,0,1350000
R_003608,EQ_00579,SITE_003,OP_0320,2024-01-16,2024-02-25,2024-02-26,40,Overdue Returned,0,880000
R_003609,EQ_00118,SITE_030,OP_0062,2025-06-24,2025-07-24,2025-07-26,30,Overdue Returned,1,270000
R_003610,EQ_00196,SITE_012,OP_0242,2026-02-18,2026-02-22,,4,Overdue,0,120000
R_003611,EQ_00049,SITE_013,OP_0287,2026-07-27,2026-08-30,,34,Overdue,0,1020000
R_003612,EQ_00578,SITE_019,OP_0014,2025-04-30,2025-06-05,2025-06-07,36,Overdue Returned,0,792000
R_003613,EQ_00659,SITE_027,OP_0235,2026-02-26,2026-03-18,,20,Active,0,180000
R_003614,EQ_00624,SITE_007,OP_0143,2026-02-12,2026-02-19,,7,Active,0,126000
R_003615,EQ_00111,SITE_019,OP_0080,2024-08-21,2024-09-30,2024-10-10,40,Overdue Returned,0,720000
R_003616,EQ_00493,SITE_019,OP_0303,2024-02-12,2024-03-08,,25,Active,1,175000
R_003617,EQ_00438,SITE_004,OP_0281,2025-08-22,2025-09-02,2025-09-02,11,Returned,1,154000
R_003618,EQ_00582,SITE_003,OP_0189,2026-04-15,2026-04-20,2026-04-20,5,Returned,0,150000
R_003619,EQ_00535,SITE_028,OP_0048,2024-10-26,2024-11-09,2024-11-08,14,Returned,0,98000
R_003620,EQ_00135,SITE_019,OP_0263,2025-03-19,2025-04-10,2025-04-15,22,Overdue Returned,0,352000
R_003621,EQ_00033,SITE_024,OP_0058,2024-04-18,2024-05-03,,15,Active,0,270000
R_003622,EQ_00216,SITE_005,OP_0331,2026-03-16,2026-03-22,2026-03-20,6,Returned,0,132000
R_003623,EQ_00485,SITE_011,OP_0155,2025-12-14,2026-01-09,2026-01-09,26,Returned,0,182000
R_003624,EQ_00569,SITE_010,OP_0273,2024-05-24,2024-06-01,2024-06-01,8,Returned,1,72000
R_003625,EQ_00464,SITE_004,OP_0054,2026-03-05,2026-03-08,2026-03-08,3,Returned,0,90000
R_003626,EQ_00050,SITE_021,OP_0021,2024-11-23,2024-12-23,2024-12-24,30,Overdue Returned,0,210000
R_003627,EQ_00613,SITE_024,OP_0342,2026-01-24,2026-02-21,,28,Active,0,504000
R_003628,EQ_00319,SITE_016,OP_0133,2025-03-04,2025-03-10,2025-03-10,6,Returned,0,54000
R_003629,EQ_00426,SITE_009,OP_0309,2026-05-31,2026-06-19,2026-06-24,19,Overdue Returned,1,266000
R_003630,EQ_00800,SITE_016,OP_0248,2025-09-12,2025-10-06,,24,Active,0,528000
R_003631,EQ_00500,SITE_018,OP_0036,2024-07-18,2024-09-01,,45,Active,1,810000
R_003632,EQ_00196,SITE_026,OP_0012,2025-11-17,2025-12-01,2025-12-01,14,Returned,1,420000
R_003633,EQ_00424,SITE_029,OP_0290,2025-02-01,2025-03-16,2025-03-16,43,Returned,0,301000
R_003634,EQ_00712,SITE_007,OP_0057,2026-03-26,2026-04-09,,14,Overdue,1,308000
R_003635,EQ_00621,SITE_014,OP_0323,2026-05-13,2026-05-30,2026-05-30,17,Returned,1,306000
R_003636,EQ_00656,SITE_018,OP_0280,2025-01-06,2025-02-12,2025-02-12,37,Returned,0,259000
R_003637,EQ_00526,SITE_013,OP_0099,2024-08-27,2024-09-14,2024-09-14,18,Returned,0,126000
R_003638,EQ_00088,SITE_028,OP_0055,2026-07-13,2026-08-10,2026-08-10,28,Returned,0,616000
R_003639,EQ_00719,SITE_024,OP_0303,2026-04-25,2026-05-28,,33,Overdue,0,462000
R_003640,EQ_00197,SITE_024,OP_0213,2024-05-24,2024-07-08,2024-07-06,45,Returned,0,1350000
R_003641,EQ_00301,SITE_026,OP_0304,2025-04-11,2025-04-27,2025-04-25,16,Returned,0,352000
R_003642,EQ_00278,SITE_027,OP_0032,2026-06-13,2026-06-23,,10,Active,1,160000
R_003643,EQ_00583,SITE_025,OP_0318,2024-01-19,2024-02-24,,36,Active,0,648000
R_003644,EQ_00258,SITE_015,OP_0100,2025-08-07,2025-09-14,2025-09-12,38,Returned,0,532000
R_003645,EQ_00294,SITE_029,OP_0089,2025-01-19,2025-02-20,2025-02-20,32,Returned,0,224000
R_003646,EQ_00527,SITE_003,OP_0161,2025-09-05,2025-10-07,2025-10-09,32,Overdue Returned,1,576000
R_003647,EQ_00023,SITE_024,OP_0031,2025-06-07,2025-07-15,2025-07-15,38,Returned,0,266000
R_003648,EQ_00368,SITE_026,OP_0048,2025-01-30,2025-03-10,2025-03-15,39,Overdue Returned,0,624000
R_003649,EQ_00202,SITE_029,OP_0249,2024-01-30,2024-03-10,2024-03-10,40,Returned,0,560000
R_003650,EQ_00308,SITE_002,OP_0288,2024-11-20,2024-11-29,2024-12-04,9,Overdue Returned,0,81000
R_003651,EQ_00481,SITE_030,OP_0235,2024-01-10,2024-01-21,2024-01-21,11,Returned,0,154000
R_003652,EQ_00779,SITE_018,OP_0087,2024-07-04,2024-08-02,2024-08-02,29,Returned,1,522000
R_003653,EQ_00452,SITE_010,OP_0006,2026-05-19,2026-06-20,2026-06-20,32,Returned,0,288000
R_003654,EQ_00467,SITE_009,OP_0138,2026-06-01,2026-06-04,2026-06-04,3,Returned,0,54000
R_003655,EQ_00107,SITE_029,OP_0194,2024-08-24,2024-10-06,,43,Overdue,1,774000
R_003656,EQ_00559,SITE_012,OP_0103,2024-02-20,2024-04-03,2024-04-03,43,Returned,0,774000
R_003657,EQ_00232,SITE_024,OP_0186,2024-08-14,2024-09-22,2024-09-23,39,Overdue Returned,0,702000
R_003658,EQ_00651,SITE_006,OP_0300,2024-02-23,2024-03-23,2024-03-23,29,Returned,0,464000
R_003659,EQ_00682,SITE_027,OP_0207,2025-08-18,2025-08-23,2025-08-23,5,Returned,0,150000
R_003660,EQ_00713,SITE_028,OP_0302,2024-04-03,2024-05-08,2024-05-05,35,Returned,0,1050000
R_003661,EQ_00110,SITE_027,OP_0221,2026-01-17,2026-02-13,2026-02-13,27,Returned,1,486000
R_003662,EQ_00360,SITE_015,OP_0145,2026-04-07,2026-04-17,2026-04-18,10,Overdue Returned,0,140000
R_003663,EQ_00209,SITE_011,OP_0091,2026-02-12,2026-03-15,2026-03-15,31,Returned,0,682000
R_003664,EQ_00380,SITE_012,OP_0056,2024-04-02,2024-05-04,,32,Overdue,0,448000
R_003665,EQ_00089,SITE_024,OP_0199,2026-03-29,2026-04-03,2026-04-03,5,Returned,1,90000
R_003666,EQ_00622,SITE_018,OP_0146,2025-02-17,2025-02-23,2025-02-23,6,Returned,0,108000
R_003667,EQ_00216,SITE_007,OP_0324,2026-06-25,2026-08-03,2026-08-08,39,Overdue Returned,0,858000
R_003668,EQ_00043,SITE_024,OP_0109,2025-04-26,2025-06-07,,42,Active,0,672000
R_003669,EQ_00749,SITE_029,OP_0007,2025-09-13,2025-09-30,2025-09-30,17,Returned,1,306000
R_003670,EQ_00396,SITE_021,OP_0114,2025-12-13,2025-12-19,2025-12-20,6,Overdue Returned,0,108000
R_003671,EQ_00024,SITE_029,OP_0216,2026-07-15,2026-08-10,2026-08-10,26,Returned,1,572000
R_003672,EQ_00166,SITE_013,OP_0062,2024-11-05,2024-12-03,2024-12-08,28,Overdue Returned,0,392000
R_003673,EQ_00670,SITE_008,OP_0049,2026-03-04,2026-04-11,2026-04-11,38,Returned,0,836000
R_003674,EQ_00718,SITE_016,OP_0092,2025-12-17,2026-01-30,2026-01-29,44,Returned,1,308000
R_003675,EQ_00008,SITE_030,OP_0204,2026-01-08,2026-02-04,2026-02-04,27,Returned,0,486000
R_003676,EQ_00598,SITE_012,OP_0295,2024-10-17,2024-11-03,2024-10-31,17,Returned,0,306000
R_003677,EQ_00679,SITE_019,OP_0311,2024-10-06,2024-11-16,2024-11-15,41,Returned,0,369000
R_003678,EQ_00691,SITE_018,OP_0337,2025-06-21,2025-08-04,2025-08-06,44,Overdue Returned,0,792000
R_003679,EQ_00687,SITE_005,OP_0205,2025-03-13,2025-04-22,2025-04-23,40,Overdue Returned,0,880000
R_003680,EQ_00164,SITE_011,OP_0296,2024-06-27,2024-06-30,2024-07-10,3,Overdue Returned,0,48000
R_003681,EQ_00032,SITE_018,OP_0092,2024-10-08,2024-10-20,2024-10-20,12,Returned,0,84000
R_003682,EQ_00312,SITE_024,OP_0156,2024-12-13,2025-01-06,2025-01-06,24,Returned,0,216000
R_003683,EQ_00237,SITE_001,OP_0138,2024-02-21,2024-02-25,,4,Overdue,0,36000
R_003684,EQ_00297,SITE_017,OP_0039,2026-03-19,2026-04-12,2026-04-12,24,Returned,1,432000
R_003685,EQ_00485,SITE_021,OP_0176,2026-08-05,2026-09-19,2026-09-19,45,Returned,0,315000
R_003686,EQ_00078,SITE_007,OP_0197,2026-06-14,2026-06-24,2026-06-22,10,Returned,0,70000
R_003687,EQ_00536,SITE_023,OP_0230,2025-09-22,2025-10-23,,31,Overdue,0,930000
R_003688,EQ_00265,SITE_017,OP_0189,2024-01-20,2024-03-05,,45,Active,0,1350000
R_003689,EQ_00759,SITE_018,OP_0065,2025-07-05,2025-08-03,,29,Active,0,638000
R_003690,EQ_00523,SITE_026,OP_0028,2025-01-18,2025-02-10,,23,Active,0,414000
R_003691,EQ_00394,SITE_001,OP_0288,2024-10-15,2024-11-07,2024-11-07,23,Returned,1,368000
R_003692,EQ_00546,SITE_013,OP_0047,2025-11-11,2025-12-04,2025-12-03,23,Returned,1,207000
R_003693,EQ_00417,SITE_021,OP_0320,2024-05-30,2024-06-14,2024-06-12,15,Returned,1,210000
R_003694,EQ_00124,SITE_022,OP_0012,2024-04-13,2024-05-04,2024-05-04,21,Returned,1,294000
R_003695,EQ_00273,SITE_030,OP_0277,2025-02-16,2025-03-23,,35,Active,0,770000
R_003696,EQ_00461,SITE_017,OP_0274,2025-12-05,2025-12-31,2026-01-05,26,Overdue Returned,0,364000
R_003697,EQ_00727,SITE_001,OP_0350,2026-05-05,2026-06-16,2026-06-16,42,Returned,0,1260000
R_003698,EQ_00399,SITE_030,OP_0092,2026-03-21,2026-03-26,,5,Active,0,90000
R_003699,EQ_00330,SITE_027,OP_0045,2024-10-03,2024-10-11,2024-10-11,8,Returned,0,176000
R_003700,EQ_00223,SITE_011,OP_0175,2024-07-22,2024-09-03,,43,Active,0,387000
R_003701,EQ_00637,SITE_011,OP_0082,2025-08-04,2025-08-07,2025-08-07,3,Returned,1,90000
R_003702,EQ_00490,SITE_018,OP_0010,2026-07-21,2026-07-27,,6,Active,0,84000
R_003703,EQ_00024,SITE_029,OP_0185,2024-11-18,2024-12-19,2024-12-21,31,Overdue Returned,0,682000
R_003704,EQ_00428,SITE_020,OP_0101,2025-11-17,2025-12-19,2025-12-18,32,Returned,0,576000
R_003705,EQ_00659,SITE_005,OP_0284,2025-05-17,2025-05-25,,8,Active,0,72000
R_003706,EQ_00676,SITE_010,OP_0187,2026-03-08,2026-04-13,2026-04-14,36,Overdue Returned,1,1080000
R_003707,EQ_00413,SITE_023,OP_0174,2025-05-18,2025-05-23,2025-05-23,5,Returned,0,150000
R_003708,EQ_00019,SITE_019,OP_0330,2025-12-20,2026-01-19,2026-01-19,30,Returned,0,270000
R_003709,EQ_00783,SITE_024,OP_0123,2024-11-03,2024-12-15,2024-12-15,42,Returned,0,756000
R_003710,EQ_00076,SITE_020,OP_0114,2024-01-17,2024-02-08,2024-02-10,22,Overdue Returned,0,396000
R_003711,EQ_00729,SITE_026,OP_0342,2026-07-30,2026-09-10,2026-09-10,42,Returned,0,756000
R_003712,EQ_00772,SITE_016,OP_0245,2024-08-17,2024-08-20,,3,Active,1,21000
R_003713,EQ_00479,SITE_016,OP_0149,2025-09-27,2025-10-18,2025-10-18,21,Returned,1,147000
R_003714,EQ_00732,SITE_028,OP_0106,2026-04-05,2026-05-03,2026-05-03,28,Returned,0,504000
R_003715,EQ_00761,SITE_024,OP_0245,2024-03-07,2024-04-15,,39,Active,0,546000
R_003716,EQ_00269,SITE_005,OP_0218,2026-04-04,2026-04-29,,25,Active,0,450000
R_003717,EQ_00165,SITE_009,OP_0224,2026-03-30,2026-04-15,2026-04-15,16,Returned,0,352000
R_003718,EQ_00533,SITE_005,OP_0144,2025-12-25,2026-02-06,2026-02-08,43,Overdue Returned,0,946000
R_003719,EQ_00696,SITE_030,OP_0303,2025-06-03,2025-07-17,2025-07-18,44,Overdue Returned,0,308000
R_003720,EQ_00488,SITE_011,OP_0231,2026-03-13,2026-03-20,,7,Active,0,126000
R_003721,EQ_00450,SITE_027,OP_0179,2025-02-07,2025-02-10,2025-02-11,3,Overdue Returned,1,42000
R_003722,EQ_00380,SITE_014,OP_0028,2024-08-29,2024-09-18,2024-09-28,20,Overdue Returned,1,280000
R_003723,EQ_00107,SITE_001,OP_0201,2024-09-08,2024-10-18,2024-10-15,40,Returned,0,720000
R_003724,EQ_00372,SITE_010,OP_0189,2026-04-28,2026-05-28,2026-05-28,30,Returned,0,660000
R_003725,EQ_00451,SITE_030,OP_0049,2025-03-29,2025-04-27,2025-04-28,29,Overdue Returned,0,870000
R_003726,EQ_00639,SITE_026,OP_0289,2025-09-26,2025-10-10,2025-10-10,14,Returned,0,252000
R_003727,EQ_00413,SITE_014,OP_0125,2026-01-05,2026-01-28,2026-02-07,23,Overdue Returned,0,690000
R_003728,EQ_00246,SITE_011,OP_0063,2026-07-18,2026-07-27,2026-08-06,9,Overdue Returned,0,126000
R_003729,EQ_00133,SITE_005,OP_0214,2024-06-29,2024-07-03,2024-07-03,4,Returned,1,56000
R_003730,EQ_00556,SITE_019,OP_0344,2025-04-23,2025-04-27,2025-04-27,4,Returned,0,120000
R_003731,EQ_00325,SITE_010,OP_0240,2026-05-04,2026-05-18,2026-05-16,14,Returned,0,224000
R_003732,EQ_00443,SITE_016,OP_0038,2025-03-26,2025-05-06,2025-05-08,41,Overdue Returned,0,369000
R_003733,EQ_00765,SITE_004,OP_0084,2026-07-23,2026-08-16,2026-08-14,24,Returned,0,432000
R_003734,EQ_00667,SITE_027,OP_0282,2025-01-05,2025-01-11,2025-01-12,6,Overdue Returned,0,54000
R_003735,EQ_00432,SITE_028,OP_0325,2025-12-30,2026-01-05,2026-01-06,6,Overdue Returned,0,108000
R_003736,EQ_00712,SITE_018,OP_0121,2025-10-24,2025-11-29,2025-11-29,36,Returned,0,792000
R_003737,EQ_00087,SITE_030,OP_0234,2025-03-22,2025-04-15,2025-04-15,24,Returned,0,432000
R_003738,EQ_00496,SITE_015,OP_0116,2024-06-01,2024-07-16,2024-07-16,45,Returned,0,405000
R_003739,EQ_00087,SITE_018,OP_0081,2026-04-25,2026-05-31,2026-05-31,36,Returned,1,648000
R_003740,EQ_00607,SITE_022,OP_0250,2025-01-12,2025-01-21,2025-01-21,9,Returned,1,144000
R_003741,EQ_00193,SITE_002,OP_0211,2026-08-05,2026-09-17,2026-09-17,43,Returned,0,688000
R_003742,EQ_00744,SITE_022,OP_0346,2026-05-12,2026-06-11,,30,Active,0,660000
R_003743,EQ_00615,SITE_006,OP_0106,2025-10-05,2025-11-18,2025-11-18,44,Returned,1,792000
R_003744,EQ_00726,SITE_003,OP_0206,2025-09-16,2025-10-31,,45,Overdue,1,315000
R_003745,EQ_00390,SITE_021,OP_0338,2026-04-13,2026-05-03,2026-05-03,20,Returned,1,360000
R_003746,EQ_00406,SITE_003,OP_0211,2025-04-05,2025-04-28,2025-04-29,23,Overdue Returned,0,690000
R_003747,EQ_00795,SITE_025,OP_0178,2024-12-11,2025-01-16,2025-01-15,36,Returned,1,252000
R_003748,EQ_00743,SITE_010,OP_0059,2026-01-03,2026-01-27,2026-01-27,24,Returned,0,216000
R_003749,EQ_00552,SITE_024,OP_0040,2025-06-05,2025-06-28,,23,Active,0,506000
R_003750,EQ_00715,SITE_022,OP_0032,2025-09-10,2025-09-22,2025-09-22,12,Returned,0,108000
R_003751,EQ_00261,SITE_021,OP_0217,2025-09-25,2025-10-31,2025-10-31,36,Returned,1,792000
R_003752,EQ_00485,SITE_013,OP_0133,2026-07-29,2026-09-05,2026-09-05,38,Returned,1,266000
R_003753,EQ_00764,SITE_021,OP_0040,2025-04-23,2025-05-31,2025-05-30,38,Returned,0,532000
R_003754,EQ_00032,SITE_019,OP_0023,2026-05-27,2026-06-12,,16,Active,0,112000
R_003755,EQ_00724,SITE_004,OP_0174,2024-04-28,2024-05-31,2024-05-28,33,Returned,0,462000
R_003756,EQ_00216,SITE_004,OP_0097,2026-04-19,2026-06-03,2026-06-03,45,Returned,0,990000
R_003757,EQ_00273,SITE_015,OP_0240,2024-08-05,2024-08-09,2024-08-11,4,Overdue Returned,0,88000
R_003758,EQ_00448,SITE_017,OP_0325,2024-09-12,2024-10-15,2024-10-15,33,Returned,0,594000
R_003759,EQ_00705,SITE_010,OP_0337,2026-01-28,2026-03-02,2026-03-02,33,Returned,0,297000
R_003760,EQ_00024,SITE_026,OP_0169,2025-03-12,2025-03-28,2025-03-28,16,Returned,0,352000
R_003761,EQ_00028,SITE_018,OP_0198,2024-08-19,2024-09-24,,36,Active,1,504000
R_003762,EQ_00035,SITE_006,OP_0217,2024-11-30,2024-12-24,2024-12-24,24,Returned,1,432000
R_003763,EQ_00380,SITE_001,OP_0032,2025-05-21,2025-06-14,2025-06-14,24,Returned,0,336000
R_003764,EQ_00402,SITE_020,OP_0083,2025-01-21,2025-01-26,,5,Overdue,0,150000
R_003765,EQ_00554,SITE_008,OP_0285,2025-10-15,2025-10-26,2025-10-26,11,Returned,0,99000
R_003766,EQ_00004,SITE_028,OP_0278,2026-02-15,2026-03-06,2026-03-07,19,Overdue Returned,0,266000
R_003767,EQ_00516,SITE_002,OP_0207,2024-06-26,2024-07-25,2024-07-22,29,Returned,0,522000
R_003768,EQ_00330,SITE_029,OP_0202,2025-04-26,2025-05-15,2025-05-17,19,Overdue Returned,0,418000
R_003769,EQ_00527,SITE_014,OP_0012,2025-06-10,2025-07-19,2025-07-20,39,Overdue Returned,0,702000
R_003770,EQ_00371,SITE_013,OP_0310,2025-01-23,2025-03-01,,37,Active,1,333000
R_003771,EQ_00283,SITE_020,OP_0344,2024-06-08,2024-07-21,2024-07-21,43,Returned,0,387000
R_003772,EQ_00782,SITE_020,OP_0282,2026-02-04,2026-03-04,,28,Overdue,0,448000
R_003773,EQ_00499,SITE_027,OP_0168,2025-06-03,2025-07-10,2025-07-09,37,Returned,0,666000
R_003774,EQ_00414,SITE_012,OP_0019,2026-04-14,2026-05-29,,45,Overdue,0,990000
R_003775,EQ_00131,SITE_002,OP_0323,2024-09-12,2024-10-10,2024-10-10,28,Returned,0,616000
R_003776,EQ_00722,SITE_001,OP_0120,2025-05-18,2025-06-27,2025-06-27,40,Returned,0,360000
R_003777,EQ_00212,SITE_016,OP_0233,2024-04-16,2024-04-22,2024-04-22,6,Returned,0,96000
R_003778,EQ_00585,SITE_028,OP_0154,2025-07-03,2025-07-18,2025-07-23,15,Overdue Returned,0,240000
R_003779,EQ_00093,SITE_013,OP_0293,2025-04-16,2025-05-21,,35,Overdue,1,630000
R_003780,EQ_00301,SITE_021,OP_0034,2024-06-01,2024-06-30,2024-07-01,29,Overdue Returned,0,638000
R_003781,EQ_00793,SITE_030,OP_0028,2025-12-08,2026-01-11,2026-01-11,34,Returned,0,238000
R_003782,EQ_00692,SITE_008,OP_0226,2024-01-16,2024-02-20,2024-02-20,35,Returned,1,630000
R_003783,EQ_00678,SITE_004,OP_0152,2024-07-24,2024-09-01,2024-09-02,39,Overdue Returned,1,702000
R_003784,EQ_00706,SITE_028,OP_0131,2024-05-29,2024-06-29,,31,Overdue,1,558000
R_003785,EQ_00765,SITE_025,OP_0167,2024-09-05,2024-09-23,2024-09-24,18,Overdue Returned,0,324000
R_003786,EQ_00290,SITE_015,OP_0277,2025-08-30,2025-10-03,2025-10-03,34,Returned,0,238000
R_003787,EQ_00783,SITE_029,OP_0052,2025-06-10,2025-07-23,2025-07-25,43,Overdue Returned,1,774000
R_003788,EQ_00604,SITE_003,OP_0305,2026-04-07,2026-04-21,,14,Active,1,98000
R_003789,EQ_00057,SITE_014,OP_0098,2026-03-19,2026-04-28,2026-04-28,40,Returned,0,560000
R_003790,EQ_00260,SITE_005,OP_0350,2025-10-27,2025-11-04,2025-11-04,8,Returned,1,72000
R_003791,EQ_00034,SITE_013,OP_0216,2025-12-13,2026-01-04,,22,Active,0,484000
R_003792,EQ_00444,SITE_021,OP_0345,2026-04-15,2026-05-22,2026-05-23,37,Overdue Returned,0,814000
R_003793,EQ_00720,SITE_020,OP_0253,2024-03-26,2024-04-22,2024-04-22,27,Returned,1,378000
R_003794,EQ_00485,SITE_021,OP_0153,2025-05-24,2025-06-19,2025-06-21,26,Overdue Returned,1,182000
R_003795,EQ_00388,SITE_006,OP_0098,2026-01-02,2026-01-16,2026-01-16,14,Returned,0,126000
R_003796,EQ_00623,SITE_021,OP_0054,2026-02-22,2026-03-05,2026-03-05,11,Returned,0,77000
R_003797,EQ_00269,SITE_025,OP_0116,2025-08-08,2025-08-28,2025-08-29,20,Overdue Returned,0,360000
R_003798,EQ_00046,SITE_024,OP_0098,2025-05-12,2025-06-14,2025-06-19,33,Overdue Returned,0,990000
R_003799,EQ_00742,SITE_014,OP_0247,2025-04-11,2025-05-22,2025-05-22,41,Returned,0,369000
R_003800,EQ_00456,SITE_024,OP_0006,2026-02-05,2026-02-14,2026-02-14,9,Returned,0,126000
R_003801,EQ_00315,SITE_027,OP_0136,2024-03-01,2024-03-07,,6,Active,0,108000
R_003802,EQ_00682,SITE_030,OP_0051,2025-10-15,2025-11-02,2025-11-02,18,Returned,0,540000
R_003803,EQ_00429,SITE_016,OP_0331,2025-01-25,2025-03-03,2025-03-05,37,Overdue Returned,0,333000
R_003804,EQ_00580,SITE_010,OP_0229,2024-04-28,2024-05-15,2024-05-15,17,Returned,0,272000
R_003805,EQ_00609,SITE_030,OP_0324,2025-02-17,2025-03-21,,32,Active,0,448000
R_003806,EQ_00718,SITE_024,OP_0256,2024-05-25,2024-06-21,2024-06-26,27,Overdue Returned,0,189000
R_003807,EQ_00218,SITE_014,OP_0090,2026-04-29,2026-06-09,2026-06-09,41,Returned,0,369000
R_003808,EQ_00525,SITE_013,OP_0069,2026-04-13,2026-04-23,2026-04-20,10,Returned,0,220000
R_003809,EQ_00591,SITE_029,OP_0139,2025-03-03,2025-03-10,2025-03-08,7,Returned,0,49000
R_003810,EQ_00392,SITE_021,OP_0206,2024-08-06,2024-08-23,2024-08-23,17,Returned,1,153000
R_003811,EQ_00156,SITE_007,OP_0284,2025-03-14,2025-04-04,2025-04-05,21,Overdue Returned,0,630000
R_003812,EQ_00247,SITE_008,OP_0005,2024-08-25,2024-09-08,2024-09-08,14,Returned,0,126000
R_003813,EQ_00763,SITE_029,OP_0009,2026-03-12,2026-03-30,2026-03-30,18,Returned,0,126000
R_003814,EQ_00602,SITE_003,OP_0013,2024-12-08,2025-01-15,2025-01-15,38,Returned,0,532000
R_003815,EQ_00392,SITE_019,OP_0298,2025-12-17,2026-01-24,2026-01-26,38,Overdue Returned,0,342000
R_003816,EQ_00419,SITE_019,OP_0040,2025-01-22,2025-03-07,2025-03-12,44,Overdue Returned,0,792000
R_003817,EQ_00295,SITE_028,OP_0251,2025-01-20,2025-02-25,2025-02-23,36,Returned,0,648000
R_003818,EQ_00641,SITE_024,OP_0125,2025-10-29,2025-11-27,2025-11-27,29,Returned,0,261000
R_003819,EQ_00035,SITE_030,OP_0084,2026-03-26,2026-04-03,2026-04-03,8,Returned,1,144000
R_003820,EQ_00186,SITE_008,OP_0093,2025-02-22,2025-04-05,,42,Active,1,588000
R_003821,EQ_00081,SITE_007,OP_0110,2024-12-30,2025-02-01,2025-01-31,33,Returned,1,297000
R_003822,EQ_00357,SITE_002,OP_0149,2025-09-10,2025-09-23,,13,Overdue,0,182000
R_003823,EQ_00177,SITE_017,OP_0242,2025-02-14,2025-02-24,2025-02-26,10,Overdue Returned,0,70000
R_003824,EQ_00665,SITE_017,OP_0018,2025-10-18,2025-11-29,2025-11-30,42,Overdue Returned,0,294000
R_003825,EQ_00446,SITE_001,OP_0206,2026-02-13,2026-02-23,2026-02-24,10,Overdue Returned,0,220000
R_003826,EQ_00468,SITE_021,OP_0036,2024-06-25,2024-07-21,2024-07-21,26,Returned,0,780000
R_003827,EQ_00461,SITE_026,OP_0036,2025-03-17,2025-04-12,,26,Active,0,364000
R_003828,EQ_00607,SITE_012,OP_0113,2025-05-21,2025-06-12,2025-06-12,22,Returned,1,352000
R_003829,EQ_00760,SITE_008,OP_0339,2026-02-05,2026-02-23,2026-02-22,18,Returned,1,396000
R_003830,EQ_00488,SITE_005,OP_0001,2024-11-05,2024-12-11,2024-12-16,36,Overdue Returned,0,648000
R_003831,EQ_00471,SITE_017,OP_0030,2024-07-22,2024-08-24,2024-08-22,33,Returned,1,231000
R_003832,EQ_00559,SITE_026,OP_0243,2024-07-27,2024-08-08,2024-08-05,12,Returned,1,216000
R_003833,EQ_00183,SITE_019,OP_0160,2025-11-26,2025-12-08,,12,Overdue,0,168000
R_003834,EQ_00185,SITE_003,OP_0144,2025-02-19,2025-02-24,2025-02-24,5,Returned,0,35000
R_003835,EQ_00216,SITE_029,OP_0051,2026-02-15,2026-03-13,2026-03-13,26,Returned,0,572000
R_003836,EQ_00063,SITE_022,OP_0012,2026-05-31,2026-06-16,2026-06-16,16,Returned,0,224000
R_003837,EQ_00643,SITE_010,OP_0012,2025-01-23,2025-02-17,2025-02-17,25,Returned,0,450000
R_003838,EQ_00375,SITE_005,OP_0175,2025-06-15,2025-07-05,,20,Active,0,180000
R_003839,EQ_00220,SITE_018,OP_0015,2024-07-02,2024-07-22,2024-07-22,20,Returned,0,140000
R_003840,EQ_00301,SITE_013,OP_0343,2026-03-12,2026-04-05,2026-04-06,24,Overdue Returned,0,528000
R_003841,EQ_00632,SITE_007,OP_0264,2025-04-27,2025-05-24,2025-05-24,27,Returned,0,810000
R_003842,EQ_00678,SITE_005,OP_0042,2025-10-23,2025-10-28,,5,Active,0,90000
R_003843,EQ_00742,SITE_011,OP_0070,2025-04-24,2025-05-18,2025-05-18,24,Returned,1,216000
R_003844,EQ_00300,SITE_028,OP_0173,2025-06-02,2025-06-23,,21,Active,0,147000
R_003845,EQ_00247,SITE_029,OP_0326,2024-09-25,2024-10-12,,17,Overdue,0,153000
R_003846,EQ_00266,SITE_011,OP_0111,2026-04-24,2026-05-13,,19,Active,0,133000
R_003847,EQ_00717,SITE_009,OP_0109,2025-05-19,2025-06-02,2025-06-02,14,Returned,0,126000
R_003848,EQ_00664,SITE_009,OP_0337,2026-01-23,2026-01-31,,8,Active,0,176000
R_003849,EQ_00112,SITE_022,OP_0184,2025-05-30,2025-06-13,2025-06-15,14,Overdue Returned,0,196000
R_003850,EQ_00212,SITE_006,OP_0166,2024-08-11,2024-08-14,2024-08-14,3,Returned,0,48000
R_003851,EQ_00301,SITE_021,OP_0104,2025-01-16,2025-02-25,2025-02-25,40,Returned,0,880000
R_003852,EQ_00195,SITE_021,OP_0026,2024-09-09,2024-09-29,2024-10-04,20,Overdue Returned,0,600000
R_003853,EQ_00482,SITE_018,OP_0255,2024-07-16,2024-08-08,2024-08-13,23,Overdue Returned,0,207000
R_003854,EQ_00666,SITE_011,OP_0114,2026-02-13,2026-03-27,,42,Overdue,1,1260000
R_003855,EQ_00070,SITE_002,OP_0118,2026-03-18,2026-04-11,2026-04-11,24,Returned,0,384000
R_003856,EQ_00578,SITE_024,OP_0224,2024-06-15,2024-07-28,,43,Active,0,946000
R_003857,EQ_00239,SITE_020,OP_0109,2024-06-25,2024-06-30,,5,Active,1,70000
R_003858,EQ_00340,SITE_027,OP_0275,2026-02-05,2026-03-01,2026-03-01,24,Returned,0,528000
R_003859,EQ_00011,SITE_003,OP_0231,2026-07-18,2026-08-21,,34,Overdue,0,612000
R_003860,EQ_00759,SITE_030,OP_0179,2025-05-20,2025-06-13,,24,Active,1,528000
R_003861,EQ_00775,SITE_026,OP_0190,2024-07-09,2024-08-22,2024-08-23,44,Overdue Returned,0,396000
R_003862,EQ_00704,SITE_021,OP_0173,2026-07-08,2026-08-06,,29,Active,0,638000
R_003863,EQ_00311,SITE_007,OP_0098,2024-03-27,2024-04-30,2024-04-30,34,Returned,1,238000
R_003864,EQ_00472,SITE_006,OP_0014,2025-09-21,2025-09-25,,4,Active,1,56000
R_003865,EQ_00302,SITE_004,OP_0069,2024-03-11,2024-03-20,,9,Active,0,162000
R_003866,EQ_00130,SITE_007,OP_0224,2024-07-11,2024-08-10,,30,Active,0,420000
R_003867,EQ_00033,SITE_010,OP_0099,2025-02-08,2025-03-07,2025-03-07,27,Returned,0,486000
R_003868,EQ_00792,SITE_020,OP_0284,2025-06-15,2025-06-25,2025-06-25,10,Returned,0,70000
R_003869,EQ_00212,SITE_030,OP_0016,2024-05-26,2024-07-10,,45,Active,0,720000
R_003870,EQ_00362,SITE_021,OP_0215,2025-10-11,2025-10-25,2025-10-25,14,Returned,1,224000
R_003871,EQ_00610,SITE_008,OP_0073,2026-02-07,2026-03-02,,23,Active,0,322000
R_003872,EQ_00577,SITE_029,OP_0109,2025-12-31,2026-02-05,2026-02-04,36,Returned,1,324000
R_003873,EQ_00282,SITE_012,OP_0182,2024-06-26,2024-08-04,2024-08-06,39,Overdue Returned,1,273000
R_003874,EQ_00064,SITE_020,OP_0020,2025-07-27,2025-08-23,2025-08-23,27,Returned,0,810000
R_003875,EQ_00154,SITE_016,OP_0322,2024-01-17,2024-02-06,2024-02-11,20,Overdue Returned,0,440000
R_003876,EQ_00038,SITE_025,OP_0143,2026-06-07,2026-06-30,,23,Overdue,0,506000
R_003877,EQ_00559,SITE_024,OP_0059,2025-04-24,2025-05-03,2025-05-03,9,Returned,0,162000
R_003878,EQ_00719,SITE_014,OP_0276,2024-04-04,2024-04-24,,20,Overdue,0,280000
R_003879,EQ_00738,SITE_018,OP_0062,2024-07-29,2024-08-01,2024-08-01,3,Returned,0,21000
R_003880,EQ_00620,SITE_025,OP_0031,2024-07-07,2024-08-13,,37,Active,0,518000
R_003881,EQ_00323,SITE_022,OP_0048,2026-03-28,2026-04-04,2026-04-04,7,Returned,0,63000
R_003882,EQ_00088,SITE_009,OP_0293,2024-05-31,2024-06-24,2024-06-24,24,Returned,0,528000
R_003883,EQ_00330,SITE_015,OP_0049,2024-02-07,2024-02-14,2024-02-15,7,Overdue Returned,0,154000
R_003884,EQ_00505,SITE_022,OP_0257,2024-06-13,2024-07-23,2024-07-23,40,Returned,0,280000
R_003885,EQ_00624,SITE_024,OP_0206,2025-05-04,2025-06-05,2025-06-05,32,Returned,1,576000
R_003886,EQ_00105,SITE_024,OP_0175,2026-06-02,2026-07-14,,42,Active,0,672000
R_003887,EQ_00198,SITE_030,OP_0065,2025-10-21,2025-11-19,2025-11-20,29,Overdue Returned,0,638000
R_003888,EQ_00074,SITE_004,OP_0127,2025-04-27,2025-06-08,2025-06-08,42,Returned,1,378000
R_003889,EQ_00694,SITE_024,OP_0147,2026-03-16,2026-04-27,2026-04-27,42,Returned,0,924000
R_003890,EQ_00694,SITE_005,OP_0227,2024-12-03,2025-01-14,2025-01-14,42,Returned,1,924000
R_003891,EQ_00238,SITE_005,OP_0195,2025-12-10,2026-01-17,,38,Active,0,342000
R_003892,EQ_00103,SITE_028,OP_0240,2025-03-13,2025-04-18,2025-04-18,36,Returned,0,792000
R_003893,EQ_00184,SITE_018,OP_0007,2025-08-21,2025-09-16,2025-09-16,26,Returned,1,364000
R_003894,EQ_00577,SITE_014,OP_0324,2026-02-22,2026-03-04,2026-03-06,10,Overdue Returned,0,90000
R_003895,EQ_00421,SITE_028,OP_0035,2024-06-08,2024-07-19,2024-07-19,41,Returned,1,287000
R_003896,EQ_00191,SITE_023,OP_0256,2025-10-27,2025-11-21,2025-11-21,25,Returned,0,350000
R_003897,EQ_00148,SITE_021,OP_0162,2026-01-15,2026-02-10,2026-02-10,26,Returned,0,468000
R_003898,EQ_00296,SITE_022,OP_0221,2024-09-27,2024-11-01,,35,Overdue,0,560000
R_003899,EQ_00102,SITE_016,OP_0011,2026-04-16,2026-05-19,2026-05-19,33,Returned,0,462000
R_003900,EQ_00210,SITE_030,OP_0270,2025-01-17,2025-02-22,2025-02-24,36,Overdue Returned,0,576000
R_003901,EQ_00020,SITE_027,OP_0292,2026-06-19,2026-07-24,,35,Overdue,0,630000
R_003902,EQ_00367,SITE_024,OP_0229,2026-04-27,2026-05-18,,21,Overdue,0,294000
R_003903,EQ_00089,SITE_018,OP_0013,2026-08-05,2026-09-13,2026-09-13,39,Returned,0,702000
R_003904,EQ_00200,SITE_029,OP_0161,2025-02-23,2025-03-12,2025-03-12,17,Returned,0,119000
R_003905,EQ_00232,SITE_002,OP_0127,2024-02-07,2024-02-17,2024-02-14,10,Returned,0,180000
R_003906,EQ_00580,SITE_023,OP_0029,2024-02-22,2024-03-04,2024-03-09,11,Overdue Returned,0,176000
R_003907,EQ_00489,SITE_018,OP_0015,2025-01-09,2025-02-05,2025-02-05,27,Returned,0,243000
R_003908,EQ_00427,SITE_008,OP_0340,2024-10-13,2024-10-21,2024-10-21,8,Returned,1,240000
R_003909,EQ_00212,SITE_005,OP_0036,2024-04-29,2024-06-12,2024-06-12,44,Returned,0,704000
R_003910,EQ_00537,SITE_030,OP_0289,2025-05-16,2025-05-23,2025-05-23,7,Returned,0,49000
R_003911,EQ_00670,SITE_019,OP_0026,2025-07-24,2025-09-04,2025-09-06,42,Overdue Returned,0,924000
R_003912,EQ_00550,SITE_026,OP_0200,2024-05-08,2024-05-28,2024-05-28,20,Returned,0,280000
R_003913,EQ_00686,SITE_023,OP_0328,2024-09-22,2024-10-02,2024-10-02,10,Returned,0,180000
R_003914,EQ_00385,SITE_006,OP_0030,2026-06-09,2026-07-01,,22,Overdue,0,308000
R_003915,EQ_00309,SITE_015,OP_0091,2024-03-22,2024-04-11,2024-04-09,20,Returned,0,360000
R_003916,EQ_00293,SITE_011,OP_0303,2026-06-23,2026-07-19,2026-07-19,26,Returned,1,468000
R_003917,EQ_00756,SITE_001,OP_0213,2025-05-07,2025-05-29,2025-05-29,22,Returned,0,154000
R_003918,EQ_00381,SITE_018,OP_0144,2025-05-06,2025-06-02,,27,Active,0,243000
R_003919,EQ_00609,SITE_012,OP_0024,2026-04-02,2026-04-16,2026-04-17,14,Overdue Returned,0,196000
R_003920,EQ_00287,SITE_011,OP_0208,2025-09-24,2025-11-06,2025-11-06,43,Returned,0,688000
R_003921,EQ_00239,SITE_002,OP_0114,2024-07-06,2024-07-22,2024-07-22,16,Returned,0,224000
R_003922,EQ_00432,SITE_002,OP_0100,2025-11-17,2025-11-20,2025-11-20,3,Returned,0,54000
R_003923,EQ_00573,SITE_011,OP_0081,2026-01-07,2026-01-19,2026-01-24,12,Overdue Returned,0,192000
R_003924,EQ_00117,SITE_017,OP_0323,2025-11-02,2025-11-22,2025-11-23,20,Overdue Returned,0,280000
R_003925,EQ_00676,SITE_016,OP_0182,2024-04-21,2024-05-22,2024-05-23,31,Overdue Returned,0,930000
R_003926,EQ_00092,SITE_010,OP_0211,2024-09-03,2024-09-18,2024-09-17,15,Returned,1,330000
R_003927,EQ_00714,SITE_023,OP_0078,2026-04-21,2026-05-09,2026-05-09,18,Returned,0,396000
R_003928,EQ_00425,SITE_011,OP_0205,2026-04-08,2026-04-29,2026-04-29,21,Returned,1,378000
R_003929,EQ_00510,SITE_026,OP_0199,2024-02-19,2024-03-28,,38,Overdue,1,342000
R_003930,EQ_00382,SITE_027,OP_0173,2026-07-22,2026-08-01,,10,Active,0,70000
R_003931,EQ_00030,SITE_009,OP_0348,2024-04-28,2024-05-02,2024-05-03,4,Overdue Returned,1,72000
R_003932,EQ_00368,SITE_013,OP_0162,2024-01-22,2024-03-06,2024-03-06,44,Returned,1,704000
R_003933,EQ_00501,SITE_006,OP_0249,2024-06-29,2024-07-31,2024-07-31,32,Returned,0,288000
R_003934,EQ_00462,SITE_012,OP_0170,2024-05-24,2024-06-11,2024-06-11,18,Returned,0,252000
R_003935,EQ_00655,SITE_005,OP_0043,2024-10-31,2024-11-04,,4,Active,0,72000
R_003936,EQ_00696,SITE_017,OP_0031,2024-10-12,2024-11-05,2024-11-06,24,Overdue Returned,0,168000
R_003937,EQ_00180,SITE_015,OP_0101,2026-03-21,2026-04-15,,25,Overdue,0,550000
R_003938,EQ_00087,SITE_003,OP_0257,2025-09-19,2025-11-01,2025-10-31,43,Returned,0,774000
R_003939,EQ_00597,SITE_015,OP_0066,2026-02-13,2026-02-27,2026-02-27,14,Returned,0,308000
R_003940,EQ_00688,SITE_006,OP_0087,2024-07-01,2024-07-13,2024-07-13,12,Returned,0,216000
R_003941,EQ_00328,SITE_005,OP_0035,2025-12-24,2026-01-23,2026-01-23,30,Returned,0,660000
R_003942,EQ_00426,SITE_015,OP_0085,2024-04-09,2024-05-11,,32,Active,0,448000
R_003943,EQ_00460,SITE_025,OP_0330,2026-01-18,2026-02-28,2026-02-28,41,Returned,0,1230000
R_003944,EQ_00652,SITE_027,OP_0270,2025-05-05,2025-05-28,2025-05-28,23,Returned,1,506000
R_003945,EQ_00103,SITE_014,OP_0152,2025-04-25,2025-05-17,2025-05-17,22,Returned,1,484000
R_003946,EQ_00719,SITE_020,OP_0337,2024-12-22,2025-01-04,2025-01-05,13,Overdue Returned,0,182000
R_003947,EQ_00204,SITE_029,OP_0334,2025-10-10,2025-11-24,2025-11-25,45,Overdue Returned,1,630000
R_003948,EQ_00327,SITE_029,OP_0310,2025-01-30,2025-02-06,,7,Active,1,49000
R_003949,EQ_00630,SITE_001,OP_0219,2024-04-13,2024-05-18,,35,Active,1,315000
R_003950,EQ_00037,SITE_002,OP_0251,2026-05-29,2026-06-01,,3,Active,1,48000
R_003951,EQ_00104,SITE_028,OP_0179,2025-05-09,2025-06-23,2025-06-23,45,Returned,0,315000
R_003952,EQ_00632,SITE_025,OP_0332,2026-06-22,2026-07-16,,24,Active,0,720000
R_003953,EQ_00096,SITE_020,OP_0291,2026-05-16,2026-05-29,2026-05-29,13,Returned,1,117000
R_003954,EQ_00720,SITE_021,OP_0284,2024-06-12,2024-06-29,,17,Active,1,238000
R_003955,EQ_00163,SITE_003,OP_0165,2026-01-03,2026-01-19,2026-01-19,16,Returned,0,256000
R_003956,EQ_00324,SITE_014,OP_0344,2026-03-05,2026-04-01,,27,Active,0,486000
R_003957,EQ_00477,SITE_013,OP_0312,2024-07-20,2024-07-25,2024-07-22,5,Returned,0,45000
R_003958,EQ_00345,SITE_017,OP_0159,2024-05-31,2024-07-05,2024-07-05,35,Returned,0,770000
R_003959,EQ_00026,SITE_014,OP_0230,2025-05-15,2025-06-18,,34,Overdue,0,544000
R_003960,EQ_00621,SITE_026,OP_0075,2025-09-11,2025-10-03,,22,Overdue,0,396000
R_003961,EQ_00558,SITE_017,OP_0157,2025-04-13,2025-05-19,,36,Active,0,504000
R_003962,EQ_00612,SITE_018,OP_0058,2025-04-18,2025-05-26,2025-05-25,38,Returned,0,684000
R_003963,EQ_00354,SITE_010,OP_0004,2025-06-09,2025-07-14,,35,Active,0,630000
R_003964,EQ_00586,SITE_015,OP_0076,2025-10-01,2025-11-04,2025-11-04,34,Returned,0,748000
R_003965,EQ_00788,SITE_017,OP_0229,2024-11-18,2024-12-03,2024-12-04,15,Overdue Returned,0,270000
R_003966,EQ_00638,SITE_005,OP_0227,2025-03-25,2025-04-18,,24,Active,0,168000
R_003967,EQ_00277,SITE_025,OP_0208,2024-06-27,2024-07-01,2024-07-01,4,Returned,0,36000
R_003968,EQ_00793,SITE_008,OP_0059,2024-03-23,2024-04-12,2024-04-12,20,Returned,0,140000
R_003969,EQ_00539,SITE_002,OP_0072,2024-01-08,2024-02-07,2024-02-05,30,Returned,0,660000
R_003970,EQ_00576,SITE_002,OP_0329,2025-09-07,2025-10-08,2025-10-08,31,Returned,0,434000
R_003971,EQ_00082,SITE_015,OP_0183,2025-06-25,2025-07-21,2025-07-26,26,Overdue Returned,1,182000
R_003972,EQ_00686,SITE_029,OP_0255,2024-04-11,2024-05-26,2024-05-26,45,Returned,0,810000
R_003973,EQ_00627,SITE_023,OP_0080,2025-12-18,2026-01-22,2026-01-22,35,Returned,0,1050000
R_003974,EQ_00020,SITE_011,OP_0096,2026-03-30,2026-05-10,2026-05-09,41,Returned,0,738000
R_003975,EQ_00455,SITE_013,OP_0099,2024-08-18,2024-08-27,,9,Active,0,63000
R_003976,EQ_00664,SITE_002,OP_0146,2024-03-18,2024-04-30,2024-05-02,43,Overdue Returned,0,946000
R_003977,EQ_00518,SITE_011,OP_0308,2024-07-18,2024-08-14,2024-08-15,27,Overdue Returned,0,243000
R_003978,EQ_00554,SITE_015,OP_0265,2026-01-04,2026-01-20,2026-01-21,16,Overdue Returned,1,144000
R_003979,EQ_00093,SITE_029,OP_0273,2024-11-30,2024-12-06,2024-12-08,6,Overdue Returned,0,108000
R_003980,EQ_00632,SITE_021,OP_0241,2025-05-03,2025-05-12,2025-05-12,9,Returned,1,270000
R_003981,EQ_00291,SITE_023,OP_0339,2024-11-23,2024-11-26,,3,Active,1,66000
R_003982,EQ_00592,SITE_028,OP_0073,2025-07-11,2025-08-21,2025-08-21,41,Returned,0,902000
R_003983,EQ_00695,SITE_027,OP_0084,2024-05-09,2024-06-15,2024-06-13,37,Returned,1,666000
R_003984,EQ_00649,SITE_020,OP_0341,2024-07-19,2024-08-24,2024-08-26,36,Overdue Returned,0,648000
R_003985,EQ_00709,SITE_029,OP_0346,2026-01-30,2026-02-17,2026-02-17,18,Returned,0,126000
R_003986,EQ_00102,SITE_002,OP_0320,2024-10-15,2024-10-27,2024-10-26,12,Returned,0,168000
R_003987,EQ_00152,SITE_015,OP_0080,2025-09-02,2025-10-13,2025-10-13,41,Returned,0,738000
R_003988,EQ_00015,SITE_015,OP_0160,2025-07-30,2025-09-09,2025-09-07,41,Returned,0,902000
R_003989,EQ_00344,SITE_015,OP_0138,2025-05-21,2025-05-28,,7,Active,0,210000
R_003990,EQ_00214,SITE_002,OP_0095,2026-06-27,2026-08-03,,37,Active,0,259000
R_003991,EQ_00636,SITE_001,OP_0153,2024-12-03,2024-12-13,2024-12-13,10,Returned,0,160000
R_003992,EQ_00180,SITE_018,OP_0138,2025-01-12,2025-02-07,2025-02-07,26,Returned,0,572000
R_003993,EQ_00087,SITE_006,OP_0049,2026-02-04,2026-03-03,2026-02-28,27,Returned,0,486000
R_003994,EQ_00030,SITE_018,OP_0195,2026-05-13,2026-06-10,2026-06-10,28,Returned,1,504000
R_003995,EQ_00572,SITE_016,OP_0340,2024-07-03,2024-08-06,,34,Active,0,238000
R_003996,EQ_00661,SITE_005,OP_0132,2024-05-31,2024-07-07,2024-07-07,37,Returned,1,592000
R_003997,EQ_00584,SITE_029,OP_0291,2024-06-25,2024-07-05,2024-07-05,10,Returned,0,70000
R_003998,EQ_00090,SITE_016,OP_0210,2025-08-25,2025-09-04,2025-09-04,10,Returned,0,140000
R_003999,EQ_00457,SITE_029,OP_0211,2024-08-04,2024-09-01,2024-09-01,28,Returned,0,196000
R_004000,EQ_00014,SITE_030,OP_0221,2025-03-11,2025-03-23,2025-03-23,12,Returned,0,360000
R_004001,EQ_00641,SITE_013,OP_0020,2024-05-09,2024-06-18,2024-06-19,40,Overdue Returned,0,360000
R_004002,EQ_00271,SITE_008,OP_0256,2025-03-05,2025-03-15,2025-03-12,10,Returned,0,220000
R_004003,EQ_00259,SITE_007,OP_0083,2025-04-01,2025-05-06,,35,Overdue,1,1050000
R_004004,EQ_00320,SITE_012,OP_0028,2024-08-31,2024-09-09,2024-09-08,9,Returned,0,198000
R_004005,EQ_00121,SITE_016,OP_0029,2024-03-13,2024-04-18,2024-04-18,36,Returned,0,324000
R_004006,EQ_00048,SITE_012,OP_0007,2025-10-09,2025-11-22,2025-11-22,44,Returned,0,396000
R_004007,EQ_00491,SITE_015,OP_0255,2025-05-06,2025-05-29,2025-05-29,23,Returned,0,506000
R_004008,EQ_00337,SITE_003,OP_0113,2024-11-30,2024-12-04,2024-12-04,4,Returned,1,28000
R_004009,EQ_00570,SITE_021,OP_0331,2026-06-13,2026-06-20,,7,Active,0,154000
R_004010,EQ_00379,SITE_002,OP_0168,2025-04-25,2025-05-25,2025-05-25,30,Returned,0,900000
R_004011,EQ_00307,SITE_016,OP_0103,2024-03-06,2024-04-04,,29,Active,1,464000
R_004012,EQ_00190,SITE_029,OP_0010,2024-12-25,2024-12-30,,5,Overdue,1,90000
R_004013,EQ_00628,SITE_020,OP_0260,2024-06-24,2024-07-02,2024-07-03,8,Overdue Returned,1,112000
R_004014,EQ_00295,SITE_020,OP_0188,2025-01-26,2025-03-03,2025-03-05,36,Overdue Returned,1,648000
R_004015,EQ_00110,SITE_013,OP_0314,2025-01-31,2025-03-10,2025-03-12,38,Overdue Returned,0,684000
R_004016,EQ_00392,SITE_015,OP_0161,2025-09-17,2025-10-29,2025-10-29,42,Returned,0,378000
R_004017,EQ_00211,SITE_009,OP_0151,2024-01-21,2024-02-15,2024-02-15,25,Returned,0,225000
R_004018,EQ_00680,SITE_018,OP_0088,2024-10-12,2024-11-16,,35,Overdue,0,315000
R_004019,EQ_00066,SITE_010,OP_0133,2025-03-08,2025-03-14,,6,Active,1,132000
R_004020,EQ_00198,SITE_009,OP_0334,2026-05-22,2026-06-28,2026-06-29,37,Overdue Returned,0,814000
R_004021,EQ_00518,SITE_011,OP_0225,2024-10-08,2024-11-06,2024-11-06,29,Returned,0,261000
R_004022,EQ_00306,SITE_004,OP_0167,2025-03-07,2025-04-17,,41,Active,0,369000
R_004023,EQ_00578,SITE_007,OP_0223,2025-01-25,2025-02-12,2025-02-12,18,Returned,0,396000
R_004024,EQ_00096,SITE_030,OP_0253,2026-06-21,2026-07-14,,23,Active,0,207000
R_004025,EQ_00514,SITE_030,OP_0241,2026-02-13,2026-02-17,2026-02-18,4,Overdue Returned,0,120000
R_004026,EQ_00578,SITE_025,OP_0107,2024-07-01,2024-07-22,2024-07-22,21,Returned,0,462000
R_004027,EQ_00139,SITE_004,OP_0240,2024-07-08,2024-07-20,2024-07-25,12,Overdue Returned,0,216000
R_004028,EQ_00643,SITE_022,OP_0288,2025-09-25,2025-10-15,,20,Active,0,360000
R_004029,EQ_00435,SITE_009,OP_0160,2026-07-15,2026-07-21,2026-07-22,6,Overdue Returned,0,108000
R_004030,EQ_00743,SITE_022,OP_0028,2024-05-20,2024-07-01,2024-07-01,42,Returned,0,378000
R_004031,EQ_00036,SITE_025,OP_0333,2025-05-04,2025-05-17,,13,Overdue,0,286000
R_004032,EQ_00048,SITE_013,OP_0169,2024-12-29,2025-02-01,2025-02-01,34,Returned,0,306000
R_004033,EQ_00028,SITE_021,OP_0140,2024-08-07,2024-08-28,,21,Overdue,0,294000
R_004034,EQ_00361,SITE_015,OP_0196,2024-05-05,2024-06-01,,27,Overdue,0,378000
R_004035,EQ_00415,SITE_003,OP_0349,2025-03-18,2025-04-07,2025-04-07,20,Returned,1,360000
R_004036,EQ_00153,SITE_014,OP_0214,2026-07-31,2026-09-06,,37,Active,0,666000
R_004037,EQ_00174,SITE_013,OP_0015,2024-05-25,2024-07-07,2024-07-12,43,Overdue Returned,0,774000
R_004038,EQ_00156,SITE_014,OP_0045,2024-01-22,2024-02-26,2024-02-26,35,Returned,0,1050000
R_004039,EQ_00699,SITE_027,OP_0232,2026-06-08,2026-06-12,,4,Active,1,88000
R_004040,EQ_00193,SITE_007,OP_0282,2026-03-26,2026-03-29,2026-03-29,3,Returned,0,48000
R_004041,EQ_00607,SITE_026,OP_0276,2026-03-10,2026-03-28,,18,Active,1,288000
R_004042,EQ_00240,SITE_022,OP_0082,2024-09-10,2024-09-13,2024-09-12,3,Returned,0,66000
R_004043,EQ_00029,SITE_021,OP_0035,2024-05-17,2024-06-03,2024-06-03,17,Returned,1,238000
R_004044,EQ_00469,SITE_003,OP_0100,2024-07-02,2024-07-18,2024-07-23,16,Overdue Returned,0,288000
R_004045,EQ_00196,SITE_030,OP_0256,2024-12-05,2024-12-20,2024-12-22,15,Overdue Returned,0,450000
R_004046,EQ_00758,SITE_015,OP_0010,2026-01-31,2026-02-04,2026-02-05,4,Overdue Returned,0,120000
R_004047,EQ_00104,SITE_005,OP_0335,2024-06-16,2024-06-23,,7,Active,0,49000
R_004048,EQ_00469,SITE_028,OP_0257,2024-01-28,2024-02-08,,11,Active,1,198000
R_004049,EQ_00307,SITE_009,OP_0058,2025-03-07,2025-04-17,2025-04-17,41,Returned,0,656000
R_004050,EQ_00181,SITE_011,OP_0075,2024-08-10,2024-08-13,2024-08-10,3,Returned,0,27000
R_004051,EQ_00053,SITE_028,OP_0009,2025-08-13,2025-08-30,2025-08-31,17,Overdue Returned,0,272000
R_004052,EQ_00111,SITE_019,OP_0284,2025-10-23,2025-12-04,2025-12-04,42,Returned,0,756000
R_004053,EQ_00628,SITE_004,OP_0039,2026-01-25,2026-02-20,2026-02-17,26,Returned,0,364000
R_004054,EQ_00330,SITE_002,OP_0273,2026-04-19,2026-05-01,,12,Active,0,264000
R_004055,EQ_00105,SITE_024,OP_0270,2024-05-07,2024-05-17,2024-05-17,10,Returned,0,160000
R_004056,EQ_00531,SITE_002,OP_0086,2025-06-19,2025-07-06,2025-07-06,17,Returned,0,238000
R_004057,EQ_00156,SITE_002,OP_0119,2024-02-09,2024-02-18,2024-02-18,9,Returned,0,270000
R_004058,EQ_00231,SITE_027,OP_0251,2025-02-26,2025-03-02,,4,Overdue,1,88000
R_004059,EQ_00199,SITE_013,OP_0010,2026-03-26,2026-04-02,2026-04-02,7,Returned,0,112000
R_004060,EQ_00495,SITE_001,OP_0233,2025-05-20,2025-05-29,2025-05-28,9,Returned,0,144000
R_004061,EQ_00480,SITE_014,OP_0049,2025-08-08,2025-09-07,2025-09-08,30,Overdue Returned,0,660000
R_004062,EQ_00125,SITE_029,OP_0090,2024-11-17,2024-11-24,2024-11-29,7,Overdue Returned,0,154000
R_004063,EQ_00381,SITE_021,OP_0166,2025-06-30,2025-07-13,2025-07-14,13,Overdue Returned,1,117000
R_004064,EQ_00673,SITE_023,OP_0231,2026-06-17,2026-07-27,2026-07-27,40,Returned,1,1200000
R_004065,EQ_00655,SITE_002,OP_0045,2024-04-10,2024-04-21,,11,Overdue,1,198000
R_004066,EQ_00410,SITE_014,OP_0272,2024-09-11,2024-10-12,,31,Active,0,930000
R_004067,EQ_00140,SITE_008,OP_0259,2025-04-19,2025-05-15,2025-05-15,26,Returned,0,572000
R_004068,EQ_00324,SITE_021,OP_0100,2024-10-11,2024-10-21,2024-10-23,10,Overdue Returned,0,180000
R_004069,EQ_00772,SITE_011,OP_0230,2026-02-25,2026-03-03,,6,Overdue,0,42000
R_004070,EQ_00052,SITE_026,OP_0318,2025-05-17,2025-06-11,2025-06-11,25,Returned,1,350000
R_004071,EQ_00747,SITE_013,OP_0087,2025-12-14,2026-01-12,2026-01-14,29,Overdue Returned,1,203000
R_004072,EQ_00040,SITE_010,OP_0039,2026-03-19,2026-04-22,2026-04-22,34,Returned,0,306000
R_004073,EQ_00197,SITE_009,OP_0022,2025-04-10,2025-05-15,,35,Active,1,1050000
R_004074,EQ_00662,SITE_014,OP_0119,2025-10-12,2025-11-19,2025-11-18,38,Returned,1,266000
R_004075,EQ_00264,SITE_015,OP_0217,2026-01-20,2026-03-06,2026-03-11,45,Overdue Returned,0,630000
R_004076,EQ_00269,SITE_029,OP_0329,2024-09-05,2024-10-06,2024-10-11,31,Overdue Returned,0,558000
R_004077,EQ_00299,SITE_020,OP_0231,2026-01-18,2026-01-23,2026-01-24,5,Overdue Returned,1,90000
R_004078,EQ_00371,SITE_003,OP_0240,2026-03-29,2026-04-13,2026-04-14,15,Overdue Returned,0,135000
R_004079,EQ_00601,SITE_009,OP_0110,2025-12-30,2026-02-05,2026-02-15,37,Overdue Returned,0,518000
R_004080,EQ_00058,SITE_007,OP_0304,2024-03-02,2024-04-11,2024-04-11,40,Returned,0,280000
R_004081,EQ_00087,SITE_021,OP_0218,2024-11-01,2024-11-24,2024-11-24,23,Returned,1,414000
R_004082,EQ_00443,SITE_011,OP_0145,2024-12-18,2025-01-05,2025-01-05,18,Returned,1,162000
R_004083,EQ_00608,SITE_014,OP_0214,2024-04-21,2024-05-02,2024-05-03,11,Overdue Returned,0,198000
R_004084,EQ_00722,SITE_005,OP_0085,2024-06-17,2024-07-26,2024-07-28,39,Overdue Returned,1,351000
R_004085,EQ_00678,SITE_027,OP_0126,2025-10-28,2025-11-29,2025-11-29,32,Returned,0,576000
R_004086,EQ_00122,SITE_021,OP_0311,2025-07-28,2025-09-06,2025-09-06,40,Returned,0,360000
R_004087,EQ_00755,SITE_011,OP_0058,2025-10-06,2025-11-05,2025-11-07,30,Overdue Returned,0,270000
R_004088,EQ_00492,SITE_009,OP_0087,2026-02-12,2026-03-21,2026-03-21,37,Returned,0,814000
R_004089,EQ_00195,SITE_013,OP_0126,2024-03-06,2024-04-07,,32,Active,0,960000
R_004090,EQ_00479,SITE_026,OP_0047,2024-03-08,2024-03-31,2024-03-31,23,Returned,0,161000
R_004091,EQ_00771,SITE_020,OP_0065,2025-01-24,2025-01-30,2025-01-30,6,Returned,0,180000
R_004092,EQ_00676,SITE_018,OP_0140,2024-11-29,2024-12-13,2024-12-13,14,Returned,0,420000
R_004093,EQ_00425,SITE_029,OP_0085,2024-02-10,2024-03-02,2024-02-29,21,Returned,0,378000
R_004094,EQ_00426,SITE_017,OP_0291,2025-04-22,2025-05-06,,14,Active,0,196000
R_004095,EQ_00644,SITE_005,OP_0004,2025-12-03,2026-01-07,2026-01-08,35,Overdue Returned,0,630000
R_004096,EQ_00126,SITE_007,OP_0202,2025-11-27,2025-12-11,2025-12-11,14,Returned,0,98000
R_004097,EQ_00484,SITE_020,OP_0335,2025-08-25,2025-09-02,2025-09-03,8,Overdue Returned,1,72000
R_004098,EQ_00321,SITE_008,OP_0244,2024-01-21,2024-02-04,2024-02-04,14,Returned,1,98000
R_004099,EQ_00008,SITE_025,OP_0139,2026-02-06,2026-02-11,2026-02-11,5,Returned,0,90000
R_004100,EQ_00693,SITE_022,OP_0305,2026-06-25,2026-07-05,2026-07-04,10,Returned,0,70000
R_004101,EQ_00554,SITE_019,OP_0013,2025-02-04,2025-02-11,2025-02-12,7,Overdue Returned,0,63000
R_004102,EQ_00157,SITE_028,OP_0300,2026-02-21,2026-03-28,,35,Active,0,1050000
R_004103,EQ_00245,SITE_026,OP_0004,2025-01-31,2025-02-19,,19,Active,0,418000
R_004104,EQ_00682,SITE_016,OP_0151,2024-10-15,2024-10-30,2024-10-29,15,Returned,0,450000
R_004105,EQ_00173,SITE_002,OP_0303,2025-01-28,2025-02-01,,4,Active,0,28000
R_004106,EQ_00035,SITE_008,OP_0296,2025-11-10,2025-12-02,2025-12-02,22,Returned,0,396000
R_004107,EQ_00711,SITE_026,OP_0197,2024-04-25,2024-05-30,2024-05-30,35,Returned,0,770000
R_004108,EQ_00559,SITE_012,OP_0002,2024-05-25,2024-06-17,2024-06-18,23,Overdue Returned,0,414000
R_004109,EQ_00032,SITE_003,OP_0312,2024-08-25,2024-09-10,,16,Active,0,112000
R_004110,EQ_00012,SITE_021,OP_0226,2025-10-22,2025-11-16,,25,Active,0,175000
R_004111,EQ_00076,SITE_024,OP_0017,2026-02-05,2026-03-22,2026-03-22,45,Returned,0,810000
R_004112,EQ_00029,SITE_021,OP_0032,2024-04-13,2024-04-28,2024-04-27,15,Returned,1,210000
R_004113,EQ_00775,SITE_022,OP_0346,2025-04-15,2025-05-23,2025-05-23,38,Returned,0,342000
R_004114,EQ_00512,SITE_020,OP_0173,2026-07-11,2026-08-21,2026-08-21,41,Returned,1,369000
R_004115,EQ_00186,SITE_026,OP_0239,2025-08-13,2025-09-18,2025-09-18,36,Returned,0,504000
R_004116,EQ_00181,SITE_018,OP_0255,2024-10-22,2024-11-27,2024-11-24,36,Returned,0,324000
R_004117,EQ_00556,SITE_024,OP_0183,2025-07-28,2025-08-02,2025-08-02,5,Returned,0,150000
R_004118,EQ_00791,SITE_025,OP_0237,2026-05-09,2026-06-07,2026-06-07,29,Returned,0,261000
R_004119,EQ_00641,SITE_007,OP_0094,2024-03-24,2024-04-25,2024-04-25,32,Returned,0,288000
R_004120,EQ_00587,SITE_010,OP_0171,2024-06-25,2024-08-01,2024-08-02,37,Overdue Returned,0,333000
R_004121,EQ_00669,SITE_013,OP_0072,2026-07-02,2026-07-05,,3,Active,0,27000
R_004122,EQ_00325,SITE_028,OP_0083,2024-05-14,2024-06-13,2024-06-13,30,Returned,0,480000
R_004123,EQ_00799,SITE_012,OP_0235,2024-05-31,2024-07-15,2024-07-15,45,Returned,0,1350000
R_004124,EQ_00790,SITE_024,OP_0268,2026-03-12,2026-04-09,2026-04-09,28,Returned,1,448000
R_004125,EQ_00596,SITE_002,OP_0217,2024-07-12,2024-08-01,2024-08-01,20,Returned,0,360000
R_004126,EQ_00615,SITE_023,OP_0006,2024-08-10,2024-09-16,2024-09-16,37,Returned,0,666000
R_004127,EQ_00075,SITE_009,OP_0167,2026-01-01,2026-01-25,2026-01-26,24,Overdue Returned,1,432000
R_004128,EQ_00786,SITE_014,OP_0212,2024-12-17,2024-12-31,2024-12-31,14,Returned,1,308000
R_004129,EQ_00656,SITE_009,OP_0011,2024-02-15,2024-03-25,2024-03-25,39,Returned,0,273000
R_004130,EQ_00700,SITE_016,OP_0212,2024-01-23,2024-02-17,2024-02-14,25,Returned,0,400000
R_004131,EQ_00685,SITE_010,OP_0166,2025-08-19,2025-09-12,2025-09-17,24,Overdue Returned,0,432000
R_004132,EQ_00756,SITE_022,OP_0265,2025-03-16,2025-04-08,2025-04-07,23,Returned,0,161000
R_004133,EQ_00509,SITE_019,OP_0295,2024-02-19,2024-03-02,2024-03-07,12,Overdue Returned,1,264000
R_004134,EQ_00344,SITE_003,OP_0128,2024-09-02,2024-09-26,2024-09-25,24,Returned,0,720000
R_004135,EQ_00457,SITE_011,OP_0322,2026-01-10,2026-01-22,2026-01-23,12,Overdue Returned,0,84000
R_004136,EQ_00497,SITE_009,OP_0002,2024-07-02,2024-08-09,2024-08-11,38,Overdue Returned,1,342000
R_004137,EQ_00699,SITE_029,OP_0240,2026-02-17,2026-03-25,2026-03-26,36,Overdue Returned,0,792000
R_004138,EQ_00016,SITE_030,OP_0191,2024-04-01,2024-04-19,2024-04-17,18,Returned,1,324000
R_004139,EQ_00138,SITE_015,OP_0050,2024-01-27,2024-02-11,2024-02-11,15,Returned,0,270000
R_004140,EQ_00516,SITE_022,OP_0007,2024-05-08,2024-06-19,2024-06-19,42,Returned,0,756000
R_004141,EQ_00599,SITE_024,OP_0088,2025-08-18,2025-09-23,2025-09-23,36,Returned,1,792000
R_004142,EQ_00331,SITE_029,OP_0197,2025-06-20,2025-07-01,,11,Active,0,198000
R_004143,EQ_00510,SITE_008,OP_0022,2025-08-30,2025-09-09,2025-09-11,10,Overdue Returned,0,90000
R_004144,EQ_00073,SITE_004,OP_0269,2024-11-14,2024-12-17,2024-12-17,33,Returned,0,594000
R_004145,EQ_00442,SITE_001,OP_0003,2025-07-24,2025-08-13,2025-08-12,20,Returned,0,320000
R_004146,EQ_00462,SITE_024,OP_0005,2026-06-01,2026-06-14,2026-06-14,13,Returned,0,182000
R_004147,EQ_00132,SITE_015,OP_0076,2025-02-19,2025-03-10,2025-03-11,19,Overdue Returned,1,133000
R_004148,EQ_00160,SITE_008,OP_0102,2026-06-22,2026-07-08,2026-07-08,16,Returned,1,112000
R_004149,EQ_00511,SITE_011,OP_0135,2025-03-05,2025-03-14,,9,Overdue,0,63000
R_004150,EQ_00310,SITE_001,OP_0142,2024-09-11,2024-10-03,,22,Active,0,198000
R_004151,EQ_00410,SITE_030,OP_0348,2025-12-25,2026-01-04,2026-01-03,10,Returned,0,300000
R_004152,EQ_00212,SITE_026,OP_0283,2025-05-17,2025-06-02,2025-06-02,16,Returned,1,256000
R_004153,EQ_00455,SITE_025,OP_0265,2025-12-14,2025-12-29,2025-12-29,15,Returned,0,105000
R_004154,EQ_00051,SITE_028,OP_0282,2025-10-03,2025-11-05,2025-11-06,33,Overdue Returned,1,528000
R_004155,EQ_00793,SITE_014,OP_0253,2024-02-22,2024-03-13,2024-03-14,20,Overdue Returned,1,140000
R_004156,EQ_00697,SITE_030,OP_0138,2026-02-08,2026-03-08,2026-03-08,28,Returned,0,196000
R_004157,EQ_00494,SITE_005,OP_0167,2025-12-05,2026-01-13,2026-01-13,39,Returned,0,273000
R_004158,EQ_00225,SITE_021,OP_0152,2024-09-10,2024-10-07,2024-10-07,27,Returned,0,243000
R_004159,EQ_00682,SITE_013,OP_0179,2025-04-02,2025-04-29,2025-05-01,27,Overdue Returned,0,810000
R_004160,EQ_00113,SITE_014,OP_0162,2025-06-20,2025-08-02,2025-08-02,43,Returned,0,301000
R_004161,EQ_00009,SITE_022,OP_0310,2025-10-09,2025-10-19,2025-10-19,10,Returned,0,180000
R_004162,EQ_00531,SITE_017,OP_0175,2026-01-07,2026-02-01,2026-02-01,25,Returned,0,350000
R_004163,EQ_00332,SITE_028,OP_0144,2024-10-26,2024-11-01,2024-11-01,6,Returned,1,42000
R_004164,EQ_00316,SITE_022,OP_0260,2024-02-20,2024-04-02,2024-04-02,42,Returned,0,672000
R_004165,EQ_00403,SITE_003,OP_0173,2024-09-09,2024-09-19,,10,Active,0,180000
R_004166,EQ_00495,SITE_014,OP_0136,2025-09-16,2025-10-17,2025-10-17,31,Returned,0,496000
R_004167,EQ_00112,SITE_014,OP_0241,2024-09-10,2024-10-20,2024-10-20,40,Returned,0,560000
R_004168,EQ_00387,SITE_008,OP_0061,2024-03-28,2024-04-21,,24,Active,0,720000
R_004169,EQ_00403,SITE_008,OP_0146,2026-06-08,2026-07-07,2026-07-06,29,Returned,0,522000
R_004170,EQ_00196,SITE_012,OP_0299,2024-08-28,2024-09-07,2024-09-12,10,Overdue Returned,0,300000
R_004171,EQ_00778,SITE_018,OP_0027,2024-09-07,2024-09-17,2024-09-17,10,Returned,0,160000
R_004172,EQ_00001,SITE_022,OP_0185,2026-06-22,2026-07-15,,23,Overdue,0,506000
R_004173,EQ_00627,SITE_028,OP_0225,2025-05-01,2025-05-20,2025-05-20,19,Returned,0,570000
R_004174,EQ_00358,SITE_028,OP_0074,2025-03-24,2025-05-01,2025-05-01,38,Returned,1,836000
R_004175,EQ_00717,SITE_014,OP_0104,2024-08-02,2024-08-16,2024-08-18,14,Overdue Returned,0,126000
R_004176,EQ_00451,SITE_021,OP_0185,2025-10-23,2025-11-12,2025-11-14,20,Overdue Returned,1,600000
R_004177,EQ_00343,SITE_025,OP_0035,2025-04-15,2025-05-06,2025-05-07,21,Overdue Returned,0,147000
R_004178,EQ_00286,SITE_007,OP_0343,2025-04-18,2025-05-10,2025-05-10,22,Returned,1,154000
R_004179,EQ_00694,SITE_003,OP_0339,2024-08-28,2024-09-20,2024-09-20,23,Returned,0,506000
R_004180,EQ_00012,SITE_002,OP_0238,2024-06-03,2024-07-02,2024-07-02,29,Returned,1,203000
R_004181,EQ_00122,SITE_006,OP_0301,2024-01-06,2024-01-18,2024-01-18,12,Returned,0,108000
R_004182,EQ_00777,SITE_022,OP_0224,2024-12-14,2025-01-01,2025-01-01,18,Returned,0,288000
R_004183,EQ_00540,SITE_019,OP_0260,2025-05-07,2025-06-18,2025-06-18,42,Returned,1,1260000
R_004184,EQ_00710,SITE_021,OP_0084,2024-04-19,2024-04-23,,4,Active,0,64000
R_004185,EQ_00042,SITE_007,OP_0239,2025-01-17,2025-01-21,2025-01-21,4,Returned,0,28000
R_004186,EQ_00181,SITE_028,OP_0322,2024-12-15,2024-12-26,2024-12-31,11,Overdue Returned,0,99000
R_004187,EQ_00216,SITE_027,OP_0057,2024-10-05,2024-10-24,,19,Active,1,418000
R_004188,EQ_00387,SITE_022,OP_0224,2025-09-03,2025-10-04,,31,Active,0,930000
R_004189,EQ_00148,SITE_006,OP_0333,2025-03-25,2025-04-27,2025-04-27,33,Returned,1,594000
R_004190,EQ_00584,SITE_006,OP_0234,2024-05-05,2024-05-27,,22,Active,0,154000
R_004191,EQ_00235,SITE_022,OP_0222,2025-06-11,2025-06-17,2025-06-14,6,Returned,1,84000
R_004192,EQ_00063,SITE_006,OP_0277,2026-07-19,2026-08-22,2026-08-22,34,Returned,1,476000
R_004193,EQ_00398,SITE_029,OP_0087,2024-09-27,2024-10-29,2024-10-26,32,Returned,0,288000
R_004194,EQ_00724,SITE_012,OP_0186,2025-04-09,2025-04-22,,13,Active,0,182000
R_004195,EQ_00436,SITE_021,OP_0006,2025-10-01,2025-11-05,2025-11-05,35,Returned,0,560000
R_004196,EQ_00544,SITE_014,OP_0292,2025-10-22,2025-11-17,2025-11-17,26,Returned,0,468000
R_004197,EQ_00105,SITE_014,OP_0333,2024-11-11,2024-12-13,2024-12-12,32,Returned,0,512000
R_004198,EQ_00333,SITE_021,OP_0291,2024-06-24,2024-07-29,2024-08-03,35,Overdue Returned,0,315000
R_004199,EQ_00158,SITE_029,OP_0227,2026-03-24,2026-04-08,2026-04-08,15,Returned,0,210000
R_004200,EQ_00024,SITE_010,OP_0252,2025-04-20,2025-05-20,2025-05-21,30,Overdue Returned,0,660000
R_004201,EQ_00176,SITE_029,OP_0284,2025-06-07,2025-06-17,,10,Active,0,70000
R_004202,EQ_00724,SITE_009,OP_0285,2025-03-17,2025-03-25,2025-04-04,8,Overdue Returned,1,112000
R_004203,EQ_00348,SITE_013,OP_0015,2025-03-13,2025-04-26,2025-04-26,44,Returned,0,308000
R_004204,EQ_00761,SITE_007,OP_0028,2025-11-04,2025-11-29,2025-11-27,25,Returned,0,350000
R_004205,EQ_00578,SITE_025,OP_0089,2024-11-08,2024-11-29,2024-11-29,21,Returned,1,462000
R_004206,EQ_00464,SITE_019,OP_0222,2025-09-24,2025-10-16,2025-10-16,22,Returned,0,660000
R_004207,EQ_00351,SITE_004,OP_0077,2024-04-19,2024-05-09,2024-05-09,20,Returned,0,280000
R_004208,EQ_00397,SITE_027,OP_0058,2025-04-02,2025-05-09,2025-05-09,37,Returned,1,1110000
R_004209,EQ_00709,SITE_018,OP_0132,2025-01-11,2025-02-09,2025-02-09,29,Returned,0,203000
R_004210,EQ_00239,SITE_008,OP_0126,2024-11-03,2024-11-11,,8,Active,1,112000
R_004211,EQ_00327,SITE_002,OP_0294,2026-05-10,2026-05-23,2026-05-23,13,Returned,1,91000
R_004212,EQ_00137,SITE_027,OP_0327,2024-08-16,2024-08-28,,12,Active,0,108000
R_004213,EQ_00492,SITE_016,OP_0085,2024-12-13,2025-01-06,2025-01-06,24,Returned,1,528000
R_004214,EQ_00075,SITE_026,OP_0188,2025-12-01,2025-12-06,2025-12-06,5,Returned,0,90000
R_004215,EQ_00431,SITE_016,OP_0219,2025-04-16,2025-05-20,2025-05-18,34,Returned,1,476000
R_004216,EQ_00270,SITE_028,OP_0241,2024-08-25,2024-08-29,2024-08-26,4,Returned,0,28000
R_004217,EQ_00555,SITE_007,OP_0150,2025-06-25,2025-07-13,2025-07-13,18,Returned,1,396000
R_004218,EQ_00545,SITE_010,OP_0202,2025-12-27,2026-01-24,,28,Overdue,0,840000
R_004219,EQ_00040,SITE_025,OP_0164,2026-03-12,2026-04-17,2026-04-17,36,Returned,0,324000
R_004220,EQ_00704,SITE_025,OP_0255,2024-02-03,2024-02-14,2024-02-16,11,Overdue Returned,0,242000
R_004221,EQ_00072,SITE_016,OP_0110,2024-02-19,2024-03-09,2024-03-09,19,Returned,1,304000
R_004222,EQ_00325,SITE_018,OP_0191,2025-06-20,2025-07-14,2025-07-11,24,Returned,0,384000
R_004223,EQ_00580,SITE_014,OP_0103,2024-01-28,2024-02-13,2024-02-12,16,Returned,0,256000
R_004224,EQ_00324,SITE_009,OP_0321,2024-05-01,2024-05-31,2024-05-31,30,Returned,1,540000
R_004225,EQ_00529,SITE_003,OP_0338,2024-01-21,2024-02-06,2024-02-07,16,Overdue Returned,0,352000
R_004226,EQ_00733,SITE_028,OP_0218,2024-07-26,2024-09-05,,41,Active,0,287000
R_004227,EQ_00034,SITE_006,OP_0255,2025-01-11,2025-01-17,2025-01-17,6,Returned,0,132000
R_004228,EQ_00273,SITE_016,OP_0280,2025-10-02,2025-10-05,,3,Active,1,66000
R_004229,EQ_00516,SITE_001,OP_0249,2026-03-15,2026-04-09,2026-04-11,25,Overdue Returned,1,450000
R_004230,EQ_00358,SITE_017,OP_0013,2024-09-28,2024-10-12,2024-10-11,14,Returned,0,308000
R_004231,EQ_00031,SITE_029,OP_0212,2026-02-04,2026-02-17,2026-02-19,13,Overdue Returned,1,117000
R_004232,EQ_00292,SITE_022,OP_0078,2024-04-03,2024-04-06,,3,Active,0,66000
R_004233,EQ_00707,SITE_005,OP_0344,2025-04-10,2025-05-01,2025-05-01,21,Returned,0,462000
R_004234,EQ_00129,SITE_005,OP_0097,2025-08-04,2025-09-09,2025-09-09,36,Returned,0,1080000
R_004235,EQ_00663,SITE_020,OP_0279,2025-03-04,2025-04-01,2025-04-01,28,Returned,0,392000
R_004236,EQ_00235,SITE_030,OP_0225,2024-11-30,2024-12-15,,15,Overdue,0,210000
R_004237,EQ_00559,SITE_004,OP_0321,2024-06-03,2024-06-12,2024-06-17,9,Overdue Returned,0,162000
R_004238,EQ_00436,SITE_002,OP_0224,2025-07-25,2025-07-30,2025-07-30,5,Returned,0,80000
R_004239,EQ_00348,SITE_015,OP_0250,2024-08-22,2024-09-23,2024-09-25,32,Overdue Returned,0,224000
R_004240,EQ_00666,SITE_010,OP_0070,2025-06-05,2025-06-24,,19,Active,1,570000
R_004241,EQ_00641,SITE_012,OP_0336,2026-07-25,2026-08-17,,23,Active,0,207000
R_004242,EQ_00617,SITE_009,OP_0206,2025-08-07,2025-08-29,2025-08-28,22,Returned,0,352000
R_004243,EQ_00529,SITE_026,OP_0113,2025-01-06,2025-01-12,,6,Overdue,0,132000
R_004244,EQ_00466,SITE_007,OP_0070,2025-04-06,2025-05-05,2025-05-05,29,Returned,1,638000
R_004245,EQ_00288,SITE_002,OP_0092,2025-08-21,2025-10-05,,45,Active,0,405000
R_004246,EQ_00624,SITE_026,OP_0140,2025-12-02,2025-12-12,,10,Overdue,1,180000
R_004247,EQ_00374,SITE_029,OP_0146,2025-04-15,2025-05-04,2025-05-04,19,Returned,0,570000
R_004248,EQ_00168,SITE_024,OP_0122,2024-08-13,2024-08-19,2024-08-19,6,Returned,0,180000
R_004249,EQ_00003,SITE_028,OP_0260,2025-11-17,2025-12-13,2025-12-13,26,Returned,0,468000
R_004250,EQ_00609,SITE_018,OP_0143,2025-09-30,2025-10-05,2025-10-04,5,Returned,0,70000
R_004251,EQ_00723,SITE_026,OP_0330,2026-03-09,2026-04-09,2026-04-09,31,Returned,0,434000
R_004252,EQ_00230,SITE_030,OP_0054,2024-09-26,2024-10-26,2024-10-27,30,Overdue Returned,1,540000
R_004253,EQ_00241,SITE_005,OP_0200,2025-05-01,2025-05-28,2025-05-26,27,Returned,0,189000
R_004254,EQ_00020,SITE_028,OP_0021,2025-08-03,2025-08-20,2025-08-20,17,Returned,0,306000
R_004255,EQ_00697,SITE_010,OP_0154,2024-05-13,2024-06-05,,23,Active,0,161000
R_004256,EQ_00758,SITE_002,OP_0127,2026-06-12,2026-06-22,,10,Active,0,300000
R_004257,EQ_00625,SITE_003,OP_0060,2025-11-21,2025-11-24,2025-11-24,3,Returned,0,42000
R_004258,EQ_00570,SITE_029,OP_0146,2025-12-11,2025-12-25,2025-12-26,14,Overdue Returned,0,308000
R_004259,EQ_00741,SITE_023,OP_0234,2025-10-19,2025-11-08,2025-11-08,20,Returned,1,180000
R_004260,EQ_00550,SITE_004,OP_0253,2024-01-22,2024-01-30,2024-01-29,8,Returned,0,112000
R_004261,EQ_00366,SITE_022,OP_0207,2025-07-15,2025-08-01,2025-08-02,17,Overdue Returned,1,238000
R_004262,EQ_00361,SITE_008,OP_0043,2025-03-16,2025-04-04,2025-04-04,19,Returned,0,266000
R_004263,EQ_00568,SITE_014,OP_0179,2024-08-01,2024-09-04,2024-09-06,34,Overdue Returned,1,238000
R_004264,EQ_00758,SITE_018,OP_0273,2024-10-12,2024-11-21,2024-11-21,40,Returned,1,1200000
R_004265,EQ_00527,SITE_008,OP_0035,2024-09-17,2024-10-12,2024-10-12,25,Returned,0,450000
R_004266,EQ_00216,SITE_005,OP_0222,2024-07-21,2024-08-05,2024-08-05,15,Returned,0,330000
R_004267,EQ_00311,SITE_021,OP_0249,2024-01-01,2024-02-05,2024-02-05,35,Returned,1,245000
R_004268,EQ_00598,SITE_011,OP_0267,2025-08-23,2025-09-16,2025-09-18,24,Overdue Returned,0,432000
R_004269,EQ_00152,SITE_001,OP_0132,2024-11-28,2024-12-16,,18,Active,0,324000
R_004270,EQ_00742,SITE_004,OP_0081,2024-05-20,2024-06-06,,17,Active,0,153000
R_004271,EQ_00392,SITE_009,OP_0104,2024-05-05,2024-06-05,2024-06-10,31,Overdue Returned,1,279000
R_004272,EQ_00625,SITE_027,OP_0143,2025-12-18,2026-01-05,2026-01-05,18,Returned,0,252000
R_004273,EQ_00693,SITE_010,OP_0161,2024-03-10,2024-04-15,2024-04-16,36,Overdue Returned,0,252000
R_004274,EQ_00250,SITE_029,OP_0083,2025-07-14,2025-08-05,2025-08-04,22,Returned,0,154000
R_004275,EQ_00473,SITE_016,OP_0311,2026-03-15,2026-03-20,2026-03-21,5,Overdue Returned,0,150000
R_004276,EQ_00468,SITE_005,OP_0332,2026-06-03,2026-07-11,2026-07-11,38,Returned,0,1140000
R_004277,EQ_00692,SITE_016,OP_0009,2024-10-15,2024-10-25,,10,Active,0,180000
R_004278,EQ_00349,SITE_008,OP_0312,2024-10-06,2024-11-20,2024-11-19,45,Returned,1,810000
R_004279,EQ_00724,SITE_029,OP_0103,2024-06-11,2024-07-02,2024-07-02,21,Returned,1,294000
R_004280,EQ_00618,SITE_023,OP_0092,2026-04-29,2026-05-14,,15,Active,1,450000
R_004281,EQ_00058,SITE_006,OP_0222,2025-10-19,2025-12-03,2025-12-04,45,Overdue Returned,1,315000
R_004282,EQ_00762,SITE_010,OP_0011,2024-04-01,2024-05-09,2024-05-11,38,Overdue Returned,0,836000
R_004283,EQ_00394,SITE_020,OP_0069,2026-06-13,2026-07-23,2026-07-23,40,Returned,0,640000
R_004284,EQ_00312,SITE_003,OP_0095,2026-01-11,2026-02-22,2026-02-24,42,Overdue Returned,0,378000
R_004285,EQ_00203,SITE_011,OP_0251,2026-03-10,2026-03-30,,20,Active,0,600000
R_004286,EQ_00252,SITE_030,OP_0217,2025-06-09,2025-06-16,2025-06-16,7,Returned,1,112000
R_004287,EQ_00275,SITE_027,OP_0167,2026-04-09,2026-05-11,,32,Active,0,576000
R_004288,EQ_00295,SITE_004,OP_0150,2025-07-02,2025-07-19,2025-07-17,17,Returned,0,306000
R_004289,EQ_00342,SITE_016,OP_0089,2025-05-28,2025-07-08,,41,Active,0,738000
R_004290,EQ_00356,SITE_022,OP_0298,2026-06-14,2026-07-21,2026-07-21,37,Returned,0,1110000
R_004291,EQ_00017,SITE_006,OP_0097,2026-03-30,2026-04-07,,8,Active,1,56000
R_004292,EQ_00596,SITE_004,OP_0195,2026-01-11,2026-01-31,2026-01-31,20,Returned,0,360000
R_004293,EQ_00228,SITE_006,OP_0066,2024-06-14,2024-06-18,2024-06-18,4,Returned,0,64000
R_004294,EQ_00035,SITE_018,OP_0026,2026-01-30,2026-02-17,2026-02-18,18,Overdue Returned,1,324000
R_004295,EQ_00322,SITE_011,OP_0119,2024-03-20,2024-04-06,2024-04-06,17,Returned,0,306000
R_004296,EQ_00608,SITE_003,OP_0165,2024-10-09,2024-11-22,2024-11-27,44,Overdue Returned,0,792000
R_004297,EQ_00145,SITE_008,OP_0191,2024-04-10,2024-05-05,2024-05-05,25,Returned,0,175000
R_004298,EQ_00126,SITE_007,OP_0204,2025-06-01,2025-07-15,2025-07-14,44,Returned,0,308000
R_004299,EQ_00204,SITE_022,OP_0038,2024-07-16,2024-08-29,,44,Active,0,616000
R_004300,EQ_00466,SITE_030,OP_0110,2024-12-25,2025-01-21,2025-01-21,27,Returned,0,594000
R_004301,EQ_00064,SITE_016,OP_0348,2024-08-29,2024-09-02,2024-09-02,4,Returned,0,120000
R_004302,EQ_00032,SITE_023,OP_0137,2025-08-08,2025-09-22,2025-09-21,45,Returned,0,315000
R_004303,EQ_00664,SITE_027,OP_0196,2024-05-03,2024-06-11,2024-06-11,39,Returned,1,858000
R_004304,EQ_00735,SITE_011,OP_0098,2024-09-18,2024-10-06,,18,Active,0,288000
R_004305,EQ_00383,SITE_024,OP_0197,2026-02-25,2026-03-30,2026-03-30,33,Returned,1,231000
R_004306,EQ_00565,SITE_010,OP_0254,2024-11-18,2024-11-21,,3,Active,0,66000
R_004307,EQ_00332,SITE_029,OP_0112,2024-03-08,2024-04-13,2024-04-12,36,Returned,1,252000
R_004308,EQ_00191,SITE_002,OP_0065,2024-05-22,2024-05-25,,3,Active,1,42000
R_004309,EQ_00706,SITE_019,OP_0338,2025-07-07,2025-07-30,2025-07-30,23,Returned,0,414000
R_004310,EQ_00409,SITE_026,OP_0335,2025-03-30,2025-05-05,,36,Active,0,324000
R_004311,EQ_00476,SITE_025,OP_0187,2026-07-04,2026-08-04,,31,Active,1,496000
R_004312,EQ_00363,SITE_001,OP_0038,2024-08-22,2024-09-15,2024-09-15,24,Returned,0,528000
R_004313,EQ_00048,SITE_017,OP_0105,2025-05-26,2025-05-31,2025-05-31,5,Returned,1,45000
R_004314,EQ_00697,SITE_030,OP_0246,2025-03-13,2025-04-12,,30,Active,0,210000
R_004315,EQ_00555,SITE_001,OP_0172,2026-06-15,2026-07-20,2026-07-20,35,Returned,1,770000
R_004316,EQ_00036,SITE_021,OP_0149,2026-06-20,2026-07-29,2026-07-28,39,Returned,0,858000
R_004317,EQ_00602,SITE_023,OP_0272,2024-01-20,2024-02-11,2024-02-11,22,Returned,0,308000
R_004318,EQ_00220,SITE_004,OP_0218,2025-08-03,2025-08-22,2025-08-22,19,Returned,0,133000
R_004319,EQ_00619,SITE_027,OP_0170,2024-01-17,2024-02-18,2024-02-18,32,Returned,0,960000
R_004320,EQ_00752,SITE_024,OP_0255,2025-08-16,2025-09-04,2025-09-06,19,Overdue Returned,0,342000
R_004321,EQ_00051,SITE_026,OP_0273,2025-05-04,2025-06-18,2025-06-19,45,Overdue Returned,0,720000
R_004322,EQ_00574,SITE_005,OP_0060,2026-05-27,2026-05-31,2026-05-31,4,Returned,1,120000
R_004323,EQ_00276,SITE_022,OP_0057,2024-04-06,2024-05-05,2024-05-05,29,Returned,0,406000
R_004324,EQ_00007,SITE_019,OP_0334,2024-01-05,2024-01-18,2024-01-15,13,Returned,0,390000
R_004325,EQ_00045,SITE_014,OP_0232,2024-04-05,2024-05-20,2024-05-22,45,Overdue Returned,1,990000
R_004326,EQ_00621,SITE_008,OP_0190,2025-06-19,2025-07-21,2025-07-19,32,Returned,1,576000
R_004327,EQ_00214,SITE_011,OP_0308,2025-05-09,2025-06-13,2025-06-13,35,Returned,1,245000
R_004328,EQ_00461,SITE_008,OP_0344,2024-01-23,2024-02-06,2024-02-06,14,Returned,0,196000
R_004329,EQ_00368,SITE_010,OP_0313,2025-02-04,2025-03-12,2025-03-12,36,Returned,1,576000
R_004330,EQ_00499,SITE_002,OP_0055,2026-01-20,2026-01-24,,4,Active,0,72000
R_004331,EQ_00159,SITE_010,OP_0294,2025-03-08,2025-04-21,2025-04-23,44,Overdue Returned,0,308000
R_004332,EQ_00574,SITE_004,OP_0113,2025-12-06,2026-01-20,2026-01-20,45,Returned,1,1350000
R_004333,EQ_00371,SITE_012,OP_0285,2026-03-05,2026-04-16,,42,Overdue,0,378000
R_004334,EQ_00370,SITE_016,OP_0206,2024-07-18,2024-07-31,2024-08-10,13,Overdue Returned,0,286000
R_004335,EQ_00066,SITE_028,OP_0061,2024-05-11,2024-06-18,2024-06-18,38,Returned,0,836000
R_004336,EQ_00164,SITE_016,OP_0102,2024-07-31,2024-09-08,2024-09-10,39,Overdue Returned,0,624000
R_004337,EQ_00381,SITE_030,OP_0283,2024-09-24,2024-10-30,2024-10-30,36,Returned,0,324000
R_004338,EQ_00365,SITE_002,OP_0257,2026-06-25,2026-07-22,2026-07-24,27,Overdue Returned,1,486000
R_004339,EQ_00492,SITE_010,OP_0218,2024-05-28,2024-06-20,2024-06-18,23,Returned,1,506000
R_004340,EQ_00786,SITE_013,OP_0084,2026-07-19,2026-08-04,2026-08-04,16,Returned,1,352000
R_004341,EQ_00782,SITE_011,OP_0184,2025-06-15,2025-06-19,2025-06-24,4,Overdue Returned,0,64000
R_004342,EQ_00005,SITE_008,OP_0272,2024-07-22,2024-08-25,2024-08-25,34,Returned,0,612000
R_004343,EQ_00025,SITE_026,OP_0003,2026-04-16,2026-04-27,2026-04-25,11,Returned,1,154000
R_004344,EQ_00569,SITE_028,OP_0042,2025-09-17,2025-09-20,2025-09-17,3,Returned,0,27000
R_004345,EQ_00176,SITE_014,OP_0252,2025-07-21,2025-08-04,2025-08-04,14,Returned,0,98000
R_004346,EQ_00477,SITE_007,OP_0182,2025-07-11,2025-08-25,2025-08-27,45,Overdue Returned,0,405000
R_004347,EQ_00246,SITE_012,OP_0130,2025-08-14,2025-09-16,2025-09-18,33,Overdue Returned,0,462000
R_004348,EQ_00386,SITE_019,OP_0155,2024-08-09,2024-09-13,,35,Overdue,0,315000
R_004349,EQ_00074,SITE_001,OP_0231,2024-01-01,2024-02-11,2024-02-16,41,Overdue Returned,0,369000
R_004350,EQ_00707,SITE_002,OP_0103,2025-10-24,2025-11-29,,36,Overdue,0,792000
R_004351,EQ_00214,SITE_021,OP_0073,2024-05-11,2024-06-13,2024-06-13,33,Returned,0,231000
R_004352,EQ_00545,SITE_016,OP_0074,2025-05-07,2025-06-17,2025-06-17,41,Returned,0,1230000
R_004353,EQ_00015,SITE_019,OP_0105,2026-07-12,2026-08-26,2026-08-24,45,Returned,0,990000
R_004354,EQ_00537,SITE_014,OP_0112,2026-07-01,2026-07-16,,15,Active,0,105000
R_004355,EQ_00066,SITE_003,OP_0183,2026-04-06,2026-04-25,2026-04-25,19,Returned,1,418000
R_004356,EQ_00015,SITE_022,OP_0025,2025-04-01,2025-04-11,,10,Overdue,0,220000
R_004357,EQ_00031,SITE_023,OP_0304,2025-09-29,2025-11-04,,36,Active,1,324000
R_004358,EQ_00039,SITE_013,OP_0035,2024-05-01,2024-05-16,2024-05-13,15,Returned,0,135000
R_004359,EQ_00504,SITE_008,OP_0133,2024-11-15,2024-12-08,2024-12-08,23,Returned,0,322000
R_004360,EQ_00372,SITE_024,OP_0070,2024-03-20,2024-04-17,2024-04-17,28,Returned,1,616000
R_004361,EQ_00449,SITE_019,OP_0040,2025-09-15,2025-10-02,2025-10-03,17,Overdue Returned,0,510000
R_004362,EQ_00025,SITE_024,OP_0073,2026-07-01,2026-07-26,2026-07-27,25,Overdue Returned,0,350000
R_004363,EQ_00215,SITE_014,OP_0024,2026-06-15,2026-07-01,2026-07-01,16,Returned,0,288000
R_004364,EQ_00522,SITE_013,OP_0209,2024-07-25,2024-08-02,2024-08-02,8,Returned,0,72000
R_004365,EQ_00549,SITE_021,OP_0331,2025-12-26,2026-01-16,2026-01-18,21,Overdue Returned,1,336000
R_004366,EQ_00743,SITE_027,OP_0297,2025-03-13,2025-04-22,2025-04-22,40,Returned,1,360000
R_004367,EQ_00598,SITE_027,OP_0310,2025-07-23,2025-07-27,2025-07-26,4,Returned,0,72000
R_004368,EQ_00593,SITE_015,OP_0097,2024-12-28,2025-01-21,2025-01-23,24,Overdue Returned,0,216000
R_004369,EQ_00227,SITE_001,OP_0281,2024-03-17,2024-04-22,2024-04-22,36,Returned,0,252000
R_004370,EQ_00261,SITE_013,OP_0252,2025-09-07,2025-10-22,2025-10-22,45,Returned,0,990000
R_004371,EQ_00787,SITE_024,OP_0260,2024-09-15,2024-10-08,2024-10-09,23,Overdue Returned,0,322000
R_004372,EQ_00563,SITE_029,OP_0012,2025-01-07,2025-02-21,,45,Active,0,810000
R_004373,EQ_00121,SITE_015,OP_0212,2025-01-16,2025-01-30,,14,Active,1,126000
R_004374,EQ_00204,SITE_005,OP_0093,2025-11-27,2025-11-30,2025-12-02,3,Overdue Returned,1,42000
R_004375,EQ_00473,SITE_019,OP_0169,2025-09-11,2025-09-30,2025-09-30,19,Returned,0,570000
R_004376,EQ_00054,SITE_023,OP_0166,2024-08-30,2024-09-27,,28,Active,0,196000
R_004377,EQ_00551,SITE_021,OP_0271,2025-02-14,2025-03-24,2025-03-24,38,Returned,1,684000
R_004378,EQ_00028,SITE_001,OP_0247,2025-05-13,2025-06-11,2025-06-11,29,Returned,0,406000
R_004379,EQ_00607,SITE_003,OP_0050,2025-10-29,2025-11-03,2025-11-03,5,Returned,0,80000
R_004380,EQ_00777,SITE_019,OP_0243,2025-11-01,2025-11-10,2025-11-10,9,Returned,0,144000
R_004381,EQ_00511,SITE_028,OP_0196,2024-01-15,2024-02-16,2024-02-16,32,Returned,0,224000
R_004382,EQ_00433,SITE_022,OP_0078,2025-07-11,2025-08-24,2025-08-26,44,Overdue Returned,0,792000
R_004383,EQ_00775,SITE_018,OP_0192,2025-01-28,2025-02-19,2025-02-18,22,Returned,0,198000
R_004384,EQ_00588,SITE_029,OP_0247,2025-07-11,2025-08-07,2025-08-07,27,Returned,0,243000
R_004385,EQ_00203,SITE_020,OP_0185,2024-12-13,2025-01-19,2025-01-19,37,Returned,1,1110000
R_004386,EQ_00255,SITE_030,OP_0105,2024-04-18,2024-04-26,,8,Active,0,144000
R_004387,EQ_00668,SITE_005,OP_0196,2026-03-17,2026-04-23,2026-04-23,37,Returned,1,1110000
R_004388,EQ_00562,SITE_016,OP_0217,2024-07-17,2024-08-29,2024-08-27,43,Returned,0,688000
R_004389,EQ_00325,SITE_006,OP_0326,2026-05-02,2026-06-09,2026-06-09,38,Returned,0,608000
R_004390,EQ_00226,SITE_005,OP_0337,2024-06-04,2024-06-19,2024-06-24,15,Overdue Returned,1,135000
R_004391,EQ_00311,SITE_007,OP_0008,2025-07-21,2025-09-04,2025-09-02,45,Returned,0,315000
R_004392,EQ_00051,SITE_027,OP_0116,2024-09-18,2024-09-29,,11,Active,0,176000
R_004393,EQ_00759,SITE_013,OP_0290,2025-10-19,2025-11-25,2025-11-23,37,Returned,0,814000
R_004394,EQ_00758,SITE_004,OP_0039,2026-06-21,2026-07-30,,39,Active,0,1170000
R_004395,EQ_00707,SITE_005,OP_0052,2025-05-15,2025-05-28,2025-05-26,13,Returned,0,286000
R_004396,EQ_00535,SITE_014,OP_0113,2024-02-02,2024-03-05,,32,Active,1,224000
R_004397,EQ_00346,SITE_028,OP_0202,2025-03-09,2025-04-20,,42,Active,1,924000
R_004398,EQ_00531,SITE_012,OP_0022,2025-11-24,2025-12-08,,14,Active,0,196000
R_004399,EQ_00628,SITE_010,OP_0286,2025-07-08,2025-08-04,2025-08-05,27,Overdue Returned,0,378000
R_004400,EQ_00215,SITE_004,OP_0141,2025-10-05,2025-10-19,2025-10-21,14,Overdue Returned,0,252000
R_004401,EQ_00646,SITE_006,OP_0097,2024-06-24,2024-08-05,2024-08-03,42,Returned,0,756000
R_004402,EQ_00284,SITE_017,OP_0004,2024-05-28,2024-06-06,2024-06-06,9,Returned,0,162000
R_004403,EQ_00213,SITE_012,OP_0343,2025-11-01,2025-11-05,2025-11-15,4,Overdue Returned,0,88000
R_004404,EQ_00026,SITE_006,OP_0209,2025-04-03,2025-05-04,2025-05-09,31,Overdue Returned,0,496000
R_004405,EQ_00214,SITE_005,OP_0034,2024-03-05,2024-03-23,2024-03-23,18,Returned,0,126000
R_004406,EQ_00653,SITE_017,OP_0001,2024-07-11,2024-07-28,2024-07-28,17,Returned,0,374000
R_004407,EQ_00323,SITE_017,OP_0135,2024-05-29,2024-06-25,2024-06-22,27,Returned,0,243000
R_004408,EQ_00236,SITE_011,OP_0209,2026-03-08,2026-04-02,2026-04-02,25,Returned,0,350000
R_004409,EQ_00535,SITE_024,OP_0249,2024-12-28,2025-01-12,,15,Active,1,105000
R_004410,EQ_00064,SITE_007,OP_0280,2024-07-24,2024-07-27,2024-07-27,3,Returned,0,90000
R_004411,EQ_00194,SITE_001,OP_0038,2025-11-28,2025-12-29,2025-12-30,31,Overdue Returned,0,930000
R_004412,EQ_00209,SITE_010,OP_0207,2025-07-17,2025-08-08,2025-08-06,22,Returned,0,484000
R_004413,EQ_00358,SITE_028,OP_0076,2025-07-16,2025-07-26,2025-07-26,10,Returned,0,220000
R_004414,EQ_00506,SITE_029,OP_0017,2024-03-20,2024-03-30,2024-03-30,10,Returned,0,140000
R_004415,EQ_00286,SITE_002,OP_0251,2025-06-02,2025-06-06,2025-06-07,4,Overdue Returned,0,28000
R_004416,EQ_00372,SITE_002,OP_0210,2026-01-23,2026-01-26,2026-01-26,3,Returned,0,66000
R_004417,EQ_00545,SITE_016,OP_0265,2026-04-25,2026-05-13,2026-05-13,18,Returned,0,540000
R_004418,EQ_00088,SITE_028,OP_0013,2025-07-05,2025-07-26,2025-07-23,21,Returned,0,462000
R_004419,EQ_00653,SITE_015,OP_0181,2024-10-22,2024-11-10,2024-11-10,19,Returned,1,418000
R_004420,EQ_00348,SITE_022,OP_0165,2025-06-06,2025-06-29,2025-07-09,23,Overdue Returned,0,161000
R_004421,EQ_00398,SITE_001,OP_0205,2025-01-11,2025-01-18,2025-01-28,7,Overdue Returned,0,63000
R_004422,EQ_00686,SITE_021,OP_0250,2025-12-14,2026-01-17,2026-01-17,34,Returned,1,612000
R_004423,EQ_00713,SITE_018,OP_0181,2025-05-11,2025-06-12,,32,Active,0,960000
R_004424,EQ_00611,SITE_019,OP_0150,2024-12-23,2025-02-01,,40,Overdue,1,1200000
R_004425,EQ_00597,SITE_019,OP_0067,2026-08-01,2026-08-31,2026-08-30,30,Returned,1,660000
R_004426,EQ_00287,SITE_027,OP_0153,2025-08-17,2025-09-23,2025-09-23,37,Returned,0,592000
R_004427,EQ_00758,SITE_011,OP_0036,2025-11-10,2025-12-09,2025-12-09,29,Returned,0,870000
R_004428,EQ_00123,SITE_010,OP_0165,2026-02-16,2026-03-09,2026-03-09,21,Returned,1,336000
R_004429,EQ_00113,SITE_030,OP_0106,2026-05-05,2026-06-04,2026-06-02,30,Returned,0,210000
R_004430,EQ_00236,SITE_020,OP_0070,2024-05-02,2024-05-14,,12,Overdue,0,168000
R_004431,EQ_00575,SITE_007,OP_0266,2025-12-21,2026-01-03,2026-01-05,13,Overdue Returned,0,91000
R_004432,EQ_00669,SITE_008,OP_0347,2024-10-15,2024-11-28,2024-11-28,44,Returned,1,396000
R_004433,EQ_00352,SITE_007,OP_0236,2026-08-01,2026-08-29,2026-08-29,28,Returned,0,392000
R_004434,EQ_00221,SITE_016,OP_0174,2026-04-21,2026-04-28,,7,Active,0,126000
R_004435,EQ_00236,SITE_013,OP_0333,2024-12-10,2024-12-21,2024-12-23,11,Overdue Returned,0,154000
R_004436,EQ_00464,SITE_022,OP_0295,2025-01-22,2025-02-13,,22,Active,0,660000
R_004437,EQ_00208,SITE_020,OP_0338,2025-10-02,2025-10-06,2025-10-06,4,Returned,1,56000
R_004438,EQ_00320,SITE_017,OP_0108,2026-03-25,2026-04-29,2026-04-29,35,Returned,0,770000
R_004439,EQ_00633,SITE_026,OP_0273,2024-01-23,2024-03-08,2024-03-07,45,Returned,0,720000
R_004440,EQ_00193,SITE_007,OP_0072,2025-02-21,2025-03-28,2025-03-28,35,Returned,0,560000
R_004441,EQ_00643,SITE_002,OP_0118,2024-04-20,2024-05-13,,23,Active,0,414000
R_004442,EQ_00313,SITE_023,OP_0110,2026-06-07,2026-06-27,2026-06-27,20,Returned,0,440000
R_004443,EQ_00666,SITE_009,OP_0248,2024-07-06,2024-07-19,2024-07-20,13,Overdue Returned,0,390000
R_004444,EQ_00397,SITE_017,OP_0208,2025-12-10,2026-01-11,2026-01-11,32,Returned,1,960000
R_004445,EQ_00163,SITE_020,OP_0147,2024-08-12,2024-09-04,2024-09-04,23,Returned,0,368000
R_004446,EQ_00748,SITE_005,OP_0197,2024-02-01,2024-03-11,2024-03-13,39,Overdue Returned,0,351000
R_004447,EQ_00772,SITE_005,OP_0095,2024-05-17,2024-06-04,2024-06-04,18,Returned,1,126000
R_004448,EQ_00690,SITE_018,OP_0163,2025-02-04,2025-03-19,,43,Active,1,301000
R_004449,EQ_00624,SITE_025,OP_0077,2024-08-02,2024-08-11,2024-08-11,9,Returned,0,162000
R_004450,EQ_00493,SITE_001,OP_0230,2025-03-26,2025-05-03,2025-05-05,38,Overdue Returned,0,266000
R_004451,EQ_00275,SITE_005,OP_0178,2024-12-03,2025-01-02,2025-01-02,30,Returned,1,540000
R_004452,EQ_00627,SITE_006,OP_0271,2024-11-11,2024-12-07,2024-12-07,26,Returned,1,780000
R_004453,EQ_00350,SITE_010,OP_0321,2024-10-14,2024-11-12,,29,Active,1,406000
R_004454,EQ_00110,SITE_030,OP_0281,2025-01-17,2025-03-02,2025-03-07,44,Overdue Returned,0,792000
R_004455,EQ_00659,SITE_006,OP_0077,2025-09-07,2025-09-12,,5,Active,0,45000
R_004456,EQ_00793,SITE_027,OP_0091,2024-04-25,2024-05-09,,14,Active,0,98000
R_004457,EQ_00481,SITE_016,OP_0182,2024-11-28,2024-12-06,2024-12-06,8,Returned,1,112000
R_004458,EQ_00290,SITE_014,OP_0210,2025-09-01,2025-09-22,2025-09-22,21,Returned,0,147000
R_004459,EQ_00357,SITE_011,OP_0232,2025-12-17,2025-12-31,2025-12-31,14,Returned,0,196000
R_004460,EQ_00403,SITE_006,OP_0011,2024-02-19,2024-03-27,,37,Active,0,666000
R_004461,EQ_00355,SITE_011,OP_0138,2024-12-06,2024-12-23,2024-12-28,17,Overdue Returned,0,272000
R_004462,EQ_00548,SITE_030,OP_0022,2025-06-30,2025-08-13,2025-08-13,44,Returned,0,308000
R_004463,EQ_00748,SITE_008,OP_0117,2024-09-03,2024-09-22,2024-09-21,19,Returned,0,171000
R_004464,EQ_00796,SITE_002,OP_0344,2024-09-12,2024-09-25,2024-09-22,13,Returned,0,91000
R_004465,EQ_00428,SITE_014,OP_0096,2026-05-22,2026-06-07,2026-06-07,16,Returned,0,288000
R_004466,EQ_00014,SITE_008,OP_0077,2025-02-04,2025-03-09,2025-03-09,33,Returned,0,990000
R_004467,EQ_00612,SITE_007,OP_0204,2024-01-06,2024-02-17,2024-02-17,42,Returned,0,756000
R_004468,EQ_00590,SITE_030,OP_0075,2026-02-09,2026-03-16,2026-03-16,35,Returned,1,490000
R_004469,EQ_00496,SITE_021,OP_0222,2024-07-31,2024-09-07,2024-09-07,38,Returned,0,342000
R_004470,EQ_00387,SITE_027,OP_0316,2025-07-09,2025-08-04,2025-08-04,26,Returned,0,780000
R_004471,EQ_00350,SITE_019,OP_0078,2024-11-12,2024-11-16,2024-11-15,4,Returned,0,56000
R_004472,EQ_00615,SITE_024,OP_0081,2024-09-13,2024-10-23,2024-10-23,40,Returned,1,720000
R_004473,EQ_00154,SITE_010,OP_0337,2026-05-22,2026-06-25,2026-06-25,34,Returned,0,748000
R_004474,EQ_00712,SITE_005,OP_0320,2025-04-13,2025-04-29,2025-04-29,16,Returned,0,352000
R_004475,EQ_00799,SITE_013,OP_0076,2025-12-24,2026-01-08,2026-01-08,15,Returned,0,450000
R_004476,EQ_00430,SITE_029,OP_0235,2025-10-22,2025-10-27,2025-10-24,5,Returned,0,70000
R_004477,EQ_00613,SITE_025,OP_0098,2024-04-21,2024-04-30,,9,Active,0,162000
R_004478,EQ_00062,SITE_029,OP_0240,2026-02-25,2026-03-16,,19,Active,0,133000
R_004479,EQ_00123,SITE_003,OP_0193,2024-08-04,2024-09-17,,44,Active,0,704000
R_004480,EQ_00746,SITE_020,OP_0073,2024-03-15,2024-03-24,2024-03-24,9,Returned,0,63000
R_004481,EQ_00706,SITE_027,OP_0282,2024-01-19,2024-02-01,2024-02-02,13,Overdue Returned,0,234000
R_004482,EQ_00705,SITE_027,OP_0150,2024-05-24,2024-05-30,,6,Active,1,54000
R_004483,EQ_00782,SITE_027,OP_0346,2025-12-15,2026-01-11,,27,Active,0,432000
R_004484,EQ_00786,SITE_018,OP_0144,2024-11-29,2024-12-31,2024-12-31,32,Returned,1,704000
R_004485,EQ_00262,SITE_008,OP_0078,2025-09-21,2025-10-11,2025-10-16,20,Overdue Returned,1,140000
R_004486,EQ_00274,SITE_010,OP_0296,2025-07-25,2025-08-10,2025-08-10,16,Returned,0,352000
R_004487,EQ_00681,SITE_007,OP_0319,2025-07-29,2025-08-10,2025-08-10,12,Returned,0,108000
R_004488,EQ_00624,SITE_023,OP_0022,2024-10-01,2024-10-17,2024-10-16,16,Returned,0,288000
R_004489,EQ_00710,SITE_029,OP_0305,2025-11-17,2025-12-09,2025-12-09,22,Returned,0,352000
R_004490,EQ_00164,SITE_007,OP_0134,2026-01-28,2026-02-24,2026-02-24,27,Returned,0,432000
R_004491,EQ_00319,SITE_005,OP_0332,2024-06-14,2024-06-22,,8,Active,0,72000
R_004492,EQ_00525,SITE_026,OP_0345,2026-02-08,2026-03-07,2026-03-09,27,Overdue Returned,0,594000
R_004493,EQ_00308,SITE_003,OP_0240,2024-04-07,2024-04-10,2024-04-12,3,Overdue Returned,0,27000
R_004494,EQ_00759,SITE_029,OP_0047,2024-11-03,2024-12-09,2024-12-09,36,Returned,0,792000
R_004495,EQ_00139,SITE_027,OP_0157,2025-01-25,2025-02-25,,31,Overdue,0,558000
R_004496,EQ_00537,SITE_027,OP_0004,2025-12-17,2025-12-26,,9,Active,0,63000
R_004497,EQ_00623,SITE_015,OP_0028,2024-03-02,2024-03-27,,25,Active,0,175000
R_004498,EQ_00021,SITE_004,OP_0276,2025-04-29,2025-05-11,2025-05-11,12,Returned,0,168000
R_004499,EQ_00224,SITE_027,OP_0247,2024-10-01,2024-10-10,2024-10-08,9,Returned,1,198000
R_004500,EQ_00264,SITE_021,OP_0133,2024-11-14,2024-12-10,2024-12-10,26,Returned,0,364000
R_004501,EQ_00438,SITE_002,OP_0249,2025-11-14,2025-12-11,,27,Active,1,378000
R_004502,EQ_00642,SITE_002,OP_0197,2024-05-18,2024-06-03,2024-06-01,16,Returned,1,288000
R_004503,EQ_00778,SITE_022,OP_0151,2024-01-24,2024-01-28,2024-01-28,4,Returned,0,64000
R_004504,EQ_00331,SITE_019,OP_0121,2024-11-05,2024-11-27,2024-11-29,22,Overdue Returned,0,396000
R_004505,EQ_00162,SITE_021,OP_0006,2024-08-29,2024-09-25,2024-09-25,27,Returned,1,486000
R_004506,EQ_00678,SITE_011,OP_0038,2025-10-23,2025-11-14,2025-11-14,22,Returned,0,396000
R_004507,EQ_00531,SITE_025,OP_0244,2025-06-23,2025-06-27,2025-06-27,4,Returned,0,56000
R_004508,EQ_00187,SITE_028,OP_0177,2024-05-07,2024-05-29,2024-05-29,22,Returned,0,660000
R_004509,EQ_00466,SITE_010,OP_0062,2026-03-22,2026-04-11,2026-04-11,20,Returned,0,440000
R_004510,EQ_00167,SITE_013,OP_0295,2024-12-06,2025-01-05,2025-01-10,30,Overdue Returned,1,540000
R_004511,EQ_00608,SITE_012,OP_0146,2025-01-20,2025-02-23,2025-02-23,34,Returned,0,612000
R_004512,EQ_00473,SITE_025,OP_0339,2024-02-27,2024-03-11,2024-03-11,13,Returned,0,390000
R_004513,EQ_00153,SITE_016,OP_0179,2025-11-08,2025-12-16,2025-12-26,38,Overdue Returned,0,684000
R_004514,EQ_00765,SITE_020,OP_0087,2024-11-20,2024-12-01,2024-12-02,11,Overdue Returned,0,198000
R_004515,EQ_00233,SITE_006,OP_0045,2024-07-05,2024-07-26,2024-07-26,21,Returned,0,462000
R_004516,EQ_00330,SITE_002,OP_0312,2024-10-17,2024-10-25,2024-10-23,8,Returned,1,176000
R_004517,EQ_00400,SITE_007,OP_0319,2024-10-20,2024-12-04,2024-12-04,45,Returned,0,405000
R_004518,EQ_00464,SITE_015,OP_0287,2025-01-06,2025-01-17,2025-01-17,11,Returned,0,330000
R_004519,EQ_00108,SITE_003,OP_0249,2024-11-23,2024-12-20,2024-12-20,27,Returned,0,594000
R_004520,EQ_00023,SITE_012,OP_0086,2025-03-09,2025-04-19,,41,Active,0,287000
R_004521,EQ_00538,SITE_023,OP_0331,2026-08-07,2026-08-14,2026-08-14,7,Returned,1,112000
R_004522,EQ_00329,SITE_013,OP_0323,2025-11-25,2026-01-01,2026-01-01,37,Returned,0,666000
R_004523,EQ_00120,SITE_008,OP_0120,2024-08-30,2024-09-28,2024-09-27,29,Returned,0,522000
R_004524,EQ_00438,SITE_029,OP_0111,2024-08-09,2024-09-11,2024-09-12,33,Overdue Returned,1,462000
R_004525,EQ_00404,SITE_014,OP_0148,2025-07-10,2025-08-10,,31,Overdue,0,682000
R_004526,EQ_00065,SITE_013,OP_0067,2025-07-19,2025-08-19,,31,Active,1,279000
R_004527,EQ_00498,SITE_018,OP_0245,2026-03-18,2026-04-29,,42,Active,1,1260000
R_004528,EQ_00406,SITE_016,OP_0322,2024-02-18,2024-04-03,2024-04-03,45,Returned,1,1350000
R_004529,EQ_00268,SITE_019,OP_0258,2026-04-28,2026-05-18,2026-05-19,20,Overdue Returned,0,140000
R_004530,EQ_00128,SITE_002,OP_0144,2024-03-21,2024-04-19,2024-04-24,29,Overdue Returned,0,406000
R_004531,EQ_00069,SITE_005,OP_0129,2026-06-20,2026-07-31,,41,Active,0,369000
R_004532,EQ_00452,SITE_027,OP_0225,2024-05-14,2024-06-22,,39,Active,0,351000
R_004533,EQ_00364,SITE_014,OP_0303,2024-04-19,2024-05-31,2024-06-05,42,Overdue Returned,0,1260000
R_004534,EQ_00123,SITE_011,OP_0222,2024-01-16,2024-01-23,2024-01-23,7,Returned,0,112000
R_004535,EQ_00487,SITE_004,OP_0264,2026-03-16,2026-04-23,2026-04-23,38,Returned,1,266000
R_004536,EQ_00156,SITE_023,OP_0045,2025-01-29,2025-02-18,2025-02-16,20,Returned,0,600000
R_004537,EQ_00782,SITE_017,OP_0235,2025-04-01,2025-04-14,2025-04-14,13,Returned,0,208000
R_004538,EQ_00535,SITE_027,OP_0231,2024-12-20,2024-12-24,2024-12-24,4,Returned,0,28000
R_004539,EQ_00523,SITE_004,OP_0057,2024-02-07,2024-03-20,2024-03-20,42,Returned,0,756000
R_004540,EQ_00790,SITE_017,OP_0090,2025-09-04,2025-09-07,2025-09-07,3,Returned,0,48000
R_004541,EQ_00591,SITE_030,OP_0283,2024-01-21,2024-01-27,2024-01-27,6,Returned,0,42000
R_004542,EQ_00110,SITE_007,OP_0023,2024-12-21,2025-01-05,2025-01-06,15,Overdue Returned,0,270000
R_004543,EQ_00193,SITE_027,OP_0031,2025-08-28,2025-09-04,2025-09-04,7,Returned,1,112000
R_004544,EQ_00309,SITE_020,OP_0278,2025-07-17,2025-08-10,,24,Active,0,432000
R_004545,EQ_00108,SITE_019,OP_0274,2026-02-06,2026-03-19,,41,Active,1,902000
R_004546,EQ_00716,SITE_015,OP_0245,2024-10-11,2024-10-26,2024-10-26,15,Returned,0,330000
R_004547,EQ_00401,SITE_013,OP_0218,2026-05-24,2026-06-07,2026-06-06,14,Returned,0,98000
R_004548,EQ_00649,SITE_021,OP_0140,2025-10-09,2025-10-17,2025-10-19,8,Overdue Returned,0,144000
R_004549,EQ_00507,SITE_015,OP_0116,2024-03-25,2024-04-01,2024-04-01,7,Returned,0,63000
R_004550,EQ_00574,SITE_029,OP_0081,2024-09-11,2024-09-21,2024-09-21,10,Returned,0,300000
R_004551,EQ_00655,SITE_015,OP_0084,2026-02-18,2026-04-03,,44,Overdue,0,792000
R_004552,EQ_00734,SITE_011,OP_0326,2024-01-20,2024-02-27,2024-02-27,38,Returned,1,266000
R_004553,EQ_00796,SITE_022,OP_0007,2026-03-14,2026-03-21,2026-03-22,7,Overdue Returned,0,49000
R_004554,EQ_00659,SITE_026,OP_0248,2024-06-11,2024-07-12,2024-07-12,31,Returned,0,279000
R_004555,EQ_00771,SITE_002,OP_0026,2024-03-28,2024-04-08,2024-04-10,11,Overdue Returned,0,330000
R_004556,EQ_00433,SITE_003,OP_0158,2026-02-12,2026-03-17,2026-03-18,33,Overdue Returned,0,594000
R_004557,EQ_00759,SITE_015,OP_0186,2025-06-14,2025-07-08,2025-07-08,24,Returned,1,528000
R_004558,EQ_00519,SITE_030,OP_0261,2025-11-28,2026-01-04,2026-01-06,37,Overdue Returned,0,333000
R_004559,EQ_00704,SITE_011,OP_0170,2024-09-15,2024-09-18,2024-09-18,3,Returned,0,66000
R_004560,EQ_00250,SITE_022,OP_0296,2026-04-23,2026-05-20,,27,Active,0,189000
R_004561,EQ_00749,SITE_019,OP_0234,2024-04-01,2024-04-24,2024-04-24,23,Returned,0,414000
R_004562,EQ_00368,SITE_001,OP_0261,2024-01-08,2024-01-21,2024-01-21,13,Returned,0,208000
R_004563,EQ_00566,SITE_008,OP_0096,2025-10-04,2025-11-16,,43,Overdue,0,1290000
R_004564,EQ_00415,SITE_015,OP_0133,2025-08-10,2025-09-21,2025-09-20,42,Returned,1,756000
R_004565,EQ_00153,SITE_026,OP_0044,2025-04-02,2025-04-22,2025-04-24,20,Overdue Returned,0,360000
R_004566,EQ_00568,SITE_006,OP_0267,2025-11-16,2025-12-24,2025-12-29,38,Overdue Returned,0,266000
R_004567,EQ_00156,SITE_020,OP_0079,2026-01-05,2026-01-26,2026-01-26,21,Returned,0,630000
R_004568,EQ_00688,SITE_003,OP_0293,2025-01-28,2025-03-11,2025-03-11,42,Returned,0,756000
R_004569,EQ_00389,SITE_008,OP_0258,2025-05-13,2025-05-16,,3,Active,0,42000
R_004570,EQ_00318,SITE_003,OP_0138,2024-09-26,2024-10-20,,24,Active,1,336000
R_004571,EQ_00764,SITE_007,OP_0154,2025-04-20,2025-04-23,2025-04-23,3,Returned,0,42000
R_004572,EQ_00373,SITE_026,OP_0094,2024-02-08,2024-03-03,2024-03-03,24,Returned,0,528000
R_004573,EQ_00418,SITE_018,OP_0058,2025-10-11,2025-11-11,2025-11-12,31,Overdue Returned,0,558000
R_004574,EQ_00115,SITE_018,OP_0318,2025-06-24,2025-06-28,2025-07-03,4,Overdue Returned,0,28000
R_004575,EQ_00792,SITE_005,OP_0345,2026-07-19,2026-08-28,2026-08-27,40,Returned,0,280000
R_004576,EQ_00663,SITE_008,OP_0343,2026-05-14,2026-05-27,2026-05-27,13,Returned,0,182000
R_004577,EQ_00350,SITE_019,OP_0282,2026-03-09,2026-03-12,2026-03-12,3,Returned,1,42000
R_004578,EQ_00526,SITE_022,OP_0232,2024-11-13,2024-11-24,2024-11-24,11,Returned,0,77000
R_004579,EQ_00105,SITE_001,OP_0234,2026-06-22,2026-07-10,2026-07-08,18,Returned,0,288000
R_004580,EQ_00357,SITE_008,OP_0132,2025-10-13,2025-10-29,2025-10-30,16,Overdue Returned,0,224000
R_004581,EQ_00539,SITE_020,OP_0205,2024-05-06,2024-05-31,2024-05-31,25,Returned,0,550000
R_004582,EQ_00567,SITE_012,OP_0349,2024-06-19,2024-07-04,2024-07-01,15,Returned,0,210000
R_004583,EQ_00423,SITE_010,OP_0067,2025-04-18,2025-05-05,2025-05-07,17,Overdue Returned,0,153000
R_004584,EQ_00063,SITE_022,OP_0279,2025-09-07,2025-10-08,2025-10-08,31,Returned,1,434000
R_004585,EQ_00773,SITE_015,OP_0080,2025-01-16,2025-01-19,2025-01-19,3,Returned,0,48000
R_004586,EQ_00246,SITE_010,OP_0166,2026-04-14,2026-04-22,2026-04-23,8,Overdue Returned,0,112000
R_004587,EQ_00738,SITE_008,OP_0233,2025-02-08,2025-03-04,2025-03-04,24,Returned,0,168000
R_004588,EQ_00130,SITE_013,OP_0024,2025-10-08,2025-10-23,,15,Active,0,210000
R_004589,EQ_00356,SITE_019,OP_0319,2025-08-31,2025-09-07,2025-09-07,7,Returned,0,210000
R_004590,EQ_00157,SITE_018,OP_0081,2024-03-11,2024-03-24,2024-03-23,13,Returned,0,390000
R_004591,EQ_00114,SITE_004,OP_0197,2025-06-28,2025-07-07,2025-07-04,9,Returned,0,198000
R_004592,EQ_00360,SITE_003,OP_0247,2026-05-04,2026-06-12,2026-06-13,39,Overdue Returned,1,546000
R_004593,EQ_00726,SITE_012,OP_0167,2024-03-15,2024-03-25,2024-03-27,10,Overdue Returned,0,70000
R_004594,EQ_00303,SITE_015,OP_0118,2025-11-24,2025-12-10,,16,Active,0,288000
R_004595,EQ_00668,SITE_020,OP_0269,2024-11-06,2024-12-12,2024-12-12,36,Returned,0,1080000
R_004596,EQ_00762,SITE_001,OP_0193,2024-04-30,2024-06-14,,45,Overdue,0,990000
R_004597,EQ_00306,SITE_004,OP_0169,2025-03-21,2025-04-14,2025-04-16,24,Overdue Returned,0,216000
R_004598,EQ_00684,SITE_014,OP_0280,2024-09-12,2024-09-28,2024-09-28,16,Returned,0,352000
R_004599,EQ_00313,SITE_021,OP_0274,2025-04-02,2025-05-02,2025-04-30,30,Returned,0,660000
R_004600,EQ_00036,SITE_027,OP_0144,2024-10-15,2024-11-06,2024-11-05,22,Returned,0,484000
R_004601,EQ_00792,SITE_023,OP_0127,2026-03-17,2026-04-23,,37,Active,0,259000
R_004602,EQ_00559,SITE_022,OP_0057,2025-04-22,2025-04-27,2025-04-27,5,Returned,0,90000
R_004603,EQ_00784,SITE_029,OP_0081,2025-07-22,2025-08-06,2025-08-06,15,Returned,1,210000
R_004604,EQ_00644,SITE_005,OP_0156,2026-02-27,2026-03-25,2026-03-25,26,Returned,0,468000
R_004605,EQ_00653,SITE_027,OP_0206,2025-11-11,2025-11-24,2025-11-23,13,Returned,0,286000
R_004606,EQ_00598,SITE_014,OP_0026,2025-03-01,2025-03-31,2025-04-10,30,Overdue Returned,0,540000
R_004607,EQ_00054,SITE_029,OP_0318,2024-01-28,2024-02-02,2024-02-02,5,Returned,0,35000
R_004608,EQ_00581,SITE_030,OP_0085,2024-03-25,2024-05-02,,38,Active,0,608000
R_004609,EQ_00616,SITE_009,OP_0148,2025-03-02,2025-04-16,2025-04-17,45,Overdue Returned,0,990000
R_004610,EQ_00418,SITE_022,OP_0327,2024-02-09,2024-02-29,,20,Active,0,360000
R_004611,EQ_00167,SITE_018,OP_0272,2026-02-17,2026-03-11,2026-03-11,22,Returned,0,396000
R_004612,EQ_00379,SITE_022,OP_0250,2025-05-25,2025-06-03,2025-06-03,9,Returned,0,270000
R_004613,EQ_00332,SITE_012,OP_0328,2024-08-15,2024-09-21,,37,Active,0,259000
R_004614,EQ_00154,SITE_007,OP_0133,2025-02-07,2025-03-18,,39,Active,0,858000
R_004615,EQ_00749,SITE_018,OP_0211,2024-10-17,2024-11-03,2024-10-31,17,Returned,0,306000
R_004616,EQ_00433,SITE_007,OP_0180,2025-12-06,2025-12-21,2025-12-20,15,Returned,0,270000
R_004617,EQ_00503,SITE_025,OP_0074,2025-05-31,2025-06-03,2025-05-31,3,Returned,1,21000
R_004618,EQ_00169,SITE_022,OP_0208,2025-10-28,2025-11-21,2025-11-21,24,Returned,0,336000
R_004619,EQ_00626,SITE_003,OP_0044,2025-11-26,2025-12-16,2025-12-15,20,Returned,0,280000
R_004620,EQ_00565,SITE_015,OP_0309,2024-06-22,2024-07-03,2024-07-03,11,Returned,0,242000
R_004621,EQ_00103,SITE_002,OP_0296,2026-06-19,2026-08-03,,45,Active,0,990000
R_004622,EQ_00019,SITE_015,OP_0053,2024-05-12,2024-05-31,,19,Active,0,171000
R_004623,EQ_00446,SITE_002,OP_0155,2026-06-13,2026-06-20,2026-06-18,7,Returned,1,154000
R_004624,EQ_00115,SITE_009,OP_0290,2026-08-03,2026-08-12,2026-08-17,9,Overdue Returned,0,63000
R_004625,EQ_00271,SITE_019,OP_0055,2024-09-28,2024-10-16,2024-10-16,18,Returned,1,396000
R_004626,EQ_00470,SITE_024,OP_0118,2025-02-06,2025-03-07,2025-03-07,29,Returned,1,522000
R_004627,EQ_00140,SITE_005,OP_0019,2024-12-03,2024-12-15,,12,Overdue,0,264000
R_004628,EQ_00607,SITE_013,OP_0342,2024-12-31,2025-02-07,,38,Active,0,608000
R_004629,EQ_00284,SITE_007,OP_0116,2025-07-31,2025-08-07,2025-08-07,7,Returned,0,126000
R_004630,EQ_00159,SITE_010,OP_0127,2024-12-29,2025-01-31,2025-01-28,33,Returned,1,231000
R_004631,EQ_00580,SITE_028,OP_0012,2025-07-13,2025-07-25,2025-07-24,12,Returned,1,192000
R_004632,EQ_00169,SITE_028,OP_0318,2026-05-17,2026-05-29,,12,Active,0,168000
R_004633,EQ_00038,SITE_024,OP_0281,2024-01-10,2024-02-02,2024-02-02,23,Returned,0,506000
R_004634,EQ_00387,SITE_028,OP_0348,2024-04-16,2024-05-19,2024-05-19,33,Returned,0,990000
R_004635,EQ_00292,SITE_004,OP_0340,2026-05-29,2026-06-19,2026-06-19,21,Returned,0,462000
R_004636,EQ_00342,SITE_012,OP_0055,2024-02-03,2024-03-17,2024-03-16,43,Returned,0,774000
R_004637,EQ_00742,SITE_025,OP_0062,2024-07-21,2024-08-07,2024-08-04,17,Returned,0,153000
R_004638,EQ_00076,SITE_011,OP_0292,2026-04-07,2026-05-04,2026-05-04,27,Returned,1,486000
R_004639,EQ_00554,SITE_008,OP_0061,2025-05-21,2025-06-15,2025-06-15,25,Returned,0,225000
R_004640,EQ_00458,SITE_003,OP_0276,2024-05-08,2024-05-13,,5,Active,0,110000
R_004641,EQ_00148,SITE_026,OP_0232,2025-04-14,2025-05-26,2025-05-28,42,Overdue Returned,0,756000
R_004642,EQ_00084,SITE_029,OP_0293,2024-05-21,2024-06-24,2024-06-24,34,Returned,0,612000
R_004643,EQ_00686,SITE_007,OP_0189,2025-09-07,2025-10-07,,30,Active,0,540000
R_004644,EQ_00209,SITE_016,OP_0136,2024-08-27,2024-09-27,2024-09-26,31,Returned,1,682000
R_004645,EQ_00464,SITE_008,OP_0285,2024-09-15,2024-10-09,2024-10-09,24,Returned,0,720000
R_004646,EQ_00182,SITE_016,OP_0160,2024-11-05,2024-12-20,,45,Active,1,810000
R_004647,EQ_00213,SITE_014,OP_0111,2026-05-13,2026-06-06,2026-06-11,24,Overdue Returned,0,528000
R_004648,EQ_00177,SITE_029,OP_0272,2024-10-25,2024-12-02,,38,Active,0,266000
R_004649,EQ_00252,SITE_021,OP_0082,2026-02-01,2026-03-05,2026-03-05,32,Returned,0,512000
R_004650,EQ_00182,SITE_001,OP_0260,2024-05-25,2024-06-26,,32,Active,0,576000
R_004651,EQ_00389,SITE_019,OP_0207,2024-01-26,2024-03-11,2024-03-11,45,Returned,0,630000
R_004652,EQ_00749,SITE_016,OP_0100,2024-10-18,2024-10-24,2024-10-25,6,Overdue Returned,0,108000
R_004653,EQ_00042,SITE_005,OP_0267,2026-02-21,2026-02-27,2026-02-27,6,Returned,0,42000
R_004654,EQ_00213,SITE_017,OP_0018,2026-04-09,2026-05-05,2026-05-05,26,Returned,0,572000
R_004655,EQ_00155,SITE_019,OP_0065,2024-10-24,2024-12-03,2024-12-01,40,Returned,0,880000
R_004656,EQ_00452,SITE_016,OP_0123,2024-01-17,2024-01-23,2024-01-21,6,Returned,1,54000
R_004657,EQ_00660,SITE_018,OP_0338,2024-03-21,2024-03-27,2024-03-24,6,Returned,0,42000
R_004658,EQ_00695,SITE_015,OP_0201,2024-04-15,2024-04-18,2024-04-28,3,Overdue Returned,1,54000
R_004659,EQ_00013,SITE_014,OP_0135,2024-01-26,2024-02-26,,31,Active,0,682000
R_004660,EQ_00681,SITE_029,OP_0248,2025-12-27,2026-02-01,2026-02-01,36,Returned,0,324000
R_004661,EQ_00452,SITE_025,OP_0050,2025-05-15,2025-06-20,2025-06-20,36,Returned,0,324000
R_004662,EQ_00208,SITE_029,OP_0029,2025-09-05,2025-09-10,2025-09-15,5,Overdue Returned,1,70000
R_004663,EQ_00600,SITE_004,OP_0094,2024-09-17,2024-10-16,2024-10-16,29,Returned,1,203000
R_004664,EQ_00665,SITE_003,OP_0190,2025-11-06,2025-12-04,2025-12-04,28,Returned,1,196000
R_004665,EQ_00738,SITE_019,OP_0293,2024-01-26,2024-03-02,2024-03-02,36,Returned,0,252000
R_004666,EQ_00151,SITE_014,OP_0179,2025-11-02,2025-12-05,2025-12-02,33,Returned,0,594000
R_004667,EQ_00294,SITE_028,OP_0113,2026-02-22,2026-03-20,2026-03-20,26,Returned,0,182000
R_004668,EQ_00217,SITE_021,OP_0318,2026-06-21,2026-07-10,2026-07-12,19,Overdue Returned,0,342000
R_004669,EQ_00357,SITE_019,OP_0304,2024-05-10,2024-05-23,,13,Active,0,182000
R_004670,EQ_00501,SITE_025,OP_0185,2026-01-21,2026-02-19,2026-03-01,29,Overdue Returned,0,261000
R_004671,EQ_00020,SITE_016,OP_0275,2025-09-03,2025-09-26,2025-09-24,23,Returned,1,414000
R_004672,EQ_00635,SITE_022,OP_0341,2024-12-26,2025-01-29,2025-01-26,34,Returned,0,748000
R_004673,EQ_00543,SITE_005,OP_0274,2024-01-10,2024-02-17,2024-02-17,38,Returned,0,684000
R_004674,EQ_00318,SITE_010,OP_0224,2024-03-30,2024-05-13,,44,Overdue,0,616000
R_004675,EQ_00265,SITE_014,OP_0122,2025-06-04,2025-06-16,2025-06-17,12,Overdue Returned,0,360000
R_004676,EQ_00403,SITE_002,OP_0237,2025-04-05,2025-05-05,2025-05-04,30,Returned,0,540000
R_004677,EQ_00325,SITE_027,OP_0273,2024-06-19,2024-07-15,2024-07-15,26,Returned,0,416000
R_004678,EQ_00059,SITE_005,OP_0042,2025-11-10,2025-11-21,,11,Overdue,0,77000
R_004679,EQ_00480,SITE_015,OP_0235,2026-01-22,2026-02-21,2026-02-21,30,Returned,0,660000
R_004680,EQ_00256,SITE_014,OP_0296,2025-08-04,2025-09-09,2025-09-08,36,Returned,0,648000
R_004681,EQ_00480,SITE_025,OP_0342,2024-02-01,2024-02-04,2024-02-02,3,Returned,0,66000
R_004682,EQ_00544,SITE_016,OP_0241,2026-04-21,2026-05-14,,23,Active,0,414000
R_004683,EQ_00661,SITE_001,OP_0097,2024-05-03,2024-06-02,2024-06-02,30,Returned,0,480000
R_004684,EQ_00216,SITE_015,OP_0042,2026-06-07,2026-07-22,2026-07-22,45,Returned,0,990000
R_004685,EQ_00134,SITE_027,OP_0146,2025-09-11,2025-10-13,,32,Active,0,512000
R_004686,EQ_00256,SITE_017,OP_0003,2024-07-13,2024-07-16,,3,Active,0,54000
R_004687,EQ_00282,SITE_025,OP_0143,2024-02-11,2024-03-10,,28,Overdue,0,196000
R_004688,EQ_00118,SITE_020,OP_0019,2024-07-28,2024-08-07,2024-08-07,10,Returned,0,90000
R_004689,EQ_00279,SITE_013,OP_0224,2024-07-03,2024-08-07,2024-08-07,35,Returned,0,490000
R_004690,EQ_00757,SITE_020,OP_0114,2025-01-09,2025-01-17,2025-01-17,8,Returned,0,240000
R_004691,EQ_00605,SITE_019,OP_0062,2024-12-15,2025-01-15,,31,Active,1,558000
R_004692,EQ_00094,SITE_021,OP_0113,2026-02-24,2026-02-27,2026-02-28,3,Overdue Returned,1,27000
R_004693,EQ_00064,SITE_020,OP_0222,2026-01-18,2026-01-29,,11,Active,0,330000
R_004694,EQ_00124,SITE_013,OP_0094,2026-01-10,2026-02-04,2026-02-04,25,Returned,0,350000
R_004695,EQ_00032,SITE_006,OP_0255,2025-12-12,2026-01-05,2026-01-05,24,Returned,0,168000
R_004696,EQ_00607,SITE_025,OP_0109,2025-09-19,2025-10-27,2025-10-27,38,Returned,0,608000
R_004697,EQ_00034,SITE_004,OP_0190,2024-07-26,2024-08-12,2024-08-13,17,Overdue Returned,0,374000
R_004698,EQ_00289,SITE_015,OP_0348,2026-08-07,2026-08-28,2026-08-29,21,Overdue Returned,0,378000
R_004699,EQ_00271,SITE_010,OP_0309,2025-05-28,2025-06-29,2025-06-29,32,Returned,1,704000
R_004700,EQ_00542,SITE_027,OP_0125,2026-03-15,2026-04-11,2026-04-11,27,Returned,0,189000
R_004701,EQ_00183,SITE_005,OP_0214,2026-02-07,2026-03-22,,43,Overdue,0,602000
R_004702,EQ_00709,SITE_020,OP_0049,2024-01-24,2024-01-31,2024-01-31,7,Returned,0,49000
R_004703,EQ_00294,SITE_022,OP_0302,2024-07-30,2024-08-13,2024-08-13,14,Returned,0,98000
R_004704,EQ_00745,SITE_020,OP_0303,2024-04-10,2024-05-05,2024-05-05,25,Returned,0,450000
R_004705,EQ_00725,SITE_024,OP_0299,2026-02-09,2026-03-10,2026-03-11,29,Overdue Returned,0,522000
R_004706,EQ_00314,SITE_012,OP_0203,2025-01-28,2025-02-26,2025-02-26,29,Returned,0,261000
R_004707,EQ_00399,SITE_014,OP_0057,2026-07-10,2026-08-18,2026-08-17,39,Returned,1,702000
R_004708,EQ_00233,SITE_019,OP_0169,2024-09-10,2024-09-25,2024-09-24,15,Returned,0,330000
R_004709,EQ_00057,SITE_008,OP_0259,2024-02-28,2024-03-12,,13,Overdue,0,182000
R_004710,EQ_00034,SITE_021,OP_0268,2024-10-24,2024-12-03,2024-12-05,40,Overdue Returned,1,880000
R_004711,EQ_00221,SITE_014,OP_0267,2025-12-31,2026-01-04,2026-01-04,4,Returned,0,72000
R_004712,EQ_00493,SITE_022,OP_0042,2025-05-08,2025-05-28,2025-06-07,20,Overdue Returned,0,140000
R_004713,EQ_00228,SITE_002,OP_0173,2025-07-14,2025-08-18,2025-08-18,35,Returned,1,560000
R_004714,EQ_00420,SITE_012,OP_0149,2024-03-09,2024-04-02,2024-03-30,24,Returned,0,216000
R_004715,EQ_00711,SITE_009,OP_0307,2026-03-05,2026-03-27,2026-03-27,22,Returned,0,484000
R_004716,EQ_00647,SITE_021,OP_0324,2024-01-14,2024-01-24,2024-01-21,10,Returned,0,180000
R_004717,EQ_00261,SITE_006,OP_0090,2026-02-12,2026-02-26,2026-02-26,14,Returned,1,308000
R_004718,EQ_00652,SITE_021,OP_0283,2026-03-31,2026-04-11,2026-04-09,11,Returned,0,242000
R_004719,EQ_00441,SITE_026,OP_0286,2025-11-10,2025-12-07,2025-12-06,27,Returned,0,486000
R_004720,EQ_00500,SITE_019,OP_0135,2025-04-28,2025-06-05,,38,Active,0,684000
R_004721,EQ_00024,SITE_004,OP_0099,2026-07-18,2026-08-01,2026-07-31,14,Returned,0,308000
R_004722,EQ_00317,SITE_004,OP_0005,2024-04-28,2024-05-26,2024-05-26,28,Returned,0,504000
R_004723,EQ_00030,SITE_005,OP_0051,2025-05-16,2025-06-28,2025-06-28,43,Returned,0,774000
R_004724,EQ_00349,SITE_015,OP_0301,2024-08-24,2024-10-08,2024-10-08,45,Returned,0,810000
R_004725,EQ_00549,SITE_026,OP_0232,2024-01-26,2024-02-14,2024-02-14,19,Returned,0,304000
R_004726,EQ_00727,SITE_027,OP_0189,2024-01-01,2024-01-14,,13,Active,0,390000
R_004727,EQ_00193,SITE_003,OP_0332,2025-06-18,2025-07-22,,34,Active,0,544000
R_004728,EQ_00766,SITE_012,OP_0070,2026-04-15,2026-05-02,2026-05-03,17,Overdue Returned,0,510000
R_004729,EQ_00532,SITE_024,OP_0228,2026-05-14,2026-05-21,,7,Overdue,0,49000
R_004730,EQ_00051,SITE_013,OP_0237,2025-04-28,2025-06-07,2025-06-07,40,Returned,0,640000
R_004731,EQ_00060,SITE_005,OP_0179,2024-01-31,2024-02-23,2024-02-23,23,Returned,0,207000
R_004732,EQ_00034,SITE_006,OP_0019,2024-07-16,2024-07-23,2024-07-28,7,Overdue Returned,0,154000
R_004733,EQ_00390,SITE_013,OP_0307,2026-01-08,2026-01-29,2026-01-29,21,Returned,0,378000
R_004734,EQ_00779,SITE_018,OP_0216,2025-09-13,2025-10-28,2025-10-29,45,Overdue Returned,0,810000
R_004735,EQ_00391,SITE_013,OP_0328,2024-05-27,2024-05-31,,4,Overdue,1,72000
R_004736,EQ_00592,SITE_021,OP_0323,2024-11-20,2024-12-25,2024-12-30,35,Overdue Returned,0,770000
R_004737,EQ_00349,SITE_007,OP_0200,2024-03-14,2024-03-22,2024-03-22,8,Returned,0,144000
R_004738,EQ_00346,SITE_002,OP_0286,2024-02-07,2024-02-11,,4,Active,0,88000
R_004739,EQ_00143,SITE_029,OP_0008,2024-11-26,2024-12-31,2024-12-31,35,Returned,0,1050000
R_004740,EQ_00494,SITE_025,OP_0055,2024-06-14,2024-06-19,2024-06-19,5,Returned,0,35000
R_004741,EQ_00356,SITE_020,OP_0126,2025-06-25,2025-06-28,2025-06-27,3,Returned,0,90000
R_004742,EQ_00571,SITE_019,OP_0267,2026-02-20,2026-03-28,2026-03-28,36,Returned,0,576000
R_004743,EQ_00147,SITE_029,OP_0015,2026-06-16,2026-07-08,2026-07-05,22,Returned,0,352000
R_004744,EQ_00516,SITE_006,OP_0222,2026-02-02,2026-02-23,2026-02-23,21,Returned,1,378000
R_004745,EQ_00463,SITE_029,OP_0132,2024-03-03,2024-04-09,,37,Active,0,666000
R_004746,EQ_00630,SITE_011,OP_0022,2025-11-20,2025-12-29,2025-12-29,39,Returned,0,351000
R_004747,EQ_00094,SITE_019,OP_0331,2024-05-09,2024-05-15,,6,Active,1,54000
R_004748,EQ_00567,SITE_002,OP_0334,2024-11-10,2024-12-01,,21,Overdue,0,294000
R_004749,EQ_00085,SITE_003,OP_0291,2026-05-17,2026-06-15,2026-06-16,29,Overdue Returned,0,522000
R_004750,EQ_00729,SITE_021,OP_0079,2026-08-07,2026-08-11,2026-08-11,4,Returned,0,72000
R_004751,EQ_00188,SITE_002,OP_0218,2024-06-01,2024-06-23,2024-06-24,22,Overdue Returned,0,484000
R_004752,EQ_00761,SITE_019,OP_0073,2026-02-09,2026-02-15,,6,Active,0,84000
R_004753,EQ_00334,SITE_014,OP_0261,2026-07-31,2026-09-05,2026-09-05,36,Returned,1,648000
R_004754,EQ_00254,SITE_010,OP_0032,2024-08-27,2024-09-29,2024-09-29,33,Returned,0,990000
R_004755,EQ_00778,SITE_013,OP_0269,2025-03-13,2025-04-09,,27,Overdue,0,432000
R_004756,EQ_00513,SITE_028,OP_0134,2024-08-10,2024-09-23,,44,Active,1,792000
R_004757,EQ_00756,SITE_004,OP_0051,2024-07-26,2024-08-02,2024-08-02,7,Returned,0,49000
R_004758,EQ_00067,SITE_006,OP_0341,2024-11-11,2024-12-04,2024-12-09,23,Overdue Returned,1,690000
R_004759,EQ_00142,SITE_016,OP_0191,2024-03-10,2024-03-28,2024-03-28,18,Returned,0,162000
R_004760,EQ_00065,SITE_007,OP_0219,2026-05-09,2026-06-17,2026-06-19,39,Overdue Returned,1,351000
R_004761,EQ_00379,SITE_023,OP_0189,2025-10-02,2025-11-14,2025-11-14,43,Returned,0,1290000
R_004762,EQ_00108,SITE_002,OP_0190,2025-03-24,2025-04-12,2025-04-12,19,Returned,1,418000
R_004763,EQ_00014,SITE_017,OP_0331,2025-01-10,2025-01-18,2025-01-18,8,Returned,1,240000
R_004764,EQ_00722,SITE_005,OP_0215,2024-11-27,2024-12-16,,19,Overdue,0,171000
R_004765,EQ_00663,SITE_023,OP_0158,2026-06-20,2026-07-18,,28,Overdue,0,392000
R_004766,EQ_00350,SITE_007,OP_0267,2024-09-25,2024-11-02,2024-11-02,38,Returned,1,532000
R_004767,EQ_00671,SITE_017,OP_0014,2025-01-31,2025-02-04,2025-02-04,4,Returned,0,64000
R_004768,EQ_00532,SITE_011,OP_0177,2025-07-05,2025-07-23,2025-07-23,18,Returned,1,126000
R_004769,EQ_00544,SITE_020,OP_0283,2024-12-17,2024-12-29,2024-12-29,12,Returned,0,216000
R_004770,EQ_00027,SITE_010,OP_0083,2026-01-12,2026-01-27,2026-01-27,15,Returned,0,450000
R_004771,EQ_00083,SITE_029,OP_0083,2024-04-22,2024-04-29,2024-04-29,7,Returned,1,98000
R_004772,EQ_00250,SITE_024,OP_0006,2024-04-01,2024-04-12,2024-04-12,11,Returned,0,77000
R_004773,EQ_00411,SITE_017,OP_0185,2025-08-31,2025-10-05,2025-10-05,35,Returned,0,770000
R_004774,EQ_00672,SITE_011,OP_0189,2025-07-27,2025-08-01,2025-08-01,5,Returned,0,70000
R_004775,EQ_00277,SITE_007,OP_0186,2024-01-07,2024-02-10,,34,Active,0,306000
R_004776,EQ_00544,SITE_026,OP_0198,2024-04-27,2024-06-11,2024-06-11,45,Returned,0,810000
R_004777,EQ_00358,SITE_005,OP_0256,2026-06-04,2026-06-15,2026-06-20,11,Overdue Returned,1,242000
R_004778,EQ_00001,SITE_029,OP_0235,2024-07-25,2024-08-06,,12,Overdue,1,264000
R_004779,EQ_00481,SITE_015,OP_0326,2024-05-28,2024-06-19,,22,Active,0,308000
R_004780,EQ_00207,SITE_004,OP_0110,2026-03-02,2026-03-11,2026-03-11,9,Returned,0,81000
R_004781,EQ_00104,SITE_012,OP_0094,2024-02-13,2024-02-16,2024-02-13,3,Returned,0,21000
R_004782,EQ_00117,SITE_007,OP_0063,2024-11-18,2024-12-22,2024-12-22,34,Returned,0,476000
R_004783,EQ_00223,SITE_017,OP_0123,2025-12-07,2025-12-20,,13,Active,1,117000
R_004784,EQ_00543,SITE_008,OP_0001,2026-07-16,2026-07-20,2026-07-25,4,Overdue Returned,1,72000
R_004785,EQ_00134,SITE_018,OP_0228,2026-01-29,2026-03-03,,33,Active,0,528000
R_004786,EQ_00789,SITE_023,OP_0307,2024-01-05,2024-01-26,2024-01-26,21,Returned,0,336000
R_004787,EQ_00067,SITE_028,OP_0129,2026-01-15,2026-02-05,,21,Active,0,630000
R_004788,EQ_00322,SITE_024,OP_0240,2026-07-19,2026-08-05,2026-08-05,17,Returned,1,306000
R_004789,EQ_00648,SITE_027,OP_0066,2026-07-29,2026-08-28,2026-08-26,30,Returned,0,540000
R_004790,EQ_00212,SITE_004,OP_0264,2025-04-09,2025-05-04,2025-05-02,25,Returned,0,400000
R_004791,EQ_00455,SITE_003,OP_0242,2026-05-18,2026-06-18,2026-06-18,31,Returned,1,217000
R_004792,EQ_00462,SITE_001,OP_0085,2025-04-22,2025-04-27,2025-04-27,5,Returned,0,70000
R_004793,EQ_00122,SITE_008,OP_0048,2024-12-31,2025-02-04,2025-02-04,35,Returned,1,315000
R_004794,EQ_00430,SITE_014,OP_0303,2026-02-17,2026-03-02,,13,Active,1,182000
R_004795,EQ_00583,SITE_006,OP_0156,2024-03-10,2024-04-07,2024-04-08,28,Overdue Returned,1,504000
R_004796,EQ_00548,SITE_028,OP_0047,2024-09-19,2024-10-17,2024-10-17,28,Returned,0,196000
R_004797,EQ_00775,SITE_019,OP_0090,2024-02-23,2024-03-29,2024-03-29,35,Returned,1,315000
R_004798,EQ_00302,SITE_010,OP_0247,2025-05-06,2025-05-15,2025-05-15,9,Returned,0,162000
R_004799,EQ_00537,SITE_008,OP_0143,2024-10-17,2024-10-30,2024-10-30,13,Returned,0,91000
R_004800,EQ_00274,SITE_003,OP_0004,2025-02-21,2025-03-08,2025-03-08,15,Returned,1,330000
R_004801,EQ_00712,SITE_024,OP_0061,2024-08-26,2024-09-06,,11,Active,0,242000
R_004802,EQ_00121,SITE_006,OP_0065,2025-06-11,2025-07-16,2025-07-21,35,Overdue Returned,0,315000
R_004803,EQ_00659,SITE_027,OP_0234,2025-10-21,2025-10-27,2025-10-26,6,Returned,0,54000
R_004804,EQ_00129,SITE_023,OP_0193,2025-07-19,2025-08-30,2025-09-01,42,Overdue Returned,1,1260000
R_004805,EQ_00067,SITE_017,OP_0165,2024-05-23,2024-06-06,2024-06-06,14,Returned,0,420000
R_004806,EQ_00685,SITE_027,OP_0175,2026-07-25,2026-08-03,2026-08-03,9,Returned,1,162000
R_004807,EQ_00448,SITE_027,OP_0225,2025-10-21,2025-11-25,,35,Active,1,630000
R_004808,EQ_00673,SITE_028,OP_0270,2026-04-27,2026-06-02,2026-06-02,36,Returned,0,1080000
R_004809,EQ_00028,SITE_023,OP_0264,2026-07-26,2026-08-21,2026-08-22,26,Overdue Returned,0,364000
R_004810,EQ_00791,SITE_024,OP_0164,2024-03-10,2024-04-19,2024-04-24,40,Overdue Returned,0,360000
R_004811,EQ_00206,SITE_030,OP_0251,2024-11-09,2024-11-27,2024-11-27,18,Returned,0,396000
R_004812,EQ_00784,SITE_004,OP_0002,2025-01-19,2025-02-20,2025-02-20,32,Returned,0,448000
R_004813,EQ_00348,SITE_017,OP_0096,2024-01-30,2024-02-06,,7,Active,0,49000
R_004814,EQ_00334,SITE_019,OP_0219,2025-09-30,2025-10-09,,9,Active,0,162000
R_004815,EQ_00386,SITE_025,OP_0051,2025-11-18,2025-12-02,2025-12-02,14,Returned,0,126000
R_004816,EQ_00703,SITE_012,OP_0014,2026-03-25,2026-04-19,2026-04-19,25,Returned,0,400000
R_004817,EQ_00336,SITE_004,OP_0011,2025-05-27,2025-06-07,2025-06-07,11,Returned,0,198000
R_004818,EQ_00364,SITE_029,OP_0127,2024-04-22,2024-05-16,2024-05-17,24,Overdue Returned,0,720000
R_004819,EQ_00463,SITE_024,OP_0052,2024-10-05,2024-10-31,2024-11-01,26,Overdue Returned,0,468000
R_004820,EQ_00208,SITE_030,OP_0004,2025-06-13,2025-07-04,2025-07-05,21,Overdue Returned,0,294000
R_004821,EQ_00713,SITE_005,OP_0216,2026-01-09,2026-01-19,,10,Overdue,0,300000
R_004822,EQ_00530,SITE_011,OP_0167,2024-10-04,2024-11-06,2024-11-07,33,Overdue Returned,0,594000
R_004823,EQ_00261,SITE_016,OP_0080,2024-04-12,2024-04-16,2024-04-21,4,Overdue Returned,0,88000
R_004824,EQ_00784,SITE_003,OP_0090,2025-06-12,2025-07-06,,24,Active,0,336000
R_004825,EQ_00367,SITE_018,OP_0317,2024-11-05,2024-12-13,2024-12-13,38,Returned,0,532000
R_004826,EQ_00234,SITE_020,OP_0151,2024-12-04,2024-12-16,2024-12-21,12,Overdue Returned,1,264000
R_004827,EQ_00510,SITE_026,OP_0137,2025-02-12,2025-03-18,2025-03-18,34,Returned,0,306000
R_004828,EQ_00784,SITE_014,OP_0136,2024-04-04,2024-05-14,2024-05-14,40,Returned,0,560000
R_004829,EQ_00399,SITE_029,OP_0115,2025-11-28,2026-01-01,2026-01-01,34,Returned,0,612000
R_004830,EQ_00612,SITE_017,OP_0032,2025-04-27,2025-06-01,2025-05-31,35,Returned,0,630000
R_004831,EQ_00576,SITE_030,OP_0170,2024-01-27,2024-02-10,2024-02-11,14,Overdue Returned,0,196000
R_004832,EQ_00026,SITE_014,OP_0343,2025-03-03,2025-03-11,2025-03-11,8,Returned,1,128000
R_004833,EQ_00752,SITE_020,OP_0208,2024-08-09,2024-08-24,2024-08-21,15,Returned,0,270000
R_004834,EQ_00264,SITE_019,OP_0266,2025-02-25,2025-03-11,,14,Active,0,196000
R_004835,EQ_00389,SITE_020,OP_0237,2025-12-29,2026-01-07,2026-01-07,9,Returned,1,126000
R_004836,EQ_00061,SITE_028,OP_0273,2024-05-20,2024-06-28,2024-06-29,39,Overdue Returned,0,273000
R_004837,EQ_00155,SITE_007,OP_0165,2024-03-19,2024-04-08,,20,Active,1,440000
R_004838,EQ_00198,SITE_025,OP_0169,2024-10-05,2024-11-08,2024-11-07,34,Returned,0,748000
R_004839,EQ_00591,SITE_003,OP_0023,2024-04-25,2024-05-29,2024-05-30,34,Overdue Returned,0,238000
R_004840,EQ_00363,SITE_025,OP_0294,2024-03-02,2024-04-13,2024-04-13,42,Returned,0,924000
R_004841,EQ_00483,SITE_002,OP_0174,2024-08-15,2024-09-26,2024-09-26,42,Returned,0,294000
R_004842,EQ_00493,SITE_012,OP_0294,2025-08-13,2025-08-18,,5,Active,0,35000
R_004843,EQ_00706,SITE_030,OP_0057,2025-08-28,2025-10-02,2025-10-02,35,Returned,1,630000
R_004844,EQ_00035,SITE_016,OP_0280,2026-02-19,2026-03-03,,12,Active,0,216000
R_004845,EQ_00013,SITE_030,OP_0166,2024-09-13,2024-10-24,,41,Active,1,902000
R_004846,EQ_00548,SITE_007,OP_0027,2024-11-21,2024-12-17,2024-12-18,26,Overdue Returned,0,182000
R_004847,EQ_00416,SITE_009,OP_0154,2026-04-08,2026-05-16,2026-05-13,38,Returned,0,608000
R_004848,EQ_00733,SITE_023,OP_0031,2025-08-26,2025-10-10,2025-10-10,45,Returned,0,315000
R_004849,EQ_00552,SITE_028,OP_0273,2024-02-07,2024-03-14,2024-03-15,36,Overdue Returned,1,792000
R_004850,EQ_00606,SITE_027,OP_0273,2024-04-25,2024-05-18,2024-05-20,23,Overdue Returned,0,414000
R_004851,EQ_00479,SITE_023,OP_0176,2024-12-04,2024-12-27,2024-12-27,23,Returned,0,161000
R_004852,EQ_00788,SITE_028,OP_0342,2024-03-03,2024-04-03,,31,Overdue,0,558000
R_004853,EQ_00616,SITE_017,OP_0073,2024-09-10,2024-10-01,2024-10-01,21,Returned,1,462000
R_004854,EQ_00678,SITE_025,OP_0190,2026-04-25,2026-04-28,2026-04-28,3,Returned,0,54000
R_004855,EQ_00250,SITE_024,OP_0333,2025-03-10,2025-03-31,2025-04-01,21,Overdue Returned,0,147000
R_004856,EQ_00153,SITE_026,OP_0039,2024-05-24,2024-06-20,2024-06-20,27,Returned,0,486000
R_004857,EQ_00356,SITE_019,OP_0025,2026-04-19,2026-05-06,2026-05-04,17,Returned,0,510000
R_004858,EQ_00171,SITE_008,OP_0255,2024-12-19,2025-01-29,2025-02-03,41,Overdue Returned,0,369000
R_004859,EQ_00493,SITE_022,OP_0114,2024-10-01,2024-10-22,2024-10-22,21,Returned,0,147000
R_004860,EQ_00205,SITE_017,OP_0184,2026-07-25,2026-08-19,2026-08-19,25,Returned,0,225000
R_004861,EQ_00578,SITE_020,OP_0243,2025-12-11,2025-12-23,2025-12-24,12,Overdue Returned,0,264000
R_004862,EQ_00651,SITE_006,OP_0106,2024-07-01,2024-07-17,,16,Overdue,0,256000
R_004863,EQ_00287,SITE_028,OP_0029,2024-04-15,2024-05-01,2024-05-02,16,Overdue Returned,1,256000
R_004864,EQ_00231,SITE_022,OP_0177,2024-02-25,2024-02-28,2024-02-25,3,Returned,1,66000
R_004865,EQ_00509,SITE_009,OP_0128,2025-09-16,2025-10-10,2025-10-10,24,Returned,0,528000
R_004866,EQ_00108,SITE_005,OP_0151,2025-02-07,2025-02-26,,19,Active,1,418000
R_004867,EQ_00753,SITE_027,OP_0315,2025-01-26,2025-02-22,,27,Active,1,189000
R_004868,EQ_00476,SITE_008,OP_0092,2024-10-12,2024-11-23,2024-11-23,42,Returned,0,672000
R_004869,EQ_00158,SITE_030,OP_0220,2024-04-07,2024-05-08,,31,Overdue,0,434000
R_004870,EQ_00490,SITE_020,OP_0155,2024-07-15,2024-07-19,,4,Overdue,0,56000
R_004871,EQ_00039,SITE_008,OP_0053,2024-11-19,2024-12-05,2024-12-06,16,Overdue Returned,1,144000
R_004872,EQ_00411,SITE_017,OP_0323,2024-05-04,2024-05-20,,16,Overdue,0,352000
R_004873,EQ_00154,SITE_022,OP_0160,2026-07-09,2026-07-15,,6,Active,0,132000
R_004874,EQ_00260,SITE_019,OP_0168,2026-01-06,2026-02-01,2026-02-01,26,Returned,0,234000
R_004875,EQ_00325,SITE_015,OP_0244,2025-03-08,2025-03-27,2025-03-27,19,Returned,0,304000
R_004876,EQ_00466,SITE_003,OP_0064,2024-03-13,2024-04-25,2024-04-25,43,Returned,0,946000
R_004877,EQ_00341,SITE_020,OP_0346,2025-09-09,2025-10-12,2025-10-12,33,Returned,0,726000
R_004878,EQ_00210,SITE_002,OP_0093,2025-08-22,2025-10-01,2025-10-01,40,Returned,0,640000
R_004879,EQ_00751,SITE_013,OP_0317,2025-12-06,2026-01-16,2026-01-14,41,Returned,1,369000
R_004880,EQ_00761,SITE_015,OP_0232,2026-04-21,2026-04-29,2026-04-29,8,Returned,1,112000
R_004881,EQ_00386,SITE_004,OP_0130,2024-05-02,2024-05-06,2024-05-08,4,Overdue Returned,0,36000
R_004882,EQ_00352,SITE_004,OP_0097,2025-04-20,2025-05-10,2025-05-11,20,Overdue Returned,0,280000
R_004883,EQ_00212,SITE_011,OP_0078,2025-08-22,2025-09-23,2025-09-22,32,Returned,0,512000
R_004884,EQ_00500,SITE_010,OP_0239,2025-10-19,2025-11-02,2025-11-02,14,Returned,0,252000
R_004885,EQ_00095,SITE_005,OP_0025,2024-08-17,2024-08-29,,12,Overdue,0,108000
R_004886,EQ_00357,SITE_020,OP_0112,2025-08-04,2025-08-19,,15,Active,0,210000
R_004887,EQ_00475,SITE_021,OP_0264,2024-02-22,2024-03-11,2024-03-12,18,Overdue Returned,0,324000
R_004888,EQ_00084,SITE_007,OP_0319,2025-02-03,2025-02-14,2025-02-16,11,Overdue Returned,0,198000
R_004889,EQ_00137,SITE_027,OP_0079,2025-03-11,2025-03-14,,3,Active,1,27000
R_004890,EQ_00208,SITE_009,OP_0089,2025-05-27,2025-06-07,2025-06-06,11,Returned,0,154000
R_004891,EQ_00279,SITE_018,OP_0321,2026-06-15,2026-07-25,,40,Overdue,0,560000
R_004892,EQ_00404,SITE_028,OP_0278,2025-02-03,2025-03-04,,29,Active,0,638000
R_004893,EQ_00477,SITE_007,OP_0141,2026-05-28,2026-05-31,,3,Active,0,27000
R_004894,EQ_00402,SITE_003,OP_0118,2026-08-05,2026-09-09,2026-09-09,35,Returned,1,1050000
R_004895,EQ_00236,SITE_027,OP_0298,2025-05-05,2025-05-08,2025-05-06,3,Returned,0,42000
R_004896,EQ_00011,SITE_021,OP_0169,2025-05-19,2025-05-30,2025-06-04,11,Overdue Returned,0,198000
R_004897,EQ_00733,SITE_004,OP_0238,2025-12-20,2025-12-24,2025-12-29,4,Overdue Returned,0,28000
R_004898,EQ_00510,SITE_018,OP_0071,2025-02-11,2025-03-08,,25,Overdue,0,225000
R_004899,EQ_00556,SITE_010,OP_0047,2026-03-08,2026-04-03,2026-04-03,26,Returned,0,780000
R_004900,EQ_00770,SITE_030,OP_0128,2024-12-27,2025-01-14,2025-01-14,18,Returned,1,396000
R_004901,EQ_00653,SITE_021,OP_0085,2024-06-06,2024-07-05,2024-07-03,29,Returned,1,638000
R_004902,EQ_00005,SITE_016,OP_0197,2024-08-27,2024-09-21,2024-09-21,25,Returned,0,450000
R_004903,EQ_00295,SITE_001,OP_0208,2025-07-18,2025-07-25,2025-07-25,7,Returned,1,126000
R_004904,EQ_00235,SITE_023,OP_0131,2024-06-15,2024-06-18,2024-06-18,3,Returned,1,42000
R_004905,EQ_00570,SITE_010,OP_0213,2026-06-24,2026-07-29,2026-07-30,35,Overdue Returned,0,770000
R_004906,EQ_00132,SITE_030,OP_0324,2026-03-08,2026-03-31,2026-03-29,23,Returned,0,161000
R_004907,EQ_00662,SITE_025,OP_0349,2025-07-18,2025-08-09,2025-08-09,22,Returned,0,154000
R_004908,EQ_00384,SITE_009,OP_0258,2024-11-15,2024-11-21,2024-11-18,6,Returned,0,84000
R_004909,EQ_00381,SITE_024,OP_0281,2024-07-19,2024-08-09,2024-08-09,21,Returned,0,189000
R_004910,EQ_00723,SITE_026,OP_0127,2025-04-12,2025-05-07,2025-05-07,25,Returned,0,350000
R_004911,EQ_00186,SITE_006,OP_0287,2024-11-23,2024-12-07,2024-12-08,14,Overdue Returned,0,196000
R_004912,EQ_00650,SITE_009,OP_0302,2025-08-09,2025-09-09,2025-09-09,31,Returned,0,682000
R_004913,EQ_00139,SITE_025,OP_0103,2024-12-13,2025-01-12,2025-01-12,30,Returned,0,540000
R_004914,EQ_00227,SITE_022,OP_0025,2024-09-01,2024-09-14,2024-09-14,13,Returned,1,91000
R_004915,EQ_00793,SITE_008,OP_0069,2026-06-03,2026-06-21,2026-06-21,18,Returned,0,126000
R_004916,EQ_00237,SITE_027,OP_0104,2025-06-22,2025-07-17,2025-07-18,25,Overdue Returned,0,225000
R_004917,EQ_00439,SITE_027,OP_0196,2024-10-29,2024-11-15,2024-11-16,17,Overdue Returned,0,374000
R_004918,EQ_00621,SITE_012,OP_0097,2025-08-13,2025-09-11,2025-09-08,29,Returned,0,522000
R_004919,EQ_00793,SITE_027,OP_0259,2024-10-06,2024-11-10,2024-11-12,35,Overdue Returned,0,245000
R_004920,EQ_00357,SITE_006,OP_0135,2024-10-04,2024-10-14,2024-10-14,10,Returned,0,140000
R_004921,EQ_00654,SITE_008,OP_0118,2025-10-01,2025-11-05,2025-11-04,35,Returned,0,315000
R_004922,EQ_00768,SITE_027,OP_0110,2025-02-05,2025-03-14,2025-03-14,37,Returned,0,666000
R_004923,EQ_00147,SITE_015,OP_0262,2026-04-20,2026-05-28,,38,Active,0,608000
R_004924,EQ_00288,SITE_028,OP_0255,2025-03-28,2025-04-08,2025-04-08,11,Returned,0,99000
R_004925,EQ_00546,SITE_001,OP_0347,2025-02-19,2025-03-31,,40,Overdue,0,360000
R_004926,EQ_00138,SITE_021,OP_0259,2024-12-12,2025-01-03,2025-01-03,22,Returned,0,396000
R_004927,EQ_00581,SITE_007,OP_0168,2025-06-08,2025-06-18,2025-06-15,10,Returned,0,160000
R_004928,EQ_00650,SITE_009,OP_0044,2024-01-17,2024-02-08,2024-02-08,22,Returned,0,484000
R_004929,EQ_00161,SITE_004,OP_0266,2024-04-12,2024-04-23,,11,Active,1,198000
R_004930,EQ_00571,SITE_020,OP_0081,2024-12-27,2025-01-11,,15,Active,0,240000
R_004931,EQ_00391,SITE_018,OP_0024,2025-06-03,2025-06-17,2025-06-16,14,Returned,0,252000
R_004932,EQ_00750,SITE_016,OP_0134,2024-09-12,2024-10-05,2024-10-07,23,Overdue Returned,0,368000
R_004933,EQ_00233,SITE_021,OP_0323,2026-06-04,2026-07-04,2026-07-05,30,Overdue Returned,0,660000
R_004934,EQ_00753,SITE_009,OP_0258,2025-09-04,2025-09-22,2025-09-27,18,Overdue Returned,0,126000
R_004935,EQ_00220,SITE_023,OP_0014,2025-11-04,2025-11-13,,9,Active,0,63000
R_004936,EQ_00178,SITE_011,OP_0219,2026-05-20,2026-06-21,2026-06-21,32,Returned,1,288000
R_004937,EQ_00158,SITE_021,OP_0307,2024-08-22,2024-10-04,2024-10-04,43,Returned,0,602000
R_004938,EQ_00213,SITE_013,OP_0042,2025-06-20,2025-07-07,,17,Active,1,374000
R_004939,EQ_00550,SITE_027,OP_0259,2025-04-13,2025-04-29,2025-04-29,16,Returned,0,224000
R_004940,EQ_00144,SITE_029,OP_0339,2025-08-12,2025-08-26,,14,Active,0,252000
R_004941,EQ_00427,SITE_026,OP_0144,2024-06-22,2024-07-17,2024-07-18,25,Overdue Returned,0,750000
R_004942,EQ_00507,SITE_022,OP_0083,2024-07-15,2024-08-05,2024-08-05,21,Returned,0,189000
R_004943,EQ_00554,SITE_024,OP_0320,2025-10-15,2025-10-28,2025-10-28,13,Returned,1,117000
R_004944,EQ_00105,SITE_005,OP_0210,2025-08-30,2025-09-11,2025-09-12,12,Overdue Returned,1,192000
R_004945,EQ_00389,SITE_028,OP_0001,2026-06-10,2026-07-11,2026-07-11,31,Returned,0,434000
R_004946,EQ_00561,SITE_011,OP_0068,2024-01-13,2024-02-14,2024-02-19,32,Overdue Returned,0,576000
R_004947,EQ_00800,SITE_006,OP_0150,2024-02-20,2024-02-23,2024-02-20,3,Returned,0,66000
R_004948,EQ_00675,SITE_025,OP_0192,2024-10-04,2024-11-17,2024-11-17,44,Returned,0,792000
R_004949,EQ_00561,SITE_008,OP_0231,2025-06-14,2025-06-19,2025-06-19,5,Returned,1,90000
R_004950,EQ_00259,SITE_006,OP_0326,2025-12-13,2026-01-13,2026-01-13,31,Returned,0,930000
R_004951,EQ_00215,SITE_010,OP_0228,2024-10-25,2024-11-28,2024-11-27,34,Returned,0,612000
R_004952,EQ_00404,SITE_017,OP_0131,2025-12-15,2025-12-23,2025-12-23,8,Returned,0,176000
R_004953,EQ_00132,SITE_024,OP_0100,2024-08-01,2024-08-25,2024-09-04,24,Overdue Returned,0,168000
R_004954,EQ_00634,SITE_010,OP_0181,2024-12-23,2025-01-15,2025-01-15,23,Returned,0,322000
R_004955,EQ_00391,SITE_013,OP_0044,2024-12-18,2025-01-20,,33,Active,0,594000
R_004956,EQ_00783,SITE_021,OP_0293,2024-07-30,2024-08-08,2024-08-08,9,Returned,0,162000
R_004957,EQ_00787,SITE_010,OP_0162,2026-05-22,2026-06-01,,10,Active,1,140000
R_004958,EQ_00666,SITE_022,OP_0132,2025-06-06,2025-07-11,2025-07-12,35,Overdue Returned,1,1050000
R_004959,EQ_00445,SITE_001,OP_0044,2026-02-16,2026-03-09,2026-03-08,21,Returned,0,462000
R_004960,EQ_00564,SITE_026,OP_0159,2026-04-12,2026-04-27,,15,Active,0,210000
R_004961,EQ_00556,SITE_013,OP_0017,2024-09-04,2024-10-09,2024-10-10,35,Overdue Returned,0,1050000
R_004962,EQ_00102,SITE_024,OP_0251,2024-03-26,2024-05-07,2024-05-07,42,Returned,0,588000
R_004963,EQ_00174,SITE_001,OP_0126,2025-04-15,2025-05-08,2025-05-08,23,Returned,0,414000
R_004964,EQ_00032,SITE_001,OP_0058,2025-05-31,2025-06-27,2025-06-27,27,Returned,0,189000
R_004965,EQ_00441,SITE_012,OP_0039,2025-10-31,2025-12-13,2025-12-13,43,Returned,0,774000
R_004966,EQ_00293,SITE_001,OP_0003,2024-11-14,2024-12-06,2024-12-07,22,Overdue Returned,1,396000
R_004967,EQ_00238,SITE_007,OP_0189,2024-04-10,2024-05-15,,35,Active,0,315000
R_004968,EQ_00149,SITE_011,OP_0151,2025-03-31,2025-04-06,,6,Active,1,108000
R_004969,EQ_00701,SITE_003,OP_0324,2025-03-25,2025-04-15,2025-04-20,21,Overdue Returned,0,378000
R_004970,EQ_00571,SITE_001,OP_0306,2025-02-16,2025-03-13,,25,Overdue,0,400000
R_004971,EQ_00529,SITE_012,OP_0150,2026-01-02,2026-01-11,2026-01-11,9,Returned,1,198000
R_004972,EQ_00405,SITE_016,OP_0282,2026-02-18,2026-04-01,2026-04-01,42,Returned,0,756000
R_004973,EQ_00302,SITE_019,OP_0163,2026-04-23,2026-05-19,2026-05-19,26,Returned,0,468000
R_004974,EQ_00358,SITE_001,OP_0018,2024-03-03,2024-03-10,2024-03-09,7,Returned,0,154000
R_004975,EQ_00541,SITE_027,OP_0284,2024-12-09,2024-12-14,2024-12-14,5,Returned,1,80000
R_004976,EQ_00295,SITE_019,OP_0251,2024-10-22,2024-11-29,2024-11-29,38,Returned,0,684000
R_004977,EQ_00536,SITE_010,OP_0116,2025-02-06,2025-02-18,2025-02-18,12,Returned,1,360000
R_004978,EQ_00465,SITE_005,OP_0174,2025-04-19,2025-04-23,2025-04-23,4,Returned,0,28000
R_004979,EQ_00244,SITE_001,OP_0200,2025-10-30,2025-11-20,2025-11-20,21,Returned,0,378000
R_004980,EQ_00725,SITE_009,OP_0158,2024-03-17,2024-04-16,2024-04-21,30,Overdue Returned,1,540000
R_004981,EQ_00067,SITE_015,OP_0188,2024-08-25,2024-09-25,,31,Active,0,930000
R_004982,EQ_00290,SITE_022,OP_0303,2026-07-20,2026-08-23,,34,Active,0,238000
R_004983,EQ_00286,SITE_029,OP_0261,2026-04-21,2026-05-09,,18,Active,0,126000
R_004984,EQ_00675,SITE_022,OP_0260,2024-07-20,2024-08-15,2024-08-16,26,Overdue Returned,0,468000
R_004985,EQ_00494,SITE_023,OP_0307,2025-02-11,2025-03-04,,21,Active,0,147000
R_004986,EQ_00638,SITE_002,OP_0160,2024-08-21,2024-09-29,2024-09-29,39,Returned,0,273000
R_004987,EQ_00535,SITE_018,OP_0242,2025-10-13,2025-10-26,2025-10-26,13,Returned,0,91000
R_004988,EQ_00551,SITE_028,OP_0311,2024-11-26,2025-01-08,2025-01-10,43,Overdue Returned,0,774000
R_004989,EQ_00695,SITE_015,OP_0076,2024-06-07,2024-07-15,2024-07-14,38,Returned,1,684000
R_004990,EQ_00587,SITE_018,OP_0330,2024-08-17,2024-09-11,2024-09-11,25,Returned,0,225000
R_004991,EQ_00637,SITE_018,OP_0155,2025-08-29,2025-09-03,2025-09-03,5,Returned,0,150000
R_004992,EQ_00279,SITE_029,OP_0220,2025-02-01,2025-03-15,2025-03-17,42,Overdue Returned,0,588000
R_004993,EQ_00155,SITE_030,OP_0151,2024-11-18,2024-11-26,2024-11-28,8,Overdue Returned,0,176000
R_004994,EQ_00022,SITE_017,OP_0019,2026-03-10,2026-03-21,2026-03-22,11,Overdue Returned,0,154000
R_004995,EQ_00789,SITE_003,OP_0128,2024-12-11,2024-12-30,,19,Active,0,304000
R_004996,EQ_00191,SITE_017,OP_0167,2025-10-09,2025-11-18,2025-11-20,40,Overdue Returned,0,560000
R_004997,EQ_00184,SITE_008,OP_0072,2024-01-26,2024-02-27,2024-02-28,32,Overdue Returned,0,448000
R_004998,EQ_00343,SITE_020,OP_0187,2024-06-26,2024-07-11,2024-07-11,15,Returned,0,105000
R_004999,EQ_00219,SITE_016,OP_0314,2024-06-20,2024-07-29,2024-07-30,39,Overdue Returned,0,702000
R_005000,EQ_00797,SITE_005,OP_0266,2025-01-16,2025-02-09,2025-02-09,24,Returned,1,432000
R_005001,EQ_00481,SITE_004,OP_0273,2026-07-02,2026-08-09,2026-08-09,38,Returned,0,532000
R_005002,EQ_00200,SITE_014,OP_0176,2026-07-29,2026-08-29,,31,Overdue,0,217000
R_005003,EQ_00747,SITE_028,OP_0182,2025-03-22,2025-04-11,,20,Active,0,140000
R_005004,EQ_00428,SITE_012,OP_0087,2024-06-26,2024-06-29,2024-06-29,3,Returned,0,54000
R_005005,EQ_00133,SITE_009,OP_0091,2024-05-03,2024-06-06,2024-06-06,34,Returned,0,476000
R_005006,EQ_00035,SITE_015,OP_0278,2024-12-21,2025-02-02,2025-02-03,43,Overdue Returned,0,774000
R_005007,EQ_00384,SITE_030,OP_0246,2025-12-04,2025-12-13,,9,Active,0,126000
R_005008,EQ_00454,SITE_006,OP_0152,2025-03-28,2025-04-01,2025-04-03,4,Overdue Returned,0,36000
R_005009,EQ_00554,SITE_021,OP_0327,2025-01-18,2025-02-05,,18,Overdue,0,162000
R_005010,EQ_00494,SITE_002,OP_0172,2024-12-03,2024-12-21,2024-12-23,18,Overdue Returned,0,126000
R_005011,EQ_00365,SITE_006,OP_0245,2026-03-30,2026-04-19,,20,Active,0,360000
R_005012,EQ_00157,SITE_014,OP_0257,2024-11-19,2024-12-23,2024-12-24,34,Overdue Returned,0,1020000
R_005013,EQ_00675,SITE_002,OP_0124,2024-09-16,2024-10-26,2024-10-26,40,Returned,0,720000
R_005014,EQ_00184,SITE_011,OP_0104,2026-08-02,2026-09-08,2026-09-08,37,Returned,1,518000
R_005015,EQ_00483,SITE_012,OP_0214,2025-12-08,2025-12-24,,16,Active,0,112000
R_005016,EQ_00010,SITE_004,OP_0206,2025-02-14,2025-02-27,,13,Overdue,0,286000
R_005017,EQ_00164,SITE_016,OP_0185,2024-10-04,2024-10-25,2024-10-25,21,Returned,0,336000
R_005018,EQ_00305,SITE_019,OP_0250,2024-02-14,2024-03-02,,17,Active,1,374000
R_005019,EQ_00757,SITE_019,OP_0305,2026-06-19,2026-07-17,2026-07-17,28,Returned,0,840000
R_005020,EQ_00357,SITE_007,OP_0174,2026-03-24,2026-04-29,,36,Active,0,504000
R_005021,EQ_00298,SITE_030,OP_0062,2024-09-12,2024-10-25,2024-10-25,43,Returned,0,387000
R_005022,EQ_00192,SITE_024,OP_0082,2026-07-22,2026-07-28,,6,Active,0,84000
R_005023,EQ_00097,SITE_007,OP_0026,2024-12-06,2024-12-21,2024-12-21,15,Returned,0,270000
R_005024,EQ_00127,SITE_020,OP_0119,2025-03-25,2025-05-01,2025-05-01,37,Returned,0,814000
R_005025,EQ_00430,SITE_023,OP_0279,2026-01-19,2026-02-17,2026-02-16,29,Returned,0,406000
R_005026,EQ_00735,SITE_025,OP_0014,2026-01-17,2026-01-28,,11,Active,0,176000
R_005027,EQ_00727,SITE_005,OP_0083,2024-05-06,2024-06-08,2024-06-08,33,Returned,0,990000
R_005028,EQ_00714,SITE_019,OP_0314,2026-07-27,2026-08-29,2026-08-29,33,Returned,0,726000
R_005029,EQ_00080,SITE_021,OP_0116,2024-11-17,2024-11-20,,3,Active,0,90000
R_005030,EQ_00800,SITE_015,OP_0241,2024-07-08,2024-08-22,2024-08-19,45,Returned,0,990000
R_005031,EQ_00378,SITE_024,OP_0130,2024-07-17,2024-07-30,2024-07-30,13,Returned,0,286000
R_005032,EQ_00549,SITE_029,OP_0081,2026-03-06,2026-04-11,2026-04-10,36,Returned,0,576000
R_005033,EQ_00683,SITE_014,OP_0293,2024-04-23,2024-04-27,,4,Active,0,28000
R_005034,EQ_00514,SITE_002,OP_0212,2025-11-08,2025-11-27,,19,Overdue,0,570000
R_005035,EQ_00455,SITE_025,OP_0025,2024-08-06,2024-09-06,2024-09-06,31,Returned,0,217000
R_005036,EQ_00099,SITE_017,OP_0029,2026-02-10,2026-03-23,2026-03-23,41,Returned,1,287000
R_005037,EQ_00482,SITE_027,OP_0308,2026-06-29,2026-07-31,2026-08-01,32,Overdue Returned,0,288000
R_005038,EQ_00178,SITE_018,OP_0340,2026-03-10,2026-04-09,2026-04-09,30,Returned,0,270000
R_005039,EQ_00454,SITE_024,OP_0008,2024-04-17,2024-05-30,,43,Active,0,387000
R_005040,EQ_00349,SITE_006,OP_0054,2024-08-20,2024-09-24,2024-09-24,35,Returned,1,630000
R_005041,EQ_00192,SITE_011,OP_0123,2024-10-25,2024-11-19,2024-11-20,25,Overdue Returned,0,350000
R_005042,EQ_00795,SITE_018,OP_0186,2025-09-27,2025-11-06,,40,Overdue,0,280000
R_005043,EQ_00399,SITE_026,OP_0029,2025-01-27,2025-03-08,2025-03-08,40,Returned,0,720000
R_005044,EQ_00218,SITE_027,OP_0120,2026-01-18,2026-02-08,2026-02-09,21,Overdue Returned,0,189000
R_005045,EQ_00084,SITE_004,OP_0065,2024-11-16,2024-11-25,2024-11-27,9,Overdue Returned,0,162000
R_005046,EQ_00473,SITE_027,OP_0231,2024-03-05,2024-04-10,2024-04-09,36,Returned,0,1080000
R_005047,EQ_00222,SITE_023,OP_0332,2024-05-25,2024-06-14,,20,Active,0,140000
R_005048,EQ_00668,SITE_001,OP_0267,2025-02-09,2025-03-02,2025-03-02,21,Returned,0,630000
R_005049,EQ_00637,SITE_020,OP_0237,2026-07-27,2026-08-20,2026-08-20,24,Returned,1,720000
R_005050,EQ_00241,SITE_028,OP_0088,2024-03-15,2024-04-14,2024-04-14,30,Returned,0,210000
R_005051,EQ_00189,SITE_029,OP_0031,2024-04-12,2024-04-28,2024-04-29,16,Overdue Returned,1,256000
R_005052,EQ_00433,SITE_007,OP_0022,2025-10-28,2025-11-07,2025-11-07,10,Returned,0,180000
R_005053,EQ_00742,SITE_021,OP_0218,2026-08-06,2026-09-11,2026-09-16,36,Overdue Returned,0,324000
R_005054,EQ_00368,SITE_018,OP_0262,2025-01-24,2025-02-04,,11,Active,0,176000
R_005055,EQ_00097,SITE_024,OP_0093,2025-07-22,2025-08-09,,18,Active,1,324000
R_005056,EQ_00182,SITE_010,OP_0311,2025-10-28,2025-12-05,,38,Active,0,684000
R_005057,EQ_00382,SITE_014,OP_0102,2024-06-09,2024-06-25,2024-06-25,16,Returned,0,112000
R_005058,EQ_00300,SITE_018,OP_0154,2024-04-14,2024-05-28,2024-05-28,44,Returned,0,308000
R_005059,EQ_00132,SITE_022,OP_0033,2024-09-19,2024-10-20,2024-10-20,31,Returned,1,217000
R_005060,EQ_00580,SITE_023,OP_0237,2025-12-09,2026-01-16,,38,Active,0,608000
R_005061,EQ_00139,SITE_015,OP_0153,2026-02-11,2026-03-14,2026-03-14,31,Returned,0,558000
R_005062,EQ_00001,SITE_006,OP_0068,2024-10-27,2024-11-16,,20,Active,0,440000
R_005063,EQ_00102,SITE_005,OP_0198,2026-02-16,2026-03-31,2026-03-31,43,Returned,1,602000
R_005064,EQ_00648,SITE_027,OP_0037,2026-02-23,2026-04-01,2026-04-03,37,Overdue Returned,1,666000
R_005065,EQ_00352,SITE_024,OP_0211,2024-03-17,2024-04-17,,31,Overdue,0,434000
R_005066,EQ_00509,SITE_005,OP_0215,2025-07-02,2025-07-12,2025-07-12,10,Returned,0,220000
R_005067,EQ_00597,SITE_018,OP_0140,2024-09-09,2024-10-10,2024-10-10,31,Returned,0,682000
R_005068,EQ_00721,SITE_025,OP_0090,2024-09-02,2024-09-17,2024-09-17,15,Returned,0,270000
R_005069,EQ_00606,SITE_016,OP_0069,2024-07-01,2024-08-07,2024-08-07,37,Returned,0,666000
R_005070,EQ_00217,SITE_022,OP_0143,2026-01-31,2026-02-20,2026-02-20,20,Returned,1,360000
R_005071,EQ_00497,SITE_021,OP_0248,2024-02-01,2024-02-15,2024-02-15,14,Returned,0,126000
R_005072,EQ_00350,SITE_014,OP_0216,2024-03-07,2024-04-13,2024-04-13,37,Returned,0,518000
R_005073,EQ_00251,SITE_008,OP_0229,2026-06-28,2026-07-25,2026-07-24,27,Returned,0,243000
R_005074,EQ_00159,SITE_001,OP_0350,2024-03-21,2024-05-01,2024-04-28,41,Returned,0,287000
R_005075,EQ_00553,SITE_024,OP_0128,2024-10-12,2024-10-15,2024-10-15,3,Returned,0,21000
R_005076,EQ_00018,SITE_022,OP_0127,2026-01-20,2026-02-20,2026-02-20,31,Returned,0,434000
R_005077,EQ_00526,SITE_001,OP_0016,2024-01-22,2024-02-01,2024-02-01,10,Returned,0,70000
R_005078,EQ_00706,SITE_030,OP_0037,2026-03-09,2026-03-21,2026-03-21,12,Returned,0,216000
R_005079,EQ_00276,SITE_020,OP_0235,2024-12-14,2024-12-22,2024-12-22,8,Returned,0,112000
R_005080,EQ_00631,SITE_026,OP_0283,2026-05-07,2026-06-19,2026-06-19,43,Returned,0,688000
R_005081,EQ_00519,SITE_019,OP_0015,2025-09-28,2025-10-21,2025-10-21,23,Returned,0,207000
R_005082,EQ_00025,SITE_024,OP_0029,2024-12-31,2025-01-18,,18,Active,0,252000
R_005083,EQ_00328,SITE_012,OP_0334,2024-09-11,2024-09-18,,7,Overdue,0,154000
R_005084,EQ_00338,SITE_025,OP_0148,2025-10-25,2025-11-14,2025-11-19,20,Overdue Returned,0,280000
R_005085,EQ_00289,SITE_010,OP_0234,2024-11-21,2024-12-26,2024-12-26,35,Returned,0,630000
R_005086,EQ_00344,SITE_013,OP_0326,2025-04-03,2025-04-09,2025-04-09,6,Returned,0,180000
R_005087,EQ_00515,SITE_008,OP_0163,2026-06-25,2026-07-25,,30,Overdue,0,540000
R_005088,EQ_00567,SITE_011,OP_0219,2026-02-16,2026-03-15,2026-03-15,27,Returned,1,378000
R_005089,EQ_00688,SITE_022,OP_0193,2025-07-23,2025-08-18,2025-08-17,26,Returned,0,468000
R_005090,EQ_00360,SITE_025,OP_0194,2025-05-09,2025-06-03,2025-06-03,25,Returned,0,350000
R_005091,EQ_00006,SITE_023,OP_0215,2025-12-20,2026-01-13,2026-01-10,24,Returned,0,336000
R_005092,EQ_00264,SITE_005,OP_0040,2025-02-06,2025-02-20,2025-02-21,14,Overdue Returned,0,196000
R_005093,EQ_00653,SITE_008,OP_0216,2026-04-06,2026-04-22,,16,Active,0,352000
R_005094,EQ_00301,SITE_008,OP_0250,2024-08-17,2024-09-04,2024-09-04,18,Returned,0,396000
R_005095,EQ_00393,SITE_021,OP_0276,2026-05-22,2026-05-30,2026-05-27,8,Returned,0,144000
R_005096,EQ_00503,SITE_026,OP_0267,2024-11-09,2024-12-17,2024-12-17,38,Returned,0,266000
R_005097,EQ_00796,SITE_002,OP_0208,2024-06-14,2024-06-22,2024-06-23,8,Overdue Returned,1,56000
R_005098,EQ_00046,SITE_005,OP_0039,2026-07-21,2026-09-01,,42,Active,1,1260000
R_005099,EQ_00381,SITE_030,OP_0237,2026-04-18,2026-04-29,,11,Active,0,99000
R_005100,EQ_00179,SITE_001,OP_0055,2024-08-07,2024-08-18,2024-08-28,11,Overdue Returned,0,99000
R_005101,EQ_00315,SITE_014,OP_0185,2025-06-28,2025-07-09,,11,Active,0,198000
R_005102,EQ_00241,SITE_026,OP_0204,2025-02-18,2025-03-18,2025-03-23,28,Overdue Returned,1,196000
R_005103,EQ_00241,SITE_030,OP_0099,2025-03-20,2025-03-26,,6,Active,1,42000
R_005104,EQ_00581,SITE_015,OP_0030,2024-11-08,2024-12-10,2024-12-10,32,Returned,1,512000
R_005105,EQ_00073,SITE_018,OP_0277,2025-11-21,2025-12-09,2025-12-09,18,Returned,0,324000
R_005106,EQ_00124,SITE_001,OP_0146,2025-06-06,2025-07-11,,35,Active,1,490000
R_005107,EQ_00273,SITE_019,OP_0168,2024-10-07,2024-10-11,,4,Active,0,88000
R_005108,EQ_00381,SITE_004,OP_0276,2025-04-07,2025-04-11,2025-04-11,4,Returned,0,36000
R_005109,EQ_00629,SITE_024,OP_0096,2025-07-16,2025-08-08,,23,Active,0,207000
R_005110,EQ_00696,SITE_016,OP_0122,2024-08-07,2024-08-25,2024-08-25,18,Returned,0,126000
R_005111,EQ_00041,SITE_012,OP_0111,2025-01-12,2025-01-31,2025-01-31,19,Returned,1,342000
R_005112,EQ_00142,SITE_022,OP_0291,2025-09-08,2025-10-13,,35,Active,0,315000
R_005113,EQ_00118,SITE_008,OP_0289,2025-10-05,2025-11-04,2025-11-04,30,Returned,1,270000
R_005114,EQ_00663,SITE_013,OP_0217,2024-03-02,2024-03-06,2024-03-05,4,Returned,0,56000
R_005115,EQ_00793,SITE_013,OP_0107,2026-04-28,2026-05-08,2026-05-09,10,Overdue Returned,0,70000
R_005116,EQ_00151,SITE_011,OP_0304,2024-01-07,2024-02-01,2024-02-01,25,Returned,0,450000
R_005117,EQ_00735,SITE_020,OP_0081,2026-02-28,2026-03-04,,4,Active,0,64000
R_005118,EQ_00152,SITE_021,OP_0259,2026-05-10,2026-05-16,,6,Active,0,108000
R_005119,EQ_00323,SITE_011,OP_0086,2025-01-13,2025-01-19,2025-01-16,6,Returned,0,54000
R_005120,EQ_00235,SITE_023,OP_0093,2025-10-29,2025-11-22,2025-11-22,24,Returned,1,336000
R_005121,EQ_00773,SITE_018,OP_0061,2024-04-20,2024-05-16,2024-05-16,26,Returned,1,416000
R_005122,EQ_00346,SITE_030,OP_0114,2026-06-01,2026-07-13,,42,Overdue,0,924000
R_005123,EQ_00311,SITE_020,OP_0208,2025-01-28,2025-02-27,,30,Overdue,0,210000
R_005124,EQ_00748,SITE_004,OP_0312,2025-03-01,2025-04-12,2025-04-12,42,Returned,1,378000
R_005125,EQ_00200,SITE_017,OP_0171,2025-08-08,2025-09-14,2025-09-14,37,Returned,0,259000
R_005126,EQ_00619,SITE_017,OP_0349,2025-01-03,2025-01-25,2025-01-25,22,Returned,0,660000
R_005127,EQ_00241,SITE_011,OP_0348,2024-08-24,2024-10-04,,41,Active,0,287000
R_005128,EQ_00503,SITE_014,OP_0131,2026-03-14,2026-04-06,2026-04-06,23,Returned,1,161000
R_005129,EQ_00738,SITE_013,OP_0093,2025-10-27,2025-11-04,2025-11-04,8,Returned,0,56000
R_005130,EQ_00789,SITE_018,OP_0279,2024-09-26,2024-10-08,,12,Active,1,192000
R_005131,EQ_00039,SITE_004,OP_0191,2024-01-24,2024-02-27,,34,Active,0,306000
R_005132,EQ_00027,SITE_011,OP_0278,2025-02-09,2025-03-16,2025-03-21,35,Overdue Returned,0,1050000
R_005133,EQ_00545,SITE_027,OP_0133,2024-11-26,2024-12-04,,8,Active,0,240000
R_005134,EQ_00619,SITE_015,OP_0043,2024-01-01,2024-01-18,,17,Active,0,510000
R_005135,EQ_00771,SITE_024,OP_0185,2026-05-16,2026-06-27,,42,Active,0,1260000
R_005136,EQ_00163,SITE_012,OP_0261,2026-06-29,2026-07-15,2026-07-15,16,Returned,0,256000
R_005137,EQ_00514,SITE_011,OP_0260,2024-02-29,2024-03-17,2024-03-19,17,Overdue Returned,0,510000
R_005138,EQ_00248,SITE_024,OP_0015,2025-10-05,2025-10-08,2025-10-08,3,Returned,0,66000
R_005139,EQ_00637,SITE_019,OP_0184,2026-07-13,2026-08-13,2026-08-15,31,Overdue Returned,1,930000
R_005140,EQ_00184,SITE_024,OP_0217,2025-10-01,2025-10-28,,27,Active,0,378000
R_005141,EQ_00548,SITE_005,OP_0112,2024-05-02,2024-05-08,,6,Active,1,42000
R_005142,EQ_00658,SITE_007,OP_0160,2024-03-31,2024-04-28,2024-04-29,28,Overdue Returned,1,504000
R_005143,EQ_00727,SITE_013,OP_0026,2026-03-31,2026-04-26,2026-04-26,26,Returned,0,780000
R_005144,EQ_00609,SITE_021,OP_0260,2025-01-12,2025-01-28,2025-01-29,16,Overdue Returned,0,224000
R_005145,EQ_00543,SITE_021,OP_0311,2025-12-03,2025-12-19,2025-12-19,16,Returned,1,288000
R_005146,EQ_00251,SITE_015,OP_0117,2025-02-20,2025-03-06,2025-03-06,14,Returned,1,126000
R_005147,EQ_00726,SITE_006,OP_0003,2026-04-10,2026-04-25,,15,Active,1,105000
R_005148,EQ_00205,SITE_022,OP_0259,2025-02-25,2025-03-24,2025-03-29,27,Overdue Returned,0,243000
R_005149,EQ_00029,SITE_002,OP_0053,2024-05-21,2024-06-14,2024-06-15,24,Overdue Returned,1,336000
R_005150,EQ_00064,SITE_007,OP_0020,2025-12-03,2026-01-08,2026-01-13,36,Overdue Returned,0,1080000
R_005151,EQ_00230,SITE_012,OP_0145,2026-07-24,2026-08-11,,18,Active,0,324000
R_005152,EQ_00446,SITE_004,OP_0122,2025-09-24,2025-10-31,2025-10-31,37,Returned,0,814000
R_005153,EQ_00509,SITE_015,OP_0240,2026-04-08,2026-05-16,2026-05-17,38,Overdue Returned,0,836000
R_005154,EQ_00586,SITE_017,OP_0151,2025-09-23,2025-09-29,2025-09-27,6,Returned,0,132000
R_005155,EQ_00036,SITE_021,OP_0258,2024-09-01,2024-10-03,2024-10-05,32,Overdue Returned,0,704000
R_005156,EQ_00078,SITE_003,OP_0221,2024-09-17,2024-10-10,2024-10-08,23,Returned,0,161000
R_005157,EQ_00264,SITE_027,OP_0009,2024-06-17,2024-07-11,2024-07-09,24,Returned,0,336000
R_005158,EQ_00018,SITE_006,OP_0059,2025-12-01,2026-01-04,2026-01-01,34,Returned,0,476000
R_005159,EQ_00081,SITE_020,OP_0198,2025-11-02,2025-11-25,2025-11-26,23,Overdue Returned,0,207000
R_005160,EQ_00722,SITE_001,OP_0249,2026-07-12,2026-08-08,2026-08-08,27,Returned,0,243000
R_005161,EQ_00239,SITE_006,OP_0299,2025-11-12,2025-12-18,2025-12-18,36,Returned,1,504000
R_005162,EQ_00563,SITE_020,OP_0316,2025-12-12,2026-01-04,2026-01-09,23,Overdue Returned,0,414000
R_005163,EQ_00269,SITE_007,OP_0049,2025-08-18,2025-09-11,2025-09-11,24,Returned,0,432000
R_005164,EQ_00620,SITE_029,OP_0314,2025-04-16,2025-04-23,2025-04-23,7,Returned,1,98000
R_005165,EQ_00753,SITE_024,OP_0126,2025-03-08,2025-03-13,2025-03-13,5,Returned,1,35000
R_005166,EQ_00217,SITE_026,OP_0255,2025-04-27,2025-06-06,2025-06-06,40,Returned,0,720000
R_005167,EQ_00022,SITE_022,OP_0153,2025-12-29,2026-01-06,2026-01-06,8,Returned,0,112000
R_005168,EQ_00461,SITE_013,OP_0215,2024-11-05,2024-12-04,2024-12-03,29,Returned,0,406000
R_005169,EQ_00108,SITE_006,OP_0252,2024-07-24,2024-08-11,2024-08-09,18,Returned,0,396000
R_005170,EQ_00139,SITE_016,OP_0095,2025-09-10,2025-10-25,2025-10-25,45,Returned,1,810000
R_005171,EQ_00113,SITE_022,OP_0228,2025-03-21,2025-04-09,2025-04-09,19,Returned,1,133000
R_005172,EQ_00024,SITE_005,OP_0200,2025-08-12,2025-08-22,2025-08-22,10,Returned,0,220000
R_005173,EQ_00510,SITE_009,OP_0162,2025-10-14,2025-10-24,2025-10-22,10,Returned,0,90000
R_005174,EQ_00183,SITE_015,OP_0241,2026-03-19,2026-04-14,,26,Active,1,364000
R_005175,EQ_00454,SITE_030,OP_0265,2024-08-17,2024-09-08,2024-09-08,22,Returned,1,198000
R_005176,EQ_00594,SITE_021,OP_0257,2026-05-03,2026-06-16,2026-06-16,44,Returned,0,308000
R_005177,EQ_00733,SITE_016,OP_0304,2024-07-25,2024-08-10,2024-08-10,16,Returned,0,112000
R_005178,EQ_00497,SITE_022,OP_0008,2024-04-23,2024-06-04,2024-06-04,42,Returned,0,378000
R_005179,EQ_00469,SITE_006,OP_0344,2025-04-14,2025-05-10,2025-05-10,26,Returned,0,468000
R_005180,EQ_00156,SITE_014,OP_0065,2025-01-22,2025-02-03,2025-02-03,12,Returned,0,360000
R_005181,EQ_00033,SITE_007,OP_0347,2025-10-24,2025-11-06,2025-11-06,13,Returned,0,234000
R_005182,EQ_00345,SITE_020,OP_0185,2025-04-20,2025-05-09,2025-05-10,19,Overdue Returned,0,418000
R_005183,EQ_00628,SITE_002,OP_0172,2025-01-08,2025-02-20,2025-02-20,43,Returned,0,602000
R_005184,EQ_00333,SITE_008,OP_0199,2024-08-07,2024-09-04,2024-09-02,28,Returned,0,252000
R_005185,EQ_00043,SITE_014,OP_0181,2025-12-20,2026-01-01,2026-01-01,12,Returned,0,192000
R_005186,EQ_00365,SITE_005,OP_0163,2025-05-29,2025-06-04,2025-06-04,6,Returned,0,108000
R_005187,EQ_00745,SITE_001,OP_0336,2024-07-15,2024-08-25,2024-08-22,41,Returned,0,738000
R_005188,EQ_00050,SITE_011,OP_0295,2024-06-22,2024-08-04,,43,Active,1,301000
R_005189,EQ_00753,SITE_015,OP_0091,2026-04-26,2026-05-19,2026-05-20,23,Overdue Returned,0,161000
R_005190,EQ_00550,SITE_016,OP_0201,2024-03-07,2024-04-10,,34,Overdue,0,476000
R_005191,EQ_00639,SITE_016,OP_0281,2024-05-28,2024-06-29,2024-06-29,32,Returned,0,576000
R_005192,EQ_00496,SITE_012,OP_0148,2025-06-23,2025-07-21,2025-07-26,28,Overdue Returned,0,252000
R_005193,EQ_00428,SITE_026,OP_0133,2025-01-09,2025-01-24,2025-01-24,15,Returned,0,270000
R_005194,EQ_00457,SITE_025,OP_0021,2024-12-08,2025-01-10,2025-01-10,33,Returned,0,231000
R_005195,EQ_00447,SITE_028,OP_0238,2026-07-23,2026-07-30,,7,Active,1,63000
R_005196,EQ_00651,SITE_018,OP_0320,2026-04-03,2026-05-16,2026-05-15,43,Returned,0,688000
R_005197,EQ_00719,SITE_005,OP_0025,2025-03-24,2025-04-27,2025-04-28,34,Overdue Returned,1,476000
R_005198,EQ_00589,SITE_028,OP_0270,2024-03-27,2024-04-07,2024-04-07,11,Returned,0,154000
R_005199,EQ_00731,SITE_010,OP_0343,2026-06-03,2026-06-10,2026-06-10,7,Returned,0,126000
R_005200,EQ_00695,SITE_001,OP_0297,2025-03-28,2025-05-07,2025-05-12,40,Overdue Returned,1,720000
R_005201,EQ_00300,SITE_016,OP_0114,2024-02-09,2024-03-20,2024-03-30,40,Overdue Returned,0,280000
R_005202,EQ_00451,SITE_014,OP_0037,2025-04-06,2025-04-27,2025-04-29,21,Overdue Returned,0,630000
R_005203,EQ_00039,SITE_022,OP_0211,2024-08-07,2024-08-25,2024-08-27,18,Overdue Returned,1,162000
R_005204,EQ_00688,SITE_020,OP_0293,2026-05-08,2026-05-16,,8,Active,0,144000
R_005205,EQ_00204,SITE_030,OP_0124,2024-06-26,2024-07-03,2024-07-01,7,Returned,0,98000
R_005206,EQ_00635,SITE_006,OP_0348,2025-03-10,2025-03-26,2025-03-28,16,Overdue Returned,1,352000
R_005207,EQ_00603,SITE_013,OP_0344,2025-07-01,2025-08-05,2025-08-03,35,Returned,0,630000
R_005208,EQ_00788,SITE_013,OP_0242,2024-12-26,2025-01-28,2025-01-28,33,Returned,1,594000
R_005209,EQ_00155,SITE_012,OP_0182,2024-02-17,2024-03-09,,21,Active,0,462000
R_005210,EQ_00250,SITE_027,OP_0079,2024-11-25,2025-01-07,2025-01-12,43,Overdue Returned,0,301000
R_005211,EQ_00759,SITE_027,OP_0338,2025-03-22,2025-04-07,2025-04-07,16,Returned,0,352000
R_005212,EQ_00308,SITE_019,OP_0082,2025-09-22,2025-10-15,2025-10-16,23,Overdue Returned,0,207000
R_005213,EQ_00232,SITE_009,OP_0256,2025-02-07,2025-02-13,2025-02-14,6,Overdue Returned,1,108000
R_005214,EQ_00099,SITE_014,OP_0248,2024-01-02,2024-01-22,2024-01-22,20,Returned,0,140000
R_005215,EQ_00392,SITE_027,OP_0140,2025-01-09,2025-01-18,2025-01-18,9,Returned,0,81000
R_005216,EQ_00578,SITE_002,OP_0186,2026-07-12,2026-07-19,2026-07-19,7,Returned,0,154000
R_005217,EQ_00273,SITE_005,OP_0295,2026-08-06,2026-08-25,,19,Active,0,418000
R_005218,EQ_00074,SITE_027,OP_0078,2025-01-15,2025-01-22,2025-01-22,7,Returned,0,63000
R_005219,EQ_00532,SITE_021,OP_0221,2025-02-02,2025-02-26,,24,Overdue,0,168000
R_005220,EQ_00139,SITE_004,OP_0138,2024-09-01,2024-10-10,2024-10-10,39,Returned,0,702000
R_005221,EQ_00354,SITE_019,OP_0205,2024-04-12,2024-04-17,2024-04-22,5,Overdue Returned,0,90000
R_005222,EQ_00101,SITE_003,OP_0178,2025-11-11,2025-11-16,2025-11-16,5,Returned,1,150000
R_005223,EQ_00692,SITE_020,OP_0111,2024-05-27,2024-06-05,2024-06-04,9,Returned,0,162000
R_005224,EQ_00027,SITE_003,OP_0154,2024-07-18,2024-08-21,2024-08-21,34,Returned,1,1020000
R_005225,EQ_00031,SITE_004,OP_0337,2024-11-26,2024-12-31,2024-12-28,35,Returned,0,315000
R_005226,EQ_00730,SITE_010,OP_0048,2024-01-31,2024-02-15,,15,Active,0,105000
R_005227,EQ_00042,SITE_019,OP_0244,2024-05-24,2024-06-14,,21,Active,0,147000
R_005228,EQ_00744,SITE_015,OP_0142,2026-07-22,2026-08-12,2026-08-12,21,Returned,0,462000
R_005229,EQ_00676,SITE_007,OP_0146,2025-09-25,2025-09-30,2025-09-30,5,Returned,1,150000
R_005230,EQ_00543,SITE_020,OP_0018,2025-08-09,2025-08-31,,22,Active,0,396000
R_005231,EQ_00681,SITE_028,OP_0220,2025-11-11,2025-12-09,2025-12-09,28,Returned,0,252000
R_005232,EQ_00623,SITE_030,OP_0320,2025-11-01,2025-12-02,,31,Active,0,217000
R_005233,EQ_00203,SITE_014,OP_0034,2024-05-08,2024-05-27,2024-06-01,19,Overdue Returned,0,570000
R_005234,EQ_00319,SITE_019,OP_0291,2026-05-27,2026-06-21,2026-06-18,25,Returned,0,225000
R_005235,EQ_00757,SITE_011,OP_0231,2026-07-21,2026-08-30,2026-09-01,40,Overdue Returned,0,1200000
R_005236,EQ_00593,SITE_002,OP_0009,2024-04-22,2024-06-05,2024-06-02,44,Returned,1,396000
R_005237,EQ_00521,SITE_022,OP_0150,2024-03-19,2024-04-12,2024-04-12,24,Returned,0,216000
R_005238,EQ_00512,SITE_003,OP_0220,2024-01-22,2024-02-12,2024-02-13,21,Overdue Returned,0,189000
R_005239,EQ_00779,SITE_008,OP_0115,2025-08-10,2025-09-07,2025-09-17,28,Overdue Returned,1,504000
R_005240,EQ_00488,SITE_013,OP_0157,2025-08-17,2025-08-28,2025-08-28,11,Returned,0,198000
R_005241,EQ_00156,SITE_001,OP_0218,2024-10-12,2024-11-14,2024-11-14,33,Returned,0,990000
R_005242,EQ_00430,SITE_021,OP_0142,2024-12-31,2025-01-12,2025-01-12,12,Returned,0,168000
R_005243,EQ_00728,SITE_011,OP_0333,2024-09-22,2024-10-08,2024-10-08,16,Returned,0,352000
R_005244,EQ_00239,SITE_029,OP_0143,2025-10-26,2025-11-25,2025-11-22,30,Returned,0,420000
R_005245,EQ_00644,SITE_011,OP_0324,2024-08-20,2024-09-10,2024-09-10,21,Returned,0,378000
R_005246,EQ_00664,SITE_029,OP_0189,2026-02-22,2026-03-20,,26,Active,0,572000
R_005247,EQ_00590,SITE_009,OP_0150,2025-07-31,2025-08-28,,28,Active,0,392000
R_005248,EQ_00583,SITE_027,OP_0172,2024-01-29,2024-02-06,,8,Active,0,144000
R_005249,EQ_00529,SITE_005,OP_0276,2025-03-12,2025-03-24,2025-03-24,12,Returned,0,264000
R_005250,EQ_00449,SITE_019,OP_0228,2025-11-20,2025-12-03,,13,Overdue,0,390000
R_005251,EQ_00215,SITE_008,OP_0009,2025-02-23,2025-04-07,2025-04-12,43,Overdue Returned,0,774000
R_005252,EQ_00716,SITE_019,OP_0071,2024-12-04,2025-01-07,2025-01-07,34,Returned,0,748000
R_005253,EQ_00432,SITE_022,OP_0209,2024-01-23,2024-02-20,2024-02-19,28,Returned,0,504000
R_005254,EQ_00185,SITE_027,OP_0012,2025-10-10,2025-10-28,2025-10-27,18,Returned,0,126000
R_005255,EQ_00314,SITE_005,OP_0339,2026-02-23,2026-03-18,2026-03-16,23,Returned,0,207000
R_005256,EQ_00076,SITE_019,OP_0015,2025-08-06,2025-08-28,2025-08-28,22,Returned,0,396000
R_005257,EQ_00787,SITE_022,OP_0235,2024-10-21,2024-11-13,,23,Active,0,322000
R_005258,EQ_00156,SITE_018,OP_0280,2026-07-15,2026-08-12,2026-08-12,28,Returned,0,840000
R_005259,EQ_00088,SITE_012,OP_0077,2025-07-15,2025-08-19,2025-08-24,35,Overdue Returned,0,770000
R_005260,EQ_00784,SITE_016,OP_0072,2026-01-08,2026-01-15,2026-01-20,7,Overdue Returned,0,98000
R_005261,EQ_00655,SITE_015,OP_0030,2026-01-29,2026-03-09,,39,Overdue,0,702000
R_005262,EQ_00379,SITE_016,OP_0241,2024-06-30,2024-07-29,2024-08-03,29,Overdue Returned,0,870000
R_005263,EQ_00537,SITE_017,OP_0141,2024-11-16,2024-12-17,2024-12-17,31,Returned,0,217000
R_005264,EQ_00706,SITE_018,OP_0239,2024-10-27,2024-11-14,2024-11-14,18,Returned,1,324000
R_005265,EQ_00401,SITE_026,OP_0012,2025-09-24,2025-11-01,2025-11-11,38,Overdue Returned,0,266000
R_005266,EQ_00660,SITE_021,OP_0126,2026-03-20,2026-04-07,,18,Active,1,126000
R_005267,EQ_00153,SITE_029,OP_0150,2025-08-14,2025-09-12,2025-09-13,29,Overdue Returned,0,522000
R_005268,EQ_00198,SITE_022,OP_0172,2024-01-19,2024-02-21,2024-02-21,33,Returned,1,726000
R_005269,EQ_00587,SITE_026,OP_0246,2026-06-12,2026-06-18,2026-06-15,6,Returned,0,54000
R_005270,EQ_00260,SITE_012,OP_0045,2024-04-17,2024-05-25,2024-05-25,38,Returned,0,342000
R_005271,EQ_00389,SITE_024,OP_0183,2026-01-23,2026-02-15,,23,Active,0,322000
R_005272,EQ_00290,SITE_024,OP_0092,2025-12-12,2026-01-22,2026-02-01,41,Overdue Returned,0,287000
R_005273,EQ_00687,SITE_019,OP_0030,2026-05-19,2026-05-30,2026-06-01,11,Overdue Returned,0,242000
R_005274,EQ_00144,SITE_025,OP_0293,2025-06-02,2025-07-12,2025-07-12,40,Returned,0,720000
R_005275,EQ_00688,SITE_012,OP_0092,2024-10-31,2024-12-07,2024-12-07,37,Returned,0,666000
R_005276,EQ_00417,SITE_019,OP_0081,2024-06-22,2024-07-29,,37,Active,0,518000
R_005277,EQ_00371,SITE_026,OP_0002,2026-03-31,2026-04-10,2026-04-15,10,Overdue Returned,0,90000
R_005278,EQ_00209,SITE_024,OP_0259,2026-01-03,2026-01-07,2026-01-08,4,Overdue Returned,0,88000
R_005279,EQ_00085,SITE_019,OP_0200,2024-01-28,2024-02-16,,19,Active,0,342000
R_005280,EQ_00097,SITE_010,OP_0336,2024-10-18,2024-11-07,,20,Active,1,360000
R_005281,EQ_00667,SITE_026,OP_0299,2026-03-27,2026-04-05,2026-04-07,9,Overdue Returned,0,81000
R_005282,EQ_00290,SITE_029,OP_0273,2026-01-27,2026-02-24,2026-02-26,28,Overdue Returned,0,196000
R_005283,EQ_00191,SITE_023,OP_0108,2025-01-30,2025-03-01,2025-03-02,30,Overdue Returned,0,420000
R_005284,EQ_00398,SITE_019,OP_0295,2026-07-06,2026-07-24,2026-07-24,18,Returned,0,162000
R_005285,EQ_00313,SITE_006,OP_0135,2026-06-19,2026-07-10,2026-07-09,21,Returned,0,462000
R_005286,EQ_00608,SITE_011,OP_0049,2024-07-08,2024-08-10,2024-08-10,33,Returned,0,594000
R_005287,EQ_00099,SITE_029,OP_0324,2025-07-06,2025-07-31,2025-07-31,25,Returned,0,175000
R_005288,EQ_00647,SITE_010,OP_0314,2025-04-27,2025-06-03,2025-06-03,37,Returned,0,666000
R_005289,EQ_00622,SITE_009,OP_0091,2025-07-10,2025-08-20,2025-08-20,41,Returned,0,738000
R_005290,EQ_00041,SITE_002,OP_0001,2025-08-30,2025-09-11,2025-09-11,12,Returned,0,216000
R_005291,EQ_00575,SITE_026,OP_0187,2026-06-19,2026-07-26,2026-07-27,37,Overdue Returned,1,259000
R_005292,EQ_00133,SITE_002,OP_0061,2025-02-23,2025-03-29,2025-03-29,34,Returned,0,476000
R_005293,EQ_00744,SITE_008,OP_0014,2025-12-13,2026-01-15,2026-01-15,33,Returned,0,726000
R_005294,EQ_00416,SITE_027,OP_0181,2025-08-30,2025-10-14,2025-10-13,45,Returned,0,720000
R_005295,EQ_00322,SITE_017,OP_0107,2024-07-28,2024-08-18,,21,Active,0,378000
R_005296,EQ_00704,SITE_028,OP_0206,2025-06-24,2025-07-26,2025-07-26,32,Returned,1,704000
R_005297,EQ_00312,SITE_014,OP_0217,2025-04-02,2025-04-24,2025-04-24,22,Returned,1,198000
R_005298,EQ_00442,SITE_019,OP_0159,2025-09-14,2025-10-18,2025-10-18,34,Returned,0,544000
R_005299,EQ_00397,SITE_008,OP_0319,2025-05-29,2025-06-24,2025-06-22,26,Returned,1,780000
R_005300,EQ_00375,SITE_001,OP_0179,2026-03-27,2026-03-30,2026-03-30,3,Returned,0,27000
R_005301,EQ_00518,SITE_020,OP_0298,2026-07-27,2026-08-01,,5,Overdue,0,45000
R_005302,EQ_00687,SITE_003,OP_0026,2026-07-25,2026-08-09,2026-08-07,15,Returned,0,330000
R_005303,EQ_00109,SITE_026,OP_0010,2026-04-30,2026-05-12,,12,Active,0,264000
R_005304,EQ_00484,SITE_029,OP_0155,2025-03-04,2025-03-13,,9,Active,0,81000
R_005305,EQ_00607,SITE_011,OP_0002,2024-05-02,2024-06-12,,41,Active,0,656000
R_005306,EQ_00640,SITE_014,OP_0350,2026-04-08,2026-04-27,,19,Active,0,266000
R_005307,EQ_00519,SITE_023,OP_0102,2026-05-21,2026-06-05,2026-06-07,15,Overdue Returned,0,135000
R_005308,EQ_00665,SITE_015,OP_0189,2025-04-28,2025-05-02,2025-05-02,4,Returned,1,28000
R_005309,EQ_00402,SITE_017,OP_0326,2025-01-25,2025-02-06,2025-02-06,12,Returned,0,360000
R_005310,EQ_00052,SITE_006,OP_0082,2025-08-26,2025-09-24,2025-09-24,29,Returned,0,406000
R_005311,EQ_00355,SITE_009,OP_0330,2024-12-30,2025-02-07,,39,Active,1,624000
R_005312,EQ_00705,SITE_005,OP_0017,2025-06-08,2025-07-06,2025-07-06,28,Returned,0,252000
R_005313,EQ_00429,SITE_014,OP_0073,2025-09-13,2025-10-21,,38,Active,0,342000
R_005314,EQ_00244,SITE_009,OP_0120,2025-03-12,2025-04-23,2025-04-21,42,Returned,1,756000
R_005315,EQ_00406,SITE_005,OP_0196,2025-11-09,2025-12-09,2025-12-07,30,Returned,0,900000
R_005316,EQ_00450,SITE_001,OP_0058,2025-05-27,2025-06-16,2025-06-16,20,Returned,0,280000
R_005317,EQ_00356,SITE_016,OP_0271,2025-11-27,2026-01-11,2026-01-11,45,Returned,1,1350000
R_005318,EQ_00509,SITE_015,OP_0071,2024-12-14,2025-01-11,2025-01-11,28,Returned,0,616000
R_005319,EQ_00421,SITE_014,OP_0196,2025-07-06,2025-07-27,2025-07-26,21,Returned,0,147000
R_005320,EQ_00691,SITE_003,OP_0312,2026-01-05,2026-01-23,2026-01-23,18,Returned,1,324000
R_005321,EQ_00054,SITE_013,OP_0210,2025-05-09,2025-05-19,2025-05-19,10,Returned,0,70000
R_005322,EQ_00675,SITE_018,OP_0268,2026-01-05,2026-02-13,2026-02-13,39,Returned,0,702000
R_005323,EQ_00356,SITE_002,OP_0094,2024-10-19,2024-10-23,,4,Overdue,1,120000
R_005324,EQ_00610,SITE_028,OP_0175,2024-08-18,2024-08-24,2024-08-24,6,Returned,1,84000
R_005325,EQ_00219,SITE_012,OP_0116,2025-05-15,2025-06-28,2025-06-28,44,Returned,1,792000
R_005326,EQ_00517,SITE_026,OP_0061,2026-07-23,2026-08-27,2026-08-27,35,Returned,0,770000
R_005327,EQ_00687,SITE_013,OP_0144,2024-08-23,2024-09-10,,18,Active,1,396000
R_005328,EQ_00296,SITE_014,OP_0062,2024-03-06,2024-03-18,2024-03-20,12,Overdue Returned,0,192000
R_005329,EQ_00149,SITE_021,OP_0052,2025-03-16,2025-04-14,2025-04-14,29,Returned,0,522000
R_005330,EQ_00449,SITE_014,OP_0112,2026-08-05,2026-09-12,2026-09-12,38,Returned,0,1140000
R_005331,EQ_00261,SITE_023,OP_0100,2024-03-30,2024-04-27,2024-04-27,28,Returned,0,616000
R_005332,EQ_00163,SITE_016,OP_0080,2024-08-26,2024-10-06,2024-10-06,41,Returned,0,656000
R_005333,EQ_00137,SITE_003,OP_0312,2024-03-03,2024-03-27,2024-03-27,24,Returned,1,216000
R_005334,EQ_00176,SITE_016,OP_0066,2024-04-20,2024-04-30,2024-05-05,10,Overdue Returned,0,70000
R_005335,EQ_00603,SITE_001,OP_0247,2025-11-01,2025-12-04,2025-12-04,33,Returned,0,594000
R_005336,EQ_00528,SITE_002,OP_0179,2024-05-01,2024-06-12,2024-06-12,42,Returned,0,588000
R_005337,EQ_00538,SITE_020,OP_0042,2026-05-13,2026-06-12,,30,Active,0,480000
R_005338,EQ_00390,SITE_027,OP_0245,2024-05-15,2024-06-22,2024-06-22,38,Returned,0,684000
R_005339,EQ_00044,SITE_024,OP_0336,2024-02-03,2024-02-10,,7,Active,1,126000
R_005340,EQ_00747,SITE_025,OP_0025,2024-09-26,2024-10-11,2024-10-11,15,Returned,0,105000
R_005341,EQ_00051,SITE_021,OP_0224,2026-04-12,2026-05-09,2026-05-14,27,Overdue Returned,0,432000
R_005342,EQ_00546,SITE_015,OP_0302,2024-10-31,2024-12-02,2024-12-02,32,Returned,0,288000
R_005343,EQ_00390,SITE_013,OP_0280,2024-05-27,2024-07-05,2024-07-05,39,Returned,0,702000
R_005344,EQ_00496,SITE_012,OP_0326,2024-11-23,2025-01-01,2024-12-30,39,Returned,0,351000
R_005345,EQ_00225,SITE_001,OP_0267,2025-08-30,2025-09-21,2025-09-18,22,Returned,0,198000
R_005346,EQ_00652,SITE_015,OP_0051,2024-02-13,2024-02-25,2024-02-25,12,Returned,0,264000
R_005347,EQ_00513,SITE_004,OP_0276,2025-04-21,2025-05-12,2025-05-11,21,Returned,0,378000
R_005348,EQ_00696,SITE_016,OP_0203,2025-10-27,2025-12-08,2025-12-07,42,Returned,0,294000
R_005349,EQ_00583,SITE_018,OP_0266,2024-11-18,2025-01-01,2024-12-31,44,Returned,0,792000
R_005350,EQ_00717,SITE_029,OP_0305,2026-04-16,2026-05-16,2026-05-16,30,Returned,0,270000
R_005351,EQ_00682,SITE_020,OP_0350,2026-05-03,2026-06-07,2026-06-12,35,Overdue Returned,0,1050000
R_005352,EQ_00031,SITE_007,OP_0135,2025-10-02,2025-10-06,2025-10-06,4,Returned,0,36000
R_005353,EQ_00269,SITE_022,OP_0110,2024-04-19,2024-04-22,2024-04-22,3,Returned,0,54000
R_005354,EQ_00176,SITE_012,OP_0055,2025-10-07,2025-10-29,2025-10-27,22,Returned,0,154000
R_005355,EQ_00081,SITE_007,OP_0079,2026-05-22,2026-06-27,2026-06-29,36,Overdue Returned,0,324000
R_005356,EQ_00704,SITE_011,OP_0222,2024-05-17,2024-07-01,,45,Active,0,990000
R_005357,EQ_00220,SITE_015,OP_0114,2024-05-15,2024-06-06,2024-06-06,22,Returned,0,154000
R_005358,EQ_00425,SITE_010,OP_0032,2025-05-02,2025-06-09,,38,Active,1,684000
R_005359,EQ_00715,SITE_019,OP_0191,2026-01-31,2026-02-05,,5,Active,0,45000
R_005360,EQ_00444,SITE_025,OP_0095,2024-03-07,2024-03-30,2024-03-30,23,Returned,0,506000
R_005361,EQ_00012,SITE_024,OP_0298,2025-08-09,2025-08-25,2025-08-25,16,Returned,1,112000
R_005362,EQ_00297,SITE_009,OP_0157,2024-12-22,2025-01-16,2025-01-17,25,Overdue Returned,0,450000
R_005363,EQ_00150,SITE_028,OP_0186,2025-05-11,2025-05-31,,20,Active,0,360000
R_005364,EQ_00570,SITE_009,OP_0067,2026-06-19,2026-06-25,2026-06-25,6,Returned,0,132000
R_005365,EQ_00484,SITE_017,OP_0303,2025-03-04,2025-04-16,2025-04-13,43,Returned,0,387000
R_005366,EQ_00153,SITE_012,OP_0189,2024-09-20,2024-10-04,2024-10-02,14,Returned,1,252000
R_005367,EQ_00563,SITE_022,OP_0072,2024-08-22,2024-09-09,,18,Active,0,324000
R_005368,EQ_00528,SITE_028,OP_0047,2026-06-19,2026-07-18,2026-07-19,29,Overdue Returned,1,406000
R_005369,EQ_00322,SITE_023,OP_0292,2025-01-16,2025-02-01,2025-02-01,16,Returned,1,288000
R_005370,EQ_00216,SITE_017,OP_0051,2025-05-14,2025-06-18,2025-06-20,35,Overdue Returned,0,770000
R_005371,EQ_00736,SITE_025,OP_0118,2024-09-19,2024-10-18,2024-10-19,29,Overdue Returned,0,406000
R_005372,EQ_00205,SITE_011,OP_0046,2026-01-25,2026-02-10,2026-02-07,16,Returned,1,144000
R_005373,EQ_00657,SITE_002,OP_0117,2025-12-25,2026-01-04,2026-01-04,10,Returned,0,220000
R_005374,EQ_00418,SITE_009,OP_0187,2026-01-21,2026-02-16,2026-02-21,26,Overdue Returned,0,468000
R_005375,EQ_00638,SITE_002,OP_0097,2025-01-29,2025-02-04,2025-02-09,6,Overdue Returned,0,42000
R_005376,EQ_00686,SITE_007,OP_0149,2025-10-10,2025-10-19,2025-10-19,9,Returned,0,162000
R_005377,EQ_00753,SITE_028,OP_0200,2026-06-11,2026-06-15,2026-06-15,4,Returned,0,28000
R_005378,EQ_00451,SITE_023,OP_0147,2025-02-11,2025-02-23,2025-02-23,12,Returned,0,360000
R_005379,EQ_00219,SITE_012,OP_0313,2025-10-30,2025-12-08,2025-12-05,39,Returned,0,702000
R_005380,EQ_00316,SITE_030,OP_0241,2025-03-18,2025-04-18,2025-04-20,31,Overdue Returned,0,496000
R_005381,EQ_00470,SITE_020,OP_0178,2024-05-26,2024-07-10,,45,Active,0,810000
R_005382,EQ_00231,SITE_017,OP_0083,2025-09-28,2025-10-23,2025-10-24,25,Overdue Returned,1,550000
R_005383,EQ_00417,SITE_024,OP_0252,2026-01-30,2026-03-10,2026-03-10,39,Returned,0,546000
R_005384,EQ_00494,SITE_015,OP_0308,2025-07-21,2025-07-30,2025-08-09,9,Overdue Returned,1,63000
R_005385,EQ_00672,SITE_029,OP_0260,2025-04-27,2025-05-28,2025-05-28,31,Returned,1,434000
R_005386,EQ_00400,SITE_008,OP_0011,2024-03-07,2024-03-23,2024-03-25,16,Overdue Returned,1,144000
R_005387,EQ_00687,SITE_030,OP_0085,2026-07-14,2026-08-25,2026-08-23,42,Returned,0,924000
R_005388,EQ_00640,SITE_025,OP_0149,2024-01-21,2024-02-05,2024-02-05,15,Returned,0,210000
R_005389,EQ_00496,SITE_027,OP_0123,2024-12-21,2024-12-28,2024-12-28,7,Returned,0,63000
R_005390,EQ_00303,SITE_024,OP_0090,2024-03-05,2024-04-06,2024-04-05,32,Returned,0,576000
R_005391,EQ_00159,SITE_015,OP_0197,2026-05-22,2026-06-20,2026-06-20,29,Returned,1,203000
R_005392,EQ_00170,SITE_024,OP_0188,2025-06-11,2025-07-25,2025-07-26,44,Overdue Returned,0,792000
R_005393,EQ_00681,SITE_026,OP_0084,2024-09-03,2024-09-23,,20,Overdue,1,180000
R_005394,EQ_00619,SITE_008,OP_0213,2025-05-21,2025-05-30,2025-05-30,9,Returned,0,270000
R_005395,EQ_00178,SITE_019,OP_0164,2025-01-01,2025-02-11,,41,Active,1,369000
R_005396,EQ_00560,SITE_014,OP_0317,2026-02-12,2026-02-17,2026-02-18,5,Overdue Returned,0,150000
R_005397,EQ_00387,SITE_006,OP_0196,2024-07-28,2024-08-29,,32,Overdue,0,960000
R_005398,EQ_00781,SITE_029,OP_0061,2025-09-24,2025-10-07,2025-10-07,13,Returned,1,182000
R_005399,EQ_00006,SITE_030,OP_0155,2024-06-06,2024-06-23,2024-06-23,17,Returned,0,238000
R_005400,EQ_00598,SITE_030,OP_0025,2026-03-30,2026-04-04,2026-04-06,5,Overdue Returned,0,90000
R_005401,EQ_00173,SITE_020,OP_0117,2025-09-10,2025-09-15,2025-09-15,5,Returned,0,35000
R_005402,EQ_00239,SITE_006,OP_0162,2026-04-14,2026-05-16,,32,Overdue,1,448000
R_005403,EQ_00101,SITE_030,OP_0282,2025-04-08,2025-05-01,2025-05-01,23,Returned,0,690000
R_005404,EQ_00027,SITE_025,OP_0106,2026-03-18,2026-04-05,2026-04-05,18,Returned,1,540000
R_005405,EQ_00283,SITE_020,OP_0011,2026-07-12,2026-08-13,2026-08-13,32,Returned,0,288000
R_005406,EQ_00040,SITE_005,OP_0192,2025-04-10,2025-05-03,,23,Active,0,207000
R_005407,EQ_00756,SITE_018,OP_0064,2026-06-04,2026-06-22,2026-06-20,18,Returned,0,126000
R_005408,EQ_00357,SITE_025,OP_0123,2024-04-04,2024-04-08,2024-04-08,4,Returned,0,56000
R_005409,EQ_00335,SITE_029,OP_0211,2025-08-29,2025-10-09,,41,Active,0,738000
R_005410,EQ_00003,SITE_005,OP_0250,2026-03-12,2026-03-26,2026-03-28,14,Overdue Returned,0,252000
R_005411,EQ_00365,SITE_003,OP_0261,2025-06-01,2025-06-23,2025-06-23,22,Returned,0,396000
R_005412,EQ_00433,SITE_015,OP_0237,2024-02-09,2024-02-24,2024-02-25,15,Overdue Returned,0,270000
R_005413,EQ_00256,SITE_019,OP_0172,2024-08-25,2024-09-03,,9,Overdue,0,162000
R_005414,EQ_00770,SITE_019,OP_0180,2024-11-20,2024-12-03,2024-12-08,13,Overdue Returned,0,286000
R_005415,EQ_00774,SITE_027,OP_0047,2025-12-04,2026-01-12,2026-01-12,39,Returned,0,702000
R_005416,EQ_00409,SITE_019,OP_0004,2026-07-01,2026-07-26,2026-07-26,25,Returned,0,225000
R_005417,EQ_00198,SITE_014,OP_0009,2025-12-08,2025-12-24,2025-12-23,16,Returned,1,352000
R_005418,EQ_00077,SITE_019,OP_0119,2025-06-26,2025-07-13,2025-07-13,17,Returned,0,374000
R_005419,EQ_00012,SITE_014,OP_0086,2025-04-10,2025-04-18,2025-04-18,8,Returned,1,56000
R_005420,EQ_00603,SITE_007,OP_0001,2024-08-22,2024-08-26,2024-08-28,4,Overdue Returned,0,72000
R_005421,EQ_00773,SITE_010,OP_0224,2025-01-16,2025-01-30,2025-02-01,14,Overdue Returned,0,224000
R_005422,EQ_00168,SITE_012,OP_0201,2026-07-16,2026-08-18,,33,Active,0,990000
R_005423,EQ_00202,SITE_006,OP_0181,2025-11-08,2025-12-12,2025-12-12,34,Returned,0,476000
R_005424,EQ_00599,SITE_025,OP_0170,2024-10-24,2024-11-10,2024-11-10,17,Returned,1,374000
R_005425,EQ_00329,SITE_010,OP_0035,2025-01-20,2025-02-28,,39,Active,0,702000
R_005426,EQ_00492,SITE_018,OP_0255,2025-12-28,2026-01-12,2026-01-11,15,Returned,0,330000
R_005427,EQ_00455,SITE_014,OP_0165,2025-10-17,2025-11-19,,33,Active,0,231000
R_005428,EQ_00144,SITE_030,OP_0235,2026-03-18,2026-04-10,2026-04-10,23,Returned,0,414000
R_005429,EQ_00347,SITE_004,OP_0087,2026-05-28,2026-06-07,2026-06-07,10,Returned,0,220000
R_005430,EQ_00529,SITE_030,OP_0092,2025-12-04,2026-01-09,2026-01-10,36,Overdue Returned,0,792000
R_005431,EQ_00576,SITE_009,OP_0107,2026-01-20,2026-02-16,,27,Overdue,1,378000
R_005432,EQ_00726,SITE_006,OP_0247,2025-01-31,2025-02-25,2025-02-25,25,Returned,0,175000
R_005433,EQ_00332,SITE_017,OP_0151,2024-03-02,2024-04-14,2024-04-14,43,Returned,0,301000
R_005434,EQ_00553,SITE_002,OP_0166,2026-04-24,2026-06-03,2026-06-03,40,Returned,0,280000
R_005435,EQ_00225,SITE_017,OP_0254,2025-03-13,2025-04-20,2025-04-22,38,Overdue Returned,1,342000
R_005436,EQ_00130,SITE_030,OP_0260,2025-10-29,2025-11-10,2025-11-10,12,Returned,1,168000
R_005437,EQ_00766,SITE_021,OP_0309,2026-07-19,2026-08-19,2026-08-29,31,Overdue Returned,1,930000
R_005438,EQ_00084,SITE_021,OP_0039,2025-12-27,2026-02-09,2026-02-09,44,Returned,0,792000
R_005439,EQ_00115,SITE_013,OP_0228,2026-03-09,2026-03-25,2026-03-25,16,Returned,0,112000
R_005440,EQ_00727,SITE_011,OP_0008,2026-01-18,2026-02-01,2026-02-01,14,Returned,1,420000
R_005441,EQ_00689,SITE_011,OP_0292,2024-09-13,2024-09-28,2024-09-27,15,Returned,0,210000
R_005442,EQ_00138,SITE_017,OP_0092,2024-05-19,2024-06-26,2024-06-28,38,Overdue Returned,0,684000
R_005443,EQ_00227,SITE_008,OP_0239,2025-04-12,2025-05-13,2025-05-13,31,Returned,1,217000
R_005444,EQ_00135,SITE_016,OP_0119,2026-07-16,2026-08-02,2026-08-03,17,Overdue Returned,0,272000
R_005445,EQ_00284,SITE_012,OP_0274,2024-03-23,2024-04-13,2024-04-23,21,Overdue Returned,0,378000
R_005446,EQ_00224,SITE_028,OP_0051,2025-09-03,2025-09-19,2025-09-24,16,Overdue Returned,0,352000
R_005447,EQ_00046,SITE_004,OP_0008,2026-01-24,2026-02-05,2026-02-06,12,Overdue Returned,0,360000
R_005448,EQ_00579,SITE_017,OP_0202,2025-11-30,2025-12-10,2025-12-10,10,Returned,1,220000
R_005449,EQ_00154,SITE_010,OP_0009,2025-12-10,2025-12-27,,17,Active,0,374000
R_005450,EQ_00529,SITE_013,OP_0123,2026-02-05,2026-02-10,,5,Active,0,110000
R_005451,EQ_00139,SITE_010,OP_0087,2025-09-27,2025-10-07,2025-10-07,10,Returned,0,180000
R_005452,EQ_00612,SITE_023,OP_0048,2024-10-20,2024-11-24,2024-11-24,35,Returned,0,630000
R_005453,EQ_00238,SITE_002,OP_0198,2025-06-15,2025-07-22,2025-08-01,37,Overdue Returned,0,333000
R_005454,EQ_00193,SITE_017,OP_0032,2024-08-28,2024-09-25,2024-09-25,28,Returned,0,448000
R_005455,EQ_00075,SITE_016,OP_0255,2025-03-09,2025-04-10,,32,Overdue,0,576000
R_005456,EQ_00512,SITE_020,OP_0336,2025-02-13,2025-02-24,,11,Active,0,99000
R_005457,EQ_00359,SITE_002,OP_0334,2025-02-18,2025-03-09,2025-03-07,19,Returned,0,418000
R_005458,EQ_00197,SITE_030,OP_0192,2024-03-14,2024-03-29,2024-03-31,15,Overdue Returned,0,450000
R_005459,EQ_00709,SITE_016,OP_0346,2024-11-05,2024-12-01,,26,Active,1,182000
R_005460,EQ_00597,SITE_025,OP_0064,2024-12-31,2025-02-14,2025-02-14,45,Returned,1,990000
R_005461,EQ_00588,SITE_004,OP_0073,2024-04-27,2024-06-01,,35,Active,0,315000
R_005462,EQ_00755,SITE_002,OP_0243,2025-05-13,2025-06-20,2025-06-20,38,Returned,1,342000
R_005463,EQ_00518,SITE_030,OP_0172,2024-06-12,2024-07-26,2024-07-26,44,Returned,1,396000
R_005464,EQ_00112,SITE_013,OP_0066,2024-02-06,2024-02-22,2024-02-22,16,Returned,1,224000
R_005465,EQ_00268,SITE_027,OP_0159,2026-03-06,2026-03-11,2026-03-11,5,Returned,1,35000
R_005466,EQ_00390,SITE_026,OP_0033,2024-11-10,2024-12-01,2024-12-03,21,Overdue Returned,1,378000
R_005467,EQ_00481,SITE_027,OP_0286,2024-02-24,2024-03-14,2024-03-11,19,Returned,0,266000
R_005468,EQ_00677,SITE_017,OP_0134,2026-01-05,2026-02-15,2026-02-15,41,Returned,0,738000
R_005469,EQ_00317,SITE_017,OP_0318,2025-07-14,2025-07-21,2025-07-23,7,Overdue Returned,1,126000
R_005470,EQ_00385,SITE_008,OP_0145,2024-06-24,2024-07-05,2024-07-05,11,Returned,0,154000
R_005471,EQ_00122,SITE_015,OP_0312,2025-11-26,2025-12-07,2025-12-09,11,Overdue Returned,0,99000
R_005472,EQ_00192,SITE_014,OP_0186,2024-12-15,2025-01-14,2025-01-14,30,Returned,0,420000
R_005473,EQ_00082,SITE_011,OP_0200,2025-08-18,2025-09-27,2025-09-27,40,Returned,0,280000
R_005474,EQ_00333,SITE_005,OP_0143,2024-08-18,2024-08-22,2024-08-22,4,Returned,1,36000
R_005475,EQ_00402,SITE_005,OP_0213,2024-09-05,2024-10-13,2024-10-13,38,Returned,0,1140000
R_005476,EQ_00489,SITE_009,OP_0172,2025-10-23,2025-12-01,2025-12-01,39,Returned,0,351000
R_005477,EQ_00034,SITE_012,OP_0114,2024-10-18,2024-12-01,,44,Active,0,968000
R_005478,EQ_00755,SITE_012,OP_0021,2026-01-27,2026-03-08,2026-03-10,40,Overdue Returned,1,360000
R_005479,EQ_00633,SITE_009,OP_0016,2025-01-26,2025-02-23,2025-02-23,28,Returned,0,448000
R_005480,EQ_00036,SITE_006,OP_0151,2024-10-30,2024-12-11,2024-12-11,42,Returned,1,924000
R_005481,EQ_00698,SITE_007,OP_0104,2025-08-02,2025-09-10,2025-09-11,39,Overdue Returned,0,546000
R_005482,EQ_00232,SITE_016,OP_0309,2025-07-31,2025-09-11,2025-09-10,42,Returned,1,756000
R_005483,EQ_00227,SITE_002,OP_0037,2025-11-15,2025-11-22,,7,Overdue,0,49000
R_005484,EQ_00150,SITE_002,OP_0052,2025-01-13,2025-01-28,2025-01-28,15,Returned,1,270000
R_005485,EQ_00019,SITE_013,OP_0161,2024-07-25,2024-08-31,2024-08-30,37,Returned,0,333000
R_005486,EQ_00712,SITE_012,OP_0002,2025-06-15,2025-07-20,2025-07-22,35,Overdue Returned,0,770000
R_005487,EQ_00082,SITE_016,OP_0088,2026-06-02,2026-06-28,,26,Active,0,182000
R_005488,EQ_00618,SITE_013,OP_0202,2025-10-13,2025-10-23,2025-10-23,10,Returned,0,300000
R_005489,EQ_00531,SITE_014,OP_0223,2025-06-14,2025-07-20,2025-07-19,36,Returned,0,504000
R_005490,EQ_00186,SITE_026,OP_0144,2024-07-17,2024-08-09,,23,Active,0,322000
R_005491,EQ_00646,SITE_028,OP_0279,2026-07-08,2026-08-15,2026-08-15,38,Returned,0,684000
R_005492,EQ_00040,SITE_029,OP_0298,2024-05-13,2024-06-06,2024-06-06,24,Returned,1,216000
R_005493,EQ_00448,SITE_021,OP_0152,2024-03-16,2024-03-21,,5,Active,0,90000
R_005494,EQ_00304,SITE_005,OP_0244,2025-07-13,2025-08-14,2025-08-13,32,Returned,0,576000
R_005495,EQ_00316,SITE_004,OP_0149,2026-07-09,2026-08-17,2026-08-18,39,Overdue Returned,0,624000
R_005496,EQ_00542,SITE_017,OP_0037,2025-10-21,2025-10-29,2025-10-30,8,Overdue Returned,0,56000
R_005497,EQ_00517,SITE_013,OP_0134,2025-09-02,2025-09-27,2025-09-28,25,Overdue Returned,0,550000
R_005498,EQ_00186,SITE_016,OP_0145,2025-12-06,2025-12-17,2025-12-17,11,Returned,0,154000
R_005499,EQ_00067,SITE_005,OP_0034,2025-08-08,2025-08-16,,8,Active,1,240000
R_005500,EQ_00411,SITE_023,OP_0079,2025-08-26,2025-09-25,2025-09-25,30,Returned,0,660000
R_005501,EQ_00227,SITE_014,OP_0199,2024-04-27,2024-06-10,,44,Active,0,308000
R_005502,EQ_00376,SITE_006,OP_0199,2024-12-02,2024-12-05,2024-12-06,3,Overdue Returned,0,66000
R_005503,EQ_00676,SITE_018,OP_0244,2024-03-18,2024-04-22,2024-04-22,35,Returned,0,1050000
R_005504,EQ_00362,SITE_007,OP_0270,2025-02-28,2025-03-14,2025-03-14,14,Returned,0,224000
R_005505,EQ_00600,SITE_026,OP_0028,2024-04-25,2024-05-29,2024-05-28,34,Returned,0,238000
R_005506,EQ_00441,SITE_014,OP_0078,2025-01-10,2025-02-12,2025-02-17,33,Overdue Returned,1,594000
R_005507,EQ_00202,SITE_013,OP_0275,2026-03-07,2026-03-22,2026-03-22,15,Returned,0,210000
R_005508,EQ_00178,SITE_008,OP_0133,2025-11-25,2025-12-19,,24,Active,1,216000
R_005509,EQ_00386,SITE_026,OP_0009,2024-03-23,2024-04-24,2024-04-24,32,Returned,1,288000
R_005510,EQ_00487,SITE_011,OP_0207,2024-11-19,2024-12-23,,34,Active,1,238000
R_005511,EQ_00770,SITE_004,OP_0188,2024-03-11,2024-04-21,2024-04-21,41,Returned,0,902000
R_005512,EQ_00127,SITE_008,OP_0123,2026-05-21,2026-07-02,,42,Active,0,924000
R_005513,EQ_00205,SITE_014,OP_0272,2024-09-13,2024-09-30,2024-09-27,17,Returned,1,153000
R_005514,EQ_00368,SITE_012,OP_0266,2026-07-22,2026-08-12,2026-08-12,21,Returned,0,336000
R_005515,EQ_00266,SITE_014,OP_0235,2024-10-25,2024-11-22,2024-11-22,28,Returned,0,196000
R_005516,EQ_00185,SITE_025,OP_0132,2024-01-06,2024-01-10,,4,Overdue,1,28000
R_005517,EQ_00272,SITE_015,OP_0311,2026-03-07,2026-03-29,2026-03-29,22,Returned,1,396000
R_005518,EQ_00385,SITE_018,OP_0110,2024-08-03,2024-08-25,,22,Active,1,308000
R_005519,EQ_00418,SITE_007,OP_0124,2024-05-02,2024-05-24,2024-05-26,22,Overdue Returned,0,396000
R_005520,EQ_00708,SITE_024,OP_0022,2025-01-05,2025-02-09,2025-02-09,35,Returned,0,560000
R_005521,EQ_00716,SITE_006,OP_0129,2024-05-07,2024-06-19,2024-06-19,43,Returned,0,946000
R_005522,EQ_00053,SITE_021,OP_0200,2025-02-10,2025-02-25,2025-02-26,15,Overdue Returned,0,240000
R_005523,EQ_00177,SITE_030,OP_0322,2025-02-21,2025-03-04,,11,Overdue,1,77000
R_005524,EQ_00300,SITE_007,OP_0325,2026-06-02,2026-07-01,2026-07-03,29,Overdue Returned,0,203000
R_005525,EQ_00366,SITE_015,OP_0135,2024-07-21,2024-08-21,,31,Active,0,434000
R_005526,EQ_00789,SITE_028,OP_0040,2025-01-28,2025-03-09,2025-03-09,40,Returned,1,640000
R_005527,EQ_00257,SITE_004,OP_0167,2024-06-11,2024-07-20,,39,Active,0,273000
R_005528,EQ_00598,SITE_006,OP_0016,2024-03-27,2024-04-09,2024-04-14,13,Overdue Returned,0,234000
R_005529,EQ_00349,SITE_013,OP_0106,2026-06-19,2026-07-06,2026-07-03,17,Returned,1,306000
R_005530,EQ_00688,SITE_024,OP_0341,2024-07-04,2024-07-07,,3,Active,1,54000
R_005531,EQ_00269,SITE_010,OP_0058,2025-01-22,2025-03-05,2025-03-05,42,Returned,1,756000
R_005532,EQ_00286,SITE_012,OP_0090,2024-09-23,2024-10-18,2024-10-20,25,Overdue Returned,0,175000
R_005533,EQ_00515,SITE_027,OP_0325,2025-08-09,2025-08-15,2025-08-13,6,Returned,0,108000
R_005534,EQ_00773,SITE_020,OP_0017,2025-11-15,2025-12-23,2025-12-25,38,Overdue Returned,0,608000
R_005535,EQ_00077,SITE_014,OP_0114,2024-01-11,2024-01-14,2024-01-14,3,Returned,0,66000
R_005536,EQ_00423,SITE_029,OP_0294,2024-04-23,2024-05-23,2024-05-23,30,Returned,0,270000
R_005537,EQ_00748,SITE_010,OP_0325,2026-03-07,2026-03-12,2026-03-12,5,Returned,0,45000
R_005538,EQ_00225,SITE_003,OP_0036,2025-02-17,2025-03-19,2025-03-19,30,Returned,0,270000
R_005539,EQ_00572,SITE_017,OP_0033,2024-02-09,2024-02-26,2024-02-26,17,Returned,0,119000
R_005540,EQ_00164,SITE_007,OP_0164,2024-12-25,2024-12-28,2024-12-28,3,Returned,1,48000
R_005541,EQ_00157,SITE_027,OP_0008,2025-06-29,2025-08-05,2025-08-05,37,Returned,1,1110000
R_005542,EQ_00433,SITE_029,OP_0280,2024-02-25,2024-03-08,2024-03-08,12,Returned,0,216000
R_005543,EQ_00370,SITE_001,OP_0032,2024-03-11,2024-04-18,2024-04-17,38,Returned,1,836000
R_005544,EQ_00038,SITE_028,OP_0030,2026-03-15,2026-03-24,2026-03-24,9,Returned,0,198000
R_005545,EQ_00334,SITE_025,OP_0092,2025-06-10,2025-06-25,2025-06-25,15,Returned,0,270000
R_005546,EQ_00052,SITE_027,OP_0061,2025-05-28,2025-06-16,2025-06-16,19,Returned,0,266000
R_005547,EQ_00321,SITE_021,OP_0226,2025-03-30,2025-04-04,2025-04-06,5,Overdue Returned,0,35000
R_005548,EQ_00060,SITE_024,OP_0244,2024-09-16,2024-10-17,,31,Active,0,279000
R_005549,EQ_00390,SITE_003,OP_0066,2025-11-09,2025-12-07,2025-12-07,28,Returned,0,504000
R_005550,EQ_00130,SITE_001,OP_0010,2024-05-23,2024-05-28,2024-05-28,5,Returned,0,70000
R_005551,EQ_00564,SITE_006,OP_0219,2024-04-11,2024-05-09,,28,Overdue,0,392000
R_005552,EQ_00301,SITE_011,OP_0240,2025-11-02,2025-11-23,2025-11-23,21,Returned,0,462000
R_005553,EQ_00341,SITE_005,OP_0146,2024-01-16,2024-02-05,2024-02-02,20,Returned,0,440000
R_005554,EQ_00689,SITE_021,OP_0186,2024-11-21,2024-12-05,2024-12-05,14,Returned,0,196000
R_005555,EQ_00320,SITE_025,OP_0100,2025-10-27,2025-11-23,2025-11-23,27,Returned,0,594000
R_005556,EQ_00718,SITE_013,OP_0312,2024-05-28,2024-06-13,,16,Overdue,0,112000
R_005557,EQ_00341,SITE_020,OP_0006,2024-06-05,2024-07-08,2024-07-10,33,Overdue Returned,1,726000
R_005558,EQ_00209,SITE_006,OP_0009,2025-01-06,2025-01-23,2025-01-23,17,Returned,0,374000
R_005559,EQ_00568,SITE_024,OP_0310,2025-04-22,2025-05-04,2025-05-04,12,Returned,0,84000
R_005560,EQ_00415,SITE_029,OP_0241,2026-06-28,2026-07-05,2026-07-06,7,Overdue Returned,0,126000
R_005561,EQ_00081,SITE_015,OP_0025,2024-10-10,2024-10-18,2024-10-17,8,Returned,0,72000
R_005562,EQ_00364,SITE_013,OP_0184,2024-03-22,2024-03-29,,7,Active,1,210000
R_005563,EQ_00441,SITE_025,OP_0191,2025-11-15,2025-12-01,2025-11-30,16,Returned,1,288000
R_005564,EQ_00653,SITE_017,OP_0313,2024-06-03,2024-07-14,,41,Overdue,0,902000
R_005565,EQ_00343,SITE_018,OP_0107,2025-05-01,2025-05-27,2025-05-28,26,Overdue Returned,0,182000
R_005566,EQ_00638,SITE_001,OP_0285,2026-02-02,2026-03-01,2026-03-01,27,Returned,0,189000
R_005567,EQ_00488,SITE_028,OP_0079,2024-05-30,2024-07-01,2024-07-02,32,Overdue Returned,0,576000
R_005568,EQ_00249,SITE_010,OP_0229,2025-07-02,2025-07-30,2025-07-30,28,Returned,1,840000
R_005569,EQ_00782,SITE_027,OP_0027,2024-12-09,2024-12-29,2024-12-29,20,Returned,0,320000
R_005570,EQ_00305,SITE_024,OP_0142,2024-09-28,2024-11-03,2024-11-03,36,Returned,0,792000
R_005571,EQ_00720,SITE_014,OP_0344,2026-04-10,2026-05-14,2026-05-14,34,Returned,0,476000
R_005572,EQ_00143,SITE_007,OP_0342,2025-12-06,2026-01-08,2026-01-08,33,Returned,0,990000
R_005573,EQ_00113,SITE_009,OP_0081,2026-06-27,2026-07-24,2026-07-25,27,Overdue Returned,1,189000
R_005574,EQ_00342,SITE_004,OP_0231,2024-12-09,2024-12-22,2024-12-19,13,Returned,0,234000
R_005575,EQ_00758,SITE_030,OP_0339,2026-03-03,2026-03-19,,16,Active,0,480000
R_005576,EQ_00324,SITE_030,OP_0015,2025-12-30,2026-01-07,,8,Active,0,144000
R_005577,EQ_00132,SITE_003,OP_0288,2024-06-25,2024-07-14,2024-07-14,19,Returned,0,133000
R_005578,EQ_00333,SITE_012,OP_0283,2024-04-22,2024-06-05,2024-06-10,44,Overdue Returned,0,396000
R_005579,EQ_00648,SITE_025,OP_0078,2026-04-21,2026-05-24,,33,Active,0,594000
R_005580,EQ_00048,SITE_012,OP_0014,2026-04-21,2026-05-26,2026-05-27,35,Overdue Returned,0,315000
R_005581,EQ_00070,SITE_019,OP_0297,2025-04-12,2025-04-17,,5,Active,0,80000
R_005582,EQ_00019,SITE_028,OP_0291,2024-05-19,2024-06-20,2024-06-20,32,Returned,0,288000
R_005583,EQ_00675,SITE_029,OP_0247,2026-05-26,2026-06-08,2026-06-07,13,Returned,1,234000
R_005584,EQ_00118,SITE_013,OP_0265,2026-05-30,2026-06-08,2026-06-08,9,Returned,0,81000
R_005585,EQ_00252,SITE_030,OP_0156,2024-10-19,2024-11-11,2024-11-11,23,Returned,0,368000
R_005586,EQ_00580,SITE_010,OP_0204,2024-11-04,2024-12-15,2024-12-14,41,Returned,0,656000
R_005587,EQ_00523,SITE_013,OP_0273,2024-01-01,2024-01-12,,11,Active,1,198000
R_005588,EQ_00193,SITE_001,OP_0304,2025-06-27,2025-07-01,,4,Overdue,0,64000
R_005589,EQ_00781,SITE_020,OP_0215,2024-04-20,2024-05-20,,30,Active,0,420000
R_005590,EQ_00701,SITE_026,OP_0330,2025-05-14,2025-06-23,2025-06-23,40,Returned,0,720000
R_005591,EQ_00632,SITE_011,OP_0062,2025-04-18,2025-05-12,,24,Active,0,720000
R_005592,EQ_00712,SITE_013,OP_0193,2026-06-02,2026-06-27,2026-06-27,25,Returned,0,550000
R_005593,EQ_00175,SITE_020,OP_0257,2024-09-18,2024-10-13,,25,Active,0,225000
R_005594,EQ_00279,SITE_004,OP_0156,2025-09-03,2025-10-17,,44,Active,0,616000
R_005595,EQ_00686,SITE_010,OP_0251,2025-08-20,2025-09-11,2025-09-08,22,Returned,0,396000
R_005596,EQ_00514,SITE_010,OP_0129,2026-02-27,2026-03-23,,24,Active,1,720000
R_005597,EQ_00197,SITE_004,OP_0172,2024-10-13,2024-11-16,2024-11-13,34,Returned,0,1020000
R_005598,EQ_00418,SITE_017,OP_0328,2026-05-01,2026-06-11,,41,Active,0,738000
R_005599,EQ_00437,SITE_026,OP_0131,2025-11-04,2025-12-10,2025-12-10,36,Returned,1,576000
R_005600,EQ_00410,SITE_020,OP_0084,2026-04-12,2026-05-23,2026-06-02,41,Overdue Returned,0,1230000
R_005601,EQ_00053,SITE_017,OP_0282,2024-03-21,2024-04-14,2024-04-16,24,Overdue Returned,0,384000
R_005602,EQ_00383,SITE_003,OP_0098,2025-01-07,2025-01-18,2025-01-19,11,Overdue Returned,0,77000
R_005603,EQ_00238,SITE_016,OP_0110,2024-02-06,2024-03-11,2024-03-11,34,Returned,0,306000
R_005604,EQ_00595,SITE_014,OP_0216,2024-04-15,2024-04-26,2024-04-23,11,Returned,0,99000
R_005605,EQ_00357,SITE_009,OP_0329,2025-08-11,2025-08-23,2025-08-23,12,Returned,0,168000
R_005606,EQ_00228,SITE_025,OP_0260,2024-06-12,2024-07-22,,40,Active,0,640000
R_005607,EQ_00766,SITE_013,OP_0234,2025-07-10,2025-07-16,2025-07-26,6,Overdue Returned,0,180000
R_005608,EQ_00635,SITE_017,OP_0224,2025-05-11,2025-05-27,,16,Active,0,352000
R_005609,EQ_00132,SITE_029,OP_0202,2024-11-19,2024-11-30,2024-11-29,11,Returned,0,77000
R_005610,EQ_00549,SITE_021,OP_0253,2024-09-20,2024-10-06,2024-10-05,16,Returned,0,256000
R_005611,EQ_00136,SITE_025,OP_0239,2026-03-28,2026-04-01,,4,Overdue,0,36000
R_005612,EQ_00108,SITE_007,OP_0035,2024-10-08,2024-11-22,2024-11-23,45,Overdue Returned,1,990000
R_005613,EQ_00098,SITE_017,OP_0261,2026-06-28,2026-07-27,2026-07-28,29,Overdue Returned,0,522000
R_005614,EQ_00271,SITE_016,OP_0249,2026-03-10,2026-04-07,2026-04-07,28,Returned,0,616000
R_005615,EQ_00066,SITE_002,OP_0167,2024-04-21,2024-05-25,2024-05-26,34,Overdue Returned,1,748000
R_005616,EQ_00146,SITE_001,OP_0139,2026-06-14,2026-07-08,2026-07-10,24,Overdue Returned,0,432000
R_005617,EQ_00156,SITE_001,OP_0258,2024-03-20,2024-04-04,2024-04-05,15,Overdue Returned,0,450000
R_005618,EQ_00650,SITE_012,OP_0123,2025-05-31,2025-07-06,2025-07-06,36,Returned,1,792000
R_005619,EQ_00223,SITE_015,OP_0106,2025-08-17,2025-09-02,2025-09-02,16,Returned,0,144000
R_005620,EQ_00669,SITE_002,OP_0054,2024-02-16,2024-03-24,,37,Active,0,333000
R_005621,EQ_00368,SITE_003,OP_0051,2026-01-18,2026-02-06,2026-02-06,19,Returned,0,304000
R_005622,EQ_00705,SITE_010,OP_0270,2026-02-28,2026-03-15,,15,Overdue,0,135000
R_005623,EQ_00070,SITE_027,OP_0312,2026-03-23,2026-04-09,2026-04-11,17,Overdue Returned,0,272000
R_005624,EQ_00747,SITE_010,OP_0088,2025-06-24,2025-07-12,2025-07-12,18,Returned,0,126000
R_005625,EQ_00527,SITE_014,OP_0006,2025-04-25,2025-05-31,2025-05-31,36,Returned,0,648000
R_005626,EQ_00119,SITE_026,OP_0237,2026-07-31,2026-08-27,2026-08-28,27,Overdue Returned,0,486000
R_005627,EQ_00188,SITE_021,OP_0204,2024-08-17,2024-09-09,2024-09-07,23,Returned,0,506000
R_005628,EQ_00402,SITE_020,OP_0314,2025-02-17,2025-02-23,,6,Active,0,180000
R_005629,EQ_00208,SITE_022,OP_0222,2024-09-30,2024-11-01,,32,Active,0,448000
R_005630,EQ_00724,SITE_012,OP_0008,2025-06-25,2025-07-23,2025-07-20,28,Returned,0,392000
R_005631,EQ_00222,SITE_030,OP_0320,2025-08-24,2025-09-12,2025-09-11,19,Returned,0,133000
R_005632,EQ_00009,SITE_025,OP_0282,2025-02-10,2025-02-14,2025-02-14,4,Returned,1,72000
R_005633,EQ_00015,SITE_030,OP_0085,2024-03-15,2024-04-23,2024-04-24,39,Overdue Returned,0,858000
R_005634,EQ_00576,SITE_012,OP_0075,2024-01-14,2024-02-22,,39,Active,0,546000
R_005635,EQ_00193,SITE_008,OP_0161,2026-07-04,2026-08-05,,32,Overdue,0,512000
R_005636,EQ_00348,SITE_001,OP_0109,2024-06-10,2024-06-20,2024-06-20,10,Returned,0,70000
R_005637,EQ_00353,SITE_015,OP_0065,2025-11-30,2026-01-04,,35,Active,0,630000
R_005638,EQ_00440,SITE_003,OP_0154,2024-02-24,2024-02-27,2024-02-27,3,Returned,0,42000
R_005639,EQ_00656,SITE_028,OP_0060,2024-12-27,2025-01-20,2025-01-20,24,Returned,0,168000
R_005640,EQ_00219,SITE_003,OP_0169,2024-10-22,2024-11-06,2024-11-06,15,Returned,0,270000
R_005641,EQ_00715,SITE_011,OP_0185,2024-06-08,2024-07-20,,42,Active,0,378000
R_005642,EQ_00515,SITE_010,OP_0085,2025-04-21,2025-06-01,2025-06-01,41,Returned,0,738000
R_005643,EQ_00374,SITE_027,OP_0196,2025-09-23,2025-10-25,2025-10-30,32,Overdue Returned,0,960000
R_005644,EQ_00594,SITE_004,OP_0247,2026-07-01,2026-07-07,2026-07-06,6,Returned,0,42000
R_005645,EQ_00543,SITE_016,OP_0264,2024-03-25,2024-05-07,2024-05-07,43,Returned,0,774000
R_005646,EQ_00502,SITE_018,OP_0228,2024-10-23,2024-11-05,2024-11-05,13,Returned,0,182000
R_005647,EQ_00009,SITE_017,OP_0226,2026-05-27,2026-06-25,2026-06-27,29,Overdue Returned,0,522000
R_005648,EQ_00282,SITE_003,OP_0252,2026-02-03,2026-02-20,2026-02-22,17,Overdue Returned,1,119000
R_005649,EQ_00261,SITE_014,OP_0205,2024-08-27,2024-09-29,2024-09-29,33,Returned,0,726000
R_005650,EQ_00419,SITE_025,OP_0348,2025-09-18,2025-11-01,2025-11-03,44,Overdue Returned,0,792000
R_005651,EQ_00507,SITE_025,OP_0080,2026-06-22,2026-07-13,,21,Active,0,189000
R_005652,EQ_00699,SITE_005,OP_0056,2024-12-21,2024-12-25,2024-12-30,4,Overdue Returned,0,88000
R_005653,EQ_00641,SITE_030,OP_0212,2026-03-20,2026-04-25,2026-04-25,36,Returned,0,324000
R_005654,EQ_00665,SITE_019,OP_0225,2024-06-24,2024-06-27,,3,Active,1,21000
R_005655,EQ_00054,SITE_006,OP_0259,2025-08-26,2025-09-06,,11,Overdue,0,77000
R_005656,EQ_00480,SITE_007,OP_0089,2026-05-29,2026-07-06,2026-07-06,38,Returned,0,836000
R_005657,EQ_00465,SITE_015,OP_0314,2026-02-03,2026-02-17,2026-02-17,14,Returned,0,98000
R_005658,EQ_00721,SITE_011,OP_0308,2026-05-10,2026-06-23,2026-06-23,44,Returned,1,792000
R_005659,EQ_00546,SITE_015,OP_0308,2026-05-05,2026-05-21,2026-05-31,16,Overdue Returned,0,144000
R_005660,EQ_00253,SITE_025,OP_0160,2025-06-23,2025-07-23,,30,Active,1,900000
R_005661,EQ_00571,SITE_009,OP_0050,2024-09-25,2024-10-11,2024-10-11,16,Returned,0,256000
R_005662,EQ_00494,SITE_028,OP_0092,2025-05-16,2025-06-11,,26,Active,1,182000
R_005663,EQ_00331,SITE_024,OP_0070,2026-06-28,2026-08-04,2026-08-01,37,Returned,1,666000
R_005664,EQ_00593,SITE_023,OP_0157,2024-11-30,2024-12-14,2024-12-19,14,Overdue Returned,0,126000
R_005665,EQ_00669,SITE_010,OP_0085,2024-06-01,2024-06-28,,27,Overdue,1,243000
R_005666,EQ_00661,SITE_009,OP_0049,2025-05-02,2025-05-28,2025-05-28,26,Returned,1,416000
R_005667,EQ_00122,SITE_021,OP_0117,2026-02-05,2026-03-01,,24,Active,0,216000
R_005668,EQ_00193,SITE_016,OP_0044,2026-03-03,2026-04-10,2026-04-10,38,Returned,0,608000
R_005669,EQ_00409,SITE_010,OP_0133,2024-02-14,2024-03-10,2024-03-10,25,Returned,0,225000
R_005670,EQ_00155,SITE_021,OP_0348,2025-08-22,2025-09-27,,36,Overdue,1,792000
R_005671,EQ_00613,SITE_022,OP_0080,2025-03-18,2025-04-28,2025-04-27,41,Returned,0,738000
R_005672,EQ_00734,SITE_008,OP_0209,2025-09-15,2025-09-22,2025-10-02,7,Overdue Returned,0,49000
R_005673,EQ_00249,SITE_021,OP_0194,2024-07-19,2024-08-12,2024-08-11,24,Returned,0,720000
R_005674,EQ_00111,SITE_002,OP_0200,2024-01-06,2024-02-11,2024-02-11,36,Returned,1,648000
R_005675,EQ_00115,SITE_014,OP_0231,2024-06-13,2024-06-21,2024-06-21,8,Returned,0,56000
R_005676,EQ_00511,SITE_007,OP_0231,2024-10-12,2024-10-31,2024-10-31,19,Returned,0,133000
R_005677,EQ_00457,SITE_009,OP_0031,2025-11-27,2025-12-31,,34,Active,0,238000
R_005678,EQ_00038,SITE_021,OP_0006,2025-07-22,2025-07-30,,8,Active,0,176000
R_005679,EQ_00474,SITE_024,OP_0172,2026-04-18,2026-05-05,2026-05-05,17,Returned,1,374000
R_005680,EQ_00257,SITE_009,OP_0295,2026-03-05,2026-03-26,,21,Active,0,147000
R_005681,EQ_00747,SITE_027,OP_0168,2024-03-20,2024-04-17,2024-04-19,28,Overdue Returned,1,196000
R_005682,EQ_00371,SITE_018,OP_0083,2024-01-02,2024-02-04,2024-02-04,33,Returned,1,297000
R_005683,EQ_00272,SITE_010,OP_0070,2026-01-12,2026-02-19,,38,Overdue,0,684000
R_005684,EQ_00201,SITE_017,OP_0348,2025-11-21,2025-12-23,2025-12-23,32,Returned,0,224000
R_005685,EQ_00459,SITE_004,OP_0162,2025-05-02,2025-05-07,2025-05-06,5,Returned,0,35000
R_005686,EQ_00682,SITE_014,OP_0211,2024-08-17,2024-09-25,2024-09-27,39,Overdue Returned,0,1170000
R_005687,EQ_00200,SITE_011,OP_0119,2025-03-18,2025-04-08,2025-04-08,21,Returned,1,147000
R_005688,EQ_00763,SITE_024,OP_0328,2025-02-19,2025-03-05,2025-03-10,14,Overdue Returned,0,98000
R_005689,EQ_00710,SITE_017,OP_0116,2026-07-06,2026-08-19,2026-08-19,44,Returned,0,704000
R_005690,EQ_00694,SITE_017,OP_0169,2026-03-29,2026-04-08,2026-04-09,10,Overdue Returned,0,220000
R_005691,EQ_00679,SITE_030,OP_0136,2026-07-01,2026-07-08,2026-07-08,7,Returned,0,63000
R_005692,EQ_00770,SITE_013,OP_0071,2025-01-29,2025-02-27,,29,Overdue,0,638000
R_005693,EQ_00036,SITE_026,OP_0304,2024-12-13,2025-01-09,2025-01-09,27,Returned,0,594000
R_005694,EQ_00401,SITE_001,OP_0107,2024-05-15,2024-06-21,2024-06-21,37,Returned,1,259000
R_005695,EQ_00795,SITE_027,OP_0347,2024-10-11,2024-11-11,,31,Overdue,0,217000
R_005696,EQ_00498,SITE_030,OP_0058,2024-05-19,2024-06-20,2024-06-20,32,Returned,0,960000
R_005697,EQ_00103,SITE_005,OP_0066,2025-07-10,2025-08-04,2025-08-04,25,Returned,0,550000
R_005698,EQ_00268,SITE_007,OP_0001,2024-04-20,2024-05-25,2024-05-25,35,Returned,0,245000
R_005699,EQ_00112,SITE_008,OP_0322,2024-11-21,2024-12-25,,34,Active,0,476000
R_005700,EQ_00389,SITE_026,OP_0052,2026-05-05,2026-05-15,,10,Active,0,140000
R_005701,EQ_00022,SITE_007,OP_0289,2024-01-04,2024-02-15,2024-02-15,42,Returned,0,588000
R_005702,EQ_00620,SITE_016,OP_0003,2026-04-16,2026-05-22,2026-05-22,36,Returned,0,504000
R_005703,EQ_00618,SITE_026,OP_0023,2024-08-20,2024-09-17,2024-09-17,28,Returned,1,840000
R_005704,EQ_00304,SITE_013,OP_0162,2025-11-10,2025-12-01,2025-12-01,21,Returned,0,378000
R_005705,EQ_00460,SITE_011,OP_0042,2024-08-31,2024-09-18,2024-09-18,18,Returned,0,540000
R_005706,EQ_00253,SITE_009,OP_0205,2025-03-28,2025-04-27,,30,Active,0,900000
R_005707,EQ_00354,SITE_023,OP_0196,2024-04-03,2024-05-07,2024-05-09,34,Overdue Returned,0,612000
R_005708,EQ_00609,SITE_024,OP_0340,2025-07-23,2025-08-04,,12,Active,0,168000
R_005709,EQ_00055,SITE_023,OP_0204,2025-03-24,2025-04-26,,33,Active,0,594000
R_005710,EQ_00284,SITE_030,OP_0190,2025-02-12,2025-02-18,2025-02-18,6,Returned,0,108000
R_005711,EQ_00331,SITE_023,OP_0138,2026-04-24,2026-05-11,2026-05-16,17,Overdue Returned,0,306000
R_005712,EQ_00573,SITE_009,OP_0189,2025-10-14,2025-11-14,,31,Overdue,0,496000
R_005713,EQ_00148,SITE_024,OP_0177,2025-05-24,2025-07-06,2025-07-06,43,Returned,1,774000
R_005714,EQ_00423,SITE_015,OP_0192,2024-10-14,2024-10-24,2024-10-24,10,Returned,1,90000
R_005715,EQ_00570,SITE_007,OP_0127,2025-02-06,2025-03-20,2025-03-21,42,Overdue Returned,0,924000
R_005716,EQ_00118,SITE_028,OP_0190,2025-04-13,2025-05-19,2025-05-19,36,Returned,0,324000
R_005717,EQ_00667,SITE_001,OP_0044,2024-01-04,2024-02-16,2024-02-15,43,Returned,0,387000
R_005718,EQ_00026,SITE_013,OP_0280,2024-10-01,2024-10-26,2024-10-27,25,Overdue Returned,1,400000
R_005719,EQ_00796,SITE_016,OP_0291,2024-11-29,2025-01-11,2025-01-11,43,Returned,1,301000
R_005720,EQ_00455,SITE_026,OP_0327,2025-12-23,2026-01-10,2026-01-11,18,Overdue Returned,0,126000
R_005721,EQ_00616,SITE_020,OP_0188,2026-07-06,2026-07-19,2026-07-19,13,Returned,0,286000
R_005722,EQ_00634,SITE_030,OP_0143,2024-04-17,2024-04-25,2024-04-25,8,Returned,0,112000
R_005723,EQ_00557,SITE_021,OP_0235,2025-09-27,2025-10-03,2025-10-03,6,Returned,0,42000
R_005724,EQ_00750,SITE_011,OP_0140,2025-07-08,2025-08-02,2025-08-02,25,Returned,0,400000
R_005725,EQ_00791,SITE_020,OP_0259,2024-10-25,2024-12-03,2024-12-03,39,Returned,0,351000
R_005726,EQ_00521,SITE_028,OP_0318,2024-12-01,2024-12-05,2024-12-10,4,Overdue Returned,0,36000
R_005727,EQ_00373,SITE_005,OP_0214,2025-01-12,2025-01-22,2025-01-22,10,Returned,0,220000
R_005728,EQ_00364,SITE_024,OP_0220,2026-06-22,2026-08-04,2026-08-04,43,Returned,0,1290000
R_005729,EQ_00139,SITE_029,OP_0199,2024-05-01,2024-06-11,,41,Overdue,0,738000
R_005730,EQ_00759,SITE_029,OP_0024,2024-01-30,2024-02-26,,27,Active,0,594000
R_005731,EQ_00747,SITE_018,OP_0239,2024-08-31,2024-10-05,,35,Overdue,0,245000
R_005732,EQ_00104,SITE_028,OP_0025,2024-07-28,2024-08-05,2024-08-03,8,Returned,0,56000
R_005733,EQ_00516,SITE_019,OP_0129,2025-11-14,2025-12-12,2025-12-11,28,Returned,0,504000
R_005734,EQ_00332,SITE_006,OP_0106,2024-06-19,2024-07-26,2024-07-26,37,Returned,0,259000
R_005735,EQ_00794,SITE_019,OP_0334,2024-08-23,2024-08-28,,5,Active,0,35000
R_005736,EQ_00385,SITE_002,OP_0153,2025-05-24,2025-05-27,2025-05-27,3,Returned,0,42000
R_005737,EQ_00286,SITE_026,OP_0254,2024-03-25,2024-04-10,,16,Overdue,0,112000
R_005738,EQ_00626,SITE_016,OP_0258,2025-02-13,2025-02-26,2025-02-26,13,Returned,1,182000
R_005739,EQ_00329,SITE_008,OP_0308,2025-04-12,2025-04-30,2025-05-05,18,Overdue Returned,0,324000
R_005740,EQ_00559,SITE_015,OP_0249,2024-02-19,2024-03-12,2024-03-12,22,Returned,0,396000
R_005741,EQ_00377,SITE_013,OP_0217,2024-07-29,2024-08-11,2024-08-11,13,Returned,0,182000
R_005742,EQ_00417,SITE_018,OP_0100,2026-01-23,2026-02-04,2026-02-04,12,Returned,0,168000
R_005743,EQ_00161,SITE_023,OP_0195,2025-08-29,2025-10-05,,37,Active,1,666000
R_005744,EQ_00230,SITE_012,OP_0050,2026-06-24,2026-08-01,2026-08-01,38,Returned,0,684000
R_005745,EQ_00765,SITE_008,OP_0026,2026-02-09,2026-02-27,2026-02-28,18,Overdue Returned,0,324000
R_005746,EQ_00100,SITE_010,OP_0281,2025-03-22,2025-04-21,2025-04-21,30,Returned,0,900000
R_005747,EQ_00438,SITE_026,OP_0062,2025-11-16,2025-12-21,2025-12-26,35,Overdue Returned,1,490000
R_005748,EQ_00649,SITE_019,OP_0081,2026-08-04,2026-08-21,,17,Active,0,306000
R_005749,EQ_00517,SITE_020,OP_0080,2025-06-08,2025-06-13,2025-06-12,5,Returned,0,110000
R_005750,EQ_00693,SITE_003,OP_0222,2026-01-27,2026-03-07,,39,Active,0,273000
R_005751,EQ_00276,SITE_023,OP_0130,2025-01-06,2025-01-25,2025-01-25,19,Returned,0,266000
R_005752,EQ_00256,SITE_014,OP_0060,2025-05-24,2025-06-07,2025-06-08,14,Overdue Returned,0,252000
R_005753,EQ_00632,SITE_007,OP_0228,2026-02-17,2026-03-19,2026-03-19,30,Returned,0,900000
R_005754,EQ_00688,SITE_004,OP_0112,2025-10-29,2025-11-01,2025-11-01,3,Returned,0,54000
R_005755,EQ_00321,SITE_014,OP_0126,2026-05-03,2026-06-05,2026-06-03,33,Returned,0,231000
R_005756,EQ_00582,SITE_015,OP_0307,2025-04-03,2025-05-18,2025-05-19,45,Overdue Returned,0,1350000
R_005757,EQ_00712,SITE_016,OP_0317,2024-08-12,2024-09-05,2024-09-05,24,Returned,0,528000
R_005758,EQ_00730,SITE_012,OP_0239,2024-02-22,2024-03-18,2024-03-18,25,Returned,1,175000
R_005759,EQ_00068,SITE_001,OP_0058,2024-07-28,2024-09-06,2024-09-08,40,Overdue Returned,1,720000
R_005760,EQ_00125,SITE_026,OP_0028,2024-03-25,2024-04-12,2024-04-14,18,Overdue Returned,0,396000
R_005761,EQ_00146,SITE_023,OP_0340,2026-07-05,2026-08-07,2026-08-07,33,Returned,0,594000
R_005762,EQ_00557,SITE_004,OP_0106,2024-03-13,2024-04-04,2024-04-04,22,Returned,0,154000
R_005763,EQ_00563,SITE_024,OP_0237,2025-08-19,2025-08-29,2025-08-29,10,Returned,1,180000
R_005764,EQ_00587,SITE_006,OP_0197,2026-04-30,2026-05-03,,3,Active,0,27000
R_005765,EQ_00296,SITE_003,OP_0296,2025-09-23,2025-10-05,2025-10-05,12,Returned,0,192000
R_005766,EQ_00155,SITE_030,OP_0059,2024-06-18,2024-07-22,2024-07-22,34,Returned,0,748000
R_005767,EQ_00323,SITE_007,OP_0252,2025-06-08,2025-07-19,2025-07-19,41,Returned,0,369000
R_005768,EQ_00337,SITE_009,OP_0194,2024-07-23,2024-09-03,,42,Active,0,294000
R_005769,EQ_00007,SITE_002,OP_0156,2025-12-15,2025-12-23,,8,Active,0,240000
R_005770,EQ_00440,SITE_002,OP_0001,2024-10-27,2024-12-04,,38,Active,0,532000
R_005771,EQ_00077,SITE_021,OP_0016,2025-05-14,2025-06-26,,43,Active,0,946000
R_005772,EQ_00472,SITE_006,OP_0005,2026-06-25,2026-07-06,,11,Active,1,154000
R_005773,EQ_00322,SITE_021,OP_0150,2026-01-20,2026-02-02,2026-01-30,13,Returned,0,234000
R_005774,EQ_00651,SITE_026,OP_0347,2024-05-26,2024-06-20,2024-06-17,25,Returned,1,400000
R_005775,EQ_00020,SITE_025,OP_0099,2026-05-09,2026-06-06,2026-06-06,28,Returned,0,504000
R_005776,EQ_00420,SITE_019,OP_0008,2024-11-03,2024-12-14,2024-12-14,41,Returned,1,369000
R_005777,EQ_00689,SITE_010,OP_0105,2024-03-01,2024-04-11,2024-04-11,41,Returned,0,574000
R_005778,EQ_00312,SITE_004,OP_0234,2025-10-02,2025-10-14,2025-10-14,12,Returned,0,108000
R_005779,EQ_00050,SITE_018,OP_0248,2024-06-26,2024-07-18,2024-07-17,22,Returned,1,154000
R_005780,EQ_00647,SITE_002,OP_0088,2025-12-14,2026-01-14,2026-01-11,31,Returned,0,558000
R_005781,EQ_00740,SITE_015,OP_0069,2024-11-25,2024-12-11,2024-12-11,16,Returned,0,224000
R_005782,EQ_00126,SITE_030,OP_0043,2025-12-02,2025-12-14,2025-12-24,12,Overdue Returned,1,84000
R_005783,EQ_00276,SITE_024,OP_0328,2024-11-16,2024-11-26,2024-11-26,10,Returned,0,140000
R_005784,EQ_00773,SITE_017,OP_0331,2024-02-16,2024-03-21,2024-03-21,34,Returned,0,544000
R_005785,EQ_00336,SITE_030,OP_0212,2024-05-25,2024-05-31,2024-06-10,6,Overdue Returned,1,108000
R_005786,EQ_00278,SITE_006,OP_0030,2024-12-28,2025-01-04,2025-01-04,7,Returned,1,112000
R_005787,EQ_00216,SITE_021,OP_0245,2024-12-08,2025-01-19,2025-01-19,42,Returned,0,924000
R_005788,EQ_00677,SITE_017,OP_0296,2024-01-16,2024-01-23,2024-01-23,7,Returned,1,126000
R_005789,EQ_00020,SITE_008,OP_0161,2024-02-17,2024-03-18,2024-03-18,30,Returned,1,540000
R_005790,EQ_00429,SITE_020,OP_0075,2025-10-14,2025-10-24,,10,Active,0,90000
R_005791,EQ_00243,SITE_030,OP_0303,2025-11-14,2025-11-25,2025-11-27,11,Overdue Returned,0,198000
R_005792,EQ_00504,SITE_004,OP_0319,2025-03-31,2025-05-04,2025-05-04,34,Returned,0,476000
R_005793,EQ_00170,SITE_003,OP_0324,2026-08-07,2026-09-06,2026-09-06,30,Returned,0,540000
R_005794,EQ_00013,SITE_029,OP_0272,2025-07-21,2025-08-24,2025-08-22,34,Returned,0,748000
R_005795,EQ_00099,SITE_008,OP_0270,2024-03-30,2024-04-07,2024-04-12,8,Overdue Returned,1,56000
R_005796,EQ_00784,SITE_016,OP_0040,2025-08-19,2025-09-28,2025-09-29,40,Overdue Returned,0,560000
R_005797,EQ_00130,SITE_020,OP_0234,2025-12-31,2026-01-25,2026-01-30,25,Overdue Returned,1,350000
R_005798,EQ_00585,SITE_026,OP_0226,2024-11-01,2024-11-12,2024-11-12,11,Returned,0,176000
R_005799,EQ_00313,SITE_027,OP_0130,2026-01-26,2026-02-25,2026-02-22,30,Returned,0,660000
R_005800,EQ_00242,SITE_009,OP_0117,2025-10-02,2025-11-10,2025-11-10,39,Returned,0,702000
R_005801,EQ_00559,SITE_001,OP_0184,2024-01-22,2024-03-05,2024-03-05,43,Returned,0,774000
R_005802,EQ_00117,SITE_019,OP_0316,2026-04-13,2026-04-19,,6,Active,0,84000
R_005803,EQ_00342,SITE_006,OP_0022,2024-10-02,2024-10-05,,3,Active,0,54000
R_005804,EQ_00156,SITE_003,OP_0107,2025-09-17,2025-09-22,2025-09-22,5,Returned,1,150000
R_005805,EQ_00790,SITE_003,OP_0193,2025-05-24,2025-05-29,2025-05-28,5,Returned,0,80000
R_005806,EQ_00491,SITE_003,OP_0161,2024-08-12,2024-09-03,,22,Active,0,484000
R_005807,EQ_00090,SITE_013,OP_0008,2024-04-27,2024-05-12,2024-05-12,15,Returned,0,210000
R_005808,EQ_00556,SITE_030,OP_0230,2025-12-24,2026-02-02,,40,Active,1,1200000
R_005809,EQ_00140,SITE_006,OP_0194,2026-05-30,2026-06-11,,12,Active,0,264000
R_005810,EQ_00571,SITE_011,OP_0337,2025-02-02,2025-02-10,2025-02-10,8,Returned,0,128000
R_005811,EQ_00224,SITE_001,OP_0346,2024-07-02,2024-07-20,2024-07-25,18,Overdue Returned,1,396000
R_005812,EQ_00123,SITE_007,OP_0338,2025-08-25,2025-10-05,,41,Overdue,1,656000
R_005813,EQ_00030,SITE_028,OP_0007,2024-07-06,2024-08-09,,34,Active,0,612000
R_005814,EQ_00206,SITE_010,OP_0251,2024-10-25,2024-11-21,2024-11-21,27,Returned,1,594000
R_005815,EQ_00305,SITE_023,OP_0288,2025-05-20,2025-07-01,2025-07-01,42,Returned,1,924000
R_005816,EQ_00288,SITE_027,OP_0167,2026-06-03,2026-07-05,2026-07-10,32,Overdue Returned,0,288000
R_005817,EQ_00269,SITE_015,OP_0242,2026-07-02,2026-07-28,,26,Overdue,0,468000
R_005818,EQ_00679,SITE_017,OP_0212,2024-03-29,2024-04-23,2024-04-23,25,Returned,0,225000
R_005819,EQ_00393,SITE_007,OP_0029,2024-02-02,2024-02-19,2024-02-19,17,Returned,1,306000
R_005820,EQ_00597,SITE_008,OP_0049,2024-08-24,2024-08-29,2024-08-31,5,Overdue Returned,0,110000
R_005821,EQ_00539,SITE_011,OP_0327,2026-05-23,2026-06-10,2026-06-09,18,Returned,0,396000
R_005822,EQ_00009,SITE_017,OP_0111,2025-04-15,2025-04-19,2025-04-19,4,Returned,1,72000
R_005823,EQ_00737,SITE_020,OP_0343,2024-07-16,2024-07-19,2024-07-19,3,Returned,0,27000
R_005824,EQ_00721,SITE_021,OP_0143,2024-03-13,2024-03-28,,15,Active,0,270000
R_005825,EQ_00479,SITE_005,OP_0204,2024-07-10,2024-08-19,2024-08-19,40,Returned,0,280000
R_005826,EQ_00238,SITE_022,OP_0338,2026-04-23,2026-05-07,2026-05-04,14,Returned,0,126000
R_005827,EQ_00796,SITE_012,OP_0261,2025-10-03,2025-10-21,2025-10-20,18,Returned,1,126000
R_005828,EQ_00771,SITE_028,OP_0312,2024-12-26,2025-02-03,2025-02-08,39,Overdue Returned,1,1170000
R_005829,EQ_00101,SITE_022,OP_0037,2026-01-13,2026-02-23,2026-02-24,41,Overdue Returned,0,1230000
R_005830,EQ_00368,SITE_016,OP_0168,2025-07-24,2025-09-06,2025-09-06,44,Returned,1,704000
R_005831,EQ_00217,SITE_023,OP_0348,2025-06-27,2025-08-07,2025-08-07,41,Returned,0,738000
R_005832,EQ_00347,SITE_017,OP_0203,2024-08-27,2024-09-12,2024-09-12,16,Returned,0,352000
R_005833,EQ_00495,SITE_024,OP_0299,2025-09-12,2025-09-15,2025-09-15,3,Returned,1,48000
R_005834,EQ_00398,SITE_008,OP_0118,2025-03-18,2025-04-15,,28,Overdue,1,252000
R_005835,EQ_00685,SITE_018,OP_0018,2025-11-23,2025-12-26,2025-12-26,33,Returned,0,594000
R_005836,EQ_00498,SITE_010,OP_0141,2026-05-12,2026-06-03,,22,Active,0,660000
R_005837,EQ_00213,SITE_004,OP_0301,2025-05-12,2025-06-08,2025-06-13,27,Overdue Returned,0,594000
R_005838,EQ_00763,SITE_006,OP_0346,2025-05-29,2025-06-25,2025-06-22,27,Returned,0,189000
R_005839,EQ_00538,SITE_001,OP_0002,2025-01-03,2025-01-22,,19,Active,1,304000
R_005840,EQ_00627,SITE_021,OP_0171,2025-05-17,2025-06-10,2025-06-10,24,Returned,0,720000
R_005841,EQ_00551,SITE_028,OP_0286,2025-02-20,2025-03-03,2025-02-28,11,Returned,0,198000
R_005842,EQ_00111,SITE_014,OP_0330,2026-02-19,2026-04-03,2026-04-03,43,Returned,0,774000
R_005843,EQ_00382,SITE_024,OP_0328,2025-03-17,2025-04-16,,30,Active,0,210000
R_005844,EQ_00384,SITE_027,OP_0185,2025-07-09,2025-07-16,2025-07-17,7,Overdue Returned,1,98000
R_005845,EQ_00104,SITE_022,OP_0261,2025-08-04,2025-09-12,,39,Active,0,273000
R_005846,EQ_00092,SITE_021,OP_0188,2024-07-09,2024-07-22,2024-07-22,13,Returned,1,286000
R_005847,EQ_00531,SITE_011,OP_0011,2025-04-25,2025-05-29,2025-05-29,34,Returned,0,476000
R_005848,EQ_00325,SITE_007,OP_0308,2024-02-26,2024-03-02,2024-03-02,5,Returned,0,80000
R_005849,EQ_00545,SITE_004,OP_0093,2025-05-14,2025-06-02,2025-06-02,19,Returned,1,570000
R_005850,EQ_00161,SITE_004,OP_0179,2026-04-21,2026-05-24,2026-05-29,33,Overdue Returned,0,594000
R_005851,EQ_00442,SITE_006,OP_0304,2025-05-03,2025-05-07,,4,Active,0,64000
R_005852,EQ_00203,SITE_022,OP_0337,2026-01-28,2026-03-02,2026-03-02,33,Returned,0,990000
R_005853,EQ_00765,SITE_011,OP_0272,2024-01-20,2024-02-10,,21,Active,0,378000
R_005854,EQ_00733,SITE_004,OP_0043,2025-03-18,2025-04-03,2025-04-03,16,Returned,1,112000
R_005855,EQ_00613,SITE_020,OP_0004,2024-01-06,2024-02-03,2024-02-03,28,Returned,0,504000
R_005856,EQ_00739,SITE_027,OP_0332,2024-10-18,2024-11-21,2024-11-23,34,Overdue Returned,0,1020000
R_005857,EQ_00658,SITE_002,OP_0145,2024-03-13,2024-03-16,2024-03-16,3,Returned,0,54000
R_005858,EQ_00125,SITE_027,OP_0187,2026-07-15,2026-08-05,,21,Active,0,462000
R_005859,EQ_00128,SITE_003,OP_0175,2025-01-11,2025-01-22,2025-01-27,11,Overdue Returned,0,154000
R_005860,EQ_00614,SITE_004,OP_0300,2025-10-12,2025-11-18,2025-11-18,37,Returned,0,1110000
R_005861,EQ_00292,SITE_028,OP_0079,2025-07-14,2025-07-26,2025-07-27,12,Overdue Returned,1,264000
R_005862,EQ_00299,SITE_011,OP_0130,2024-01-06,2024-02-12,,37,Active,0,666000
R_005863,EQ_00550,SITE_011,OP_0112,2024-06-10,2024-07-25,2024-07-25,45,Returned,0,630000
R_005864,EQ_00381,SITE_010,OP_0170,2024-05-08,2024-06-03,2024-05-31,26,Returned,0,234000
R_005865,EQ_00036,SITE_007,OP_0265,2026-02-01,2026-02-04,2026-02-04,3,Returned,0,66000
R_005866,EQ_00223,SITE_024,OP_0239,2025-03-03,2025-04-07,2025-04-07,35,Returned,0,315000
R_005867,EQ_00169,SITE_023,OP_0295,2026-04-24,2026-06-04,2026-06-03,41,Returned,0,574000
R_005868,EQ_00512,SITE_006,OP_0148,2025-08-12,2025-09-22,2025-09-22,41,Returned,0,369000
R_005869,EQ_00014,SITE_021,OP_0308,2026-05-06,2026-06-14,,39,Active,0,1170000
R_005870,EQ_00048,SITE_012,OP_0302,2026-06-01,2026-07-12,2026-07-14,41,Overdue Returned,1,369000
R_005871,EQ_00178,SITE_029,OP_0006,2026-05-28,2026-06-22,2026-06-21,25,Returned,0,225000
R_005872,EQ_00411,SITE_020,OP_0076,2024-02-05,2024-03-07,2024-03-12,31,Overdue Returned,0,682000
R_005873,EQ_00557,SITE_007,OP_0030,2024-03-24,2024-04-22,2024-04-22,29,Returned,0,203000
R_005874,EQ_00189,SITE_013,OP_0206,2026-07-01,2026-07-16,,15,Active,1,240000
R_005875,EQ_00277,SITE_022,OP_0264,2025-11-03,2025-12-03,2025-12-04,30,Overdue Returned,0,270000
R_005876,EQ_00109,SITE_007,OP_0246,2025-02-03,2025-02-13,2025-02-13,10,Returned,0,220000
R_005877,EQ_00735,SITE_002,OP_0202,2024-08-05,2024-09-15,2024-09-15,41,Returned,0,656000
R_005878,EQ_00605,SITE_015,OP_0048,2025-06-26,2025-07-02,2025-07-02,6,Returned,0,108000
R_005879,EQ_00341,SITE_026,OP_0137,2025-12-26,2026-02-05,2026-02-05,41,Returned,0,902000
R_005880,EQ_00129,SITE_008,OP_0299,2024-06-26,2024-07-21,,25,Active,1,750000
R_005881,EQ_00450,SITE_018,OP_0058,2025-07-18,2025-07-21,2025-07-21,3,Returned,0,42000
R_005882,EQ_00502,SITE_021,OP_0150,2026-06-01,2026-07-15,2026-07-15,44,Returned,1,616000
R_005883,EQ_00132,SITE_029,OP_0071,2025-06-21,2025-07-02,2025-07-02,11,Returned,1,77000
R_005884,EQ_00392,SITE_029,OP_0320,2025-12-15,2026-01-29,2026-01-31,45,Overdue Returned,0,405000
R_005885,EQ_00640,SITE_012,OP_0006,2025-08-11,2025-08-27,2025-08-27,16,Returned,0,224000
R_005886,EQ_00179,SITE_005,OP_0170,2026-05-25,2026-07-08,2026-07-10,44,Overdue Returned,0,396000
R_005887,EQ_00324,SITE_014,OP_0150,2024-05-07,2024-06-10,2024-06-11,34,Overdue Returned,1,612000
R_005888,EQ_00192,SITE_022,OP_0014,2025-01-31,2025-02-20,2025-02-20,20,Returned,0,280000
R_005889,EQ_00768,SITE_020,OP_0327,2026-02-28,2026-04-03,2026-04-03,34,Returned,1,612000
R_005890,EQ_00219,SITE_008,OP_0328,2024-04-25,2024-05-21,2024-05-22,26,Overdue Returned,0,468000
R_005891,EQ_00570,SITE_018,OP_0191,2024-12-14,2025-01-12,,29,Active,1,638000
R_005892,EQ_00015,SITE_001,OP_0092,2026-06-10,2026-06-24,2026-06-24,14,Returned,0,308000
R_005893,EQ_00507,SITE_009,OP_0266,2024-10-21,2024-11-28,,38,Active,0,342000
R_005894,EQ_00302,SITE_013,OP_0133,2024-11-29,2024-12-22,2024-12-24,23,Overdue Returned,0,414000
R_005895,EQ_00484,SITE_030,OP_0313,2025-04-06,2025-04-26,2025-04-27,20,Overdue Returned,0,180000
R_005896,EQ_00369,SITE_008,OP_0230,2024-11-02,2024-11-20,2024-11-20,18,Returned,0,396000
R_005897,EQ_00402,SITE_021,OP_0142,2024-08-27,2024-10-07,2024-10-07,41,Returned,0,1230000
R_005898,EQ_00280,SITE_011,OP_0069,2024-07-05,2024-08-08,2024-08-08,34,Returned,0,476000
R_005899,EQ_00374,SITE_012,OP_0092,2026-04-24,2026-05-14,2026-05-14,20,Returned,1,600000
R_005900,EQ_00708,SITE_025,OP_0279,2025-09-05,2025-10-09,2025-10-09,34,Returned,1,544000
R_005901,EQ_00098,SITE_005,OP_0263,2026-02-07,2026-03-10,,31,Active,1,558000
R_005902,EQ_00523,SITE_025,OP_0179,2026-01-28,2026-03-03,,34,Overdue,1,612000
R_005903,EQ_00278,SITE_007,OP_0253,2026-07-22,2026-07-28,,6,Active,0,96000
R_005904,EQ_00786,SITE_017,OP_0292,2025-03-24,2025-03-30,2025-03-29,6,Returned,1,132000
R_005905,EQ_00672,SITE_016,OP_0198,2026-07-05,2026-08-09,2026-08-10,35,Overdue Returned,0,490000
R_005906,EQ_00520,SITE_030,OP_0193,2025-09-02,2025-09-24,2025-09-24,22,Returned,0,154000
R_005907,EQ_00107,SITE_020,OP_0245,2026-02-01,2026-02-10,2026-02-10,9,Returned,0,162000
R_005908,EQ_00370,SITE_014,OP_0317,2025-05-20,2025-06-10,,21,Active,0,462000
R_005909,EQ_00143,SITE_001,OP_0024,2025-03-28,2025-04-30,2025-04-30,33,Returned,0,990000
R_005910,EQ_00169,SITE_002,OP_0250,2025-05-07,2025-06-05,2025-06-05,29,Returned,0,406000
R_005911,EQ_00280,SITE_012,OP_0121,2026-04-22,2026-05-16,2026-05-16,24,Returned,1,336000
R_005912,EQ_00746,SITE_002,OP_0320,2024-10-10,2024-11-17,2024-11-17,38,Returned,0,266000
R_005913,EQ_00408,SITE_010,OP_0237,2025-11-24,2025-12-03,2025-12-03,9,Returned,1,63000
R_005914,EQ_00420,SITE_027,OP_0161,2024-12-13,2025-01-13,2025-01-13,31,Returned,1,279000
R_005915,EQ_00648,SITE_019,OP_0075,2026-08-06,2026-09-15,2026-09-15,40,Returned,1,720000
R_005916,EQ_00142,SITE_008,OP_0077,2024-03-03,2024-04-12,,40,Active,1,360000
R_005917,EQ_00704,SITE_011,OP_0266,2024-03-28,2024-05-11,2024-05-11,44,Returned,1,968000
R_005918,EQ_00495,SITE_007,OP_0054,2024-03-23,2024-04-23,,31,Active,0,496000
R_005919,EQ_00683,SITE_024,OP_0182,2026-02-28,2026-04-03,,34,Active,0,238000
R_005920,EQ_00141,SITE_006,OP_0188,2024-06-06,2024-07-07,2024-07-04,31,Returned,0,558000
R_005921,EQ_00560,SITE_014,OP_0180,2025-12-07,2026-01-12,2026-01-12,36,Returned,0,1080000
R_005922,EQ_00735,SITE_017,OP_0046,2025-02-27,2025-04-11,2025-04-13,43,Overdue Returned,0,688000
R_005923,EQ_00588,SITE_006,OP_0246,2024-01-18,2024-02-24,2024-02-24,37,Returned,0,333000
R_005924,EQ_00180,SITE_016,OP_0318,2026-02-01,2026-02-27,2026-02-27,26,Returned,1,572000
R_005925,EQ_00206,SITE_012,OP_0143,2025-10-06,2025-11-04,,29,Active,0,638000
R_005926,EQ_00629,SITE_001,OP_0129,2024-05-01,2024-05-22,2024-05-22,21,Returned,1,189000
R_005927,EQ_00462,SITE_001,OP_0241,2024-08-22,2024-09-13,,22,Active,0,308000
R_005928,EQ_00791,SITE_012,OP_0343,2025-03-07,2025-04-13,2025-04-15,37,Overdue Returned,0,333000
R_005929,EQ_00463,SITE_029,OP_0245,2025-08-20,2025-08-28,2025-08-28,8,Returned,0,144000
R_005930,EQ_00631,SITE_029,OP_0257,2026-02-08,2026-03-07,2026-03-07,27,Returned,1,432000
R_005931,EQ_00599,SITE_026,OP_0343,2026-03-05,2026-03-27,2026-03-24,22,Returned,0,484000
R_005932,EQ_00106,SITE_026,OP_0222,2024-03-07,2024-03-20,,13,Active,0,91000
R_005933,EQ_00417,SITE_013,OP_0060,2025-11-25,2025-12-03,2025-12-01,8,Returned,1,112000
R_005934,EQ_00166,SITE_015,OP_0204,2024-04-17,2024-05-28,2024-05-29,41,Overdue Returned,0,574000
R_005935,EQ_00298,SITE_002,OP_0263,2024-12-01,2024-12-21,,20,Overdue,1,180000
R_005936,EQ_00523,SITE_028,OP_0222,2025-06-12,2025-07-04,2025-07-04,22,Returned,0,396000
R_005937,EQ_00446,SITE_028,OP_0169,2025-07-07,2025-07-27,2025-07-26,20,Returned,0,440000
R_005938,EQ_00275,SITE_007,OP_0264,2024-03-19,2024-04-08,,20,Active,0,360000
R_005939,EQ_00368,SITE_025,OP_0190,2024-05-03,2024-06-12,2024-06-12,40,Returned,0,640000
R_005940,EQ_00121,SITE_029,OP_0342,2025-07-24,2025-08-30,2025-08-30,37,Returned,1,333000
R_005941,EQ_00139,SITE_016,OP_0017,2025-07-30,2025-08-13,2025-08-11,14,Returned,0,252000
R_005942,EQ_00083,SITE_003,OP_0322,2025-07-23,2025-08-12,2025-08-14,20,Overdue Returned,0,280000
R_005943,EQ_00525,SITE_010,OP_0095,2024-03-24,2024-04-07,2024-04-07,14,Returned,0,308000
R_005944,EQ_00269,SITE_017,OP_0027,2024-06-09,2024-06-15,2024-06-15,6,Returned,0,108000
R_005945,EQ_00650,SITE_004,OP_0041,2026-01-24,2026-02-09,2026-02-09,16,Returned,0,352000
R_005946,EQ_00277,SITE_025,OP_0256,2024-09-29,2024-10-30,2024-10-30,31,Returned,0,279000
R_005947,EQ_00463,SITE_013,OP_0228,2024-12-28,2025-02-09,2025-02-09,43,Returned,0,774000
R_005948,EQ_00313,SITE_028,OP_0036,2024-02-10,2024-02-25,2024-02-25,15,Returned,0,330000
R_005949,EQ_00562,SITE_013,OP_0326,2025-09-30,2025-11-11,2025-11-11,42,Returned,0,672000
R_005950,EQ_00071,SITE_006,OP_0033,2025-03-07,2025-04-12,2025-04-12,36,Returned,0,252000
R_005951,EQ_00696,SITE_012,OP_0001,2024-10-05,2024-11-12,,38,Active,1,266000
R_005952,EQ_00736,SITE_014,OP_0071,2024-12-29,2025-01-22,2025-01-22,24,Returned,1,336000
R_005953,EQ_00679,SITE_001,OP_0350,2024-05-01,2024-05-04,2024-05-04,3,Returned,1,27000
R_005954,EQ_00113,SITE_020,OP_0308,2024-05-04,2024-05-16,2024-05-16,12,Returned,1,84000
R_005955,EQ_00299,SITE_001,OP_0205,2025-09-09,2025-09-26,,17,Overdue,0,306000
R_005956,EQ_00172,SITE_017,OP_0037,2024-02-26,2024-03-08,2024-03-10,11,Overdue Returned,1,198000
R_005957,EQ_00035,SITE_003,OP_0137,2025-12-14,2026-01-21,2026-01-21,38,Returned,0,684000
R_005958,EQ_00231,SITE_027,OP_0283,2024-09-11,2024-10-12,2024-10-12,31,Returned,0,682000
R_005959,EQ_00055,SITE_014,OP_0246,2025-05-19,2025-05-25,2025-05-27,6,Overdue Returned,1,108000
R_005960,EQ_00662,SITE_023,OP_0068,2025-02-10,2025-03-21,,39,Active,1,273000
R_005961,EQ_00531,SITE_030,OP_0241,2025-01-25,2025-02-22,2025-02-22,28,Returned,0,392000
R_005962,EQ_00560,SITE_020,OP_0199,2024-04-24,2024-06-03,,40,Active,1,1200000
R_005963,EQ_00764,SITE_026,OP_0315,2026-01-29,2026-03-12,2026-03-12,42,Returned,0,588000
R_005964,EQ_00619,SITE_028,OP_0171,2025-02-21,2025-03-29,2025-03-30,36,Overdue Returned,0,1080000
R_005965,EQ_00570,SITE_029,OP_0017,2025-06-10,2025-06-14,2025-06-14,4,Returned,1,88000
R_005966,EQ_00634,SITE_002,OP_0167,2026-01-10,2026-02-23,,44,Overdue,0,616000
R_005967,EQ_00134,SITE_010,OP_0100,2025-04-06,2025-05-16,,40,Overdue,1,640000
R_005968,EQ_00691,SITE_027,OP_0258,2024-03-17,2024-04-20,2024-04-20,34,Returned,1,612000
R_005969,EQ_00134,SITE_011,OP_0213,2026-04-01,2026-04-16,,15,Active,0,240000
R_005970,EQ_00010,SITE_022,OP_0045,2025-08-28,2025-09-25,2025-09-26,28,Overdue Returned,1,616000
R_005971,EQ_00030,SITE_022,OP_0256,2025-06-09,2025-07-08,,29,Overdue,0,522000
R_005972,EQ_00066,SITE_007,OP_0273,2024-07-27,2024-07-31,2024-07-31,4,Returned,1,88000
R_005973,EQ_00244,SITE_029,OP_0109,2024-03-01,2024-04-15,2024-04-15,45,Returned,0,810000
R_005974,EQ_00074,SITE_005,OP_0228,2025-06-22,2025-07-26,2025-07-28,34,Overdue Returned,0,306000
R_005975,EQ_00792,SITE_014,OP_0186,2024-05-07,2024-06-16,2024-06-16,40,Returned,1,280000
R_005976,EQ_00614,SITE_020,OP_0135,2025-02-23,2025-03-28,2025-03-28,33,Returned,0,990000
R_005977,EQ_00230,SITE_013,OP_0036,2025-12-10,2026-01-14,2026-01-14,35,Returned,0,630000
R_005978,EQ_00213,SITE_030,OP_0169,2025-08-24,2025-09-05,2025-09-05,12,Returned,0,264000
R_005979,EQ_00405,SITE_013,OP_0281,2025-06-13,2025-07-09,2025-07-09,26,Returned,0,468000
R_005980,EQ_00302,SITE_020,OP_0265,2024-08-10,2024-09-04,2024-09-04,25,Returned,0,450000
R_005981,EQ_00438,SITE_014,OP_0159,2026-04-09,2026-04-27,2026-04-27,18,Returned,0,252000
R_005982,EQ_00097,SITE_008,OP_0202,2026-06-04,2026-07-16,2026-07-18,42,Overdue Returned,0,756000
R_005983,EQ_00529,SITE_022,OP_0253,2026-01-06,2026-01-30,2026-01-27,24,Returned,1,528000
R_005984,EQ_00303,SITE_005,OP_0276,2025-09-08,2025-09-17,2025-09-17,9,Returned,0,162000
R_005985,EQ_00667,SITE_027,OP_0101,2024-09-30,2024-11-07,2024-11-09,38,Overdue Returned,1,342000
R_005986,EQ_00341,SITE_027,OP_0277,2026-07-12,2026-08-07,2026-08-06,26,Returned,0,572000
R_005987,EQ_00738,SITE_008,OP_0218,2025-01-28,2025-03-04,2025-03-04,35,Returned,1,245000
R_005988,EQ_00290,SITE_011,OP_0255,2024-11-03,2024-11-08,,5,Overdue,1,35000
R_005989,EQ_00032,SITE_011,OP_0005,2025-01-11,2025-02-09,,29,Active,0,203000
R_005990,EQ_00771,SITE_028,OP_0021,2026-02-13,2026-03-30,2026-03-30,45,Returned,0,1350000
R_005991,EQ_00781,SITE_009,OP_0224,2026-02-16,2026-02-21,2026-02-21,5,Returned,1,70000
R_005992,EQ_00446,SITE_009,OP_0131,2025-04-11,2025-05-02,2025-05-02,21,Returned,1,462000
R_005993,EQ_00528,SITE_030,OP_0286,2025-06-18,2025-06-28,2025-06-28,10,Returned,0,140000
R_005994,EQ_00257,SITE_030,OP_0042,2025-11-08,2025-12-06,2025-12-06,28,Returned,1,196000
R_005995,EQ_00558,SITE_006,OP_0232,2025-04-15,2025-05-22,2025-05-22,37,Returned,1,518000
R_005996,EQ_00031,SITE_028,OP_0317,2024-03-28,2024-04-22,,25,Overdue,0,225000
R_005997,EQ_00525,SITE_027,OP_0239,2026-04-07,2026-04-11,2026-04-11,4,Returned,0,88000
R_005998,EQ_00181,SITE_030,OP_0189,2025-08-01,2025-08-30,2025-08-29,29,Returned,0,261000
R_005999,EQ_00221,SITE_006,OP_0278,2025-08-28,2025-09-28,,31,Active,0,558000
R_006000,EQ_00501,SITE_026,OP_0073,2025-11-05,2025-11-11,2025-11-11,6,Returned,1,54000
R_006001,EQ_00344,SITE_024,OP_0280,2025-09-29,2025-10-03,2025-10-03,4,Returned,0,120000
R_006002,EQ_00698,SITE_021,OP_0177,2024-05-28,2024-06-09,2024-06-09,12,Returned,0,168000
R_006003,EQ_00308,SITE_013,OP_0341,2024-01-31,2024-03-16,2024-03-14,45,Returned,0,405000
R_006004,EQ_00578,SITE_022,OP_0249,2026-06-04,2026-06-10,2026-06-10,6,Returned,0,132000
R_006005,EQ_00385,SITE_015,OP_0239,2025-12-11,2026-01-11,2026-01-11,31,Returned,0,434000
R_006006,EQ_00309,SITE_010,OP_0120,2026-05-30,2026-06-08,2026-06-08,9,Returned,0,162000
R_006007,EQ_00219,SITE_015,OP_0146,2025-07-16,2025-08-04,,19,Active,0,342000
R_006008,EQ_00626,SITE_004,OP_0313,2026-02-14,2026-03-12,2026-03-13,26,Overdue Returned,0,364000
R_006009,EQ_00517,SITE_025,OP_0339,2025-12-15,2025-12-31,2026-01-05,16,Overdue Returned,1,352000
R_006010,EQ_00722,SITE_017,OP_0141,2025-07-30,2025-08-05,2025-08-05,6,Returned,0,54000
R_006011,EQ_00532,SITE_001,OP_0204,2024-05-29,2024-07-12,2024-07-12,44,Returned,0,308000
R_006012,EQ_00300,SITE_029,OP_0202,2024-08-03,2024-09-03,2024-09-03,31,Returned,0,217000
R_006013,EQ_00717,SITE_008,OP_0277,2026-08-05,2026-08-22,2026-08-19,17,Returned,0,153000
R_006014,EQ_00711,SITE_019,OP_0186,2024-12-26,2025-02-04,,40,Overdue,0,880000
R_006015,EQ_00006,SITE_030,OP_0001,2025-11-08,2025-12-13,2025-12-12,35,Returned,0,490000
R_006016,EQ_00130,SITE_030,OP_0071,2026-02-04,2026-02-09,2026-02-10,5,Overdue Returned,0,70000
R_006017,EQ_00168,SITE_001,OP_0078,2026-02-02,2026-03-02,2026-02-27,28,Returned,0,840000
R_006018,EQ_00741,SITE_006,OP_0168,2024-01-16,2024-02-25,2024-02-22,40,Returned,0,360000
R_006019,EQ_00348,SITE_021,OP_0349,2026-02-15,2026-02-27,2026-02-27,12,Returned,0,84000
R_006020,EQ_00217,SITE_028,OP_0072,2024-11-09,2024-12-20,2024-12-21,41,Overdue Returned,1,738000
R_006021,EQ_00225,SITE_022,OP_0174,2024-07-28,2024-08-15,2024-08-15,18,Returned,0,162000
R_006022,EQ_00570,SITE_020,OP_0100,2024-09-11,2024-10-22,,41,Active,0,902000
R_006023,EQ_00039,SITE_015,OP_0162,2026-07-21,2026-08-02,2026-08-02,12,Returned,1,108000
R_006024,EQ_00533,SITE_001,OP_0148,2024-08-28,2024-09-13,2024-09-13,16,Returned,0,352000
R_006025,EQ_00283,SITE_021,OP_0185,2024-11-29,2025-01-06,2025-01-07,38,Overdue Returned,0,342000
R_006026,EQ_00590,SITE_022,OP_0040,2024-08-06,2024-08-26,2024-08-26,20,Returned,0,280000
R_006027,EQ_00436,SITE_021,OP_0133,2025-06-13,2025-07-17,2025-07-17,34,Returned,1,544000
R_006028,EQ_00309,SITE_025,OP_0237,2025-05-26,2025-06-30,,35,Active,0,630000
R_006029,EQ_00166,SITE_006,OP_0198,2026-03-15,2026-04-18,2026-04-28,34,Overdue Returned,0,476000
R_006030,EQ_00266,SITE_024,OP_0104,2024-03-02,2024-03-16,2024-03-26,14,Overdue Returned,0,98000
R_006031,EQ_00520,SITE_013,OP_0087,2026-01-14,2026-02-09,2026-02-07,26,Returned,0,182000
R_006032,EQ_00040,SITE_007,OP_0286,2024-06-09,2024-06-16,,7,Active,0,63000
R_006033,EQ_00625,SITE_028,OP_0104,2025-01-23,2025-01-27,2025-01-27,4,Returned,0,56000
R_006034,EQ_00421,SITE_029,OP_0207,2025-01-20,2025-01-27,,7,Active,1,49000
R_006035,EQ_00713,SITE_009,OP_0213,2025-08-07,2025-08-30,2025-09-09,23,Overdue Returned,0,690000
R_006036,EQ_00399,SITE_001,OP_0067,2025-11-23,2025-12-20,2025-12-18,27,Returned,0,486000
R_006037,EQ_00443,SITE_015,OP_0322,2026-02-03,2026-02-26,2026-02-23,23,Returned,0,207000
R_006038,EQ_00426,SITE_029,OP_0330,2026-04-25,2026-05-07,2026-05-04,12,Returned,0,168000
R_006039,EQ_00318,SITE_003,OP_0332,2024-06-10,2024-06-14,2024-06-14,4,Returned,0,56000
R_006040,EQ_00090,SITE_013,OP_0281,2024-07-27,2024-08-03,2024-08-03,7,Returned,0,98000
R_006041,EQ_00341,SITE_007,OP_0071,2024-04-01,2024-05-10,2024-05-10,39,Returned,0,858000
R_006042,EQ_00009,SITE_030,OP_0019,2024-11-11,2024-11-30,2024-11-30,19,Returned,0,342000
R_006043,EQ_00427,SITE_006,OP_0084,2025-04-18,2025-05-18,,30,Active,1,900000
R_006044,EQ_00314,SITE_011,OP_0019,2026-04-11,2026-05-19,2026-05-19,38,Returned,1,342000
R_006045,EQ_00617,SITE_027,OP_0063,2025-05-21,2025-05-30,2025-05-30,9,Returned,0,144000
R_006046,EQ_00493,SITE_014,OP_0091,2026-05-09,2026-06-13,2026-06-13,35,Returned,0,245000
R_006047,EQ_00185,SITE_028,OP_0303,2026-07-24,2026-08-15,2026-08-15,22,Returned,0,154000
R_006048,EQ_00102,SITE_022,OP_0274,2026-03-11,2026-04-22,2026-04-22,42,Returned,0,588000
R_006049,EQ_00045,SITE_002,OP_0070,2025-06-01,2025-07-13,2025-07-13,42,Returned,0,924000
R_006050,EQ_00480,SITE_023,OP_0144,2026-08-03,2026-08-26,,23,Active,0,506000
R_006051,EQ_00299,SITE_024,OP_0326,2025-07-31,2025-09-05,2025-09-05,36,Returned,1,648000
R_006052,EQ_00356,SITE_026,OP_0280,2026-03-08,2026-03-16,,8,Overdue,1,240000
R_006053,EQ_00508,SITE_011,OP_0014,2024-01-10,2024-02-20,2024-02-19,41,Returned,0,738000
R_006054,EQ_00085,SITE_020,OP_0036,2025-08-17,2025-09-30,2025-10-01,44,Overdue Returned,0,792000
R_006055,EQ_00587,SITE_017,OP_0137,2025-08-11,2025-08-18,2025-08-18,7,Returned,0,63000
R_006056,EQ_00705,SITE_026,OP_0315,2025-12-07,2026-01-19,2026-01-20,43,Overdue Returned,0,387000
R_006057,EQ_00222,SITE_016,OP_0057,2024-09-01,2024-10-03,2024-10-03,32,Returned,1,224000
R_006058,EQ_00201,SITE_015,OP_0011,2025-05-07,2025-05-14,,7,Overdue,0,49000
R_006059,EQ_00314,SITE_027,OP_0182,2025-06-10,2025-06-30,2025-06-30,20,Returned,1,180000
R_006060,EQ_00749,SITE_027,OP_0167,2026-02-08,2026-02-21,2026-02-21,13,Returned,0,234000
R_006061,EQ_00002,SITE_030,OP_0076,2024-06-12,2024-07-19,2024-07-19,37,Returned,0,814000
R_006062,EQ_00062,SITE_022,OP_0348,2025-04-24,2025-05-21,2025-05-21,27,Returned,0,189000
R_006063,EQ_00020,SITE_014,OP_0185,2024-07-17,2024-08-09,2024-08-09,23,Returned,0,414000
R_006064,EQ_00316,SITE_019,OP_0286,2024-01-21,2024-02-04,2024-02-04,14,Returned,0,224000
R_006065,EQ_00754,SITE_012,OP_0116,2025-04-08,2025-05-02,2025-05-02,24,Returned,1,720000
R_006066,EQ_00288,SITE_014,OP_0104,2025-08-25,2025-09-17,2025-09-17,23,Returned,0,207000
R_006067,EQ_00419,SITE_029,OP_0111,2024-07-26,2024-08-12,2024-08-12,17,Returned,0,306000
R_006068,EQ_00360,SITE_004,OP_0332,2024-10-06,2024-10-22,2024-10-22,16,Returned,0,224000
R_006069,EQ_00534,SITE_018,OP_0117,2026-01-18,2026-02-04,2026-02-05,17,Overdue Returned,1,272000
R_006070,EQ_00636,SITE_004,OP_0252,2024-08-21,2024-09-18,2024-09-20,28,Overdue Returned,1,448000
R_006071,EQ_00175,SITE_023,OP_0236,2024-09-01,2024-10-09,2024-10-11,38,Overdue Returned,0,342000
R_006072,EQ_00245,SITE_012,OP_0172,2025-10-07,2025-11-16,2025-11-16,40,Returned,0,880000
R_006073,EQ_00414,SITE_021,OP_0193,2024-02-18,2024-02-22,2024-02-22,4,Returned,1,88000
R_006074,EQ_00112,SITE_010,OP_0062,2026-04-04,2026-04-10,2026-04-10,6,Returned,1,84000
R_006075,EQ_00150,SITE_011,OP_0054,2026-06-10,2026-07-16,2026-07-15,36,Returned,0,648000
R_006076,EQ_00516,SITE_016,OP_0068,2025-03-05,2025-04-15,2025-04-16,41,Overdue Returned,1,738000
R_006077,EQ_00572,SITE_011,OP_0117,2025-07-02,2025-08-06,2025-08-07,35,Overdue Returned,1,245000
R_006078,EQ_00402,SITE_022,OP_0117,2025-03-16,2025-04-08,2025-04-08,23,Returned,0,690000
R_006079,EQ_00180,SITE_024,OP_0278,2025-01-24,2025-02-11,2025-02-13,18,Overdue Returned,0,396000
R_006080,EQ_00783,SITE_014,OP_0253,2024-07-25,2024-09-05,2024-09-05,42,Returned,0,756000
R_006081,EQ_00583,SITE_013,OP_0337,2026-02-26,2026-03-06,2026-03-06,8,Returned,0,144000
R_006082,EQ_00673,SITE_013,OP_0163,2025-07-07,2025-07-19,2025-07-19,12,Returned,1,360000
R_006083,EQ_00223,SITE_021,OP_0266,2025-09-24,2025-10-15,2025-10-15,21,Returned,0,189000
R_006084,EQ_00450,SITE_007,OP_0023,2024-03-08,2024-03-17,2024-03-18,9,Overdue Returned,1,126000
R_006085,EQ_00601,SITE_028,OP_0339,2024-03-20,2024-04-14,2024-04-14,25,Returned,0,350000
R_006086,EQ_00652,SITE_030,OP_0255,2024-09-05,2024-10-20,2024-10-20,45,Returned,1,990000
R_006087,EQ_00210,SITE_008,OP_0235,2024-07-13,2024-07-22,2024-07-22,9,Returned,1,144000
R_006088,EQ_00120,SITE_017,OP_0052,2024-08-30,2024-10-01,,32,Overdue,0,576000
R_006089,EQ_00342,SITE_009,OP_0202,2024-04-28,2024-05-20,2024-05-20,22,Returned,0,396000
R_006090,EQ_00355,SITE_030,OP_0200,2025-06-04,2025-07-04,2025-07-04,30,Returned,1,480000
R_006091,EQ_00513,SITE_026,OP_0231,2026-06-16,2026-06-26,2026-06-26,10,Returned,0,180000
R_006092,EQ_00514,SITE_010,OP_0046,2026-04-02,2026-05-13,2026-05-13,41,Returned,0,1230000
R_006093,EQ_00715,SITE_007,OP_0158,2025-11-01,2025-11-23,2025-11-23,22,Returned,1,198000
R_006094,EQ_00603,SITE_012,OP_0213,2024-04-11,2024-05-09,2024-05-09,28,Returned,0,504000
R_006095,EQ_00243,SITE_016,OP_0223,2025-10-12,2025-11-23,2025-11-22,42,Returned,0,756000
R_006096,EQ_00137,SITE_009,OP_0254,2024-02-29,2024-03-19,,19,Active,1,171000
R_006097,EQ_00220,SITE_014,OP_0160,2024-06-07,2024-06-30,2024-06-30,23,Returned,0,161000
R_006098,EQ_00696,SITE_009,OP_0037,2024-03-21,2024-04-27,2024-04-27,37,Returned,0,259000
R_006099,EQ_00020,SITE_006,OP_0165,2024-11-30,2025-01-14,2025-01-11,45,Returned,0,810000
R_006100,EQ_00091,SITE_025,OP_0348,2025-01-30,2025-02-19,2025-02-19,20,Returned,0,440000
R_006101,EQ_00746,SITE_008,OP_0138,2026-03-14,2026-04-07,2026-04-07,24,Returned,0,168000
R_006102,EQ_00607,SITE_018,OP_0062,2024-04-15,2024-05-28,2024-05-30,43,Overdue Returned,0,688000
R_006103,EQ_00672,SITE_023,OP_0168,2024-09-28,2024-11-08,,41,Active,0,574000
R_006104,EQ_00456,SITE_019,OP_0150,2025-08-14,2025-09-12,2025-09-12,29,Returned,1,406000
R_006105,EQ_00773,SITE_023,OP_0138,2026-05-20,2026-06-24,,35,Active,0,560000
R_006106,EQ_00431,SITE_013,OP_0080,2025-10-26,2025-11-01,2025-11-01,6,Returned,0,84000
R_006107,EQ_00437,SITE_007,OP_0281,2025-03-02,2025-03-11,2025-03-11,9,Returned,0,144000
R_006108,EQ_00548,SITE_029,OP_0213,2024-12-28,2025-02-11,2025-02-13,45,Overdue Returned,0,315000
R_006109,EQ_00752,SITE_029,OP_0136,2026-03-27,2026-04-27,2026-04-27,31,Returned,0,558000
R_006110,EQ_00077,SITE_026,OP_0034,2024-12-31,2025-01-27,2025-01-27,27,Returned,0,594000
R_006111,EQ_00655,SITE_025,OP_0007,2025-01-09,2025-02-17,2025-02-18,39,Overdue Returned,1,702000
R_006112,EQ_00760,SITE_014,OP_0040,2024-07-12,2024-08-24,2024-08-25,43,Overdue Returned,1,946000
R_006113,EQ_00437,SITE_001,OP_0153,2024-06-03,2024-06-21,2024-06-23,18,Overdue Returned,0,288000
R_006114,EQ_00253,SITE_021,OP_0234,2026-01-07,2026-02-10,2026-02-15,34,Overdue Returned,1,1020000
R_006115,EQ_00604,SITE_013,OP_0222,2026-05-17,2026-06-17,2026-06-17,31,Returned,0,217000
R_006116,EQ_00624,SITE_012,OP_0238,2025-04-06,2025-05-19,2025-05-20,43,Overdue Returned,0,774000
R_006117,EQ_00027,SITE_029,OP_0309,2024-11-09,2024-11-22,2024-11-22,13,Returned,1,390000
R_006118,EQ_00431,SITE_027,OP_0280,2024-02-24,2024-03-09,2024-03-09,14,Returned,0,196000
R_006119,EQ_00101,SITE_026,OP_0221,2025-04-30,2025-05-29,2025-05-30,29,Overdue Returned,0,870000
R_006120,EQ_00470,SITE_002,OP_0141,2026-02-18,2026-03-17,,27,Active,0,486000
R_006121,EQ_00092,SITE_009,OP_0138,2024-09-09,2024-10-19,2024-10-19,40,Returned,1,880000
R_006122,EQ_00454,SITE_025,OP_0083,2025-10-17,2025-11-08,2025-11-08,22,Returned,0,198000
R_006123,EQ_00574,SITE_018,OP_0006,2025-07-12,2025-07-16,,4,Active,0,120000
R_006124,EQ_00294,SITE_007,OP_0292,2024-12-04,2024-12-30,2024-12-30,26,Returned,0,182000
R_006125,EQ_00720,SITE_006,OP_0196,2026-07-10,2026-07-13,2026-07-13,3,Returned,0,42000
R_006126,EQ_00458,SITE_019,OP_0250,2024-05-17,2024-05-22,2024-05-24,5,Overdue Returned,0,110000
R_006127,EQ_00550,SITE_011,OP_0212,2024-05-31,2024-06-10,2024-06-10,10,Returned,0,140000
R_006128,EQ_00079,SITE_005,OP_0227,2025-06-09,2025-07-23,2025-07-23,44,Returned,0,792000
R_006129,EQ_00140,SITE_008,OP_0238,2025-02-09,2025-03-21,2025-03-22,40,Overdue Returned,0,880000
R_006130,EQ_00097,SITE_015,OP_0058,2024-08-16,2024-09-27,,42,Active,0,756000
R_006131,EQ_00253,SITE_026,OP_0012,2025-11-06,2025-11-18,2025-11-17,12,Returned,0,360000
R_006132,EQ_00286,SITE_010,OP_0174,2026-06-16,2026-07-24,2026-07-24,38,Returned,0,266000
R_006133,EQ_00615,SITE_020,OP_0247,2026-07-17,2026-08-05,2026-08-04,19,Returned,0,342000
R_006134,EQ_00054,SITE_017,OP_0335,2024-11-17,2024-12-13,2024-12-13,26,Returned,0,182000
R_006135,EQ_00152,SITE_016,OP_0204,2024-02-26,2024-03-12,2024-03-09,15,Returned,1,270000
R_006136,EQ_00692,SITE_029,OP_0336,2025-09-26,2025-10-05,2025-10-05,9,Returned,0,162000
R_006137,EQ_00559,SITE_005,OP_0307,2025-06-25,2025-07-09,2025-07-19,14,Overdue Returned,0,252000
R_006138,EQ_00250,SITE_027,OP_0117,2025-06-11,2025-07-01,2025-07-02,20,Overdue Returned,1,140000
R_006139,EQ_00197,SITE_006,OP_0224,2024-05-01,2024-06-14,2024-06-15,44,Overdue Returned,0,1320000
R_006140,EQ_00706,SITE_014,OP_0203,2024-04-27,2024-06-04,2024-06-09,38,Overdue Returned,1,684000
R_006141,EQ_00046,SITE_009,OP_0005,2024-02-25,2024-04-02,2024-04-02,37,Returned,0,1110000
R_006142,EQ_00612,SITE_024,OP_0209,2025-02-25,2025-03-02,2025-03-02,5,Returned,0,90000
R_006143,EQ_00691,SITE_013,OP_0116,2025-06-13,2025-06-19,2025-06-19,6,Returned,1,108000
R_006144,EQ_00583,SITE_023,OP_0096,2026-03-20,2026-04-06,2026-04-06,17,Returned,0,306000
R_006145,EQ_00051,SITE_006,OP_0122,2025-11-11,2025-12-09,2025-12-09,28,Returned,1,448000
R_006146,EQ_00034,SITE_004,OP_0154,2025-07-15,2025-08-16,2025-08-21,32,Overdue Returned,0,704000
R_006147,EQ_00678,SITE_011,OP_0016,2024-02-26,2024-04-06,2024-04-04,40,Returned,0,720000
R_006148,EQ_00690,SITE_020,OP_0030,2024-05-04,2024-05-27,2024-05-27,23,Returned,0,161000
R_006149,EQ_00045,SITE_007,OP_0348,2026-06-30,2026-08-11,2026-08-10,42,Returned,0,924000
R_006150,EQ_00410,SITE_027,OP_0216,2024-05-13,2024-06-22,2024-06-22,40,Returned,1,1200000
R_006151,EQ_00343,SITE_008,OP_0231,2025-03-30,2025-04-07,2025-04-07,8,Returned,0,56000
R_006152,EQ_00653,SITE_009,OP_0075,2024-03-11,2024-04-18,2024-04-16,38,Returned,0,836000
R_006153,EQ_00330,SITE_026,OP_0102,2024-02-22,2024-04-01,,39,Active,0,858000
R_006154,EQ_00024,SITE_027,OP_0031,2026-03-20,2026-03-23,,3,Active,0,66000
R_006155,EQ_00071,SITE_012,OP_0127,2024-07-25,2024-08-16,2024-08-18,22,Overdue Returned,0,154000
R_006156,EQ_00274,SITE_024,OP_0270,2024-12-26,2025-02-05,2025-02-05,41,Returned,0,902000
R_006157,EQ_00493,SITE_006,OP_0135,2025-05-18,2025-06-18,2025-06-15,31,Returned,0,217000
R_006158,EQ_00286,SITE_016,OP_0250,2025-02-05,2025-02-20,2025-02-25,15,Overdue Returned,0,105000
R_006159,EQ_00339,SITE_007,OP_0006,2024-04-21,2024-05-17,2024-05-17,26,Returned,1,234000
R_006160,EQ_00168,SITE_002,OP_0344,2026-05-15,2026-06-24,2026-06-24,40,Returned,0,1200000
R_006161,EQ_00639,SITE_009,OP_0163,2026-05-31,2026-06-11,2026-06-16,11,Overdue Returned,0,198000
R_006162,EQ_00432,SITE_017,OP_0178,2025-05-22,2025-05-31,2025-05-31,9,Returned,0,162000
R_006163,EQ_00016,SITE_006,OP_0177,2024-09-11,2024-10-15,2024-10-13,34,Returned,0,612000
R_006164,EQ_00463,SITE_023,OP_0136,2026-04-17,2026-04-30,2026-04-30,13,Returned,0,234000
R_006165,EQ_00098,SITE_003,OP_0302,2024-08-21,2024-08-28,2024-08-29,7,Overdue Returned,0,126000
R_006166,EQ_00226,SITE_009,OP_0077,2024-04-27,2024-05-06,2024-05-06,9,Returned,0,81000
R_006167,EQ_00656,SITE_010,OP_0102,2025-09-28,2025-10-28,2025-10-28,30,Returned,0,210000
R_006168,EQ_00553,SITE_008,OP_0339,2024-05-31,2024-06-14,2024-06-14,14,Returned,0,98000
R_006169,EQ_00336,SITE_008,OP_0235,2026-01-10,2026-01-15,2026-01-15,5,Returned,1,90000
R_006170,EQ_00003,SITE_010,OP_0322,2026-07-01,2026-07-04,2026-07-01,3,Returned,1,54000
R_006171,EQ_00370,SITE_019,OP_0347,2025-01-26,2025-03-03,,36,Active,0,792000
R_006172,EQ_00348,SITE_025,OP_0069,2026-01-26,2026-03-12,2026-03-12,45,Returned,0,315000
R_006173,EQ_00059,SITE_021,OP_0097,2026-03-18,2026-04-16,2026-04-16,29,Returned,0,203000
R_006174,EQ_00320,SITE_001,OP_0153,2025-12-19,2026-01-30,2026-01-30,42,Returned,0,924000
R_006175,EQ_00711,SITE_019,OP_0324,2024-06-29,2024-07-05,2024-07-05,6,Returned,0,132000
R_006176,EQ_00664,SITE_027,OP_0239,2024-03-09,2024-04-19,2024-04-18,41,Returned,1,902000
R_006177,EQ_00336,SITE_011,OP_0007,2025-12-13,2026-01-22,2026-01-22,40,Returned,0,720000
R_006178,EQ_00727,SITE_024,OP_0133,2024-09-18,2024-10-11,2024-10-09,23,Returned,0,690000
R_006179,EQ_00459,SITE_001,OP_0165,2025-08-09,2025-08-31,2025-09-02,22,Overdue Returned,0,154000
R_006180,EQ_00408,SITE_005,OP_0073,2024-12-05,2025-01-07,,33,Overdue,0,231000
R_006181,EQ_00033,SITE_026,OP_0331,2026-01-24,2026-03-10,2026-03-11,45,Overdue Returned,0,810000
R_006182,EQ_00367,SITE_022,OP_0148,2024-07-22,2024-08-22,2024-08-22,31,Returned,0,434000
R_006183,EQ_00632,SITE_005,OP_0037,2025-09-19,2025-10-04,2025-10-04,15,Returned,0,450000
R_006184,EQ_00302,SITE_011,OP_0246,2024-05-24,2024-07-05,2024-07-05,42,Returned,0,756000
R_006185,EQ_00123,SITE_022,OP_0088,2025-06-24,2025-07-09,2025-07-11,15,Overdue Returned,1,240000
R_006186,EQ_00256,SITE_018,OP_0091,2024-04-17,2024-05-10,2024-05-15,23,Overdue Returned,1,414000
R_006187,EQ_00081,SITE_025,OP_0084,2025-04-24,2025-05-29,2025-05-29,35,Returned,0,315000
R_006188,EQ_00794,SITE_018,OP_0270,2026-07-26,2026-09-02,2026-09-02,38,Returned,0,266000
R_006189,EQ_00248,SITE_003,OP_0129,2024-06-20,2024-07-31,2024-07-31,41,Returned,0,902000
R_006190,EQ_00687,SITE_001,OP_0009,2024-05-27,2024-06-20,2024-06-20,24,Returned,0,528000
R_006191,EQ_00715,SITE_012,OP_0106,2024-03-12,2024-03-24,,12,Active,0,108000
R_006192,EQ_00036,SITE_012,OP_0226,2025-06-18,2025-07-30,2025-07-30,42,Returned,0,924000
R_006193,EQ_00796,SITE_016,OP_0298,2024-06-16,2024-06-26,,10,Active,1,70000
R_006194,EQ_00250,SITE_015,OP_0072,2025-05-25,2025-07-02,2025-07-02,38,Returned,0,266000
R_006195,EQ_00475,SITE_022,OP_0262,2024-10-15,2024-11-07,2024-11-07,23,Returned,0,414000
R_006196,EQ_00134,SITE_029,OP_0311,2024-05-08,2024-06-15,2024-06-15,38,Returned,1,608000
R_006197,EQ_00207,SITE_019,OP_0142,2025-11-05,2025-12-12,2025-12-11,37,Returned,0,333000
R_006198,EQ_00007,SITE_002,OP_0120,2026-03-08,2026-04-09,,32,Active,0,960000
R_006199,EQ_00016,SITE_016,OP_0079,2024-12-19,2025-01-04,2025-01-04,16,Returned,1,288000
R_006200,EQ_00319,SITE_023,OP_0089,2024-08-24,2024-09-26,2024-09-26,33,Returned,0,297000
R_006201,EQ_00445,SITE_016,OP_0269,2024-11-20,2024-12-06,2024-12-05,16,Returned,0,352000
R_006202,EQ_00196,SITE_012,OP_0077,2025-04-25,2025-06-08,,44,Overdue,0,1320000
R_006203,EQ_00111,SITE_019,OP_0264,2025-09-27,2025-11-09,2025-11-09,43,Returned,0,774000
R_006204,EQ_00481,SITE_028,OP_0342,2026-06-03,2026-07-08,2026-07-08,35,Returned,0,490000
R_006205,EQ_00189,SITE_024,OP_0030,2026-05-15,2026-06-06,2026-06-06,22,Returned,0,352000
R_006206,EQ_00308,SITE_010,OP_0132,2024-05-28,2024-06-09,2024-06-09,12,Returned,0,108000
R_006207,EQ_00003,SITE_015,OP_0232,2026-01-10,2026-01-29,2026-01-29,19,Returned,1,342000
R_006208,EQ_00419,SITE_029,OP_0279,2026-05-11,2026-06-03,2026-06-03,23,Returned,0,414000
R_006209,EQ_00769,SITE_001,OP_0215,2026-06-02,2026-06-14,2026-06-13,12,Returned,1,216000
R_006210,EQ_00215,SITE_021,OP_0180,2025-04-20,2025-05-24,2025-05-25,34,Overdue Returned,0,612000
R_006211,EQ_00445,SITE_009,OP_0308,2024-10-25,2024-12-07,2024-12-08,43,Overdue Returned,0,946000
R_006212,EQ_00773,SITE_009,OP_0215,2026-02-02,2026-02-12,,10,Active,1,160000
R_006213,EQ_00186,SITE_020,OP_0205,2024-08-29,2024-09-10,2024-09-10,12,Returned,0,168000
R_006214,EQ_00461,SITE_018,OP_0347,2025-05-25,2025-06-03,2025-05-31,9,Returned,0,126000
R_006215,EQ_00570,SITE_021,OP_0002,2025-03-14,2025-04-06,2025-04-07,23,Overdue Returned,0,506000
R_006216,EQ_00449,SITE_010,OP_0339,2025-03-30,2025-05-09,2025-05-09,40,Returned,0,1200000
R_006217,EQ_00097,SITE_003,OP_0266,2024-05-09,2024-05-31,2024-05-31,22,Returned,0,396000
R_006218,EQ_00368,SITE_027,OP_0167,2025-03-24,2025-04-23,,30,Active,0,480000
R_006219,EQ_00118,SITE_011,OP_0067,2024-03-11,2024-04-17,,37,Active,0,333000
R_006220,EQ_00160,SITE_008,OP_0075,2025-06-12,2025-07-03,2025-07-03,21,Returned,0,147000
R_006221,EQ_00334,SITE_030,OP_0172,2025-10-30,2025-11-26,2025-11-28,27,Overdue Returned,0,486000
R_006222,EQ_00325,SITE_024,OP_0081,2025-03-05,2025-04-07,2025-04-07,33,Returned,0,528000
R_006223,EQ_00453,SITE_003,OP_0189,2025-11-27,2026-01-09,2026-01-09,43,Returned,0,602000
R_006224,EQ_00631,SITE_025,OP_0057,2025-12-13,2026-01-16,2026-01-26,34,Overdue Returned,0,544000
R_006225,EQ_00307,SITE_014,OP_0304,2024-08-05,2024-09-05,2024-09-05,31,Returned,0,496000
R_006226,EQ_00616,SITE_003,OP_0262,2026-01-20,2026-02-05,2026-02-04,16,Returned,1,352000
R_006227,EQ_00442,SITE_009,OP_0244,2025-09-13,2025-10-04,,21,Active,1,336000
R_006228,EQ_00207,SITE_025,OP_0240,2025-03-09,2025-04-03,2025-04-03,25,Returned,1,225000
R_006229,EQ_00102,SITE_029,OP_0349,2026-06-15,2026-07-18,2026-07-17,33,Returned,1,462000
R_006230,EQ_00234,SITE_010,OP_0165,2025-05-17,2025-06-02,,16,Active,0,352000
R_006231,EQ_00154,SITE_006,OP_0026,2026-07-31,2026-08-15,2026-08-16,15,Overdue Returned,0,330000
R_006232,EQ_00556,SITE_024,OP_0196,2024-11-23,2024-12-13,2024-12-13,20,Returned,1,600000
R_006233,EQ_00152,SITE_006,OP_0163,2026-02-02,2026-03-06,2026-03-11,32,Overdue Returned,0,576000
R_006234,EQ_00219,SITE_029,OP_0349,2025-02-02,2025-03-11,,37,Overdue,0,666000
R_006235,EQ_00751,SITE_024,OP_0201,2025-03-04,2025-03-17,2025-03-17,13,Returned,0,117000
R_006236,EQ_00049,SITE_021,OP_0093,2024-07-23,2024-08-09,2024-08-09,17,Returned,0,510000
R_006237,EQ_00358,SITE_011,OP_0322,2024-09-02,2024-10-11,2024-10-11,39,Returned,0,858000
R_006238,EQ_00489,SITE_016,OP_0087,2025-03-30,2025-05-01,,32,Active,1,288000
R_006239,EQ_00763,SITE_025,OP_0053,2026-03-20,2026-04-24,,35,Active,0,245000
R_006240,EQ_00772,SITE_008,OP_0025,2025-10-23,2025-10-29,2025-10-29,6,Returned,0,42000
R_006241,EQ_00149,SITE_029,OP_0241,2024-06-15,2024-07-03,,18,Active,0,324000
R_006242,EQ_00432,SITE_015,OP_0017,2024-10-14,2024-10-28,2024-10-28,14,Returned,0,252000
R_006243,EQ_00764,SITE_013,OP_0009,2025-07-08,2025-07-23,2025-07-23,15,Returned,0,210000
R_006244,EQ_00118,SITE_015,OP_0159,2026-07-09,2026-07-13,,4,Active,0,36000
R_006245,EQ_00253,SITE_007,OP_0296,2025-07-25,2025-08-14,,20,Overdue,0,600000
R_006246,EQ_00350,SITE_006,OP_0044,2024-03-09,2024-04-02,2024-04-02,24,Returned,1,336000
R_006247,EQ_00275,SITE_002,OP_0056,2025-06-01,2025-06-24,2025-06-25,23,Overdue Returned,0,414000
R_006248,EQ_00686,SITE_025,OP_0052,2025-02-01,2025-03-15,,42,Active,0,756000
R_006249,EQ_00666,SITE_004,OP_0252,2025-05-09,2025-06-12,2025-06-17,34,Overdue Returned,0,1020000
R_006250,EQ_00537,SITE_029,OP_0267,2024-08-15,2024-09-27,2024-09-27,43,Returned,0,301000
R_006251,EQ_00383,SITE_008,OP_0226,2024-09-17,2024-10-29,2024-10-29,42,Returned,0,294000
R_006252,EQ_00117,SITE_029,OP_0055,2024-07-30,2024-08-07,2024-08-07,8,Returned,0,112000
R_006253,EQ_00068,SITE_024,OP_0034,2025-07-05,2025-07-09,2025-07-09,4,Returned,0,72000
R_006254,EQ_00162,SITE_026,OP_0091,2026-07-12,2026-07-21,,9,Active,1,162000
R_006255,EQ_00326,SITE_009,OP_0203,2024-08-07,2024-08-12,2024-08-17,5,Overdue Returned,0,45000
R_006256,EQ_00714,SITE_028,OP_0290,2024-02-11,2024-03-17,2024-03-17,35,Returned,0,770000
R_006257,EQ_00659,SITE_025,OP_0205,2026-07-23,2026-08-02,,10,Active,0,90000
R_006258,EQ_00703,SITE_009,OP_0169,2026-07-01,2026-07-26,2026-07-25,25,Returned,0,400000
R_006259,EQ_00538,SITE_010,OP_0110,2024-03-26,2024-05-03,2024-05-03,38,Returned,1,608000
R_006260,EQ_00071,SITE_003,OP_0215,2024-06-06,2024-07-03,2024-07-03,27,Returned,0,189000
R_006261,EQ_00703,SITE_014,OP_0083,2025-05-07,2025-06-13,2025-06-13,37,Returned,0,592000
R_006262,EQ_00054,SITE_002,OP_0093,2025-07-12,2025-08-20,2025-08-20,39,Returned,1,273000
R_006263,EQ_00163,SITE_027,OP_0011,2025-12-02,2026-01-12,2026-01-11,41,Returned,0,656000
R_006264,EQ_00461,SITE_006,OP_0245,2025-10-09,2025-11-07,2025-11-06,29,Returned,0,406000
R_006265,EQ_00175,SITE_030,OP_0273,2024-06-18,2024-07-04,2024-07-04,16,Returned,0,144000
R_006266,EQ_00717,SITE_017,OP_0195,2025-05-20,2025-06-18,2025-06-18,29,Returned,0,261000
R_006267,EQ_00786,SITE_015,OP_0132,2025-10-27,2025-11-15,2025-11-15,19,Returned,1,418000
R_006268,EQ_00318,SITE_024,OP_0116,2025-05-27,2025-06-11,2025-06-12,15,Overdue Returned,1,210000
R_006269,EQ_00325,SITE_030,OP_0346,2024-01-28,2024-02-24,,27,Active,1,432000
R_006270,EQ_00157,SITE_025,OP_0137,2025-11-25,2025-12-26,2025-12-26,31,Returned,1,930000
R_006271,EQ_00335,SITE_028,OP_0201,2025-06-20,2025-07-09,2025-07-09,19,Returned,0,342000
R_006272,EQ_00534,SITE_030,OP_0313,2024-12-28,2025-02-08,,42,Active,0,672000
R_006273,EQ_00438,SITE_025,OP_0032,2024-01-19,2024-02-26,2024-02-26,38,Returned,0,532000
R_006274,EQ_00478,SITE_019,OP_0168,2024-07-15,2024-08-18,,34,Active,1,748000
R_006275,EQ_00663,SITE_005,OP_0346,2025-08-21,2025-09-13,2025-09-13,23,Returned,0,322000
R_006276,EQ_00185,SITE_002,OP_0069,2025-08-02,2025-08-25,,23,Overdue,0,161000
R_006277,EQ_00100,SITE_017,OP_0046,2024-03-18,2024-04-19,2024-04-20,32,Overdue Returned,0,960000
R_006278,EQ_00539,SITE_006,OP_0173,2026-06-14,2026-07-15,2026-07-16,31,Overdue Returned,0,682000
R_006279,EQ_00451,SITE_024,OP_0295,2024-12-21,2024-12-28,2024-12-25,7,Returned,1,210000
R_006280,EQ_00771,SITE_002,OP_0268,2024-03-24,2024-04-21,2024-04-20,28,Returned,1,840000
R_006281,EQ_00521,SITE_004,OP_0207,2024-06-07,2024-07-18,2024-07-18,41,Returned,0,369000
R_006282,EQ_00370,SITE_010,OP_0212,2026-01-27,2026-03-02,,34,Active,0,748000
R_006283,EQ_00097,SITE_002,OP_0103,2024-05-12,2024-06-23,2024-06-20,42,Returned,1,756000
R_006284,EQ_00270,SITE_029,OP_0243,2026-02-22,2026-04-07,2026-04-04,44,Returned,0,308000
R_006285,EQ_00290,SITE_023,OP_0245,2026-01-01,2026-02-05,2026-02-05,35,Returned,0,245000
R_006286,EQ_00035,SITE_015,OP_0222,2026-03-18,2026-04-21,2026-04-21,34,Returned,1,612000
R_006287,EQ_00713,SITE_019,OP_0178,2025-07-07,2025-07-24,2025-07-25,17,Overdue Returned,0,510000
R_006288,EQ_00709,SITE_012,OP_0257,2026-01-28,2026-02-28,2026-02-28,31,Returned,0,217000
R_006289,EQ_00132,SITE_018,OP_0319,2024-03-03,2024-03-18,2024-03-20,15,Overdue Returned,0,105000
R_006290,EQ_00037,SITE_022,OP_0242,2024-05-28,2024-07-05,,38,Active,0,608000
R_006291,EQ_00385,SITE_016,OP_0038,2025-03-31,2025-04-10,,10,Overdue,0,140000
R_006292,EQ_00597,SITE_027,OP_0173,2026-06-18,2026-07-24,2026-07-24,36,Returned,0,792000
R_006293,EQ_00289,SITE_009,OP_0125,2024-02-21,2024-03-14,2024-03-14,22,Returned,0,396000
R_006294,EQ_00161,SITE_017,OP_0316,2025-07-31,2025-08-06,2025-08-06,6,Returned,0,108000
R_006295,EQ_00423,SITE_007,OP_0311,2024-04-07,2024-05-20,2024-05-20,43,Returned,1,387000
R_006296,EQ_00048,SITE_009,OP_0195,2024-01-21,2024-01-30,2024-01-27,9,Returned,0,81000
R_006297,EQ_00654,SITE_004,OP_0065,2026-01-26,2026-02-16,2026-02-18,21,Overdue Returned,0,189000
R_006298,EQ_00359,SITE_007,OP_0075,2025-05-03,2025-06-12,2025-06-12,40,Returned,0,880000
R_006299,EQ_00132,SITE_027,OP_0040,2024-04-29,2024-05-24,2024-05-24,25,Returned,0,175000
R_006300,EQ_00433,SITE_022,OP_0084,2025-06-15,2025-06-23,,8,Active,0,144000
R_006301,EQ_00395,SITE_007,OP_0018,2024-05-02,2024-06-05,2024-06-05,34,Returned,0,1020000
R_006302,EQ_00475,SITE_010,OP_0334,2025-03-01,2025-03-05,2025-03-05,4,Returned,0,72000
R_006303,EQ_00507,SITE_007,OP_0260,2024-06-21,2024-07-15,2024-07-15,24,Returned,0,216000
R_006304,EQ_00446,SITE_023,OP_0274,2025-04-13,2025-05-21,2025-05-21,38,Returned,1,836000
R_006305,EQ_00500,SITE_025,OP_0196,2024-01-15,2024-02-29,2024-02-29,45,Returned,0,810000
R_006306,EQ_00409,SITE_009,OP_0333,2026-02-11,2026-02-14,2026-02-13,3,Returned,0,27000
R_006307,EQ_00215,SITE_018,OP_0182,2026-03-13,2026-04-24,,42,Active,0,756000
R_006308,EQ_00313,SITE_019,OP_0319,2026-01-05,2026-02-13,2026-02-15,39,Overdue Returned,0,858000
R_006309,EQ_00359,SITE_006,OP_0105,2025-04-10,2025-05-06,2025-05-16,26,Overdue Returned,0,572000
R_006310,EQ_00157,SITE_001,OP_0268,2024-10-05,2024-10-31,,26,Active,0,780000
R_006311,EQ_00023,SITE_006,OP_0251,2026-02-26,2026-03-02,,4,Active,0,28000
R_006312,EQ_00010,SITE_030,OP_0100,2024-08-05,2024-08-23,2024-08-23,18,Returned,0,396000
R_006313,EQ_00095,SITE_004,OP_0154,2024-01-04,2024-01-31,2024-01-31,27,Returned,0,243000
R_006314,EQ_00620,SITE_004,OP_0029,2025-06-18,2025-07-02,2025-07-02,14,Returned,1,196000
R_006315,EQ_00291,SITE_004,OP_0009,2026-07-19,2026-07-26,2026-07-26,7,Returned,0,154000
R_006316,EQ_00215,SITE_019,OP_0109,2026-06-24,2026-06-30,2026-06-30,6,Returned,0,108000
R_006317,EQ_00041,SITE_026,OP_0057,2024-12-15,2025-01-11,2025-01-11,27,Returned,1,486000
R_006318,EQ_00712,SITE_017,OP_0011,2025-02-02,2025-03-15,2025-03-15,41,Returned,0,902000
R_006319,EQ_00610,SITE_016,OP_0113,2026-06-30,2026-07-13,2026-07-18,13,Overdue Returned,0,182000
R_006320,EQ_00277,SITE_015,OP_0283,2024-03-25,2024-04-25,2024-04-25,31,Returned,0,279000
R_006321,EQ_00314,SITE_029,OP_0232,2024-03-06,2024-03-29,2024-04-03,23,Overdue Returned,1,207000
R_006322,EQ_00607,SITE_020,OP_0196,2026-06-14,2026-06-29,2026-07-09,15,Overdue Returned,0,240000
R_006323,EQ_00237,SITE_028,OP_0007,2024-10-07,2024-10-23,2024-10-23,16,Returned,0,144000
R_006324,EQ_00278,SITE_004,OP_0005,2025-01-09,2025-01-18,2025-01-18,9,Returned,0,144000
R_006325,EQ_00116,SITE_010,OP_0090,2026-07-07,2026-08-06,2026-08-06,30,Returned,0,270000
R_006326,EQ_00542,SITE_029,OP_0153,2024-09-17,2024-10-22,,35,Active,0,245000
R_006327,EQ_00282,SITE_030,OP_0152,2024-02-25,2024-03-15,,19,Overdue,0,133000
R_006328,EQ_00586,SITE_023,OP_0053,2026-01-31,2026-02-11,2026-02-10,11,Returned,0,242000
R_006329,EQ_00708,SITE_002,OP_0227,2024-02-20,2024-04-04,2024-04-04,44,Returned,0,704000
R_006330,EQ_00450,SITE_005,OP_0249,2026-06-15,2026-06-18,2026-06-18,3,Returned,0,42000
R_006331,EQ_00489,SITE_017,OP_0115,2025-03-27,2025-04-02,2025-04-02,6,Returned,0,54000
R_006332,EQ_00585,SITE_013,OP_0281,2026-06-07,2026-07-16,2026-07-16,39,Returned,1,624000
R_006333,EQ_00666,SITE_025,OP_0045,2025-06-01,2025-07-02,2025-07-01,31,Returned,0,930000
R_006334,EQ_00550,SITE_022,OP_0187,2025-02-14,2025-03-24,2025-03-29,38,Overdue Returned,0,532000
R_006335,EQ_00042,SITE_023,OP_0041,2026-01-12,2026-02-13,2026-02-13,32,Returned,0,224000
R_006336,EQ_00668,SITE_001,OP_0042,2026-04-06,2026-04-25,2026-04-25,19,Returned,0,570000
R_006337,EQ_00105,SITE_025,OP_0196,2024-07-21,2024-08-31,2024-08-31,41,Returned,0,656000
R_006338,EQ_00392,SITE_019,OP_0340,2025-01-30,2025-02-10,2025-02-11,11,Overdue Returned,1,99000
R_006339,EQ_00234,SITE_003,OP_0253,2026-01-16,2026-01-21,2026-01-21,5,Returned,0,110000
R_006340,EQ_00107,SITE_015,OP_0269,2026-06-24,2026-07-01,,7,Overdue,0,126000
R_006341,EQ_00318,SITE_024,OP_0211,2026-06-09,2026-06-18,2026-06-18,9,Returned,0,126000
R_006342,EQ_00698,SITE_014,OP_0284,2025-04-25,2025-06-08,2025-06-08,44,Returned,1,616000
R_006343,EQ_00599,SITE_008,OP_0216,2026-01-26,2026-02-17,2026-02-22,22,Overdue Returned,0,484000
R_006344,EQ_00792,SITE_017,OP_0094,2026-07-06,2026-07-26,,20,Overdue,0,140000
R_006345,EQ_00037,SITE_018,OP_0204,2026-06-21,2026-08-02,,42,Overdue,0,672000
R_006346,EQ_00674,SITE_024,OP_0136,2026-04-16,2026-04-20,2026-04-18,4,Returned,0,72000
R_006347,EQ_00180,SITE_008,OP_0085,2024-02-22,2024-03-05,2024-03-04,12,Returned,0,264000
R_006348,EQ_00222,SITE_016,OP_0111,2025-10-24,2025-11-05,2025-11-05,12,Returned,0,84000
R_006349,EQ_00539,SITE_027,OP_0159,2025-11-11,2025-12-06,,25,Active,0,550000
R_006350,EQ_00548,SITE_005,OP_0017,2025-10-30,2025-11-11,2025-11-11,12,Returned,1,84000
R_006351,EQ_00364,SITE_025,OP_0005,2024-05-30,2024-06-18,2024-06-20,19,Overdue Returned,0,570000
R_006352,EQ_00785,SITE_004,OP_0186,2026-06-22,2026-07-03,2026-07-03,11,Returned,0,77000
R_006353,EQ_00509,SITE_008,OP_0258,2026-04-25,2026-04-29,2026-04-29,4,Returned,0,88000
R_006354,EQ_00302,SITE_002,OP_0217,2024-02-06,2024-02-17,2024-02-19,11,Overdue Returned,1,198000
R_006355,EQ_00245,SITE_008,OP_0283,2026-06-08,2026-06-23,2026-06-23,15,Returned,0,330000
R_006356,EQ_00038,SITE_028,OP_0055,2024-06-05,2024-07-06,2024-07-06,31,Returned,0,682000
R_006357,EQ_00039,SITE_027,OP_0318,2026-06-23,2026-07-17,2026-07-16,24,Returned,0,216000
R_006358,EQ_00137,SITE_030,OP_0013,2025-07-22,2025-07-31,2025-07-31,9,Returned,0,81000
R_006359,EQ_00660,SITE_016,OP_0059,2026-06-23,2026-07-12,2026-07-12,19,Returned,0,133000
R_006360,EQ_00612,SITE_016,OP_0209,2024-04-26,2024-05-13,2024-05-10,17,Returned,1,306000
R_006361,EQ_00664,SITE_013,OP_0097,2025-05-12,2025-06-23,2025-06-28,42,Overdue Returned,0,924000
R_006362,EQ_00523,SITE_007,OP_0294,2024-12-17,2025-01-04,2025-01-04,18,Returned,0,324000
R_006363,EQ_00521,SITE_030,OP_0081,2025-05-23,2025-06-08,2025-06-08,16,Returned,0,144000
R_006364,EQ_00200,SITE_013,OP_0349,2026-06-17,2026-06-23,2026-06-28,6,Overdue Returned,0,42000
R_006365,EQ_00338,SITE_014,OP_0220,2024-10-23,2024-11-06,2024-11-05,14,Returned,0,196000
R_006366,EQ_00484,SITE_004,OP_0091,2024-04-07,2024-04-23,2024-04-23,16,Returned,0,144000
R_006367,EQ_00065,SITE_011,OP_0005,2025-11-25,2025-12-17,2025-12-17,22,Returned,0,198000
R_006368,EQ_00480,SITE_030,OP_0148,2024-05-09,2024-05-19,,10,Active,1,220000
R_006369,EQ_00311,SITE_026,OP_0345,2025-08-07,2025-09-16,,40,Overdue,0,280000
R_006370,EQ_00649,SITE_018,OP_0207,2026-06-07,2026-06-21,2026-06-18,14,Returned,0,252000
R_006371,EQ_00400,SITE_012,OP_0287,2026-03-26,2026-04-03,2026-04-05,8,Overdue Returned,1,72000
R_006372,EQ_00465,SITE_006,OP_0006,2025-07-03,2025-08-12,2025-08-11,40,Returned,0,280000
R_006373,EQ_00054,SITE_002,OP_0345,2026-06-22,2026-07-30,,38,Active,0,266000
R_006374,EQ_00054,SITE_003,OP_0124,2024-07-12,2024-08-11,2024-08-11,30,Returned,0,210000
R_006375,EQ_00640,SITE_020,OP_0015,2024-11-28,2024-12-16,,18,Active,0,252000
R_006376,EQ_00028,SITE_020,OP_0241,2024-11-09,2024-12-06,2024-12-06,27,Returned,1,378000
R_006377,EQ_00087,SITE_029,OP_0258,2025-03-01,2025-03-28,,27,Active,0,486000
R_006378,EQ_00737,SITE_018,OP_0162,2025-10-02,2025-10-05,2025-10-05,3,Returned,1,27000
R_006379,EQ_00263,SITE_010,OP_0062,2024-04-04,2024-05-14,2024-05-14,40,Returned,0,360000
R_006380,EQ_00415,SITE_014,OP_0176,2025-12-07,2025-12-15,2025-12-15,8,Returned,1,144000
R_006381,EQ_00739,SITE_018,OP_0331,2026-06-05,2026-06-19,2026-06-19,14,Returned,0,420000
R_006382,EQ_00192,SITE_028,OP_0223,2025-03-04,2025-03-12,,8,Active,0,112000
R_006383,EQ_00264,SITE_021,OP_0104,2024-01-14,2024-02-18,2024-02-18,35,Returned,0,490000
R_006384,EQ_00670,SITE_024,OP_0272,2026-04-23,2026-05-23,,30,Active,1,660000
R_006385,EQ_00069,SITE_023,OP_0078,2024-10-10,2024-11-06,2024-11-06,27,Returned,0,243000
R_006386,EQ_00304,SITE_007,OP_0243,2026-06-29,2026-07-25,2026-07-24,26,Returned,0,468000
R_006387,EQ_00447,SITE_012,OP_0243,2026-05-17,2026-06-22,2026-06-22,36,Returned,0,324000
R_006388,EQ_00174,SITE_021,OP_0069,2025-10-31,2025-11-22,2025-11-22,22,Returned,0,396000
R_006389,EQ_00187,SITE_028,OP_0181,2026-04-14,2026-05-08,,24,Active,0,720000
R_006390,EQ_00403,SITE_026,OP_0082,2024-04-02,2024-05-03,2024-05-03,31,Returned,0,558000
R_006391,EQ_00223,SITE_012,OP_0073,2024-08-09,2024-08-14,2024-08-16,5,Overdue Returned,0,45000
R_006392,EQ_00190,SITE_001,OP_0293,2024-02-01,2024-02-26,2024-02-23,25,Returned,0,450000
R_006393,EQ_00406,SITE_014,OP_0158,2025-08-15,2025-09-01,2025-09-03,17,Overdue Returned,0,510000
R_006394,EQ_00623,SITE_017,OP_0295,2024-05-12,2024-05-18,,6,Active,0,42000
R_006395,EQ_00119,SITE_028,OP_0033,2025-08-22,2025-09-10,2025-09-10,19,Returned,0,342000
R_006396,EQ_00330,SITE_001,OP_0296,2026-06-17,2026-07-25,2026-07-26,38,Overdue Returned,0,836000
R_006397,EQ_00603,SITE_015,OP_0284,2025-01-31,2025-03-08,,36,Active,1,648000
R_006398,EQ_00195,SITE_009,OP_0151,2024-11-04,2024-12-05,,31,Active,0,930000
R_006399,EQ_00745,SITE_012,OP_0229,2024-12-27,2025-02-03,2025-02-04,38,Overdue Returned,0,684000
R_006400,EQ_00061,SITE_015,OP_0089,2024-03-13,2024-04-19,,37,Active,0,259000
R_006401,EQ_00218,SITE_013,OP_0050,2024-05-04,2024-06-10,2024-06-10,37,Returned,0,333000
R_006402,EQ_00554,SITE_009,OP_0273,2024-01-08,2024-02-13,2024-02-15,36,Overdue Returned,1,324000
R_006403,EQ_00655,SITE_028,OP_0006,2025-08-22,2025-08-25,2025-08-27,3,Overdue Returned,0,54000
R_006404,EQ_00031,SITE_020,OP_0195,2024-06-21,2024-07-24,2024-07-24,33,Returned,0,297000
R_006405,EQ_00418,SITE_024,OP_0102,2026-04-12,2026-05-27,2026-05-27,45,Returned,0,810000
R_006406,EQ_00093,SITE_020,OP_0137,2024-12-10,2025-01-15,2025-01-16,36,Overdue Returned,0,648000
R_006407,EQ_00083,SITE_017,OP_0173,2025-10-24,2025-11-25,,32,Active,0,448000
R_006408,EQ_00408,SITE_013,OP_0122,2025-08-21,2025-09-20,2025-09-20,30,Returned,0,210000
R_006409,EQ_00771,SITE_028,OP_0207,2025-11-18,2025-12-15,2025-12-15,27,Returned,0,810000
R_006410,EQ_00158,SITE_021,OP_0151,2026-02-25,2026-03-09,2026-03-09,12,Returned,1,168000
R_006411,EQ_00155,SITE_017,OP_0200,2024-10-14,2024-11-26,2024-11-26,43,Returned,1,946000
R_006412,EQ_00061,SITE_007,OP_0207,2024-09-04,2024-09-19,2024-09-19,15,Returned,0,105000
R_006413,EQ_00712,SITE_008,OP_0296,2025-12-05,2025-12-11,2025-12-11,6,Returned,0,132000
R_006414,EQ_00535,SITE_027,OP_0111,2025-03-28,2025-04-25,,28,Active,1,196000
R_006415,EQ_00329,SITE_020,OP_0026,2025-02-24,2025-03-14,2025-03-14,18,Returned,0,324000
R_006416,EQ_00747,SITE_025,OP_0173,2025-09-01,2025-10-05,2025-10-05,34,Returned,1,238000
R_006417,EQ_00254,SITE_022,OP_0333,2025-03-22,2025-05-02,,41,Active,0,1230000
R_006418,EQ_00125,SITE_016,OP_0039,2026-02-14,2026-02-22,2026-02-22,8,Returned,0,176000
R_006419,EQ_00069,SITE_020,OP_0314,2025-08-04,2025-08-08,2025-08-10,4,Overdue Returned,0,36000
R_006420,EQ_00086,SITE_023,OP_0269,2026-07-04,2026-08-13,2026-08-15,40,Overdue Returned,0,640000
R_006421,EQ_00561,SITE_026,OP_0213,2025-03-05,2025-03-13,2025-03-13,8,Returned,0,144000
R_006422,EQ_00539,SITE_014,OP_0280,2025-11-27,2025-12-20,2025-12-20,23,Returned,0,506000
R_006423,EQ_00098,SITE_022,OP_0036,2025-10-30,2025-12-04,,35,Active,0,630000
R_006424,EQ_00390,SITE_023,OP_0056,2025-08-14,2025-08-28,,14,Overdue,0,252000
R_006425,EQ_00566,SITE_024,OP_0316,2026-04-15,2026-05-21,2026-05-21,36,Returned,0,1080000
R_006426,EQ_00355,SITE_013,OP_0144,2025-11-19,2025-12-14,2025-12-14,25,Returned,1,400000
R_006427,EQ_00587,SITE_015,OP_0150,2024-03-24,2024-03-29,2024-03-31,5,Overdue Returned,0,45000
R_006428,EQ_00796,SITE_022,OP_0029,2025-02-11,2025-03-22,2025-03-22,39,Returned,0,273000
R_006429,EQ_00688,SITE_007,OP_0205,2024-11-30,2024-12-29,2024-12-29,29,Returned,0,522000
R_006430,EQ_00636,SITE_021,OP_0243,2024-05-16,2024-06-14,2024-06-12,29,Returned,0,464000
R_006431,EQ_00582,SITE_017,OP_0091,2024-08-05,2024-08-15,2024-08-25,10,Overdue Returned,1,300000
R_006432,EQ_00490,SITE_022,OP_0207,2024-04-23,2024-05-20,,27,Overdue,0,378000
R_006433,EQ_00754,SITE_024,OP_0176,2025-07-18,2025-08-28,2025-08-29,41,Overdue Returned,1,1230000
R_006434,EQ_00691,SITE_004,OP_0238,2024-12-06,2025-01-02,,27,Active,0,486000
R_006435,EQ_00009,SITE_022,OP_0049,2026-05-14,2026-05-29,2026-05-29,15,Returned,0,270000
R_006436,EQ_00560,SITE_028,OP_0180,2025-03-19,2025-04-01,2025-04-02,13,Overdue Returned,0,390000
R_006437,EQ_00772,SITE_009,OP_0199,2026-05-17,2026-06-13,,27,Active,1,189000
R_006438,EQ_00598,SITE_028,OP_0162,2024-07-03,2024-08-02,2024-08-04,30,Overdue Returned,1,540000
R_006439,EQ_00033,SITE_027,OP_0065,2024-08-12,2024-08-28,2024-08-27,16,Returned,0,288000
R_006440,EQ_00338,SITE_001,OP_0336,2024-02-15,2024-03-21,,35,Overdue,0,490000
R_006441,EQ_00378,SITE_006,OP_0316,2025-02-05,2025-02-08,,3,Active,0,66000
R_006442,EQ_00522,SITE_025,OP_0043,2025-07-09,2025-08-08,2025-08-08,30,Returned,0,270000
R_006443,EQ_00299,SITE_030,OP_0230,2024-05-29,2024-07-08,2024-07-10,40,Overdue Returned,0,720000
R_006444,EQ_00084,SITE_027,OP_0057,2025-01-20,2025-01-26,2025-01-26,6,Returned,1,108000
R_006445,EQ_00351,SITE_005,OP_0101,2026-02-03,2026-02-12,2026-02-09,9,Returned,1,126000
R_006446,EQ_00677,SITE_007,OP_0181,2025-04-05,2025-04-17,2025-04-17,12,Returned,0,216000
R_006447,EQ_00120,SITE_002,OP_0113,2024-01-01,2024-01-19,2024-01-19,18,Returned,0,324000
R_006448,EQ_00107,SITE_018,OP_0142,2025-12-31,2026-02-05,2026-02-05,36,Returned,0,648000
R_006449,EQ_00431,SITE_028,OP_0229,2025-07-01,2025-07-18,2025-07-17,17,Returned,1,238000
R_006450,EQ_00662,SITE_009,OP_0066,2024-03-26,2024-04-30,,35,Active,1,245000
R_006451,EQ_00529,SITE_015,OP_0009,2025-03-03,2025-03-11,2025-03-21,8,Overdue Returned,1,176000
R_006452,EQ_00015,SITE_029,OP_0015,2025-01-16,2025-02-03,2025-02-03,18,Returned,0,396000
R_006453,EQ_00224,SITE_030,OP_0103,2024-02-01,2024-03-01,2024-03-01,29,Returned,0,638000
R_006454,EQ_00700,SITE_005,OP_0185,2026-02-04,2026-03-16,2026-03-16,40,Returned,0,640000
R_006455,EQ_00109,SITE_013,OP_0060,2024-03-30,2024-05-04,,35,Active,1,770000
R_006456,EQ_00671,SITE_007,OP_0156,2024-04-05,2024-05-04,2024-05-02,29,Returned,0,464000
R_006457,EQ_00357,SITE_012,OP_0260,2025-09-15,2025-10-18,2025-10-19,33,Overdue Returned,0,462000
R_006458,EQ_00679,SITE_014,OP_0265,2024-08-20,2024-10-01,,42,Active,0,378000
R_006459,EQ_00211,SITE_014,OP_0047,2026-01-04,2026-01-21,2026-01-21,17,Returned,0,153000
R_006460,EQ_00659,SITE_026,OP_0315,2024-07-03,2024-07-15,2024-07-15,12,Returned,0,108000
R_006461,EQ_00582,SITE_012,OP_0207,2025-06-17,2025-06-30,2025-06-29,13,Returned,1,390000
R_006462,EQ_00049,SITE_012,OP_0285,2026-02-05,2026-02-08,,3,Active,0,90000
R_006463,EQ_00043,SITE_020,OP_0302,2024-06-19,2024-07-07,2024-07-04,18,Returned,0,288000
R_006464,EQ_00430,SITE_021,OP_0254,2024-03-17,2024-03-25,,8,Active,0,112000
R_006465,EQ_00069,SITE_001,OP_0325,2026-06-16,2026-07-12,,26,Active,0,234000
R_006466,EQ_00107,SITE_001,OP_0199,2026-04-14,2026-05-22,2026-05-22,38,Returned,0,684000
R_006467,EQ_00672,SITE_005,OP_0302,2025-11-11,2025-12-16,2025-12-15,35,Returned,0,490000
R_006468,EQ_00129,SITE_007,OP_0220,2026-05-29,2026-07-13,,45,Active,0,1350000
R_006469,EQ_00148,SITE_025,OP_0123,2026-04-10,2026-05-06,2026-05-06,26,Returned,1,468000
R_006470,EQ_00423,SITE_005,OP_0050,2025-02-09,2025-03-19,2025-03-19,38,Returned,0,342000
R_006471,EQ_00294,SITE_026,OP_0182,2024-04-15,2024-04-27,,12,Active,1,84000
R_006472,EQ_00780,SITE_005,OP_0250,2025-06-25,2025-06-29,2025-07-01,4,Overdue Returned,0,56000
R_006473,EQ_00337,SITE_001,OP_0052,2024-10-03,2024-10-18,2024-10-18,15,Returned,1,105000
R_006474,EQ_00284,SITE_002,OP_0023,2025-09-04,2025-09-16,,12,Active,1,216000
R_006475,EQ_00800,SITE_009,OP_0231,2024-06-03,2024-06-12,2024-06-12,9,Returned,0,198000
R_006476,EQ_00604,SITE_030,OP_0187,2025-12-28,2025-12-31,,3,Overdue,0,21000
R_006477,EQ_00095,SITE_020,OP_0131,2025-02-21,2025-03-26,2025-03-26,33,Returned,0,297000
R_006478,EQ_00125,SITE_002,OP_0224,2024-02-28,2024-03-08,2024-03-08,9,Returned,0,198000
R_006479,EQ_00060,SITE_016,OP_0064,2024-06-02,2024-06-18,2024-06-18,16,Returned,0,144000
R_006480,EQ_00206,SITE_014,OP_0350,2024-09-18,2024-10-05,2024-10-05,17,Returned,0,374000
R_006481,EQ_00558,SITE_010,OP_0243,2026-04-13,2026-05-10,,27,Active,1,378000
R_006482,EQ_00169,SITE_014,OP_0066,2025-11-13,2025-12-03,2025-12-03,20,Returned,1,280000
R_006483,EQ_00438,SITE_012,OP_0247,2025-07-09,2025-07-27,2025-07-27,18,Returned,0,252000
R_006484,EQ_00574,SITE_001,OP_0301,2024-01-30,2024-02-23,2024-02-23,24,Returned,0,720000
R_006485,EQ_00675,SITE_004,OP_0249,2024-10-04,2024-10-07,2024-10-07,3,Returned,1,54000
R_006486,EQ_00325,SITE_024,OP_0246,2025-10-04,2025-10-10,2025-10-10,6,Returned,1,96000
R_006487,EQ_00424,SITE_015,OP_0350,2024-06-20,2024-07-26,2024-07-26,36,Returned,0,252000
R_006488,EQ_00090,SITE_022,OP_0146,2024-03-05,2024-03-21,2024-03-21,16,Returned,0,224000
R_006489,EQ_00022,SITE_009,OP_0304,2025-05-30,2025-06-18,,19,Overdue,1,266000
R_006490,EQ_00418,SITE_025,OP_0003,2026-04-29,2026-05-11,,12,Active,0,216000
R_006491,EQ_00685,SITE_015,OP_0269,2025-10-03,2025-10-19,2025-10-19,16,Returned,0,288000
R_006492,EQ_00435,SITE_016,OP_0036,2025-09-13,2025-09-23,2025-09-23,10,Returned,0,180000
R_006493,EQ_00533,SITE_013,OP_0301,2024-03-04,2024-03-24,,20,Active,0,440000
R_006494,EQ_00066,SITE_024,OP_0089,2024-11-27,2024-12-24,2024-12-24,27,Returned,0,594000
R_006495,EQ_00575,SITE_003,OP_0284,2026-07-20,2026-08-24,2026-08-26,35,Overdue Returned,0,245000
R_006496,EQ_00485,SITE_004,OP_0209,2025-06-06,2025-06-20,2025-06-20,14,Returned,0,98000
R_006497,EQ_00137,SITE_012,OP_0098,2025-12-16,2026-01-29,2026-01-29,44,Returned,1,396000
R_006498,EQ_00088,SITE_014,OP_0025,2026-04-07,2026-05-22,2026-05-20,45,Returned,0,990000
R_006499,EQ_00489,SITE_019,OP_0258,2026-01-12,2026-01-15,2026-01-15,3,Returned,1,27000
R_006500,EQ_00327,SITE_018,OP_0082,2025-09-22,2025-10-20,2025-10-21,28,Overdue Returned,0,196000
R_006501,EQ_00314,SITE_027,OP_0188,2026-06-12,2026-06-19,,7,Active,0,63000
R_006502,EQ_00102,SITE_001,OP_0130,2024-12-01,2025-01-12,,42,Overdue,1,588000
R_006503,EQ_00233,SITE_002,OP_0238,2024-06-17,2024-06-26,,9,Active,0,198000
R_006504,EQ_00735,SITE_014,OP_0098,2026-05-31,2026-06-29,2026-06-29,29,Returned,0,464000
R_006505,EQ_00390,SITE_030,OP_0254,2024-10-09,2024-10-31,2024-10-31,22,Returned,0,396000
R_006506,EQ_00595,SITE_003,OP_0145,2024-07-27,2024-08-22,2024-08-22,26,Returned,0,234000
R_006507,EQ_00711,SITE_028,OP_0266,2024-04-21,2024-05-06,2024-05-06,15,Returned,1,330000
R_006508,EQ_00767,SITE_022,OP_0027,2024-07-27,2024-08-11,2024-08-16,15,Overdue Returned,1,450000
R_006509,EQ_00389,SITE_023,OP_0031,2024-02-26,2024-03-16,2024-03-17,19,Overdue Returned,0,266000
R_006510,EQ_00263,SITE_026,OP_0272,2025-02-20,2025-03-04,2025-03-03,12,Returned,0,108000
R_006511,EQ_00332,SITE_016,OP_0195,2024-03-26,2024-04-20,,25,Active,0,175000
R_006512,EQ_00200,SITE_001,OP_0349,2025-07-17,2025-08-21,2025-08-18,35,Returned,1,245000
R_006513,EQ_00712,SITE_016,OP_0124,2025-11-01,2025-11-09,,8,Overdue,0,176000
R_006514,EQ_00376,SITE_008,OP_0183,2026-07-20,2026-07-23,2026-07-23,3,Returned,0,66000
R_006515,EQ_00561,SITE_008,OP_0309,2026-03-06,2026-04-05,2026-04-06,30,Overdue Returned,0,540000
R_006516,EQ_00340,SITE_029,OP_0213,2026-06-10,2026-06-21,2026-06-21,11,Returned,0,242000
R_006517,EQ_00723,SITE_014,OP_0090,2024-10-14,2024-11-11,2024-11-08,28,Returned,0,392000
R_006518,EQ_00552,SITE_012,OP_0082,2026-01-23,2026-02-22,2026-02-27,30,Overdue Returned,0,660000
R_006519,EQ_00796,SITE_005,OP_0170,2025-12-11,2025-12-26,2025-12-26,15,Returned,0,105000
R_006520,EQ_00799,SITE_002,OP_0037,2026-07-20,2026-08-18,,29,Overdue,0,870000
R_006521,EQ_00764,SITE_013,OP_0224,2026-02-18,2026-04-02,2026-04-03,43,Overdue Returned,0,602000
R_006522,EQ_00662,SITE_004,OP_0057,2026-01-18,2026-03-04,,45,Active,0,315000
R_006523,EQ_00780,SITE_012,OP_0310,2026-06-17,2026-07-21,2026-07-21,34,Returned,0,476000
R_006524,EQ_00057,SITE_014,OP_0134,2025-10-05,2025-10-12,2025-10-22,7,Overdue Returned,0,98000
R_006525,EQ_00379,SITE_025,OP_0113,2026-03-07,2026-04-01,2026-04-01,25,Returned,0,750000
R_006526,EQ_00408,SITE_005,OP_0238,2025-08-17,2025-09-26,2025-10-01,40,Overdue Returned,1,280000
R_006527,EQ_00095,SITE_028,OP_0054,2025-02-02,2025-02-10,,8,Active,0,72000
R_006528,EQ_00782,SITE_016,OP_0015,2025-05-31,2025-07-03,,33,Active,0,528000
R_006529,EQ_00129,SITE_015,OP_0139,2025-05-27,2025-06-05,2025-06-05,9,Returned,0,270000
R_006530,EQ_00357,SITE_027,OP_0286,2025-02-28,2025-03-06,2025-03-06,6,Returned,0,84000
R_006531,EQ_00659,SITE_029,OP_0140,2026-07-27,2026-08-09,2026-08-07,13,Returned,0,117000
R_006532,EQ_00757,SITE_014,OP_0098,2026-02-13,2026-03-08,2026-03-05,23,Returned,0,690000
R_006533,EQ_00388,SITE_010,OP_0073,2025-01-02,2025-01-23,,21,Active,0,189000
R_006534,EQ_00465,SITE_013,OP_0017,2025-12-12,2026-01-07,2026-01-09,26,Overdue Returned,0,182000
R_006535,EQ_00319,SITE_013,OP_0047,2024-11-01,2024-12-06,2024-12-06,35,Returned,0,315000
R_006536,EQ_00580,SITE_004,OP_0054,2025-04-16,2025-05-05,2025-05-05,19,Returned,0,304000
R_006537,EQ_00177,SITE_008,OP_0188,2024-04-24,2024-06-02,2024-06-02,39,Returned,1,273000
R_006538,EQ_00472,SITE_016,OP_0337,2026-03-12,2026-04-11,,30,Active,1,420000
R_006539,EQ_00344,SITE_017,OP_0236,2025-01-27,2025-03-11,2025-03-11,43,Returned,0,1290000
R_006540,EQ_00331,SITE_001,OP_0305,2025-08-16,2025-09-24,2025-09-21,39,Returned,0,702000
R_006541,EQ_00243,SITE_004,OP_0075,2025-08-29,2025-10-12,2025-10-09,44,Returned,0,792000
R_006542,EQ_00192,SITE_004,OP_0251,2025-09-29,2025-11-09,2025-11-11,41,Overdue Returned,1,574000
R_006543,EQ_00574,SITE_028,OP_0098,2025-05-24,2025-06-18,2025-06-18,25,Returned,0,750000
R_006544,EQ_00228,SITE_015,OP_0327,2024-06-19,2024-07-15,,26,Active,0,416000
R_006545,EQ_00006,SITE_009,OP_0279,2025-04-20,2025-05-08,2025-05-08,18,Returned,1,252000
R_006546,EQ_00704,SITE_016,OP_0335,2026-08-05,2026-08-22,,17,Active,0,374000
R_006547,EQ_00440,SITE_024,OP_0142,2025-08-07,2025-09-12,2025-09-12,36,Returned,1,504000
R_006548,EQ_00097,SITE_001,OP_0231,2025-05-13,2025-05-31,2025-05-31,18,Returned,0,324000
R_006549,EQ_00555,SITE_029,OP_0089,2024-04-25,2024-06-01,,37,Active,0,814000
R_006550,EQ_00516,SITE_004,OP_0338,2025-05-13,2025-06-10,2025-06-11,28,Overdue Returned,0,504000
R_006551,EQ_00302,SITE_006,OP_0156,2025-06-16,2025-06-30,2025-06-30,14,Returned,1,252000
R_006552,EQ_00492,SITE_006,OP_0270,2024-02-27,2024-03-02,2024-03-01,4,Returned,0,88000
R_006553,EQ_00628,SITE_006,OP_0333,2025-05-01,2025-06-05,2025-06-02,35,Returned,0,490000
R_006554,EQ_00024,SITE_019,OP_0324,2026-08-03,2026-09-12,2026-09-10,40,Returned,1,880000
R_006555,EQ_00180,SITE_008,OP_0234,2024-01-27,2024-03-09,2024-03-09,42,Returned,0,924000
R_006556,EQ_00588,SITE_020,OP_0299,2025-10-10,2025-11-16,2025-11-16,37,Returned,0,333000
R_006557,EQ_00316,SITE_014,OP_0195,2025-08-15,2025-09-02,2025-09-02,18,Returned,0,288000
R_006558,EQ_00122,SITE_027,OP_0059,2025-10-24,2025-11-13,2025-11-13,20,Returned,0,180000
R_006559,EQ_00633,SITE_030,OP_0299,2024-10-13,2024-10-26,2024-10-26,13,Returned,0,208000
R_006560,EQ_00759,SITE_005,OP_0058,2024-12-25,2025-01-07,2025-01-07,13,Returned,1,286000
R_006561,EQ_00348,SITE_007,OP_0025,2024-03-21,2024-04-05,2024-04-05,15,Returned,0,105000
R_006562,EQ_00214,SITE_014,OP_0055,2025-04-09,2025-04-14,2025-04-14,5,Returned,0,35000
R_006563,EQ_00086,SITE_014,OP_0316,2025-05-16,2025-06-23,2025-06-23,38,Returned,0,608000
R_006564,EQ_00193,SITE_011,OP_0271,2024-02-03,2024-02-20,2024-02-20,17,Returned,0,272000
R_006565,EQ_00289,SITE_023,OP_0130,2025-10-18,2025-10-24,2025-10-24,6,Returned,0,108000
R_006566,EQ_00601,SITE_030,OP_0093,2025-03-26,2025-04-17,2025-04-17,22,Returned,0,308000
R_006567,EQ_00128,SITE_018,OP_0112,2025-07-04,2025-07-30,2025-07-30,26,Returned,1,364000
R_006568,EQ_00507,SITE_012,OP_0076,2025-05-22,2025-06-27,2025-06-27,36,Returned,1,324000
R_006569,EQ_00471,SITE_009,OP_0349,2025-07-16,2025-08-26,,41,Active,0,287000
R_006570,EQ_00740,SITE_017,OP_0190,2025-09-08,2025-09-12,,4,Active,0,56000
R_006571,EQ_00146,SITE_007,OP_0108,2025-04-04,2025-05-12,,38,Active,0,684000
R_006572,EQ_00349,SITE_030,OP_0333,2025-01-18,2025-01-31,2025-01-31,13,Returned,0,234000
R_006573,EQ_00676,SITE_016,OP_0231,2026-04-30,2026-05-18,2026-05-18,18,Returned,0,540000
R_006574,EQ_00435,SITE_011,OP_0333,2024-09-14,2024-10-15,2024-10-16,31,Overdue Returned,1,558000
R_006575,EQ_00628,SITE_004,OP_0138,2026-04-03,2026-04-16,,13,Active,0,182000
R_006576,EQ_00401,SITE_028,OP_0158,2026-07-14,2026-08-19,2026-08-16,36,Returned,0,252000
R_006577,EQ_00662,SITE_022,OP_0329,2025-04-28,2025-05-17,,19,Active,0,133000
R_006578,EQ_00672,SITE_027,OP_0008,2025-12-18,2025-12-29,2025-12-31,11,Overdue Returned,0,154000
R_006579,EQ_00227,SITE_022,OP_0226,2026-02-18,2026-03-30,2026-04-04,40,Overdue Returned,0,280000
R_006580,EQ_00470,SITE_006,OP_0029,2025-03-17,2025-04-07,2025-04-06,21,Returned,0,378000
R_006581,EQ_00716,SITE_019,OP_0342,2024-09-07,2024-09-13,2024-09-13,6,Returned,1,132000
R_006582,EQ_00371,SITE_003,OP_0071,2024-12-14,2025-01-24,2025-01-25,41,Overdue Returned,1,369000
R_006583,EQ_00156,SITE_015,OP_0136,2024-02-10,2024-03-07,2024-03-07,26,Returned,1,780000
R_006584,EQ_00556,SITE_005,OP_0192,2025-05-19,2025-06-24,,36,Active,0,1080000
R_006585,EQ_00434,SITE_020,OP_0117,2025-03-22,2025-05-03,,42,Active,0,294000
R_006586,EQ_00615,SITE_008,OP_0101,2026-01-14,2026-02-20,2026-02-22,37,Overdue Returned,0,666000
R_006587,EQ_00018,SITE_017,OP_0024,2026-06-09,2026-06-22,2026-06-22,13,Returned,1,182000
R_006588,EQ_00015,SITE_009,OP_0235,2026-06-17,2026-07-30,2026-07-30,43,Returned,0,946000
R_006589,EQ_00481,SITE_005,OP_0222,2024-06-10,2024-07-02,2024-07-01,22,Returned,0,308000
R_006590,EQ_00459,SITE_020,OP_0255,2026-04-28,2026-05-31,2026-05-29,33,Returned,0,231000
R_006591,EQ_00305,SITE_012,OP_0064,2025-08-24,2025-09-29,2025-09-27,36,Returned,1,792000
R_006592,EQ_00715,SITE_026,OP_0295,2026-07-20,2026-07-28,2026-07-28,8,Returned,0,72000
R_006593,EQ_00111,SITE_028,OP_0030,2025-10-31,2025-11-18,2025-11-18,18,Returned,0,324000
R_006594,EQ_00001,SITE_021,OP_0100,2024-05-24,2024-06-13,2024-06-14,20,Overdue Returned,0,440000
R_006595,EQ_00784,SITE_003,OP_0014,2025-02-23,2025-02-28,2025-02-28,5,Returned,0,70000
R_006596,EQ_00681,SITE_017,OP_0273,2025-06-07,2025-07-10,2025-07-15,33,Overdue Returned,1,297000
R_006597,EQ_00154,SITE_002,OP_0208,2024-02-21,2024-03-24,2024-03-24,32,Returned,1,704000
R_006598,EQ_00342,SITE_002,OP_0053,2025-12-20,2026-01-21,2026-01-22,32,Overdue Returned,0,576000
R_006599,EQ_00702,SITE_008,OP_0314,2025-08-15,2025-09-01,2025-09-01,17,Returned,0,374000
R_006600,EQ_00171,SITE_015,OP_0051,2024-05-31,2024-07-02,2024-07-02,32,Returned,0,288000
R_006601,EQ_00222,SITE_018,OP_0207,2026-04-20,2026-05-28,,38,Active,0,266000
R_006602,EQ_00061,SITE_006,OP_0174,2026-04-24,2026-06-05,2026-06-06,42,Overdue Returned,0,294000
R_006603,EQ_00329,SITE_018,OP_0172,2026-03-29,2026-04-27,2026-04-27,29,Returned,1,522000
R_006604,EQ_00039,SITE_021,OP_0007,2024-06-13,2024-07-15,2024-07-15,32,Returned,0,288000
R_006605,EQ_00544,SITE_022,OP_0257,2026-01-29,2026-02-16,2026-02-17,18,Overdue Returned,0,324000
R_006606,EQ_00376,SITE_028,OP_0234,2024-05-01,2024-05-12,2024-05-12,11,Returned,0,242000
R_006607,EQ_00457,SITE_024,OP_0154,2024-08-22,2024-08-30,2024-09-09,8,Overdue Returned,0,56000
R_006608,EQ_00499,SITE_006,OP_0152,2024-11-03,2024-12-13,2024-12-10,40,Returned,0,720000
R_006609,EQ_00479,SITE_012,OP_0242,2025-01-09,2025-01-20,2025-01-19,11,Returned,0,77000
R_006610,EQ_00096,SITE_010,OP_0293,2026-03-08,2026-03-26,2026-03-26,18,Returned,0,162000
R_006611,EQ_00016,SITE_026,OP_0317,2026-06-07,2026-06-19,,12,Active,1,216000
R_006612,EQ_00716,SITE_029,OP_0177,2024-07-24,2024-08-11,,18,Active,0,396000
R_006613,EQ_00133,SITE_017,OP_0005,2024-08-22,2024-09-19,2024-09-21,28,Overdue Returned,1,392000
R_006614,EQ_00681,SITE_024,OP_0325,2025-08-12,2025-08-22,2025-08-22,10,Returned,0,90000
R_006615,EQ_00637,SITE_013,OP_0114,2024-09-17,2024-10-18,2024-10-18,31,Returned,0,930000
R_006616,EQ_00494,SITE_011,OP_0273,2024-08-08,2024-08-27,2024-08-25,19,Returned,1,133000
R_006617,EQ_00743,SITE_009,OP_0187,2026-06-25,2026-07-18,2026-07-23,23,Overdue Returned,0,207000
R_006618,EQ_00316,SITE_004,OP_0120,2026-06-24,2026-07-21,,27,Active,1,432000
R_006619,EQ_00437,SITE_004,OP_0107,2026-01-01,2026-01-18,2026-01-18,17,Returned,0,272000
R_006620,EQ_00724,SITE_030,OP_0265,2025-08-28,2025-09-26,2025-09-28,29,Overdue Returned,1,406000
R_006621,EQ_00069,SITE_004,OP_0307,2026-02-24,2026-03-20,2026-03-21,24,Overdue Returned,0,216000
R_006622,EQ_00288,SITE_011,OP_0280,2026-06-25,2026-07-04,2026-07-04,9,Returned,0,81000
R_006623,EQ_00124,SITE_004,OP_0094,2025-05-02,2025-05-28,,26,Active,0,364000
R_006624,EQ_00791,SITE_025,OP_0271,2026-02-06,2026-02-19,2026-02-19,13,Returned,1,117000
R_006625,EQ_00405,SITE_024,OP_0253,2025-12-05,2025-12-14,2025-12-12,9,Returned,0,162000
R_006626,EQ_00084,SITE_017,OP_0276,2024-12-11,2024-12-27,2024-12-27,16,Returned,0,288000
R_006627,EQ_00681,SITE_001,OP_0103,2024-12-02,2024-12-21,2024-12-21,19,Returned,1,171000
R_006628,EQ_00582,SITE_029,OP_0343,2024-02-15,2024-02-23,2024-02-23,8,Returned,0,240000
R_006629,EQ_00246,SITE_018,OP_0014,2026-07-18,2026-07-24,,6,Active,0,84000
R_006630,EQ_00028,SITE_009,OP_0080,2025-09-12,2025-10-06,2025-10-06,24,Returned,0,336000
R_006631,EQ_00234,SITE_007,OP_0171,2024-09-30,2024-11-06,2024-11-04,37,Returned,0,814000
R_006632,EQ_00442,SITE_010,OP_0117,2024-02-16,2024-03-20,,33,Active,1,528000
R_006633,EQ_00560,SITE_030,OP_0281,2025-10-13,2025-10-21,2025-10-21,8,Returned,0,240000
R_006634,EQ_00721,SITE_016,OP_0275,2025-11-15,2025-12-11,,26,Overdue,0,468000
R_006635,EQ_00329,SITE_016,OP_0228,2025-06-29,2025-07-09,2025-07-09,10,Returned,0,180000
R_006636,EQ_00366,SITE_026,OP_0228,2024-12-26,2024-12-31,,5,Active,0,70000
R_006637,EQ_00765,SITE_008,OP_0271,2024-07-19,2024-08-21,2024-08-19,33,Returned,1,594000
R_006638,EQ_00056,SITE_012,OP_0057,2025-08-08,2025-08-11,2025-08-21,3,Overdue Returned,0,54000
R_006639,EQ_00328,SITE_017,OP_0336,2024-03-04,2024-03-31,2024-03-31,27,Returned,1,594000
R_006640,EQ_00452,SITE_009,OP_0118,2026-06-21,2026-07-22,2026-07-22,31,Returned,0,279000
R_006641,EQ_00759,SITE_030,OP_0118,2025-01-29,2025-03-02,2025-03-02,32,Returned,0,704000
R_006642,EQ_00119,SITE_023,OP_0041,2024-10-02,2024-10-20,2024-10-20,18,Returned,0,324000
R_006643,EQ_00276,SITE_015,OP_0074,2024-04-14,2024-04-23,2024-04-28,9,Overdue Returned,0,126000
R_006644,EQ_00366,SITE_016,OP_0212,2024-06-07,2024-06-13,2024-06-13,6,Returned,0,84000
R_006645,EQ_00617,SITE_022,OP_0101,2024-12-12,2024-12-30,2024-12-30,18,Returned,0,288000
R_006646,EQ_00119,SITE_015,OP_0034,2025-07-13,2025-07-30,2025-07-30,17,Returned,0,306000
R_006647,EQ_00423,SITE_002,OP_0068,2024-04-24,2024-05-09,2024-05-09,15,Returned,0,135000
R_006648,EQ_00478,SITE_016,OP_0201,2025-02-23,2025-03-19,2025-03-24,24,Overdue Returned,0,528000
R_006649,EQ_00734,SITE_026,OP_0288,2024-12-29,2025-02-11,2025-02-08,44,Returned,0,308000
R_006650,EQ_00523,SITE_030,OP_0112,2024-02-07,2024-03-13,,35,Active,0,630000
R_006651,EQ_00495,SITE_022,OP_0182,2024-01-31,2024-02-10,2024-02-15,10,Overdue Returned,0,160000
R_006652,EQ_00745,SITE_014,OP_0050,2025-07-13,2025-07-17,2025-07-16,4,Returned,0,72000
R_006653,EQ_00486,SITE_001,OP_0163,2025-09-26,2025-09-30,2025-09-30,4,Returned,1,36000
R_006654,EQ_00591,SITE_028,OP_0206,2026-02-01,2026-02-10,2026-02-10,9,Returned,1,63000
R_006655,EQ_00170,SITE_027,OP_0217,2025-02-01,2025-02-20,2025-02-20,19,Returned,0,342000
R_006656,EQ_00560,SITE_003,OP_0277,2025-06-16,2025-07-11,2025-07-13,25,Overdue Returned,0,750000
R_006657,EQ_00799,SITE_019,OP_0084,2025-07-24,2025-08-08,2025-08-08,15,Returned,0,450000
R_006658,EQ_00408,SITE_028,OP_0188,2024-11-19,2024-12-08,2024-12-09,19,Overdue Returned,1,133000
R_006659,EQ_00159,SITE_014,OP_0264,2025-10-27,2025-11-02,2025-10-31,6,Returned,0,42000
R_006660,EQ_00038,SITE_022,OP_0257,2026-07-04,2026-07-31,2026-08-05,27,Overdue Returned,0,594000
R_006661,EQ_00418,SITE_010,OP_0226,2025-02-05,2025-03-12,2025-03-12,35,Returned,0,630000
R_006662,EQ_00591,SITE_022,OP_0342,2024-11-22,2024-12-24,2024-12-24,32,Returned,1,224000
R_006663,EQ_00630,SITE_027,OP_0313,2024-02-15,2024-03-02,,16,Overdue,1,144000
R_006664,EQ_00408,SITE_009,OP_0041,2026-02-24,2026-03-30,2026-04-01,34,Overdue Returned,0,238000
R_006665,EQ_00087,SITE_018,OP_0166,2025-06-05,2025-06-25,2025-06-25,20,Returned,0,360000
R_006666,EQ_00007,SITE_009,OP_0254,2024-12-10,2025-01-04,,25,Active,0,750000
R_006667,EQ_00694,SITE_010,OP_0252,2025-07-21,2025-08-25,2025-08-25,35,Returned,0,770000
R_006668,EQ_00528,SITE_017,OP_0026,2024-01-30,2024-03-02,,32,Overdue,0,448000
R_006669,EQ_00378,SITE_022,OP_0066,2025-08-25,2025-09-10,2025-09-07,16,Returned,1,352000
R_006670,EQ_00618,SITE_002,OP_0126,2025-06-03,2025-07-13,,40,Active,0,1200000
R_006671,EQ_00728,SITE_010,OP_0235,2026-01-28,2026-03-13,2026-03-13,44,Returned,0,968000
R_006672,EQ_00186,SITE_027,OP_0200,2024-03-12,2024-03-30,2024-03-30,18,Returned,1,252000
R_006673,EQ_00462,SITE_006,OP_0028,2024-10-01,2024-10-09,,8,Overdue,0,112000
R_006674,EQ_00560,SITE_020,OP_0046,2025-07-11,2025-08-07,,27,Active,0,810000
R_006675,EQ_00014,SITE_020,OP_0039,2025-02-10,2025-03-25,2025-03-25,43,Returned,1,1290000
R_006676,EQ_00531,SITE_003,OP_0108,2026-06-05,2026-06-26,2026-06-26,21,Returned,1,294000
R_006677,EQ_00240,SITE_017,OP_0215,2024-01-26,2024-02-26,2024-03-02,31,Overdue Returned,0,682000
R_006678,EQ_00241,SITE_008,OP_0046,2025-06-06,2025-07-05,2025-07-05,29,Returned,0,203000
R_006679,EQ_00046,SITE_026,OP_0091,2025-09-22,2025-10-06,2025-10-06,14,Returned,0,420000
R_006680,EQ_00497,SITE_010,OP_0097,2025-10-21,2025-11-11,,21,Active,0,189000
R_006681,EQ_00408,SITE_010,OP_0138,2024-03-08,2024-04-15,2024-04-15,38,Returned,0,266000
R_006682,EQ_00308,SITE_002,OP_0339,2024-02-07,2024-03-04,2024-03-04,26,Returned,0,234000
R_006683,EQ_00041,SITE_018,OP_0083,2024-01-19,2024-01-26,2024-01-26,7,Returned,1,126000
R_006684,EQ_00720,SITE_026,OP_0251,2025-06-07,2025-06-18,2025-06-18,11,Returned,0,154000
R_006685,EQ_00757,SITE_005,OP_0102,2024-01-12,2024-01-25,,13,Active,0,390000
R_006686,EQ_00744,SITE_011,OP_0314,2025-11-15,2025-11-20,,5,Active,1,110000
R_006687,EQ_00244,SITE_016,OP_0273,2025-09-26,2025-11-09,,44,Active,0,792000
R_006688,EQ_00080,SITE_007,OP_0330,2024-01-10,2024-01-16,2024-01-14,6,Returned,0,180000
R_006689,EQ_00772,SITE_012,OP_0187,2025-07-15,2025-08-21,,37,Active,1,259000
R_006690,EQ_00501,SITE_026,OP_0179,2025-02-02,2025-02-19,2025-02-21,17,Overdue Returned,0,153000
R_006691,EQ_00474,SITE_011,OP_0208,2024-12-04,2024-12-15,2024-12-15,11,Returned,0,242000
R_006692,EQ_00275,SITE_005,OP_0037,2026-01-05,2026-02-12,2026-02-12,38,Returned,1,684000
R_006693,EQ_00702,SITE_003,OP_0177,2024-12-28,2025-01-20,,23,Active,0,506000
R_006694,EQ_00607,SITE_012,OP_0083,2026-02-11,2026-03-17,2026-03-17,34,Returned,0,544000
R_006695,EQ_00657,SITE_014,OP_0234,2025-06-21,2025-06-27,2025-06-29,6,Overdue Returned,0,132000
R_006696,EQ_00050,SITE_019,OP_0015,2026-05-08,2026-05-23,2026-05-22,15,Returned,0,105000
R_006697,EQ_00309,SITE_028,OP_0194,2024-04-29,2024-05-15,,16,Active,0,288000
R_006698,EQ_00392,SITE_022,OP_0038,2025-10-10,2025-10-27,2025-10-27,17,Returned,0,153000
R_006699,EQ_00007,SITE_018,OP_0054,2024-06-11,2024-06-23,,12,Active,0,360000
R_006700,EQ_00512,SITE_007,OP_0075,2024-06-26,2024-06-29,2024-06-29,3,Returned,0,27000
R_006701,EQ_00649,SITE_015,OP_0140,2024-06-22,2024-07-24,2024-07-24,32,Returned,1,576000
R_006702,EQ_00259,SITE_011,OP_0138,2026-07-02,2026-08-05,2026-08-05,34,Returned,0,1020000
R_006703,EQ_00553,SITE_019,OP_0115,2024-01-07,2024-01-11,2024-01-11,4,Returned,0,28000
R_006704,EQ_00553,SITE_027,OP_0184,2025-06-26,2025-07-23,2025-07-22,27,Returned,0,189000
R_006705,EQ_00057,SITE_015,OP_0268,2024-03-19,2024-04-22,2024-04-22,34,Returned,1,476000
R_006706,EQ_00188,SITE_014,OP_0213,2026-02-03,2026-03-13,2026-03-13,38,Returned,0,836000
R_006707,EQ_00539,SITE_027,OP_0250,2024-05-06,2024-06-02,2024-06-02,27,Returned,0,594000
R_006708,EQ_00577,SITE_012,OP_0338,2024-06-05,2024-06-16,,11,Overdue,0,99000
R_006709,EQ_00472,SITE_027,OP_0174,2025-07-10,2025-07-22,2025-07-22,12,Returned,1,168000
R_006710,EQ_00468,SITE_006,OP_0298,2025-01-19,2025-02-07,2025-02-17,19,Overdue Returned,0,570000
R_006711,EQ_00690,SITE_011,OP_0187,2026-02-20,2026-03-16,2026-03-16,24,Returned,0,168000
R_006712,EQ_00222,SITE_008,OP_0168,2024-01-31,2024-03-07,2024-03-05,36,Returned,0,252000
R_006713,EQ_00310,SITE_026,OP_0229,2025-04-01,2025-04-26,2025-04-28,25,Overdue Returned,0,225000
R_006714,EQ_00406,SITE_005,OP_0321,2024-01-29,2024-02-23,2024-03-04,25,Overdue Returned,0,750000
R_006715,EQ_00340,SITE_027,OP_0028,2025-05-10,2025-05-25,2025-05-25,15,Returned,0,330000
R_006716,EQ_00502,SITE_026,OP_0239,2024-08-26,2024-09-26,2024-09-27,31,Overdue Returned,0,434000
R_006717,EQ_00279,SITE_014,OP_0155,2026-03-28,2026-05-06,,39,Active,0,546000
R_006718,EQ_00174,SITE_004,OP_0057,2024-03-01,2024-03-29,2024-03-29,28,Returned,1,504000
R_006719,EQ_00431,SITE_022,OP_0150,2024-10-19,2024-11-29,2024-11-29,41,Returned,0,574000
R_006720,EQ_00641,SITE_006,OP_0136,2024-08-23,2024-09-15,2024-09-15,23,Returned,0,207000
R_006721,EQ_00396,SITE_010,OP_0030,2024-01-15,2024-01-25,2024-01-25,10,Returned,0,180000
R_006722,EQ_00494,SITE_009,OP_0074,2025-05-04,2025-06-14,2025-06-16,41,Overdue Returned,1,287000
R_006723,EQ_00606,SITE_007,OP_0059,2026-07-11,2026-08-21,2026-08-21,41,Returned,1,738000
R_006724,EQ_00336,SITE_021,OP_0329,2024-10-11,2024-10-26,2024-10-23,15,Returned,0,270000
R_006725,EQ_00403,SITE_017,OP_0007,2025-12-05,2026-01-01,2026-01-02,27,Overdue Returned,1,486000
R_006726,EQ_00377,SITE_012,OP_0176,2024-08-29,2024-09-10,2024-09-10,12,Returned,0,168000
R_006727,EQ_00558,SITE_009,OP_0062,2025-08-23,2025-10-04,,42,Active,0,588000
R_006728,EQ_00119,SITE_011,OP_0164,2024-06-28,2024-08-04,,37,Active,0,666000
R_006729,EQ_00690,SITE_010,OP_0115,2025-03-11,2025-03-26,2025-03-26,15,Returned,0,105000
R_006730,EQ_00273,SITE_010,OP_0050,2026-03-31,2026-04-08,2026-04-06,8,Returned,1,176000
R_006731,EQ_00341,SITE_016,OP_0346,2024-05-25,2024-07-02,,38,Active,0,836000
R_006732,EQ_00055,SITE_012,OP_0315,2024-03-28,2024-05-12,2024-05-13,45,Overdue Returned,0,810000
R_006733,EQ_00564,SITE_005,OP_0087,2025-10-25,2025-11-18,2025-11-17,24,Returned,0,336000
R_006734,EQ_00440,SITE_021,OP_0328,2024-07-29,2024-08-18,2024-08-28,20,Overdue Returned,1,280000
R_006735,EQ_00446,SITE_027,OP_0182,2024-10-23,2024-11-23,2024-11-23,31,Returned,1,682000
R_006736,EQ_00322,SITE_001,OP_0144,2025-09-16,2025-10-17,,31,Active,0,558000
R_006737,EQ_00360,SITE_004,OP_0127,2025-10-03,2025-11-12,,40,Active,0,560000
R_006738,EQ_00472,SITE_022,OP_0139,2024-01-20,2024-02-19,,30,Active,1,420000
R_006739,EQ_00725,SITE_001,OP_0111,2025-08-18,2025-09-03,,16,Active,1,288000
R_006740,EQ_00021,SITE_019,OP_0131,2025-01-08,2025-02-20,2025-02-17,43,Returned,0,602000
R_006741,EQ_00550,SITE_004,OP_0096,2026-07-25,2026-08-04,2026-08-04,10,Returned,0,140000
R_006742,EQ_00778,SITE_009,OP_0258,2025-03-29,2025-04-05,2025-04-07,7,Overdue Returned,0,112000
R_006743,EQ_00456,SITE_005,OP_0213,2025-05-09,2025-05-28,2025-05-28,19,Returned,0,266000
R_006744,EQ_00196,SITE_004,OP_0076,2025-08-12,2025-08-17,,5,Active,1,150000
R_006745,EQ_00772,SITE_013,OP_0001,2025-01-31,2025-02-03,,3,Active,0,21000
R_006746,EQ_00243,SITE_018,OP_0219,2025-12-22,2026-01-17,,26,Overdue,0,468000
R_006747,EQ_00649,SITE_007,OP_0181,2025-12-13,2025-12-31,,18,Overdue,0,324000
R_006748,EQ_00635,SITE_007,OP_0258,2025-12-15,2026-01-06,2026-01-08,22,Overdue Returned,1,484000
R_006749,EQ_00733,SITE_028,OP_0332,2024-04-02,2024-05-17,2024-05-17,45,Returned,0,315000
R_006750,EQ_00444,SITE_004,OP_0135,2025-06-03,2025-06-19,2025-06-17,16,Returned,1,352000
R_006751,EQ_00250,SITE_019,OP_0138,2025-07-06,2025-08-14,2025-08-14,39,Returned,0,273000
R_006752,EQ_00630,SITE_013,OP_0244,2026-03-01,2026-04-03,2026-04-03,33,Returned,0,297000
R_006753,EQ_00606,SITE_029,OP_0137,2024-11-05,2024-12-15,,40,Overdue,0,720000
R_006754,EQ_00121,SITE_027,OP_0083,2024-02-25,2024-04-04,2024-04-05,39,Overdue Returned,0,351000
R_006755,EQ_00394,SITE_019,OP_0180,2025-04-03,2025-05-16,,43,Active,0,688000
R_006756,EQ_00743,SITE_026,OP_0247,2026-03-24,2026-04-29,2026-04-29,36,Returned,0,324000
R_006757,EQ_00117,SITE_008,OP_0201,2026-07-14,2026-08-18,2026-08-18,35,Returned,0,490000
R_006758,EQ_00350,SITE_029,OP_0036,2024-12-04,2024-12-10,2024-12-08,6,Returned,0,84000
R_006759,EQ_00382,SITE_027,OP_0334,2024-05-20,2024-06-20,2024-06-22,31,Overdue Returned,0,217000
R_006760,EQ_00182,SITE_011,OP_0018,2024-10-28,2024-11-09,2024-11-09,12,Returned,1,216000
R_006761,EQ_00427,SITE_018,OP_0315,2024-01-17,2024-02-11,2024-02-12,25,Overdue Returned,0,750000
R_006762,EQ_00694,SITE_020,OP_0338,2024-10-11,2024-11-14,2024-11-14,34,Returned,1,748000
R_006763,EQ_00492,SITE_017,OP_0281,2024-04-08,2024-04-27,2024-04-29,19,Overdue Returned,0,418000
R_006764,EQ_00217,SITE_012,OP_0279,2024-08-09,2024-09-11,2024-09-11,33,Returned,0,594000
R_006765,EQ_00666,SITE_026,OP_0105,2024-08-05,2024-08-26,2024-08-27,21,Overdue Returned,0,630000
R_006766,EQ_00201,SITE_007,OP_0293,2025-06-19,2025-08-02,2025-08-02,44,Returned,0,308000
R_006767,EQ_00445,SITE_007,OP_0016,2025-02-27,2025-03-13,2025-03-11,14,Returned,0,308000
R_006768,EQ_00521,SITE_024,OP_0169,2025-10-23,2025-11-30,2025-11-30,38,Returned,1,342000
R_006769,EQ_00149,SITE_009,OP_0299,2025-06-11,2025-07-23,2025-07-23,42,Returned,0,756000
R_006770,EQ_00561,SITE_018,OP_0237,2025-01-28,2025-02-13,,16,Overdue,0,288000
R_006771,EQ_00698,SITE_016,OP_0109,2024-03-19,2024-04-04,2024-04-04,16,Returned,1,224000
R_006772,EQ_00353,SITE_012,OP_0226,2026-04-20,2026-06-01,2026-06-01,42,Returned,1,756000
R_006773,EQ_00709,SITE_019,OP_0321,2025-09-25,2025-10-13,2025-10-13,18,Returned,0,126000
R_006774,EQ_00677,SITE_003,OP_0097,2024-08-04,2024-08-19,2024-08-16,15,Returned,0,270000
R_006775,EQ_00660,SITE_008,OP_0123,2024-05-24,2024-05-27,2024-05-26,3,Returned,0,21000
R_006776,EQ_00096,SITE_011,OP_0055,2025-10-11,2025-11-11,2025-11-16,31,Overdue Returned,1,279000
R_006777,EQ_00046,SITE_028,OP_0143,2026-04-10,2026-04-21,2026-04-21,11,Returned,0,330000
R_006778,EQ_00553,SITE_022,OP_0333,2024-10-11,2024-11-24,2024-11-24,44,Returned,0,308000
R_006779,EQ_00788,SITE_001,OP_0304,2024-05-21,2024-06-30,2024-06-30,40,Returned,0,720000
R_006780,EQ_00437,SITE_024,OP_0279,2025-12-27,2026-02-02,,37,Active,0,592000
R_006781,EQ_00003,SITE_013,OP_0093,2025-08-18,2025-09-13,,26,Active,0,468000
R_006782,EQ_00465,SITE_013,OP_0025,2026-02-16,2026-03-07,2026-03-07,19,Returned,0,133000
R_006783,EQ_00516,SITE_010,OP_0292,2024-09-01,2024-09-08,2024-09-07,7,Returned,1,126000
R_006784,EQ_00342,SITE_011,OP_0303,2026-02-16,2026-03-18,2026-03-15,30,Returned,1,540000
R_006785,EQ_00480,SITE_002,OP_0120,2024-03-26,2024-04-08,,13,Active,0,286000
R_006786,EQ_00515,SITE_028,OP_0100,2026-04-20,2026-05-30,2026-05-30,40,Returned,1,720000
R_006787,EQ_00063,SITE_015,OP_0071,2024-04-06,2024-04-14,,8,Active,0,112000
R_006788,EQ_00176,SITE_027,OP_0101,2026-05-12,2026-06-24,2026-06-23,43,Returned,0,301000
R_006789,EQ_00139,SITE_029,OP_0064,2025-09-24,2025-11-03,2025-11-03,40,Returned,0,720000
R_006790,EQ_00603,SITE_026,OP_0331,2024-08-08,2024-08-17,,9,Overdue,1,162000
R_006791,EQ_00371,SITE_012,OP_0021,2026-04-22,2026-06-06,,45,Active,0,405000
R_006792,EQ_00739,SITE_004,OP_0206,2024-01-03,2024-01-19,2024-01-21,16,Overdue Returned,0,480000
R_006793,EQ_00218,SITE_030,OP_0130,2024-02-25,2024-03-03,,7,Active,0,63000
R_006794,EQ_00551,SITE_014,OP_0017,2025-10-29,2025-11-01,2025-11-06,3,Overdue Returned,0,54000
R_006795,EQ_00163,SITE_009,OP_0227,2024-11-28,2024-12-21,,23,Overdue,0,368000
R_006796,EQ_00637,SITE_013,OP_0294,2024-09-28,2024-10-26,,28,Active,0,840000
R_006797,EQ_00024,SITE_019,OP_0148,2024-01-15,2024-02-27,2024-02-29,43,Overdue Returned,0,946000
R_006798,EQ_00365,SITE_029,OP_0004,2026-04-27,2026-05-13,,16,Overdue,1,288000
R_006799,EQ_00111,SITE_023,OP_0129,2025-11-08,2025-12-09,2025-12-10,31,Overdue Returned,0,558000
R_006800,EQ_00041,SITE_027,OP_0314,2025-03-08,2025-03-26,2025-03-26,18,Returned,0,324000
R_006801,EQ_00169,SITE_017,OP_0303,2024-10-03,2024-11-06,2024-11-06,34,Returned,1,476000
R_006802,EQ_00018,SITE_008,OP_0222,2024-02-10,2024-02-27,2024-02-27,17,Returned,0,238000
R_006803,EQ_00071,SITE_019,OP_0161,2024-09-26,2024-10-25,2024-10-26,29,Overdue Returned,0,203000
R_006804,EQ_00734,SITE_003,OP_0112,2025-03-21,2025-04-20,2025-04-20,30,Returned,0,210000
R_006805,EQ_00384,SITE_012,OP_0031,2024-05-01,2024-05-31,,30,Active,0,420000
R_006806,EQ_00409,SITE_030,OP_0246,2025-11-22,2025-12-07,2025-12-07,15,Returned,0,135000
R_006807,EQ_00425,SITE_004,OP_0007,2024-04-25,2024-05-04,2024-05-09,9,Overdue Returned,0,162000
R_006808,EQ_00180,SITE_030,OP_0056,2025-05-22,2025-05-29,2025-05-29,7,Returned,0,154000
R_006809,EQ_00385,SITE_012,OP_0190,2024-07-06,2024-07-30,2024-07-31,24,Overdue Returned,0,336000
R_006810,EQ_00071,SITE_010,OP_0183,2025-10-06,2025-11-10,2025-11-10,35,Returned,0,245000
R_006811,EQ_00473,SITE_030,OP_0026,2024-03-22,2024-04-04,2024-04-01,13,Returned,0,390000
R_006812,EQ_00351,SITE_017,OP_0194,2026-01-01,2026-01-27,2026-01-27,26,Returned,0,364000
R_006813,EQ_00732,SITE_012,OP_0128,2025-03-16,2025-03-26,2025-03-26,10,Returned,0,180000
R_006814,EQ_00679,SITE_015,OP_0084,2024-01-21,2024-02-24,2024-02-26,34,Overdue Returned,1,306000
R_006815,EQ_00593,SITE_025,OP_0313,2024-08-27,2024-09-02,2024-08-30,6,Returned,0,54000
R_006816,EQ_00642,SITE_012,OP_0337,2024-12-01,2025-01-05,2025-01-06,35,Overdue Returned,0,630000
R_006817,EQ_00349,SITE_003,OP_0187,2025-12-03,2025-12-25,,22,Active,0,396000
R_006818,EQ_00766,SITE_003,OP_0122,2025-12-29,2026-02-08,2026-02-13,41,Overdue Returned,1,1230000
R_006819,EQ_00114,SITE_010,OP_0279,2024-04-28,2024-06-11,2024-06-10,44,Returned,1,968000
R_006820,EQ_00189,SITE_001,OP_0133,2024-09-12,2024-10-23,2024-10-23,41,Returned,0,656000
R_006821,EQ_00101,SITE_013,OP_0259,2025-09-07,2025-10-04,,27,Active,1,810000
R_006822,EQ_00392,SITE_026,OP_0178,2024-06-16,2024-06-24,2024-06-23,8,Returned,0,72000
R_006823,EQ_00486,SITE_018,OP_0161,2025-02-10,2025-02-24,2025-02-24,14,Returned,1,126000
R_006824,EQ_00627,SITE_002,OP_0021,2025-05-25,2025-06-27,,33,Active,0,990000
R_006825,EQ_00189,SITE_001,OP_0012,2025-07-27,2025-08-13,2025-08-10,17,Returned,0,272000
R_006826,EQ_00117,SITE_013,OP_0155,2024-02-23,2024-04-03,2024-04-03,40,Returned,0,560000
R_006827,EQ_00567,SITE_008,OP_0269,2024-09-04,2024-09-15,2024-09-17,11,Overdue Returned,0,154000
R_006828,EQ_00515,SITE_026,OP_0098,2025-08-18,2025-08-24,2025-08-24,6,Returned,1,108000
R_006829,EQ_00132,SITE_023,OP_0213,2025-12-19,2026-01-17,2026-01-27,29,Overdue Returned,1,203000
R_006830,EQ_00691,SITE_003,OP_0339,2026-01-01,2026-01-05,2026-01-06,4,Overdue Returned,0,72000
R_006831,EQ_00300,SITE_015,OP_0014,2024-01-05,2024-02-09,2024-02-11,35,Overdue Returned,0,245000
R_006832,EQ_00284,SITE_002,OP_0291,2024-03-11,2024-04-23,2024-04-24,43,Overdue Returned,1,774000
R_006833,EQ_00229,SITE_004,OP_0339,2025-05-07,2025-05-22,,15,Active,1,330000
R_006834,EQ_00734,SITE_002,OP_0053,2024-11-05,2024-11-15,2024-11-15,10,Returned,0,70000
R_006835,EQ_00559,SITE_010,OP_0076,2026-03-16,2026-04-10,2026-04-10,25,Returned,0,450000
R_006836,EQ_00017,SITE_010,OP_0010,2025-11-22,2025-12-04,2025-12-04,12,Returned,0,84000
R_006837,EQ_00651,SITE_014,OP_0239,2025-03-24,2025-04-21,2025-04-21,28,Returned,0,448000
R_006838,EQ_00703,SITE_028,OP_0227,2025-10-14,2025-11-08,2025-11-10,25,Overdue Returned,1,400000
R_006839,EQ_00171,SITE_014,OP_0010,2025-06-26,2025-07-13,,17,Active,0,153000
R_006840,EQ_00448,SITE_019,OP_0160,2024-10-10,2024-11-01,2024-11-01,22,Returned,0,396000
R_006841,EQ_00494,SITE_029,OP_0147,2026-03-15,2026-04-07,2026-04-09,23,Overdue Returned,0,161000
R_006842,EQ_00111,SITE_012,OP_0098,2025-09-13,2025-09-29,2025-09-27,16,Returned,0,288000
R_006843,EQ_00455,SITE_015,OP_0061,2025-12-18,2025-12-29,2025-12-29,11,Returned,0,77000
R_006844,EQ_00528,SITE_006,OP_0116,2025-05-25,2025-06-24,2025-07-04,30,Overdue Returned,1,420000
R_006845,EQ_00623,SITE_025,OP_0323,2025-10-27,2025-12-11,2025-12-11,45,Returned,1,315000
R_006846,EQ_00413,SITE_010,OP_0279,2024-11-08,2024-12-20,,42,Active,0,1260000
R_006847,EQ_00268,SITE_021,OP_0204,2025-01-14,2025-01-19,2025-01-24,5,Overdue Returned,0,35000
R_006848,EQ_00007,SITE_016,OP_0301,2024-01-04,2024-02-13,2024-02-13,40,Returned,0,1200000
R_006849,EQ_00011,SITE_020,OP_0113,2025-05-28,2025-07-09,2025-07-09,42,Returned,1,756000
R_006850,EQ_00122,SITE_005,OP_0247,2025-10-16,2025-11-28,2025-11-28,43,Returned,1,387000
R_006851,EQ_00525,SITE_014,OP_0019,2025-06-20,2025-07-25,2025-07-25,35,Returned,0,770000
R_006852,EQ_00581,SITE_010,OP_0302,2024-04-08,2024-04-12,2024-04-14,4,Overdue Returned,0,64000
R_006853,EQ_00673,SITE_024,OP_0138,2026-06-04,2026-06-12,2026-06-12,8,Returned,1,240000
R_006854,EQ_00627,SITE_002,OP_0012,2024-11-16,2024-11-19,2024-11-19,3,Returned,0,90000
R_006855,EQ_00652,SITE_010,OP_0190,2026-02-05,2026-02-23,2026-02-23,18,Returned,0,396000
R_006856,EQ_00090,SITE_017,OP_0011,2026-05-18,2026-06-12,2026-06-13,25,Overdue Returned,0,350000
R_006857,EQ_00599,SITE_020,OP_0307,2025-08-01,2025-08-14,2025-08-14,13,Returned,0,286000
R_006858,EQ_00178,SITE_013,OP_0200,2024-05-19,2024-05-25,2024-05-25,6,Returned,0,54000
R_006859,EQ_00275,SITE_007,OP_0286,2024-04-30,2024-05-08,,8,Active,0,144000
R_006860,EQ_00095,SITE_012,OP_0218,2025-09-09,2025-09-24,2025-09-29,15,Overdue Returned,0,135000
R_006861,EQ_00720,SITE_002,OP_0021,2026-02-20,2026-03-04,2026-03-04,12,Returned,0,168000
R_006862,EQ_00533,SITE_008,OP_0268,2024-08-09,2024-09-18,2024-09-18,40,Returned,0,880000
R_006863,EQ_00506,SITE_018,OP_0036,2024-04-04,2024-05-03,2024-05-03,29,Returned,0,406000
R_006864,EQ_00301,SITE_021,OP_0303,2026-05-18,2026-07-01,2026-07-01,44,Returned,0,968000
R_006865,EQ_00233,SITE_015,OP_0230,2024-02-06,2024-03-07,,30,Active,0,660000
R_006866,EQ_00075,SITE_015,OP_0087,2024-08-21,2024-09-11,2024-09-12,21,Overdue Returned,0,378000
R_006867,EQ_00330,SITE_025,OP_0349,2025-01-09,2025-01-18,,9,Active,1,198000
R_006868,EQ_00162,SITE_010,OP_0184,2024-12-15,2025-01-03,2025-01-03,19,Returned,0,342000
R_006869,EQ_00525,SITE_014,OP_0018,2025-10-13,2025-10-30,2025-10-30,17,Returned,0,374000
R_006870,EQ_00330,SITE_009,OP_0264,2024-11-28,2024-12-25,2024-12-25,27,Returned,1,594000
R_006871,EQ_00058,SITE_025,OP_0152,2024-03-30,2024-05-04,,35,Active,0,245000
R_006872,EQ_00717,SITE_008,OP_0039,2026-07-26,2026-08-26,2026-08-26,31,Returned,0,279000
R_006873,EQ_00551,SITE_002,OP_0346,2025-11-19,2025-12-06,2025-12-06,17,Returned,0,306000
R_006874,EQ_00454,SITE_025,OP_0145,2024-01-06,2024-01-28,2024-01-27,22,Returned,0,198000
R_006875,EQ_00051,SITE_012,OP_0169,2024-03-01,2024-03-17,2024-03-18,16,Overdue Returned,0,256000
R_006876,EQ_00621,SITE_018,OP_0151,2025-08-06,2025-08-15,2025-08-15,9,Returned,0,162000
R_006877,EQ_00293,SITE_014,OP_0081,2026-01-19,2026-02-02,2026-02-01,14,Returned,0,252000
R_006878,EQ_00094,SITE_005,OP_0138,2026-06-23,2026-07-21,2026-07-19,28,Returned,0,252000
R_006879,EQ_00405,SITE_022,OP_0153,2025-01-22,2025-02-19,2025-02-17,28,Returned,1,504000
R_006880,EQ_00282,SITE_014,OP_0301,2025-09-30,2025-11-05,2025-11-05,36,Returned,0,252000
R_006881,EQ_00326,SITE_012,OP_0044,2026-01-15,2026-02-23,2026-02-23,39,Returned,0,351000
R_006882,EQ_00024,SITE_029,OP_0273,2026-04-13,2026-05-28,2026-05-28,45,Returned,0,990000
R_006883,EQ_00432,SITE_017,OP_0192,2025-06-07,2025-07-13,2025-07-13,36,Returned,0,648000
R_006884,EQ_00126,SITE_011,OP_0331,2024-01-14,2024-02-17,2024-02-17,34,Returned,0,238000
R_006885,EQ_00314,SITE_003,OP_0115,2025-08-25,2025-09-03,,9,Active,0,81000
R_006886,EQ_00501,SITE_025,OP_0061,2025-06-22,2025-07-04,2025-07-04,12,Returned,0,108000
R_006887,EQ_00530,SITE_006,OP_0059,2024-04-12,2024-05-05,2024-05-10,23,Overdue Returned,0,414000
R_006888,EQ_00330,SITE_019,OP_0300,2025-04-29,2025-05-09,2025-05-09,10,Returned,1,220000
R_006889,EQ_00415,SITE_028,OP_0343,2025-07-31,2025-08-12,2025-08-17,12,Overdue Returned,0,216000
R_006890,EQ_00164,SITE_006,OP_0322,2024-02-06,2024-02-29,2024-02-29,23,Returned,0,368000
R_006891,EQ_00097,SITE_023,OP_0331,2025-03-26,2025-05-04,2025-05-04,39,Returned,0,702000
R_006892,EQ_00099,SITE_002,OP_0123,2025-02-17,2025-03-26,,37,Active,0,259000
R_006893,EQ_00114,SITE_027,OP_0199,2025-11-10,2025-12-12,2025-12-12,32,Returned,0,704000
R_006894,EQ_00470,SITE_014,OP_0349,2024-05-02,2024-06-01,2024-05-29,30,Returned,0,540000
R_006895,EQ_00369,SITE_010,OP_0171,2025-04-08,2025-05-01,,23,Active,0,506000
R_006896,EQ_00514,SITE_028,OP_0097,2024-07-14,2024-07-29,2024-07-28,15,Returned,1,450000
R_006897,EQ_00356,SITE_010,OP_0286,2025-12-29,2026-02-08,,41,Overdue,1,1230000
R_006898,EQ_00331,SITE_030,OP_0027,2024-08-11,2024-09-13,2024-09-11,33,Returned,0,594000
R_006899,EQ_00533,SITE_009,OP_0330,2024-04-06,2024-04-28,2024-04-28,22,Returned,1,484000
R_006900,EQ_00531,SITE_019,OP_0202,2026-08-01,2026-09-06,2026-09-08,36,Overdue Returned,0,504000
R_006901,EQ_00260,SITE_021,OP_0259,2024-12-04,2025-01-17,2025-01-16,44,Returned,1,396000
R_006902,EQ_00420,SITE_030,OP_0285,2026-02-12,2026-03-26,,42,Active,0,378000
R_006903,EQ_00353,SITE_003,OP_0246,2024-04-15,2024-05-20,2024-05-20,35,Returned,0,630000
R_006904,EQ_00644,SITE_014,OP_0317,2024-02-08,2024-02-20,2024-02-21,12,Overdue Returned,0,216000
R_006905,EQ_00043,SITE_008,OP_0287,2025-04-25,2025-05-11,2025-05-21,16,Overdue Returned,0,256000
R_006906,EQ_00355,SITE_025,OP_0037,2025-02-04,2025-02-27,,23,Active,0,368000
R_006907,EQ_00720,SITE_023,OP_0161,2026-06-01,2026-06-17,2026-06-15,16,Returned,0,224000
R_006908,EQ_00193,SITE_023,OP_0026,2024-08-06,2024-08-24,2024-08-24,18,Returned,0,288000
R_006909,EQ_00339,SITE_023,OP_0320,2024-10-10,2024-11-01,2024-11-01,22,Returned,0,198000
R_006910,EQ_00384,SITE_021,OP_0112,2025-09-19,2025-09-27,,8,Overdue,0,112000
R_006911,EQ_00223,SITE_020,OP_0215,2025-11-17,2025-12-31,2025-12-31,44,Returned,0,396000
R_006912,EQ_00341,SITE_026,OP_0289,2025-08-25,2025-10-08,2025-10-08,44,Returned,0,968000
R_006913,EQ_00005,SITE_022,OP_0213,2025-10-24,2025-11-23,2025-11-22,30,Returned,0,540000
R_006914,EQ_00198,SITE_018,OP_0141,2026-05-31,2026-07-05,2026-07-05,35,Returned,0,770000
R_006915,EQ_00201,SITE_010,OP_0237,2024-05-19,2024-06-08,2024-06-09,20,Overdue Returned,0,140000
R_006916,EQ_00594,SITE_007,OP_0238,2025-11-29,2026-01-06,2026-01-06,38,Returned,0,266000
R_006917,EQ_00222,SITE_012,OP_0162,2025-12-10,2025-12-28,2025-12-28,18,Returned,0,126000
R_006918,EQ_00465,SITE_007,OP_0261,2024-04-04,2024-04-18,2024-04-19,14,Overdue Returned,1,98000
R_006919,EQ_00111,SITE_002,OP_0277,2025-07-03,2025-07-21,2025-07-21,18,Returned,0,324000
R_006920,EQ_00711,SITE_007,OP_0220,2024-10-16,2024-11-13,,28,Active,0,616000
R_006921,EQ_00230,SITE_018,OP_0169,2025-03-05,2025-03-22,2025-03-21,17,Returned,0,306000
R_006922,EQ_00063,SITE_018,OP_0349,2024-06-07,2024-06-13,2024-06-14,6,Overdue Returned,0,84000
R_006923,EQ_00094,SITE_004,OP_0190,2025-01-19,2025-02-20,,32,Active,0,288000
R_006924,EQ_00742,SITE_030,OP_0088,2024-05-16,2024-06-13,2024-06-12,28,Returned,0,252000
R_006925,EQ_00607,SITE_005,OP_0097,2026-02-01,2026-02-18,,17,Active,1,272000
R_006926,EQ_00276,SITE_009,OP_0210,2026-03-07,2026-03-31,2026-03-31,24,Returned,0,336000
R_006927,EQ_00454,SITE_004,OP_0137,2026-03-24,2026-04-18,2026-04-18,25,Returned,0,225000
R_006928,EQ_00595,SITE_015,OP_0316,2024-06-22,2024-07-13,2024-07-14,21,Overdue Returned,0,189000
R_006929,EQ_00676,SITE_001,OP_0306,2025-10-14,2025-10-25,2025-10-25,11,Returned,0,330000
R_006930,EQ_00173,SITE_026,OP_0008,2025-04-30,2025-06-09,2025-06-09,40,Returned,0,280000
R_006931,EQ_00432,SITE_022,OP_0100,2025-04-16,2025-05-12,2025-05-17,26,Overdue Returned,0,468000
R_006932,EQ_00028,SITE_026,OP_0078,2026-08-05,2026-09-14,2026-09-12,40,Returned,1,560000
R_006933,EQ_00190,SITE_022,OP_0200,2025-02-23,2025-03-18,2025-03-15,23,Returned,0,414000
R_006934,EQ_00635,SITE_011,OP_0045,2026-01-05,2026-01-23,2026-01-28,18,Overdue Returned,0,396000
R_006935,EQ_00144,SITE_025,OP_0076,2026-01-31,2026-02-26,2026-02-26,26,Returned,1,468000
R_006936,EQ_00432,SITE_006,OP_0031,2025-11-18,2025-11-24,2025-11-26,6,Overdue Returned,1,108000
R_006937,EQ_00674,SITE_023,OP_0225,2024-03-13,2024-04-25,,43,Active,1,774000
R_006938,EQ_00736,SITE_008,OP_0045,2024-08-06,2024-08-22,2024-08-22,16,Returned,0,224000
R_006939,EQ_00372,SITE_018,OP_0135,2024-09-20,2024-09-29,2024-09-30,9,Overdue Returned,1,198000
R_006940,EQ_00249,SITE_009,OP_0045,2026-02-13,2026-03-19,,34,Active,0,1020000
R_006941,EQ_00282,SITE_014,OP_0123,2025-11-26,2026-01-03,2025-12-31,38,Returned,1,266000
R_006942,EQ_00689,SITE_024,OP_0047,2024-05-02,2024-05-09,2024-05-09,7,Returned,0,98000
R_006943,EQ_00429,SITE_009,OP_0117,2025-11-16,2025-12-03,2025-12-01,17,Returned,0,153000
R_006944,EQ_00533,SITE_023,OP_0107,2025-03-08,2025-03-12,,4,Active,0,88000
R_006945,EQ_00072,SITE_003,OP_0134,2024-01-03,2024-01-13,2024-01-23,10,Overdue Returned,0,160000
R_006946,EQ_00490,SITE_030,OP_0102,2025-09-05,2025-09-10,2025-09-10,5,Returned,0,70000
R_006947,EQ_00329,SITE_010,OP_0259,2026-05-12,2026-06-07,2026-06-12,26,Overdue Returned,1,468000
R_006948,EQ_00461,SITE_012,OP_0093,2024-01-21,2024-01-24,2024-01-22,3,Returned,1,42000
R_006949,EQ_00637,SITE_013,OP_0286,2026-02-28,2026-03-27,2026-03-29,27,Overdue Returned,1,810000
R_006950,EQ_00781,SITE_030,OP_0143,2024-11-04,2024-11-20,2024-11-20,16,Returned,0,224000
R_006951,EQ_00762,SITE_010,OP_0177,2024-04-12,2024-05-20,2024-05-20,38,Returned,0,836000
R_006952,EQ_00746,SITE_004,OP_0024,2026-04-25,2026-05-20,2026-05-20,25,Returned,0,175000
R_006953,EQ_00416,SITE_003,OP_0104,2025-07-17,2025-08-29,2025-08-29,43,Returned,0,688000
R_006954,EQ_00483,SITE_021,OP_0016,2026-04-02,2026-04-17,,15,Active,0,105000
R_006955,EQ_00205,SITE_015,OP_0343,2025-10-04,2025-11-02,2025-11-02,29,Returned,0,261000
R_006956,EQ_00643,SITE_008,OP_0220,2024-05-25,2024-06-05,2024-06-06,11,Overdue Returned,0,198000
R_006957,EQ_00571,SITE_014,OP_0111,2024-02-27,2024-03-06,2024-03-04,8,Returned,0,128000
R_006958,EQ_00463,SITE_004,OP_0101,2026-05-27,2026-06-13,2026-06-13,17,Returned,0,306000
R_006959,EQ_00583,SITE_004,OP_0324,2025-08-26,2025-10-07,2025-10-05,42,Returned,0,756000
R_006960,EQ_00584,SITE_006,OP_0037,2026-02-06,2026-03-21,2026-03-21,43,Returned,0,301000
R_006961,EQ_00706,SITE_021,OP_0154,2026-01-22,2026-02-22,2026-03-04,31,Overdue Returned,0,558000
R_006962,EQ_00729,SITE_024,OP_0037,2025-07-30,2025-09-06,2025-09-11,38,Overdue Returned,0,684000
R_006963,EQ_00297,SITE_027,OP_0163,2025-12-25,2026-01-07,2026-01-07,13,Returned,1,234000
R_006964,EQ_00483,SITE_020,OP_0013,2024-04-26,2024-05-29,2024-05-29,33,Returned,0,231000
R_006965,EQ_00035,SITE_008,OP_0243,2026-01-18,2026-02-17,2026-02-17,30,Returned,0,540000
R_006966,EQ_00321,SITE_017,OP_0117,2024-12-05,2024-12-30,2024-12-30,25,Returned,0,175000
R_006967,EQ_00728,SITE_014,OP_0218,2026-07-23,2026-08-27,2026-08-29,35,Overdue Returned,0,770000
R_006968,EQ_00198,SITE_002,OP_0311,2024-08-16,2024-09-08,2024-09-08,23,Returned,0,506000
R_006969,EQ_00466,SITE_018,OP_0334,2024-08-29,2024-10-01,2024-10-01,33,Returned,1,726000
R_006970,EQ_00153,SITE_006,OP_0307,2026-06-22,2026-06-28,,6,Active,1,108000
R_006971,EQ_00232,SITE_030,OP_0261,2025-12-14,2025-12-19,2025-12-18,5,Returned,0,90000
R_006972,EQ_00123,SITE_001,OP_0256,2024-06-17,2024-06-27,2024-06-28,10,Overdue Returned,0,160000
R_006973,EQ_00777,SITE_013,OP_0160,2025-09-19,2025-09-28,2025-09-27,9,Returned,0,144000
R_006974,EQ_00717,SITE_014,OP_0103,2026-06-09,2026-07-05,2026-07-05,26,Returned,1,234000
R_006975,EQ_00408,SITE_029,OP_0227,2025-03-06,2025-03-25,2025-03-27,19,Overdue Returned,1,133000
R_006976,EQ_00210,SITE_002,OP_0081,2025-06-14,2025-06-25,2025-06-25,11,Returned,1,176000
R_006977,EQ_00665,SITE_012,OP_0238,2025-07-03,2025-07-25,2025-07-25,22,Returned,0,154000
R_006978,EQ_00456,SITE_024,OP_0253,2025-06-29,2025-07-18,,19,Active,1,266000
R_006979,EQ_00225,SITE_015,OP_0232,2025-10-02,2025-11-07,2025-11-07,36,Returned,0,324000
R_006980,EQ_00439,SITE_016,OP_0339,2025-09-18,2025-10-08,2025-10-05,20,Returned,0,440000
R_006981,EQ_00121,SITE_013,OP_0002,2024-06-25,2024-08-05,,41,Overdue,0,369000
R_006982,EQ_00668,SITE_015,OP_0132,2026-01-21,2026-02-12,2026-02-11,22,Returned,0,660000
R_006983,EQ_00172,SITE_017,OP_0331,2024-06-25,2024-07-22,,27,Overdue,0,486000
R_006984,EQ_00048,SITE_012,OP_0325,2025-08-20,2025-09-06,,17,Active,0,153000
R_006985,EQ_00470,SITE_003,OP_0065,2025-03-10,2025-03-25,2025-03-26,15,Overdue Returned,0,270000
R_006986,EQ_00444,SITE_009,OP_0124,2025-08-30,2025-10-11,2025-10-11,42,Returned,0,924000
R_006987,EQ_00750,SITE_028,OP_0242,2025-06-09,2025-06-19,2025-06-16,10,Returned,0,160000
R_006988,EQ_00703,SITE_012,OP_0235,2025-03-25,2025-04-25,2025-04-25,31,Returned,0,496000
R_006989,EQ_00308,SITE_002,OP_0007,2024-10-05,2024-11-13,,39,Active,0,351000
R_006990,EQ_00790,SITE_004,OP_0129,2025-11-30,2025-12-20,2025-12-20,20,Returned,0,320000
R_006991,EQ_00651,SITE_024,OP_0040,2025-05-08,2025-06-18,2025-06-20,41,Overdue Returned,0,656000
R_006992,EQ_00382,SITE_022,OP_0100,2026-04-27,2026-05-16,2026-05-16,19,Returned,1,133000
R_006993,EQ_00293,SITE_018,OP_0284,2025-08-18,2025-08-22,2025-08-27,4,Overdue Returned,0,72000
R_006994,EQ_00479,SITE_011,OP_0250,2024-07-08,2024-08-17,2024-08-22,40,Overdue Returned,1,280000
R_006995,EQ_00724,SITE_022,OP_0256,2025-04-20,2025-04-29,2025-04-30,9,Overdue Returned,1,126000
R_006996,EQ_00019,SITE_010,OP_0133,2025-12-07,2026-01-08,2026-01-09,32,Overdue Returned,1,288000
R_006997,EQ_00716,SITE_012,OP_0088,2026-05-14,2026-05-23,,9,Active,0,198000
R_006998,EQ_00234,SITE_003,OP_0082,2025-07-03,2025-07-20,,17,Active,0,374000
R_006999,EQ_00051,SITE_005,OP_0118,2024-04-27,2024-04-30,2024-04-30,3,Returned,0,48000
R_007000,EQ_00550,SITE_007,OP_0263,2024-01-22,2024-02-07,2024-02-07,16,Returned,1,224000
